name,org_name,starts_on,ends_on,location,categories,theme,description
Recruitment Retreat,Alpha Delta Pi,2026-12-20T15:00:00+00:00,2026-12-20T20:00:00+00:00,Watkins,,ThoughtfulLearning,Recruitment training for the Eta Phi chapter.
Blood Drive,Beta Theta Pi,2026-09-15T13:00:00+00:00,2026-09-16T21:00:00+00:00,Joseph Vaughn Plaza,Greek Life Event,CommunityService,"Join Beta Theta Pi for our quarterly Blood Drive with Oneblood - right on the library patio. Appointments can be made the week before, or by walk-in appointment. Save a life with Beta - and make an impact beyond yourself."
Sigma Alpha Epsilon Chapter,Sigma Alpha Epsilon,2026-05-10T22:30:00+00:00,2026-05-11T00:00:00+00:00,Johns 212,Greek Life Event,GroupBusiness,Weekly chapter meeting for the SC Phi chapter of Sigma Alpha Epsilon
FUGC Senior Night,Furman University Grill Club,2026-05-07T16:00:00+00:00,2026-05-08T00:00:00+00:00,GPAV,,Social,Join us for a final grill night with our seniors
Sigma Alpha Epsilon Chapter,Sigma Alpha Epsilon,2026-05-03T22:30:00+00:00,2026-05-04T00:00:00+00:00,Johns 212,Greek Life Event,GroupBusiness,Weekly chapter meeting for the SC Phi chapter of Sigma Alpha Epsilon
Contra Dance,Furman University Social Dance Society,2026-04-29T23:00:00+00:00,2026-04-30T00:00:00+00:00,Furman Campus,,Arts,Contra Dance at Furman! check the GroupMe for more information.
RLC weekly meeting,Residential Life Council,2026-04-29T21:30:00+00:00,2026-04-29T22:30:00+00:00,FUR-214,,GroupBusiness,Our weekly general body meeting preceded by RLC exec meeting.
Sigma Nu Chapter,Sigma Nu,2026-04-27T23:00:00+00:00,2026-04-28T00:00:00+00:00,Patrick Lecture Hall,,GroupBusiness,"Regular meeting of the Sigma Nu chapter focused on updates, announcements, and discussions that support chapter operations, member development, and fraternity activities."
Sigma Nu EC Meeting,Sigma Nu,2026-04-27T22:00:00+00:00,2026-04-27T23:00:00+00:00,Patrick Lecture Hall,,GroupBusiness,"Weekly meeting for Sigma Nu’s Executive Committee to coordinate leadership efforts, review chapter operations, and plan upcoming initiatives and events."
SGA Weekly Council Meeting,Student Government Association,2026-04-27T22:00:00+00:00,2026-04-27T23:00:00+00:00,Watkin's Room,,GroupBusiness,New Business Meeting. Meetings are open to all members of the student body.
Greek Groove,Panhellenic Council,2026-04-07T23:00:00+00:00,2026-04-08T00:30:00+00:00,Furman Amphitheater,Greek Life Event,Social,Annual Greek Life event hosted by Panhellenic and IFC at which Greek organizations participate in a dance competition. Tickets to the event will be sold at the event.
Chi O Closet,Chi Omega,2026-04-07T15:00:00+00:00,2026-04-07T17:30:00+00:00,Joseph Vaughn Plaza,Greek Life Event,Fundraising,Shop through Chi Omega's closet to support Make-A-Wish! Chi Omega will be providing a thrift closet and hair tinsel to students. All proceeds will benefit Make-A-Wish. This event will be from 11:00-1:30 on April 7th!
Sigma Alpha Epsilon Chapter,Sigma Alpha Epsilon,2026-04-06T23:30:00+00:00,2026-04-07T00:30:00+00:00,Johns 212,Greek Life Event,GroupBusiness,Weekly chapter meeting for the SC Phi chapter of Sigma Alpha Epsilon
Sigma Nu Chapter,Sigma Nu,2026-04-06T23:00:00+00:00,2026-04-07T00:00:00+00:00,Patrick Lecture Hall,,GroupBusiness,"Regular meeting of the Sigma Nu chapter focused on updates, announcements, and discussions that support chapter operations, member development, and fraternity activities."
Chi Omega Chapter,Chi Omega,2026-04-06T22:30:00+00:00,2026-04-06T23:30:00+00:00,John's Hall,,Social,The members of Chi Omega meet weekly to discuss updates and happenings.
Sigma Nu EC Meeting,Sigma Nu,2026-04-06T22:00:00+00:00,2026-04-06T23:00:00+00:00,Patrick Lecture Hall,,GroupBusiness,"Weekly meeting for Sigma Nu’s Executive Committee to coordinate leadership efforts, review chapter operations, and plan upcoming initiatives and events."
SGA Weekly Council Meeting,Student Government Association,2026-04-06T22:00:00+00:00,2026-04-06T23:00:00+00:00,Watkin's Room,,GroupBusiness,Guest Speaker: Madgelyn Helwig & Jean Schwab (AI Task Force) New Business Meeting. Meetings are open to all members of the student body.
Chi Omega Executive Board meeting,Chi Omega,2026-04-05T23:00:00+00:00,2026-04-06T00:00:00+00:00,Furman Hall,Meeting,ThoughtfulLearning,This will be a weekly meeting where we will discuss upcoming events and plans for the week
Sigma Alpha Epsilon Chapter,Sigma Alpha Epsilon,2026-04-05T22:30:00+00:00,2026-04-06T00:00:00+00:00,Johns 212,Greek Life Event,GroupBusiness,Weekly chapter meeting for the SC Phi chapter of Sigma Alpha Epsilon
Pi Kappa Phi Chapter Meeting,Pi Kappa Phi - Delta Chapter,2026-04-05T23:00:00+00:00,2026-04-06T00:00:00+00:00,Watkins Room,Greek Life Event,GroupBusiness,"Our chapter will meet to discuss weekly programming, upcoming events, and review the past week."
Chess Club Meeting,Furman Chess Club,2026-03-20T21:00:00+00:00,2026-03-20T23:00:00+00:00,Riley 105,Special Interest,Social,Weekly meetings for casual chess on Fridays at 5 PM in Riley 105. All skill levels welcome!
Anthropology Club Smore's,Furman University Anthropology Club,2026-03-20T21:00:00+00:00,2026-03-20T22:30:00+00:00,Trone Point of View Fire Pit,Meeting; Special Interest,Social,"Come join us to hang out around the fire like humans have for thousands of years! While early humans may not have had smore's, we sure do (while supplies last)."
FUNC Radio Tabling,Furman University News Channel Radio,2026-03-20T15:30:00+00:00,2026-03-20T17:30:00+00:00,Joseph Vaughn Plaza,Meeting,Social,Tabling in front of the library for the FUNC Radio Big Bug Bash- our yearly Furman community music festival!
HOLA Fundraiser,Hispanic Outreach and Latine Awareness,2026-03-20T15:30:00+00:00,2026-03-20T17:30:00+00:00,Joseph Vaughn Plaza,Diversity and Inclusion ,Fundraising,"This fundraiser would be to raise funds for the HOLA organization. Would consist of baked store bought pasteries, hot drinks, coffee, and Mexican hot chocolate."
FUGE Weekly Rehearsal,Furman University Gospel Ensemble,2026-03-19T23:30:00+00:00,2026-03-20T01:30:00+00:00,DBM 003,,Arts,"The Gospel Ensemble rehearses every Thursday, at 7:30 pm."
RUF Large Group,Reformed University Fellowship,2026-03-20T00:00:00+00:00,2026-03-20T01:30:00+00:00,Hartness Pavillion,Religious,Spirituality,"Worship, fellowship, and Scripture in community!"
Wesley Bible Study,Furman Wesley Fellowship,2026-03-20T00:15:00+00:00,2026-03-20T01:15:00+00:00,Chapel Lounge,,Spirituality,"Join us as we discuss the Bible, all are welcome!!"
Weekly Meeting - Board Game Club,Ace of Clubs,2026-03-19T23:00:00+00:00,2026-03-20T01:00:00+00:00,Plyler 026,Meeting,Social,Weekly Meeting!
Wesley Freshman Group,Furman Wesley Fellowship,2026-03-19T21:30:00+00:00,2026-03-19T22:30:00+00:00,Paddock,Religious,Spirituality,Join us as we eat together in the Paddock!
GIS & Mapping Club General Body Meeting,GIS & Mapping Club,2026-03-19T21:30:00+00:00,2026-03-19T22:30:00+00:00,"Riley Hall, Room 103",Meeting,Social,"Did you know you can make your own maps using your phone? Join the GIS & Mapping Club at our general meeting in RLY 103. We will have free pizza and drinks, so come ready to have fun and mingle. This will also be a chance to hear about our upcoming campus mapping project and learn how you can help update the Furman campus map in the coming weeks (no experience needed). We hope to see you there, and do not forget to bring a friend!"
Corky's Dawg House and Hike,Furman University Outdoors Club,2026-02-21T15:30:00+00:00,2026-02-21T23:30:00+00:00,Rabbit Hole,,Social,"Hot dawgs. Need we say more? Join Officers Betsy, Eleanor, and Jonah on a jaw-dropping (culinary) adventure of a lifetime! We will be doing a 6-mile hike in Pisgah National Forest (beginners encouraged!), followed by a delectable, juicy, life-changing, extravagant, and gourmet dawg. 1 dawg on us. C u there. register on rec.furman.edu"
Breakfast Bound,Furman University Student Activities Board,2026-02-21T13:15:00+00:00,2026-02-21T15:00:00+00:00,Downtown Greenville,Social Programmatic,Social,This event offers students the opportunity to get a guided tour of Downtown Greenville’s most loved breakfast spots. The tour will take students to three different local spots for a full entree along with coffee or tea.
Ski Rave #2,"Sigma Chi, Iota Nu Chapter",2026-02-21T00:00:00+00:00,2026-02-21T03:00:00+00:00,Cats Pajamas,,Social,social gathering Ski themed
Chi Omega Crush,Chi Omega,2026-02-21T00:30:00+00:00,2026-02-21T02:30:00+00:00,Zen Greenville,,Social,Chi Omega Crush 1 date allowed food and drinks provided Occurring at Zen Greenville in the Lotus Lounge security and cash bar included with venue Uber transportation and 3-4 Chi Omega Advisors supervising drop-off and pickup
OFT Spring 24 Show Auditions,Order of Furman Theatre,2026-02-20T22:00:00+00:00,2026-02-21T02:00:00+00:00,The Playhouse Annex,Fine Arts,Arts,"Come and audition for OFT's Spring 24-show, Alice in Wonderland! Fill out this form https://forms.gle/xAC3vejuNdFsGEvZ7"
Winter Function,Delta Delta Delta,2026-02-20T23:30:00+00:00,2026-02-21T01:30:00+00:00,The Smokestacks at Judson Mill,Greek Life Event,Social,"Tri Delta's annual themed winter function. The theme this year is Spotify WrappeDDD - members and guests will dress up as their top artist on Spotify Wrapped, or their favorite artist. There will be catering and a cash bar."
Bachata Night,Hispanic Outreach and Latine Awareness,2026-02-20T22:00:00+00:00,2026-02-20T23:00:00+00:00,Furman Campus Recreation & Wellness (PAC) Room 201,,Cultural,HOLA is hosting a bachata night where Furman students learn how to dance bachata step-by-step.
Formal Dress Drive Donation and Rental Drop Off,Panhellenic Council,2026-02-20T15:45:00+00:00,2026-02-20T18:00:00+00:00,Greek Life Office in Trone in Student Org Commons,,Social,"We are hosting a dress drive for girls to donate or offer their dresses for rental for other girls to wear during the Greek life formal season! This is solely for dress drop-off, not shopping/selecting dresses yet!"
FUGE Weekly Rehearsal,Furman University Gospel Ensemble,2026-02-20T00:30:00+00:00,2026-02-20T02:30:00+00:00,DBM 003,,Arts,"The Gospel Ensemble rehearses every Thursday, at 7:30 pm."
Wesley Bible Study,Furman Wesley Fellowship,2026-02-20T01:15:00+00:00,2026-02-20T02:15:00+00:00,Chapel Lounge,,Spirituality,"Join us as we discuss the Bible, all are welcome!!"
Sigma Nu Chapter,Sigma Nu,2026-02-03T00:00:00+00:00,2026-02-03T01:00:00+00:00,Patrick Lecture Hall,,GroupBusiness,"Regular meeting of the Sigma Nu chapter focused on updates, announcements, and discussions that support chapter operations, member development, and fraternity activities."
Chi Omega Chapter,Chi Omega,2026-02-02T23:30:00+00:00,2026-02-03T00:30:00+00:00,John's Hall,,Social,The members of Chi Omega meet weekly to discuss updates and happenings.
Sigma Nu EC Meeting,Sigma Nu,2026-02-02T23:00:00+00:00,2026-02-03T00:00:00+00:00,Patrick Lecture Hall,,GroupBusiness,"Weekly meeting for Sigma Nu’s Executive Committee to coordinate leadership efforts, review chapter operations, and plan upcoming initiatives and events."
SGA Weekly Council Meeting,Student Government Association,2026-02-02T23:00:00+00:00,2026-02-03T00:00:00+00:00,Watkin's Room,,GroupBusiness,Guest Speaker: Ron Thompson & Curtis Nash (Housing Lottery) Discussion Based Meeting. Meetings are open to all members of the student body
Groundhog Day,Furman University Student Activities Board,2026-02-02T16:30:00+00:00,2026-02-02T18:30:00+00:00,Joseph Vaughn Plaza (JVP) in front of Duke Library,,Social,"Celebrate Groundhog Day with FUSAB! Will the Groundhog see its shadow or not this year!? Luckily, you can celebrate both spring and winter with activities, crafts, and treats. Whether you want 6 more weeks of winter and the snowflakes and sweaters that come with it… or an early spring and the flowers and pastries that follow. Enjoy decorating cookies, cutting snowflakes, painting flower pots, and shopping through a curated winter closet. Don’t miss the Groundhog seeing (or not) its shadow at 12:20!"
Super Bowl Promo Pop Up,Residential Life Council,2026-02-02T14:00:00+00:00,2026-02-02T16:00:00+00:00,Trone Atrium,,Social,RLC will be serving coffee and donuts to the student body to promote our Super Bowl event!
Chi Omega Executive Board meeting,Chi Omega,2026-02-02T00:00:00+00:00,2026-02-02T01:00:00+00:00,Furman Hall,Meeting,ThoughtfulLearning,This will be a weekly meeting where we will discuss upcoming events and plans for the week
Chi Omega Executive Board meeting,Chi Omega,2026-02-02T00:00:00+00:00,2026-02-02T01:00:00+00:00,Furman Hall,Meeting,ThoughtfulLearning,This will be a weekly meeting where we will discuss upcoming events and plans for the week
Grill Club Meet,Furman University Grill Club,2026-02-01T23:00:00+00:00,2026-02-02T01:00:00+00:00,GPAV,,Social,"Come out and grill, theme to be announced."
Alpha Delta Pi Executive Committee Meeting,Alpha Delta Pi,2026-02-01T22:00:00+00:00,2026-02-01T23:00:00+00:00,Furman 214,,GroupBusiness,Our weekly executive meeting before chapter.
SGA Food for Fines,Student Government Association,2025-11-21T17:30:00+00:00,2025-11-21T18:30:00+00:00,Library Steps,,CommunityService,"Furman Food for Fines is a collaborative initiative between SGA and FUPO designed to support local food security while providing students with an alternative way to resolve minor parking violations. Through this program, students can donate nonperishable food items in exchange for having an eligible parking citation waived. All collected items will be donated to Miracle Hill Food Warehouse in Greenville."
Music Bingo Country Hits!,Office of Student Involvement,2025-11-21T00:30:00+00:00,2025-11-21T02:00:00+00:00,Trone Student Center PDen,,Social,Music Bingo Country Hits!
DREAM Meeting,"Disability Rights, Education, Activism, and Mentoring",2025-11-21T00:30:00+00:00,2025-11-21T01:00:00+00:00,Furman Hall,,ThoughtfulLearning,Come learn and be apart of our accessibility experience!
Freshmen Group,Furman Wesley Fellowship,2025-11-20T22:30:00+00:00,2025-11-20T23:30:00+00:00,Chapel Lounge of the Chapel,Religious,Spirituality,Join us for a weekly devotional geared towards the transition into college life! All faith backgrounds are welcome!
Conversations on the Steps,Interfraternity Council,2025-11-20T16:30:00+00:00,2025-11-20T18:00:00+00:00,Library Steps,Greek Life Event,Social,Come talk to the brothers on the library steps from 11:30 to 1:00! Drinks and pastries available.
Delight Weekly Meeting,Delight Ministries,2025-11-20T01:00:00+00:00,2025-11-20T02:00:00+00:00,Furman Hall 117,Religious,Spirituality,Weekly meeting of Delight women discussing the most recent chapter in the study.
Delight Weekly Meeting,Delight Ministries,2025-11-20T01:00:00+00:00,2025-11-20T02:00:00+00:00,Furman Hall 117,Religious,Spirituality,Weekly meeting of Delight women discussing the most recent chapter in the study.
Are You Smarter Than a 5th Grader - Jeopardy Edition,"Kappa Alpha Psi Fraternity, Inc. (Xi Omega Chapter)",2025-11-20T00:00:00+00:00,2025-11-20T01:45:00+00:00,Patrick Lecture Hall - Plyler 126,,Social,Come play a Jeopardy version of Are You Smarter Than a 5th Grader.
RLC Weekly Meeting,Residential Life Council,2025-11-19T22:30:00+00:00,2025-11-19T23:30:00+00:00,Furman 214,,GroupBusiness,Residential Life Council executive board and members meet to discuss weekly updates and upcoming events.
A Mindful Moment,"Kappa Alpha Psi Fraternity, Inc. (Xi Omega Chapter)",2025-11-19T17:30:00+00:00,2025-11-19T19:30:00+00:00,"Furman University, Library Steps",,Social,"Stop by the library steps, as we will be passing out affirmative notes and giving you the chance to write a note to a friend."
Pi Kapp Halloween Party,Pi Kappa Phi - Delta Chapter,2025-11-02T00:30:00+00:00,2025-11-02T03:30:00+00:00,Fieldhouse TR,,Social,A Halloween party for brothers and their invites
Contra Dance,Furman University Social Dance Society,2025-11-01T23:00:00+00:00,2025-11-02T03:00:00+00:00,River Falls Lodge,Meeting,Social,"Contra Dance at River Falls Lodge! Costs $10 cash, check the GroupMe for more information."
Rocky Horror Picture Show Performance,Furman University Pauper Players,2025-11-01T23:00:00+00:00,2025-11-02T01:00:00+00:00,Daniel Recital Hall,Fine Arts,Arts,"Join us for our 7th annual shadow box cast of the Rocky Horror Picture Show in celebration of the 50th anniversary of the film! Showing on October 31st in Burgiss Theater at 7PM and on November 1st in Daniel Recital Hall at 7PM, open to all students!"
Furman Football v. Mercer,Furman Athletics,2025-11-01T18:00:00+00:00,2025-11-01T19:00:00+00:00,Paladin Stadium,,Athletics,Furman Football Game in the Paladin Stadium. Come watch the game and join student tailgating!
Rocky Horror Picture Show Performance,Furman University Pauper Players,2025-10-31T23:00:00+00:00,2025-11-01T01:00:00+00:00,Burgiss Theater,Fine Arts,Arts,"Join us for our 7th annual shadow box cast of the Rocky Horror Picture Show in celebration of the 50th anniversary of the film! Showing on October 31st in Burgiss Theater at 7PM and on November 1st in Daniel Recital Hall at 7PM, open to all students!"
Chess Club Meeting,Furman Chess Club,2025-10-31T21:00:00+00:00,2025-10-31T23:00:00+00:00,Riley 105,Special Interest,Social,Weekly meetings for casual chess on Fridays at 5 PM in Riley 105. All skill levels welcome!
Trick or Treat with Wesley,Furman Wesley Fellowship,2025-10-31T15:00:00+00:00,2025-10-31T17:00:00+00:00,Joseph Vaughn Plaza,,Spirituality,Giving out free candy from the Furman Wesley Fellowship!
Belay Your Boo,Furman University Outdoors Club,2025-10-31T02:00:00+00:00,2025-10-31T06:00:00+00:00,Climb @ Blue Ridge,,Social,"Don't be scared... come climb at night... come hang for Halloween and climb with FUOC. (The spookiest thing may just be finding a boo) (jk come with or without whoever) Here is the late-night climbing event of the year, food will be served. Learn to climb or flash your skills, don't even worry about gear. Register on rec.furman.edu"
Belay Your Boo,Furman University Outdoors Club,2025-10-31T00:00:00+00:00,2025-10-31T05:00:00+00:00,Climb at Blue Ridge,,Social,"Don't be scared... come climb at night... come hang for Halloween and climb with FUOC. (The spookiest thing may just be finding a boo) (jk come with or without whoever) Here is the late-night climbing event of the year, food will be served. Learn to climb or flash your skills, don't even worry about gear."
RUF Large Group,Reformed University Fellowship,2025-10-31T00:00:00+00:00,2025-10-31T01:15:00+00:00,Hartness Pavillion,Religious,Spirituality,"Weekly worship service with music, teaching, and fellowship! People from all religious backgrounds are welcome!"
Chi Omega Chapter,Chi Omega,2025-10-13T22:30:00+00:00,2025-10-14T00:00:00+00:00,John's Hall 101,Greek Life Event,Social,Chapter held by Chi Omega to discuss weekly updates.
FU Grill Club Taco Night,Furman University Grill Club,2025-10-12T22:00:00+00:00,2025-10-13T00:00:00+00:00,GPAV,,Social,"Tortillas and toppings will be provided, just bring whatever meat you want to throw on the grill"
Furman Men's Soccer v. ETSU (Senior Night),Furman Athletics,2025-10-11T23:00:00+00:00,2025-10-12T02:00:00+00:00,Stone Stadium,Varsity Athletic Event,Athletics,Come support the men's soccer team in Stone Stadium!
Fall Break Backpacking,Furman University Outdoors Club,2025-10-11T13:00:00+00:00,2025-10-11T22:30:00+00:00,Rabbit Hole,,Social,"Spend your Fall Break with FUOC in the Grayson Highlands! Join Officers Ronan, Jeff, Hope and Eleanor for views, fun, adventure, and ponies. Well spend 2 nights/3 days on the trail. Lots of fun to come! Register on rec.furman.edu"
Furman Women's Soccer v. ETSU (Cancer Awareness Night),Furman Athletics,2025-10-10T23:00:00+00:00,2025-10-11T02:00:00+00:00,Stone Stadium,Varsity Athletic Event,Athletics,Come support the women's soccer team in Stone Stadium!
RUF Large Group,Reformed University Fellowship,2025-10-10T00:00:00+00:00,2025-10-10T01:00:00+00:00,Hartness Pavillion,Religious,Spirituality,"Weekly worship service with music, teaching, and fellowship! People from all religious backgrounds are welcome!"
FCS Meeting,Furman Conservative Society,2025-10-09T23:00:00+00:00,2025-10-10T00:00:00+00:00,Riley 107,Political,GroupBusiness,General meeting of FCS. We will have discussion on current events.
HOLA General Body Meeting,Hispanic Outreach and Latine Awareness,2025-10-09T22:00:00+00:00,2025-10-09T23:00:00+00:00,FUR117,Diversity and Inclusion ,Cultural,"HOLA will be having their biweekly meeting on Thursday, October 9 at 6pm in FUR 117."
Furman Arts & Crafts Meeting,Furman University Arts and Crafts,2025-10-09T22:00:00+00:00,2025-10-09T23:00:00+00:00,FUR-110,Meeting,Arts,Are you prepared for something exciting??? Themes of third meeting: shrinked plastic accessory 🌺💨
Freshmen Group,Furman Wesley Fellowship,2025-10-09T21:30:00+00:00,2025-10-09T22:30:00+00:00,Chapel Lounge of the Chapel,Religious,Spirituality,Join us for a weekly devotional geared towards the transition into college life! All faith backgrounds are welcome!
General Meeting,Alpha Epsilon Delta,2025-09-25T22:00:00+00:00,2025-09-25T23:00:00+00:00,Patrick Lecture Hall (PYR-126),,ThoughtfulLearning,"General meeting on 09/25. We will cover the basics of AED, membership, and feature a guest speaker."
Furman Arts & Crafts Meeting,Furman University Arts and Crafts,2025-09-25T22:00:00+00:00,2025-09-25T23:00:00+00:00,FUR-110,Meeting,Arts,"Come, make, and paint arts and crafts with us. Themes of the week: clay miniatures ⚱️"
Freshmen Group,Furman Wesley Fellowship,2025-09-25T21:30:00+00:00,2025-09-25T22:30:00+00:00,Chapel Lounge of the Chapel,Religious,Spirituality,Join us for a weekly devotional geared towards the transition into college life! All faith backgrounds are welcome!
Pottery Night,Furman University Anthropology Club,2025-09-25T21:30:00+00:00,2025-09-25T22:30:00+00:00,Furman Hall 107,Special Interest,Social,Come learn about the invention of pottery and try some hand-built pottery techniques with air dry clay.
Pie a Pi- Alpha Delta Pi,Alpha Delta Pi,2025-09-25T15:00:00+00:00,2025-09-25T17:45:00+00:00,Trone Student Center Patio,Community Service,CommunityService,"Alpha Delta Pi will host an on campus opportunity for community members to pie sisters and fellow campus members, with all money benefitting the Ronald McDonald House Charities of the Carolinas."
S'mores with RUF,Reformed University Fellowship,2025-09-24T22:30:00+00:00,2025-09-25T01:00:00+00:00,Trone Fire Pit,Religious,Social,"Fall vibes, friends, and s'mores! Stop by or stay a while!"
Delight Weekly Meeting,Delight Ministries,2025-09-25T00:00:00+00:00,2025-09-25T01:00:00+00:00,Furman Hall 117,Religious,Spirituality,Weekly meeting of Delight women discussing the most recent chapter in the study.
Adopt a Grandfriend,"Alpha Kappa Alpha Sorority, Incorporated (Rho Zeta Chapter)",2025-09-24T22:00:00+00:00,2025-09-24T23:00:00+00:00,Riley 105,Social Programmatic,CommunityService,The ladies of Alpha Kappa Alpha Sorority Incorporated will be hosting an event where the Furman community can join us in writing letters to the elderly at the Woodlands. This will be a wonderful opportunity to spread kindness and connect with the student body.
RLC Weekly Meeting,Residential Life Council,2025-09-24T21:30:00+00:00,2025-09-24T22:30:00+00:00,Furman 214,,GroupBusiness,Residential Life Council executive board and members meet to discuss weekly updates and upcoming events.
Get Charmed by RMHC- Alpha Delta Pi,Alpha Delta Pi,2025-09-24T15:00:00+00:00,2025-09-24T17:45:00+00:00,James B Duke Library Patio,,CommunityService,Alpha Delta Pi in collaborating with the Traveling Penny GVL will provide a charm bar (via charm truck) on campus and available for community members to create their own charm bracelet/necklace. 10% of all proceed sales will go to the Ronald McDonald House Charities of the Carolinas.
Environmental Action Group Potluck,Environmental Action Group (Furman Unviersity),2025-09-09T22:00:00+00:00,2025-09-09T23:00:00+00:00,Johns Hall Patio,,Social,This event is the first meeting of for Environmental Action Group this semester. We will have free food and drinks for people. People are also encouraged to bring their own food to share if they are able. We will be talking about what people want to do this semester and getting to know each other.
Chi Omega Chapter,Chi Omega,2025-09-08T22:30:00+00:00,2025-09-09T00:00:00+00:00,John's Hall 101,Greek Life Event,Social,Chapter held by Chi Omega to discuss weekly updates.
Mock Trial Interviews!!!,Mock Trial Program,2025-09-08T13:00:00+00:00,2025-09-08T23:30:00+00:00,Johns Hall 111i ( politics side ),,ThoughtfulLearning,"How do students earn places on the team? To earn spots on the teams, each student must complete an interview with Coach Littlejohn and select members of the program’s student leadership team. Come to the mock trial table during the Student Involvement Fair, Wednesday, September 3. Members of the current team will explain the interview process required to earn a spot on a team. Interviews will be held on Monday, September 8."
APO Information Session,Alpha Phi Omega,2025-09-08T20:00:00+00:00,2025-09-08T21:00:00+00:00,Furman Hall 201,Community Service,CommunityService,Learn about what it's like to be an APO brother!
Chi Psi Tabling Event,Fraternity and Sorority Life,2025-09-08T16:00:00+00:00,2025-09-08T18:00:00+00:00,Trone - Patio,Greek Life Event,Social,Come learn about Chi Psi at their tabling event at Trone!
FUGC bi-monthly meet,Furman University Grill Club,2025-09-07T22:00:00+00:00,2025-09-08T00:00:00+00:00,GPAV,,Social,Come on out with something to throw on the grill.
Rocky Horror Picture Show Auditions,Furman University Pauper Players,2025-09-07T20:00:00+00:00,2025-09-07T23:00:00+00:00,FUR-201,,Arts,Pauper players is excited to announce auditions for our annual Rocky Horror Picture Show!! We will be having virtual as well as in person auditions on 9/6 & 9/7! Please look to @FUpauperplayers on instagram for more information and sign ups soon
Turtleback Falls trip,Furman University Outdoors Club,2025-09-07T13:00:00+00:00,2025-09-07T19:30:00+00:00,Rabbit Hole,,Social,"Join us for an excellent hike to Turtleback Falls. After a delightful 1 to 2 mile hike, FUOC-ers can enjoy the blissful serenity of Turtleback Falls! Expect a natural waterslide, companionship, and fun. Please bring appropriate water gear + water. Sign up at rec.furman.edu!"
Contra Dance,Furman University Social Dance Society,2025-09-06T23:00:00+00:00,2025-09-07T03:00:00+00:00,River Falls Lodge,,Social,"Contra Dance at River Falls Lodge! Costs $10 cash, check the GroupMe for more information."
Furman Football v. Presbyterian,Furman Athletics,2025-09-06T18:00:00+00:00,2025-09-06T21:00:00+00:00,Paladin Stadium,,Athletics,Furman Football Game in the Paladin Stadium. Come watch the game and join student tailgating!
Book Club Meeting,Of Mice and Furmen Book Club,2025-04-16T22:30:00+00:00,2025-04-16T23:30:00+00:00,Furman 229,,Social,Aprils meeting for “The HandMaids Tale”
Sigma Nu Harvest Hope,Sigma Nu,2025-04-16T18:30:00+00:00,2025-04-16T20:30:00+00:00,Harvest Hope Food Bank,Community Service,CommunityService,The brothers will be going to Harvest Hope Food Bank to volunteer.
FUPD Fire Extinguisher Training,Office of Student Involvement,2025-04-16T14:00:00+00:00,2025-04-16T16:00:00+00:00,Point of View Firepit behind the Trone Student Center,,ThoughtfulLearning,Join FUPD and the TR Fire Department to learn about fire safety and how to use a fire extinguisher!
Dungeons & Dragons Club,Furman Dungeons and Dragons Club,2025-04-15T23:30:00+00:00,2025-04-16T02:30:00+00:00,Johns Hall 212,,Social,Welcome to our weekly Dungeons and Dragons meet-up. Play in sessions with your group or just come on by to hang out! New players welcome!
Pauper Players Firebringer Auditions,Furman University Pauper Players,2025-04-16T00:30:00+00:00,2025-04-16T01:30:00+00:00,Furman Hall 119,,Arts,We invite you all to audition for Pauper Players Fall 2025 production of Firebringer! Please prepare 1-2 minutes of a musical theater/pop song and wear comfortable clothes to move in! Sign up for your audition slot now: https://www.signupgenius.com/go/10C054DA5A92CA6FEC16-56102412-firebringer#/
Flick on G Field,Furman University Student Activities Board,2025-04-15T23:30:00+00:00,2025-04-16T01:30:00+00:00,Furman,,Social,"This is a fun event where we will play the movie 10 Things I Hate About You. There will be a loaded fry food truck, popcorn, candy, and a dirty soda bar."
Pauper Players Firebringer Auditions,Furman University Pauper Players,2025-04-15T19:30:00+00:00,2025-04-15T21:30:00+00:00,Furman Hall 121,,Arts,We invite you all to audition for Pauper Players Fall 2025 production of Firebringer! Please prepare 1-2 minutes of a musical theater/pop song and wear comfortable clothes to move in! Sign up for your audition slot now: https://www.signupgenius.com/go/10C054DA5A92CA6FEC16-56102412-firebringer#/
Senior Gift Donor Cord Pick-Up,Student Government Association,2025-04-15T15:30:00+00:00,2025-04-15T18:30:00+00:00,Trone Front Patio,,Fundraising,A chance for seniors who have or would like to contribute to the senior gift to pick up their cords. Donations can be made at furman.edu/seniorclassgift
Pauper Players Firebringer Auditions,Furman University Pauper Players,2025-04-15T00:30:00+00:00,2025-04-15T02:30:00+00:00,Furman Hall 119,,Arts,We invite you all to audition for Pauper Players Fall 2025 production of Firebringer! Please prepare 1-2 minutes of a musical theater/pop song and wear comfortable clothes to move in! Sign up for your audition slot now: https://www.signupgenius.com/go/10C054DA5A92CA6FEC16-56102412-firebringer#/
General Body Meeting,Furman Young Democratic Socialists of America,2025-04-14T23:30:00+00:00,2025-04-15T01:00:00+00:00,Furman Hall 214,,Cultural,We will be voting on new Central Committee members as well as discussing our Wage Justice campaign.
Beta Theta Pi Formal,Beta Theta Pi,2025-03-22T23:00:00+00:00,2025-03-23T02:00:00+00:00,Ink N Ivy,Greek Life Event; Social Programmatic,Social,Beta Theta Pi's Annual Formal Dance will be held at the always popular Ink N Ivy in Downtown Greenville on March 22nd from 7 pm to 10 pm.
Freshmen vs. Juniors Pickleball Tournament,Student Government Association,2025-03-22T18:00:00+00:00,2025-03-22T22:00:00+00:00,North Village G pavilion courts,Student Organization Athletic Event,Athletics,"This tournament will take place on Saturday, March 22nd, from 2:00 - 6:00 pm on the North Village courts. Grill food and snacks will be provided! Participants need to bring their own paddles and extra balls. Paddles will not be provided. Teams of two (both in the same grade) will compete in either a Beginner or Intermediate league for a prize! Message Grace Finkel (finkgr7@furman.edu) or Hannah McCoy (mccoha7@furman.edu) with any questions!"
Chi Omega Mom's Weekend,Chi Omega,2025-03-22T14:00:00+00:00,2025-03-22T18:00:00+00:00,north village pavilion,Greek Life Event,Social,Morning yoga and pickleball for Chi Omega Mom's Weekend!
Chi Omega Mom's Weekend,Chi Omega,2025-03-22T14:00:00+00:00,2025-03-22T18:00:00+00:00,North Village Pavillion,,Social,Pickleball and crafts at G Pavilion
Ziplining Trip,Furman University Outdoor Club,2025-03-22T11:50:00+00:00,2025-03-22T18:00:00+00:00,The Gorge Ziplines,,Social,"Come embrace the spring foliage of the beautiful green river gorge from above. Be a bird for a day with officers Lanie and Eleanor. March 22, 2025 beginning at 7:50-2:00pm. There are six available spots register on rec.furman.edu."
Formal,Alpha Delta Pi,2025-03-21T22:00:00+00:00,2025-03-22T02:00:00+00:00,Historic Hampton House 1908,Greek Life Event,Social,"Our formal will be held from 6-10 pm on March 21, 2025, at the Historic Hampton House 1908."
Derby Days Closing Ceremony,"Sigma Chi, Iota Nu Chapter",2025-03-21T20:30:00+00:00,2025-03-21T23:00:00+00:00,G Field,Greek Life Event,Social,"Sigma Chi closing ceremony for Derby will take place on G Field. We will announce the winners of Derby Days, have a live band, and food."
Wage Justice Canvassing,Furman Young Democratic Socialists of America,2025-03-21T16:00:00+00:00,2025-03-21T17:30:00+00:00,Joseph Vaughn Plaza,,CommunityService,We will be canvassing for a living wage on Furman's campus!
RUF Large Group,Reformed University Fellowship,2025-03-21T00:00:00+00:00,2025-03-21T01:00:00+00:00,Garden Room,Religious,Spirituality,Our weekly worship meeting to sing and hear preaching from the Bible.
Sigma Chi Derby Days Day 4: PowderPuff,"Sigma Chi, Iota Nu Chapter",2025-03-20T21:00:00+00:00,2025-03-21T00:00:00+00:00,North Village Field 1,Greek Life Event,Fundraising,Day 4 of Derby Days will be a powderpuff football game where sororities compete against each other in flag football. There will be food and water available at these games.
FDT GALentines Open Practice!,Furman Dance Team,2025-02-14T01:00:00+00:00,2025-02-14T02:00:00+00:00,PAC Dance Studio (upstairs group fitness room),,Social,"Come dance with us! The Furman dance team welcomes anyone to our 2nd annual GALENTINES practice. Learn choreography, tricks, and other dance steps with the Furman Dance Team!"
Valentine Team Bingo!,Office of Student Involvement,2025-02-14T00:00:00+00:00,2025-02-14T01:30:00+00:00,TRONE CENTER ATRIUM,,Social,"Play bingo with your BESTIE or your SWEETHEART! Teams of two will compete to win AMAZING prizes, including: -retro record player -mini video projector -blankets, board games and candy SEE YOU THERE!"
Valentines Day with ACS,American Chemical Society,2025-02-14T00:00:00+00:00,2025-02-14T01:30:00+00:00,Trone Student Center,Social Programmatic; Special Interest,Social,Come have s'mores and hot cocoa with ACS on Thursday Feb 13th by the fire pit at Trone!
Black Essence: Celebration of Natural Hair,Afrikiya,2025-02-13T23:00:00+00:00,2025-02-14T00:30:00+00:00,Burgiss Theater,CLP; Diversity and Inclusion ,Cultural,"Black Essence: A Celebration of Natural Hair is an event designed to educate Furman students about the history and significance of natural hair, as well as provide practical methods for caring for and appreciating it. This event, hosted by Afrikiya, will feature renowned experts in the natural hair community, including Ebony Bomani representing Pattern Beauty and Angel Bradley of Earnestly Natural. Through engaging discussions, attendees will gain insights into the historical context of natural hair, the diversity of hair types and textures, and the benefits of embracing natural curls and coils."
Chi O Meeting,Chi Omega,2025-02-13T22:00:00+00:00,2025-02-13T23:00:00+00:00,Johns Hall 101,,GroupBusiness,Pre-Initiation Meeting
Sigma Nu Harvest Hope Service,Sigma Nu,2025-02-13T19:30:00+00:00,2025-02-13T21:30:00+00:00,Harvest Hope Food Bank,Community Service,CommunityService,Brothers will be working alongside professionals of Harvest Hope to sort and package food for those in need.
Pi Kappa Phi Mid-Week Executive Council Meeting,Pi Kappa Phi - Delta Chapter,2025-02-13T19:30:00+00:00,2025-02-13T20:30:00+00:00,Trone 208B,,GroupBusiness,A mid week meeting for the Executive Council to discuss business.
APO Bro Dinner,Alpha Phi Omega,2025-02-12T23:00:00+00:00,2025-02-13T00:00:00+00:00,DH,,Social,Have dinner with members of APO!
International Childhood Cancer Awareness Day,Delta Delta Delta,2025-02-12T16:30:00+00:00,2025-02-12T18:30:00+00:00,Joseph Vaughn Plaza,Greek Life Event,Fundraising,"Tri Delta members will promote International Childhood Cancer Awareness Day on February 12 by tabling outside the library, passing out bracelets, ribbons, and flowers to students and faculty on campus, and will fundraise online through social media. International Childhood Cancer Awareness Day is on February 15, but Tri Delta members will promote it on campus on February 12 instead. Any fundraising done or donations given will go to towards Tri Delta's national philanthropy, St. Jude!"
Dungeons & Dragons Club,Furman Dungeons and Dragons Club,2025-02-12T00:30:00+00:00,2025-02-12T03:30:00+00:00,Johns Hall 212,,Social,Welcome to our weekly Dungeons and Dragons meet-up. Play in sessions with your group or just come on by to hang out! New players welcome!
Program Council,Zeta Tau Alpha,2024-12-08T22:00:00+00:00,2024-12-08T23:00:00+00:00,Johns 101,,GroupBusiness,ZTA Program Council meeting.
Belonging Committee Meeting,Zeta Tau Alpha,2024-12-08T21:30:00+00:00,2024-12-08T22:30:00+00:00,Johns 101,,GroupBusiness,ZTA's Belonging Committee meeting.
Delta Gamma Exec meetings,Delta Gamma,2024-12-08T18:00:00+00:00,2024-12-08T19:00:00+00:00,J300,Greek Life Event,GroupBusiness,weekly exec meeting
Dintonation A Cappella Concert,Dintonation,2024-12-08T00:00:00+00:00,2024-12-08T00:30:00+00:00,Harper Hall,,Arts,"Please join us on Saturday, December 7th at 7:00pm for our magic-themed a cappella concert! Be sure to stay afterwards for the Bell Tower Boys' concert, which will immediately follow ours."
Holiday Decorating for RMHC,Alpha Delta Pi,2024-12-07T21:00:00+00:00,2024-12-07T23:00:00+00:00,RMHC carolinas,,CommunityService,Decorating the RMHC house for the holidays
Improv Show,Improv!able Cause Improvisational Comedy Troupe,2024-12-07T01:00:00+00:00,2024-12-07T02:00:00+00:00,Burgiss Theatre,,Social,This semesters last Improv Show!
Pi Kappa Phi Christmas Party,Pi Kappa Phi - Delta Chapter,2024-12-07T00:00:00+00:00,2024-12-07T01:30:00+00:00,Watkins Room,,Social,A Christmas Party in Watkins for Brothers and their dates.
Auditions for The Lightning Thief Musical,Furman University Pauper Players,2024-12-06T23:00:00+00:00,2024-12-07T00:30:00+00:00,DMB-104,,Arts,"Four days of auditions for Pauper Player's annual Spring production of The Lightening Thief: A Percy Jackson Musical! Auditions dates: 12/2, 12/3, 12/4, & 12/5 with a variety of times. Callbacks will be on 12/6. Be sure to sign up using the Signup Genius located in the bio of our Instagram and for more information about the process, come to the informational meeting on 11/22 in FUR-204!"
DG Study Hall,Delta Gamma,2024-12-06T20:30:00+00:00,2024-12-06T21:30:00+00:00,John’s 105,,ThoughtfulLearning,Study Hall for the sisters of Delta Gamma. We believe in cultivating educational interests and this is a way that we can provide a space for our sisters.
Sigma Chi Christmas Raffle Tabling,"Sigma Chi, Iota Nu Chapter",2024-12-06T16:15:00+00:00,2024-12-06T21:15:00+00:00,Trone Student Center Paddio,Greek Life Event,Fundraising,We will be tabling in front of Trone for our Christmas raffle.
Blood Drive,Furman University Responders,2024-11-12T15:00:00+00:00,2024-11-12T20:00:00+00:00,Trone: Watkins Room,Community Service,CommunityService,"Come help save lives by donating blood with the American Red Cross! Furman University Responders is partnering with the American Red Cross to host an on-campus blood drive from 10:00am - 3:00pm on Tuesday, November 12th in Trone Watkins Room. Giving blood is fast and easy, and one donation can save up to three lives. Snacks and drinks will be available for donors!"
Tri Delta Recruitment Workshop 3,Delta Delta Delta,2024-11-12T00:00:00+00:00,2024-11-12T02:00:00+00:00,PAC 114,,GroupBusiness,Workshops to prepare and familiarize the chapter with recruitment guidelines and expectations.
Beta Theta Pi Chapter Meeting,Beta Theta Pi,2024-11-12T00:00:00+00:00,2024-11-12T01:00:00+00:00,PYR-126 (Patrick Lecture Hall),Greek Life Event,GroupBusiness,"The Zeta Lambda Chapter of Beta Theta Pi will host a weekly meeting to conduct the duties and responsibilities of the chapter. Each member of the executive board will present a brief report of the progress in their area, then there is an open forum."
RLC Tabling,Residential Life Council,2024-11-11T17:00:00+00:00,2024-11-11T18:30:00+00:00,Joseph Vaughn Plaza,,Social,Tabling to promote our S'mores event!
Chapter,Zeta Tau Alpha,2024-11-04T00:00:00+00:00,2024-11-11T01:00:00+00:00,Johns 101,,GroupBusiness,ZTA Chapter Meeting.
Chapter,Zeta Tau Alpha,2024-11-11T00:00:00+00:00,2024-11-11T01:00:00+00:00,Johns 101,,GroupBusiness,ZTA Chapter Meeting.
Executive Committee Meeting,Zeta Tau Alpha,2024-11-10T23:00:00+00:00,2024-11-11T00:00:00+00:00,Johns 101,,GroupBusiness,Executive Committee Meeting.
Program Council,Zeta Tau Alpha,2024-11-10T22:00:00+00:00,2024-11-10T23:00:00+00:00,Johns 101,,GroupBusiness,ZTA Program Council meeting.
ADPi chapter meetings,Alpha Delta Pi,2024-11-10T22:00:00+00:00,2024-11-10T23:00:00+00:00,Furman 214,,GroupBusiness,Chapter Meeting
Delta Gamma Exec meetings,Delta Gamma,2024-11-10T18:00:00+00:00,2024-11-10T19:00:00+00:00,J300,Greek Life Event,GroupBusiness,weekly exec meeting
ZTA Bra Pong,Zeta Tau Alpha,2024-10-23T15:30:00+00:00,2024-10-23T18:30:00+00:00,Joseph Vaughn Plaza,,Fundraising,Compete against ZTA's in a game a bra pong! All funds raised will be donated to Breast Cancer Education and Awareness!
Wednesday Walks,Alpha Delta Pi,2024-10-23T11:45:00+00:00,2024-10-23T12:45:00+00:00,Furman Lake Trail,,Athletics,"Every Wednesday sisters are invited to go on a walk with one another at 7:45 am. We are planning to meet in North Village behind D. Running first thing in the morning can lead to spikes in cortisol causing headaches, high blood pressure, and mood changes. Morning walks have many health benefits such as regulating one's sleep schedule, improving one's mood and decreasing anxiety, increasing energy, increasing brain function, etc. We are using this as a stress-reliever for our sisters!"
Dungeons & Dragons Club,Furman Dungeons and Dragons Club,2024-10-22T23:30:00+00:00,2024-10-23T02:30:00+00:00,Johns Hall 212,Special Interest,Social,Welcome to our weekly Dungeons and Dragons meet-up. Play in sessions with your group or just come on by to hang out! Every Tuesday at 7:30 in Johns 212
Wesley Fellowship Weekly Gathering,Furman Wesley Fellowship,2024-10-22T23:45:00+00:00,2024-10-23T00:45:00+00:00,"Garden Room, Daniel Chapel",Religious,Spirituality,Each week we gathering in the Garden Room of Daniel Chapel for a time of fellowship and worship.
October Monthly Meeting,Alpha Epsilon Delta,2024-10-22T22:00:00+00:00,2024-10-22T23:00:00+00:00,Patrick Lecture Hall,Academic,ThoughtfulLearning,Speaker TBA
Diamond Dash - Alpha Delta Pi Philanthropy Week,Alpha Delta Pi,2024-10-22T17:00:00+00:00,2024-10-22T22:00:00+00:00,Trone Student Center Hill Courtyards 1 and 2,Greek Life Event,Fundraising,"On October 22nd, we will have the Diamond Dash. This event is a run/walk around Furman’s lake. We are hoping to have Alpha Delta Pi alumnae come out and participate along with Furman’s campus. This event will be fundraised either by ticket sales or crowd change. We are planning to have waivers for this day. Check in will start at 2 pm. We do not believe the event will take until 6 pm but wanted to give extra time for people to socialize and take pictures, while allowing plenty of time to clean up at the end."
Diamond Dash - Alpha Delta Pi Philanthropy Week,Alpha Delta Pi,2024-10-22T18:00:00+00:00,2024-10-22T19:00:00+00:00,Trone Student Center Hill Courtyards 1 and 2,Greek Life Event,Fundraising,"On Tuesday, we will have the Diamond Dash. This event is a run/walk around Furman’s lake. We are hoping to have alumnae come out and participate along with Furman’s campus. This event will be fundraised either by ticket sales or crowd change. We are planning to have waivers for this day. We have the space reserved from 1-6:30 pm; however, the event will start at 2 pm and go until people are done with their run/walk around the Furman lake."
RLC Tabling,Residential Life Council,2024-10-22T16:00:00+00:00,2024-10-22T18:00:00+00:00,Joseph Vaughn Plaza,Media Event,Social,RLC Tabling and Giveaway to raise awareness for our upcoming events
ZTA Krispy Kreme Sale,Zeta Tau Alpha,2024-10-22T15:30:00+00:00,2024-10-22T18:00:00+00:00,Joseph Vaughn Plaza,,Fundraising,Selling Krispy Kreme donuts to raise money for Breast Cancer Education and Awareness! All funds raised will be donated to charity.
Tri Delta Recruitment Workshop 1 & 2,Delta Delta Delta,2024-10-21T23:00:00+00:00,2024-10-22T01:00:00+00:00,PAC 114,,GroupBusiness,Workshops to prepare and familiarize the chapter with recruitment guidelines and expectations.
Bake Sale,Alpha Phi Omega,2024-09-23T15:30:00+00:00,2024-09-23T17:30:00+00:00,Trone Lower Lobby,,Fundraising,Buy homemade baked goods to support Alpha Phi Omega
Chapter,Zeta Tau Alpha,2024-09-22T23:00:00+00:00,2024-09-23T00:00:00+00:00,Johns 101,,GroupBusiness,ZTA Chapter Meeting.
Executive Committee Meeting,Zeta Tau Alpha,2024-09-22T22:00:00+00:00,2024-09-22T23:00:00+00:00,Johns 101,,GroupBusiness,Executive Committee Meeting.
ADPi chapter meetings,Alpha Delta Pi,2024-09-22T21:00:00+00:00,2024-09-22T22:00:00+00:00,Furman 214,,GroupBusiness,Chapter Meeting
Program Council,Zeta Tau Alpha,2024-09-22T21:00:00+00:00,2024-09-22T22:00:00+00:00,Johns 101,,GroupBusiness,ZTA Program Council meeting.
Belonging Committee Meeting,Zeta Tau Alpha,2024-09-22T20:30:00+00:00,2024-09-22T21:30:00+00:00,Johns 101,,GroupBusiness,ZTA's Belonging Committee meeting.
Delta Gamma Exec meetings,Delta Gamma,2024-09-22T17:00:00+00:00,2024-09-22T18:00:00+00:00,J300,Greek Life Event,GroupBusiness,weekly exec meeting
Backpacking Sam Knob,Furman University Outdoor Club,2024-09-21T12:00:00+00:00,2024-09-22T16:00:00+00:00,Sam Knob Trailhead,,Social,Backpack the Sam Knob Loop in the Blue Ridge Mountains. We’ll camp one night on the trail on Laurel Creek and get to see views of the surrounding mountains from the top of Sam Knob and Devil’s Courthouse.
Pi Kappa Phi Earth Wind and Fire Party,Pi Kappa Phi - Delta Chapter,2024-09-22T01:00:00+00:00,2024-09-22T03:45:00+00:00,Fieldhouse Sports Bar,,Social,A 70’s/disco themed party at field house sports bar for brothers and their invites.
Sink or Swim 2v2 Tournament,Sink or Swim,2024-09-21T22:00:00+00:00,2024-09-22T01:00:00+00:00,Trone Student Center Pool Table,Special Interest,Social,"On September 21st, Furman University's Sink or Swim is hosting a tournament at 6pm. Pizza will be included for competitors. Anyone signed up has the chance to win an amazing prize!"
Alpha Phi Omega Speed Friending,Alpha Phi Omega,2024-09-05T23:00:00+00:00,2024-09-06T00:00:00+00:00,Furman Hall 107,,Social,Come learn about Alpha Phi Omega and meet the brothers
Fall 2024 Club Soccer Tryouts!,Furman Men's Club Soccer,2024-09-05T22:00:00+00:00,2024-09-06T00:00:00+00:00,Upper NV Field,,Athletics,Tuesday September 3 and Thursday September 5 the Men's Club soccer team will be hosting tryouts for the upcoming academic year! Tryouts will be from 6:30-8PM on the upper NV field. Please arrive at 6pm on Tuesday in order to register for tryouts!
Furman Equestrian Team Interest Meeting,Furman University Equestrian Team,2024-09-05T22:00:00+00:00,2024-09-05T23:00:00+00:00,Furman Hall 204,,Athletics,General information for anyone who is interested in the equestrian team.
ASIA First General Meeting,The Association of Students Interested in Asia,2024-09-05T21:30:00+00:00,2024-09-05T22:30:00+00:00,Riley 106,,GroupBusiness,"ASIA first General Meeting, with old and New Members to talk about ASIA club and it's event for the fall semester."
Mens Club Basketball Open Gym,Men's Club Basketball,2024-09-05T00:00:00+00:00,2024-09-05T01:30:00+00:00,Furman University PAC,Student Organization Athletic Event,Athletics,Come play pickup to get ready for tryouts!
Furman Academic Competition Team Interest Meeting,Furman Academic Competition Team,2024-09-04T23:30:00+00:00,2024-09-05T00:30:00+00:00,John's Hall 107,,Social,"This will be our interest meeting, please come if you want to learn more!"
Wesley Fellowship Freshmen Group,Furman Wesley Fellowship,2024-09-04T21:30:00+00:00,2024-09-04T22:30:00+00:00,"Chapel Lounge, Daniel Chapel",Religious,Spirituality,Join us for our weekly gathering for our Wesley Freshmen. This is a special time in the week where we help navigate the transitions to college life.
Student Involvement Fair,Office of Student Involvement,2024-09-04T20:00:00+00:00,2024-09-04T22:00:00+00:00,Trone Student Center,,Social,The Office of Student Involvement is hosting the fall involvement fair on Sept. 4 from 4-6pm. Come out to learn more about all of our amazing student organizations here campus!
Dungeons & Dragons Club,Furman Dungeons and Dragons Club,2024-09-03T23:30:00+00:00,2024-09-04T02:30:00+00:00,Johns Hall 212,Special Interest,Social,Welcome to our weekly Dungeons and Dragons meet-up. Play in sessions with your group or just come on by to hang out! Every Tuesday at 7:30 in Johns 212
Wesley Fellowship Kick-off Event,Furman Wesley Fellowship,2024-09-03T23:45:00+00:00,2024-09-04T01:15:00+00:00,Front Patio of Daniel Chapel,Religious,Spirituality,"Join our Wesley Fellowship on the Front Patio of Daniel Chapel for a night of worship. At Wesley we hope to be a place where all can Be, Belong, Connect, and Engage. We will begin with music, share our hopes for the new year together, and hear a message from our campus minister. This is an invitation to all our Furman family, but not an obligation!"
Trans Art Exhibition,Furman Pride Alliance,2024-03-25T12:00:00+00:00,2024-03-28T21:00:00+00:00,Trone Upstairs Atrium,Diversity and Inclusion ,Arts,"Art exhibition featuring 7 trans and gender non-conforming student artists. There will be a reception on Wednesday March 27, from 6-8 PM"
RUF Community Groups,Reformed University Fellowship,2024-03-27T23:00:00+00:00,2024-03-28T00:00:00+00:00,North Village,Religious,Spirituality,"This semester, we will have two community groups (one on Tuesday nights at 7, and one on Wednesday nights at 7). Community groups are smaller groups that eat dinner together and talk about aspects of Christianity while encouraging fellowship between one another. Attendees will bring their own dinner to the event."
Ducks Unlimited Annual Fundraiser Banquet,Furman University Chapter of Ducks Unlimited,2024-03-27T22:30:00+00:00,2024-03-28T00:00:00+00:00,Younts,,Fundraising,Furman Ducks Unlimited will host their annual fundraising dinner. We will have a live auction and silent auction for hunting and outdoor gear!
RUF Community Groups,Reformed University Fellowship,2024-03-26T23:00:00+00:00,2024-03-27T00:00:00+00:00,North Village,Religious,Spirituality,"This semester, we will have two community groups (one on Tuesday nights at 7, and one on Wednesday nights at 7). Community groups are smaller groups that eat dinner together and talk about aspects of Christianity while encouraging fellowship between one another. Attendees will bring their own dinner to the event."
Holi CLP,The Association of Students Interested in Asia,2024-03-25T21:30:00+00:00,2024-03-25T23:30:00+00:00,"Right Behind DH, right next to Lake!!",CLP,Cultural,"Holi is about having fun with family and friends. We will be celebrating holi with Food, fun performance and playing holi. this event is CLP."
RMHC Princess Visit #2,Alpha Delta Pi,2024-03-25T20:30:00+00:00,2024-03-25T21:30:00+00:00,Ronald McDonald House,,CommunityService,"Two sisters of Alpha Delta Pi will appear as Cinderella and Belle, accompanied by at least one other sister or character attendant. The goal of this visit is to sit with the families, color, sing, dance, and bring some brightness to their day. RMHCC is so excited about this idea. All dresses used are provided and donated by Evie Crumrine."
Chapter,Zeta Tau Alpha,2024-03-24T23:00:00+00:00,2024-03-25T00:00:00+00:00,Johns Hall 101,Greek Life Event,GroupBusiness,Zeta Tau Alpha Chapter with all general members.
Executive Committee Meeting,Zeta Tau Alpha,2024-03-24T22:00:00+00:00,2024-03-24T23:00:00+00:00,Johns Hall 101,,GroupBusiness,ZTA exec committee weekly meeting.
Chapter Meeting,Alpha Delta Pi,2024-03-24T20:30:00+00:00,2024-03-24T23:00:00+00:00,Furman Hall 214,,GroupBusiness,Weekly chapter meeting
Programs Council Meeting,Zeta Tau Alpha,2024-03-24T21:00:00+00:00,2024-03-24T22:00:00+00:00,Johns Hall 101,,GroupBusiness,ZTA's programs council meeting.
RUF Large Group,Reformed University Fellowship,2024-02-16T01:00:00+00:00,2024-02-16T02:00:00+00:00,Garden Room,Religious,Spirituality,"We will meet again this week for our weekly worship service. This service will include hymn singing, a message and Bible reading, and fellowship time. Everyone is welcome."
Trivia - Dins After Dark,Office of Student Involvement,2024-02-16T00:00:00+00:00,2024-02-16T02:00:00+00:00,The Paddock,,Social,"Part of the weekly Dins After Dark series. Join the Office of Student Involvement and FUSAB for Trivia! Thursday, February 15th from 7-9 at the Paddock. Music, fun, and prizes! Specialty food available for purchase!"
FPA Meeting,Furman Pride Alliance,2024-02-16T00:30:00+00:00,2024-02-16T01:30:00+00:00,fur 126,Diversity and Inclusion ,Social,Valentine's Day party!
Black History Month Gospel Concert,Furman University Gospel Ensemble,2024-02-16T00:00:00+00:00,2024-02-16T01:00:00+00:00,Daniel Chapel,,Spirituality,The Furman University Gospel Ensemble is presenting a celebration of gospel music and gospel music’s significance within the Black community.
Careers in High Finance Alumni Panel,Malone Center for Career Engagement,2024-02-15T23:00:00+00:00,2024-02-16T00:00:00+00:00,Online,,ThoughtfulLearning,"Please join us for a an hour-long conversation including Q&A with key Furman alumni working in banking and investments and current students who recently held related internships. This discussion, facilitated by Dr. Jason Jones, Professor of Finance, will feature: • Maggie Lewis '22, Analyst, Advisory Group at MUFG/Global Corporate Investment Banking Americas • Kyle Wilkins '08, Vice President, Prime Finance at J.P. Morgan & others to be announced Whether you’re searching for full-time opportunities or future summer internships, don’t miss this chance to learn more about the high finance sector and the backgrounds and skillsets it requires. Gain valuable insight from our alumni’s journey and advice from our students on how to best navigate opportunities with these and similar organizations."
Mini-Talk by Dr. Scott Legge: What Happens When a Monkey Falls Out of a Tree?,Furman University Anthropology Club,2024-02-15T22:30:00+00:00,2024-02-15T23:00:00+00:00,Furman Hall 229,Academic,ThoughtfulLearning,Dr. Scott Legge will give a talk following the events of Anthropology Day concerning the effect of gravity upon large and medium-bodied African Primates. This talk will be held in Furman Hall 229.
Board Games with Alpha Phi Omega,Alpha Phi Omega,2024-02-15T21:00:00+00:00,2024-02-15T22:00:00+00:00,Furman Hall 106,,Social,Come play board games with the members of Alpha Phi Omega.
RUF Community Groups,Reformed University Fellowship,2024-02-15T00:00:00+00:00,2024-02-15T01:00:00+00:00,North Village,Religious,Spirituality,"This semester, we will have two community groups (one on Tuesday nights at 7, and one on Wednesday nights at 7). Community groups are smaller groups that eat dinner together and talk about aspects of Christianity while encouraging fellowship between one another. Attendees will bring their own dinner to the event."
Valentines Day Wildflowers Event,Native American and Indigenous Peoples Association,2024-02-14T17:00:00+00:00,2024-02-14T18:00:00+00:00,Trone Patio,Diversity and Inclusion ; Special Interest,Arts,Make wildflower bouquets for your valentine and learn the significance of the sunflower to indigenous tribes.
Galentines,Alpha Delta Pi,2024-02-14T01:00:00+00:00,2024-02-14T03:00:00+00:00,Thomas Room,,Social,Making Flower Bouquets for Friends!
Soldering Workshop,Furman University Engineering Club,2023-11-30T00:00:00+00:00,2023-11-30T01:00:00+00:00,Plyler 208/210,Academic,ThoughtfulLearning,Join Furman's Engineering Club on the 29th to learn how to solder together circuits and make a little light up bug!
Burgers To Beat Cancer,"Sigma Chi, Iota Nu Chapter",2023-11-28T16:15:00+00:00,2023-11-28T18:30:00+00:00,Furman University,Greek Life Event,Fundraising,We will be grilling and selling burgers to raise money for the Huntsman Cancer Institute.
Pie a Pi Kapp,Pi Kappa Phi - Delta Chapter,2023-11-27T16:00:00+00:00,2023-11-27T20:00:00+00:00,Trone Upper Patio,Greek Life Event,Fundraising,Brothers of Pi Kappa Phi will accept donations in order for their friend's and peers to pie them in the face with whipped cream.
CCM Weekly Fellowship,Catholic Campus Ministry,2023-11-23T00:00:00+00:00,2023-11-23T01:30:00+00:00,Garden Room,Religious,Social,"Join us every Wednesday @ 7:00pm for food, scripture, presentations, and discussion!"
Transgender Day of Remembrance - Candlelight Vigil,Furman Pride Alliance,2023-11-20T22:30:00+00:00,2023-11-20T23:00:00+00:00,Joseph Vaughn Plaza,Diversity and Inclusion ,Cultural,Candlelight Vigil to honor members of the Trans community who have been killed by violence this year.
Furman Fish and Fly club Fishing at Mills River,Furman University Fish and Fly Club,2023-11-19T13:00:00+00:00,2023-11-19T19:00:00+00:00,Mills River NC,,Social,We will driving to the North Mills River in Mills River NC this Sunday Nov 19th and be fly fishing in the river to catch trout and other fish. We will leave campus around 8:00 AM and get back to campus around 2:00 PM We will be using our club's gear so that every participant will be able to fish if they want to.
Burnout Music Festival,Student Government Association,2023-11-18T21:00:00+00:00,2023-11-19T00:00:00+00:00,Lakeside Amphitheater,,Arts,"The first annual Burnout Music Festival is a glorious cumulation of three rock bands on campus. Complete with the Daily Havoc, the Balconies, the Lucky Sevens, and food trucks, how can you miss out?? ~~~ Lineup: The Lucky Sevens: 4:00-4:30pm The Balconies: 4:45-5:45pm The Daily Havoc: 6:00-7:00pm ~~~ This event, including the food, is open and free to the public. Join us and enjoy the some of the best rock music that Furman University has to offer!"
Semi Formal,Alpha Delta Pi,2023-11-18T00:30:00+00:00,2023-11-18T03:30:00+00:00,Zen,Greek Life Event,Social,Alpha Delta Pi will host a semiformal in November for the chapter and their dates.
Hymn Sing and Bonfire,Reformed University Fellowship,2023-11-18T00:00:00+00:00,2023-11-18T02:00:00+00:00,Vista House,Religious,Spirituality,Join us for a night of singing Psalm hymns and making bonfire snacks. A night of fellowship and praise.
Football with the Brothers,Interfraternity Council,2023-11-17T01:00:00+00:00,2023-11-17T03:00:00+00:00,Trone Student Center,Greek Life Event,Social,"Come hang out in the trone atrium, eat some pizza and watch football while getting to know the men of our fraternities."
Rise Against Hunger,Heller Service Corps,2023-09-27T23:00:00+00:00,2023-09-28T01:00:00+00:00,Timmons Arena,Community Service,CommunityService,"Come package meals for those in need with Heller, Athletics, and FCA at Timmons Arena at 7pm on Wednesday, September 27th."
CCM Weekly Fellowship,Catholic Campus Ministry,2023-09-27T23:00:00+00:00,2023-09-28T00:30:00+00:00,Garden Room,Religious,Social,"Join us every Wednesday @ 7:00pm for food, scripture, presentations, and discussion!"
"""What is Socialism?"" Political Education Event",Furman Young Democratic Socialists of America,2023-09-27T22:00:00+00:00,2023-09-27T23:00:00+00:00,Johns Hall 101,Political,ThoughtfulLearning,"Join the Furman Young Democratic Socialists of America for a discussion about socialism, what it is, why it matters, and how Furman YDSA incorporates its principles into our work. This meeting is for everyone, regardless of your level of familiarity with the ideas being discussed. Come as you are!"
FUSEA x Alex's Lemonade Stand,Furman University Student Entrepreneurship Association,2023-09-27T15:30:00+00:00,2023-09-27T16:30:00+00:00,Joseph Vaughn Plaza,Community Service,Social,"Quench your thirst for entrepreneurship with FUSEA and Alex's Lemonade! Come support FUSEA as we sell lemonade to raise money for Alex's Lemonade, a charity for childhood cancer research. It is a pay-what-you-can event so you can pay $0.5 for a glass of lemonade or $20. All proceeds go to Alex's Lemonade!"
Chi Omega Wish Week Tabling,Chi Omega,2023-09-26T15:30:00+00:00,2023-09-26T17:30:00+00:00,James B. Duke Library,Greek Life Event,Fundraising,Stop by the Chi O table outside the library and enter your name in the raffle! We have some fun and exciting prizes!
CLP Catholic Mass,Catholic Campus Ministry,2023-09-25T01:00:00+00:00,2023-09-25T02:00:00+00:00,Daniel Chapel Furman University,,Spirituality,"The Roman Catholic Mass Celebration is a religious liturgy whose origins date back to the first century. The mass is celebrated in each country of the world every day amongst people of various cultures, backgrounds, languages, and traditions. Given this ancient liturgy’s ties to culture and history, it is a great learning opportunity for students to witness as it has been a pivotal ceremony for the world as a whole. The mass is divided into two sections: Liturgy of the Word and Liturgy of the Eucharist. Students attending the mass will hear various pieces of literature from the BC Jewish Era, writings from the Gospels detailing Jesus’s life, and readings from the early church fathers. After the conclusion of the mass, students will have the opportunity to ask questions."
League Game Against Georgia Tech,Furman Men's Club Soccer,2023-09-24T17:00:00+00:00,2023-09-24T19:00:00+00:00,North Village Upper Field,Student Organization Athletic Event,Athletics,The Furman University Men's Club Soccer team will play Georgia Tech for their second home league game.
Game: Furman Vs. Coastal,Furman Women's Club Soccer,2023-09-23T17:00:00+00:00,2023-09-23T18:30:00+00:00,Furman University,Varsity Athletic Event,Athletics,Saturday Sept. 23rd Furman vs. Coastal @1:00 pm home
Fall Ball,Furman University Student Activities Board,2023-09-22T23:00:00+00:00,2023-09-23T02:00:00+00:00,"Southwind Ranch, Travelers Rest",,Social,"An event inclusive of our entire community that brings out people from all sides of campus, Fall Ball this year will be a barn dance! Picture a beautiful barn or rustic event venue with fall in the air. Guests will get to experience a fun evening of music and barbeque, with a cash bar for those old enough to partake. Aimed at being a fun Friday night for all of campus, fall ball will yippee chi slay."
Game: USC Vs. Furman,Furman Women's Club Soccer,2023-09-22T22:00:00+00:00,2023-09-22T23:30:00+00:00,University of South Carolina,Varsity Athletic Event,Athletics,Friday Sept. 22nd USC vs. Furman @ 6:00 pm away
Career Trek Information Session,Malone Center for Career Engagement,2023-03-22T16:30:00+00:00,2023-03-22T17:30:00+00:00,Furman Hall 108,,ThoughtfulLearning,Come learn about the Career Trek to Washington D.C.
Accommodations in the Workplace,Malone Center for Career Engagement,2023-03-17T16:30:00+00:00,2023-03-17T17:30:00+00:00,Online,,ThoughtfulLearning,Come learn about Accommodations in the Workplace
Career Trek Information Session,Malone Center for Career Engagement,2023-03-14T20:00:00+00:00,2023-03-14T21:00:00+00:00,Hipp Hall 202,,ThoughtfulLearning,Learn about our upcoming Career Trek to Washington D.C.
Mindful Eating,PalaMind,2023-03-01T22:30:00+00:00,2023-03-01T23:30:00+00:00,Hartness Pavilion,Special Interest,ThoughtfulLearning,A mindful meal led by Dr. Min-Ken Liao and Dr. Meghan Slining
"Communications, Marketing, & Design Employer Connections",Malone Center for Career Engagement,2023-02-26T23:00:00+00:00,2023-02-27T00:00:00+00:00,Furman 101,,ThoughtfulLearning,"Come connect and network with employers looking for students interested in Communications, Marketing, and Design."
Mardi Gras,Furman University Student Activities Board,2023-02-21T22:00:00+00:00,2023-02-22T01:00:00+00:00,Behind Daniel Dining Hall,,Social,"In collaboration with the Dining Hall, FUSAB’s Mardi Gras will be a celebration of Louisiana culture and traditions. Students will be able to enjoy delicious Mardi Gras food inside the Dining Hall, and then venture outside for festivities and music from a Louisiana-style jazz band. There will be DIY mask stations with rhinestones, glitter, and feathers for students to decorate while they eat and listen to the music. Additionally, there will be a huge king cake, and the student that obtains the baby in the cake will receive a massive prize. Students will not only have fun enjoying food, music, and crafts, but they will leave with more knowledge of Louisiana culture."
Navigating the Job Search for International Students,Malone Center for Career Engagement,2023-02-20T22:30:00+00:00,2023-02-21T00:30:00+00:00,Watkins North,,ThoughtfulLearning,"Hear from a panel of successful International Alumni with jobs in the U.S., as well as local employers who hire international students! Networking reception to follow."
Dirt Church at Dupont State Forest,Furman University Outdoor Club,2023-02-19T13:30:00+00:00,2023-02-19T19:00:00+00:00,Dupont State Forest,,Athletics,"Mtn bike ride at Dupont State Forest - all levels welcome, but mtn bikes and helmets are required. Bring water and a trail snack. We will be meeting in the North Chapel lot at Furman at 8:30am and then grabbing lunch after the ride. We should return to campus about 2pm. If you have any questions or want to RSVP, please email Dr. Simmons at aaron.simmons@furman.edu"
Caving at Worley's Cave,Furman University Outdoor Club,2023-02-18T18:00:00+00:00,2023-02-18T22:00:00+00:00,"Worley's Cave, Bluff City, TN",Social Programmatic,Social,"Join FUOC for a day of caving at Worley's Cave in Bluff City, Tennessee. Worley's is a beautiful natural cave with living features and formations. Out guide will help us learn a bit about the life and geology of an undeveloped limestone cave. Worley’s Cave requires no prior caving experience. There are some mandatory tight passages with prolonged crawling. We provide all of the gear and an experienced guide. **RSVP through the Google Form on the weekly FUOC email**"
Furman Club lax versus Elon,Furman Men's Club Lacrosse,2023-02-18T18:00:00+00:00,2023-02-18T19:00:00+00:00,North Village Field,,Athletics,Furman men's club lacrosse team will take on Elon's club lacrosse team and destroy them
FPA Disco Dance!,Furman Pride Alliance,2022-10-21T23:00:00+00:00,2022-10-22T01:30:00+00:00,Watkins Room,Diversity and Inclusion ,Cultural,"Join the Furman Pride Alliance in our celebration of LGBTQIA History Month with music, dancing, and snacks! Dress code is whatever makes you feel like your snazziest self!"
Improv October Show,Improv!able Cause Improvisational Comedy Troupe,2022-10-22T00:00:00+00:00,2022-10-22T01:00:00+00:00,Burgiss Theater,,Arts,10/22/22 Improv Show!
Furman Esports Club Meeting,Furman ESports Club,2022-10-21T23:00:00+00:00,2022-10-22T00:30:00+00:00,RLY 204,Special Interest,Social,Regular club meeting; join our discord server for more information: https://discord.gg/FswFA7yrbv
FCA Dodgeball Tournament,Fellowship of Christian Athletes,2022-10-21T20:30:00+00:00,2022-10-21T22:30:00+00:00,PAC,,Social,FCA is hosting a dodgeball tournament in the PAC. Grab a team and cannot wait to see you there!
Equali-tea CIC Drop In,Center for Inclusive Communities,2022-10-21T16:00:00+00:00,2022-10-21T18:00:00+00:00,CIC Office - Trone 205,Diversity and Inclusion ,Cultural,"Celebrate LGBTQIA+ History Month by dropping by the CIC on Friday, October 21 from 12pm-2pm. We will have a variety of teas along with free bagels from Sully's Steamers!"
Institute of Religion and Organization Meeting,Latter-Day Saint Student Association,2022-10-19T23:00:00+00:00,2022-10-20T00:00:00+00:00,TBD,Religious,Spirituality,"Meet with fellow Furman students to participate in a virtual institute of religion class. The course for Fall 2022 is ""The Living Christ"" We meet every Tuesday of the semester at 7 p.m. Location varies contact Saveyah Smith smitsa9@furman.edu for location"
Asheville ATV Tour,Furman University Student Activities Board,2022-10-16T14:00:00+00:00,2022-10-16T19:00:00+00:00,"Asheville, North Carolina",,Social,This off-campus event will allow a small group of students to be transported to the mountains outside of Asheville for a private ATV tour led by an experienced guide who is familiar with the area and its history. Students will be able to drive ATVs with the guidance of a liscenced guide from an accredited ATV tour company where they will be able to experience beautiful mountain and forest views in an experience they might never have the chance to pursue again.
ProjectROCK,Furman University Outdoor Club,2022-10-15T18:00:00+00:00,2022-10-15T21:00:00+00:00,ProjectROCK Easley,,Social,"Get climbing on some of tallest indoor walls in the US! Officers Moultrie and Andrew will be leading a trip to this new, state-of-the-art climbing facility on October 15th so don't miss out! Learn some useful climbing techniques while scaling the hand-sculpted 85 foot walls modeled after real mountains from around the world. All skill levels welcome, so don't be afraid to sign up!"
"Crystal Mining at Diamond Hill Mine, SC",Furman University Outdoor Club,2022-10-15T13:00:00+00:00,2022-10-15T21:00:00+00:00,Diamond Hill Mine,,Social,"Join us for a day trip to dig your own quartz crystals & keep everything you find! Gloves and tools are provided by FUOC, and carpool will be arranged at the Rabbit Hole before we leave in the morning! Meet at the RH at 9am on Saturday, Oct. 15th! FUOC will pay for the first 15 people to RSVP! Everyone else will need to bring $20 cash to be able to dig for the day! Event caps at 25 people so sign up fast and tell your friends! Email officers Isabelle or Tyler with questions! (isabelle.jarvis@furman.edu, tewety5@furman.edu)"
Planting Trees with Trees Upstate,Furman University Outdoor Club,2022-10-15T13:00:00+00:00,2022-10-15T16:00:00+00:00,"Greer, SC",Community Service,CommunityService,"We are joining with the local nonprofit TreesUpstate to plant trees in the Creekside Community of Greer, SC! We will be working in the common areas of the neighborhood, as well as assisting residents who need help planting on their private property. Gloves and shovels, as well as breakfast and lunch, will be provided to volunteers. We're planting over 50 trees! Fill out this form to participate! https://forms.gle/MfqPHKUTs1y7c1pj8 https://forms.gle/MfqPHKUTs1y7c1pj8"
Asheville Foodie Day Trip,Furman University Student Activities Board,2022-03-26T16:00:00+00:00,2022-03-26T17:00:00+00:00,"Asheville, North Carolina",,Social,"This trip allows participating students the opportunity to travel to Ashveille and have a unique experience where they tour a working chocolate factory, have time to explore the many restaurants and around Asheville in their free time, and have an all expenses paid dinner where they get to experience another culture through activities like bellydancing and live music. This trip offers students who are passionate about food the opportunity to travel to one of the foremost “foodie” cities in the south and experience food in ways that they may never have the chance to again."
Education Opportunities Job Fair,Malone Center for Career Engagement,2022-03-25T12:30:00+00:00,2022-03-25T21:00:00+00:00,"Atlanta, Georgia, United States",,ThoughtfulLearning,"We will be hosting a K-12 Teacher Job Fair in Atlanta on February 5th 2022 for active Southern Teachers candidates and our member schools. Want to interview directly with hiring officials at private schools? Apply to Southern Teachers before December 1, 2021 to be eligible to attend. All active Southern Teachers candidates are eligible to participate in this virtual fair. This event is free for all active Southern Teachers candidates, as all are services are always free to candidates. What qualifications do you need to be a teacher candidate? • Bachelor’s Degree, Master’s Degree, or Doctorate Degree • Teacher Certification required if teaching Elementary grades • For secondary school positions, certification is a plus, but not mandatory • Passion for working with kids and sharing your love for athletics or extracurricular activities Attending our job fair is a powerful way to explore teaching opportunities for the 2022-23 school year. Please feel free to message us via Handshake with any questions. **Entry to the event will require proof of vaccination, along with valid photo ID.**"
Art Alumni Panel,Malone Center for Career Engagement,2022-03-24T21:30:00+00:00,2022-03-24T22:30:00+00:00,Little John Lecture Room - Roe Art Building,,Arts,TBD
Entry-Level Research Alumni Panel,Malone Center for Career Engagement,2022-03-23T23:00:00+00:00,2022-03-24T00:00:00+00:00,Online,,ThoughtfulLearning,"Attend this event to learn from recent graduates working in the research industry. Panelists will discuss the job search, their current roles, and advice they have for students interested gaining experience in research as a career or as a gap year before graduate school. Calleigh Brignull '21, Biology: Clinical Research Assistant at The Hawkins Foundation Jessica Culbreth '20, Psychology: Research Assistant at University of Washington Peyton Roth '19, Chemistry & Political Science: Research Associate, Poverty Studies at American Enterprise Institute 4th panelist TBA!"
Sugar Mountain Ski Trip,Furman University Outdoor Club,2022-03-20T10:30:00+00:00,2022-03-20T20:30:00+00:00,Sugar Mountain,,Social,"We will be skiing at Sugar Mountain in North Carolina. FUOC will pay for your lift passes. You will need to rent your own gear, but we can help you coordinate rides there."
ENG 399: Adulting On the Job and Off,Malone Center for Career Engagement,2022-03-19T14:00:00+00:00,2022-03-19T16:00:00+00:00,"Daniel Chapel, Garden Room",,Social,"Two young (and well-dressed) Greenville professionals, Andrew Huang (Brains on Fire) and Caroline Mayberry (Biologos) will explain some guidelines to being confident and professional in how you look and sound in your post-college. Dr. Oakes (who has moved 23 times in her life, once from California to England) will discuss tips on moving to and making a home and friends in a new place after college."
Resume Accelerator with Austin Belcak,Malone Center for Career Engagement,2022-03-17T22:00:00+00:00,2022-03-18T02:00:00+00:00,On Campus - Register for more details (spots limited!),Special Interest,GroupBusiness,"Join The Hill Institute for Innovation and Entrepreneurship and the Malone Center for Career Engagement as we bring in the founder of Cultivated Culture and career expert, Austin Belcak, to accelerate your resume and LinkedIn (where he happens to have 1.2million followers). A former Director of Partner Development at Microsoft, Austin now works to teach people how to land amazing jobs without applying online. His strategies have been featured in Forbes, Business Insider, Inc., Fast Company, and more. His students have landed interviews and offers at Google, Microsoft, Amazon, Apple, Facebook, Twitter, Uber, Deloitte, Accenture, ESPN and more. This workshop will: - provide you with a revamped LinkedIn presence - teach you valuable lessons on how to pursue the right career - equip you with the skills to land your dream job in only a few months First 50 students to register will receive $25 for participating. You don't want to miss this!"
Summer Seasonal Jobs - Virtual Career Fair,Malone Center for Career Engagement,2022-03-17T18:00:00+00:00,2022-03-17T22:00:00+00:00,Online,Special Interest,GroupBusiness,"Don't know what to do this summer? Now is the time to look for summer jobs. We've got a ton (almost 50 and quickly growing) of awesome camps and seasonal employers attending our career fair March 17! You seriously don't want to miss this. ⁠ ⁠ ⏰ March 17, 2-6pm, Online⁠ Build your event schedule around your availability and the employers that you want to meet with! (Register and signup for sessions here) ⁠ Getting a summer job sets you up for success in fun ways and adds great experience to your resume for future employment upon graduating. ⁠ ⁠ Participate in the summer job career fair hosted by the Malone Center for Career Engagement. Connect with employers you are interested in with 10 minute 1:1 sessions or 30 minute group sessions. ⁠ You must pre-register and signup for sessions to attend.⁠ ⁠ Tell your friends!⁠"
Student Athlete Alumni Career Panel,Malone Center for Career Engagement,2022-03-16T23:00:00+00:00,2022-03-17T00:00:00+00:00,Online,,Athletics,"Join former Furman student-athletes Kena Hodges (W. Basketball '01), Adi Filipovic (Football '07), James Perez (XC/Track '15) and Rachel Sindler (W. Lacrosse '21) as they discuss how to optimize time at Furman as a student athlete, market the athletic experience in a job search and career, and the transition out of sports and into the professional life. Kena Hodges serves as a transformation coach and leadership consultant with over 16 years of human resources experience. Adi Filipovic is the co-founder and managing director of Resurgens Technology Partners. James Perez works as a product owner with Duke Energy and is the co-founder of Stoke Performance. Rachel Sindler brings experience as an Investment Banking Analyst at Bank of America."
DIY Air Plant Terrariums,Furman University Student Activities Board,2022-03-16T15:00:00+00:00,2022-03-16T18:00:00+00:00,Duke Library Steps,,Social,"This event gives 150-200 students a chance to decorate and create their own air plant terrarium for their room or dorm! There will be stations set up with all the supplies needed to make the terrarium as cool and personalized as can be! There will be a myriad of decor and objects that students can include inside their terrariums. Plants are scientifically proven to purify the air, increase concentration and productivity, and relieve stress and anxiety: things any student will appreciate."
Greek Groove,Panhellenic Council,2021-11-17T00:00:00+00:00,2021-11-17T02:00:00+00:00,McAlister,Greek Life Event,Fundraising,Greek sororities and fraternities will have a dance competition for charity on Tuesday Nov 16 at 7:00-9:00. All are welcome and encouraged to come out and support.
Kickball Kickoff for Greek Week,Panhellenic Council,2021-11-16T00:00:00+00:00,2021-11-16T01:00:00+00:00,North Village Field 1,Greek Life Event,Athletics,Fraternities and sororities will get up to the plate to kick off the infamous Greek Week. They will compete in a classic round robin of kickball at the north village fields at 7:00 on Monday Nov 15!
CLP Mass,Catholic Campus Ministry,2021-11-15T02:00:00+00:00,2021-11-15T03:00:00+00:00,Daniel Chapel,Religious,Spirituality,Join the Catholic Campus Ministries for a CLP mass to learn more about Catholicism and the celebration of the mass.
Delta Gamma Tailgate,"Delta Gamma, Zeta Upsilon Chapter",2021-11-13T16:00:00+00:00,2021-11-13T21:00:00+00:00,Champions Grove,Greek Life Event,Social,"We will be having our first tailgate back, woohoo! There will be pre-packed food and waters/juice boxes provided with games and other decorations."
Science & Health - Virtual Career Fair,Malone Center for Career Engagement,2021-11-11T19:00:00+00:00,2021-11-11T23:00:00+00:00,Online,,ThoughtfulLearning,Furman Virtual Fairs provides students with the opportunity to connect virtually with employers regarding career opportunities. Students can register to attend 30-minute small group sessions to learn more about the organization or schedule 1:1 10-minute meetings with employers. Employers will be able to see student profiles and public resumes in Handshake; make sure you update your Handshake profile and upload a current version of your resume.
Wesley Fellowship Gathering,Furman Wesley Fellowship,2021-11-10T00:45:00+00:00,2021-11-10T02:15:00+00:00,Garden Room of Chapel,Religious,Spirituality,"Join us for a night of worship and fellowship. The Gathering is in the Garden Room of the Chapel at 7:45pm. We will connect with old friends and make new ones, share Joys & Concerns, and then Edward [our campus minister] will offer a short devotional. Of course, all safety protocols will be followed ... so bring your mask!"
ADPI x ΣX Fashion Show,"Sigma Chi, Iota Nu Chapter",2021-11-10T00:00:00+00:00,2021-11-10T02:00:00+00:00,McAlister Auditorium,Greek Life Event,Fundraising,Alpha Delta Pi and Sigma Chi philanthropy fashion show.
Dress Fly with ADPi and Sigma Chi,Alpha Delta Pi,2021-11-10T00:00:00+00:00,2021-11-10T02:00:00+00:00,McAlister Auditorium,,Fundraising,"Alpha Delta Pi and Sigma Chi are hosting a charity fashion show. Come watch members from each chapter models clothes from local Greenville stores. After the show, students have exclusive access to clothes from the stores. All proceeds from tickets and clothing sales will benefit RMHC of the Carolinas and Huntsman Cancer Foundation."
Furman Master of Arts in Teaching Information Session,Malone Center for Career Engagement,2021-11-09T23:00:00+00:00,2021-11-10T00:00:00+00:00,"Watkins North, Trone Student Center",,ThoughtfulLearning,"Interested in making an impact on your community after graduation? Join us for a seminar on Nov 9th at 6:00pm to learn how you can use your degree to transition into a career in education after one-year post-graduation! Furman’s Master of Arts in Teaching is now accepting seniors graduating with a degree in biology, chemistry, physics, math, history, English, Spanish, and French! Furman’s Office of Graduate Studies will be hosting the seminar for undergraduate students to discuss the details of the teacher certification process and degree program and to answer any questions."
Catholic Mass,Catholic Campus Ministry,2021-11-08T02:00:00+00:00,2021-11-08T03:00:00+00:00,Daniel Chapel,Religious,Spirituality,Catholic Mass at 9PM Sunday evenings.
Furman Rugby v App State,Furman University Men's Rugby,2021-09-25T17:00:00+00:00,2021-09-25T18:00:00+00:00,Robert's Rugby Pitch,Student Organization Athletic Event,Athletics,"The #1 D2 Rugby team in the nation, your Furman Dins, is playing Saturday, Sept. 25! Come out and see the team!"
Anime Club Weekly Meeting,Furman University Anime Club,2021-09-24T23:00:00+00:00,2021-09-25T02:00:00+00:00,Johns Hall 101,,Cultural,"Join Anime Club as we have our weekly meetings to discuss and watch anime from different genres! Every week there will be a different theme posted in our GroupMe and then we watch anime related to that theme during our meeting! There will also be a chance for you to receive a plush and comfortable hoodie or a snazzy t-shirt. Please contact Dominique (Domo) Martin [dominique.martin@furman.edu] or Kevin Sanders [kevin.sanders@furman.edu] if you have any questions or concerns. If you are unable to come to in person meetings, have no fear! We are a hybrid organization that has members that are on and off campus! Once you have signed into GroupMe a Zoom link will be provided."
September 2021 Improv Show,Improv!able Cause Improvisational Comedy Troupe,2021-09-25T00:30:00+00:00,2021-09-25T01:30:00+00:00,Burgiss Theater,,Arts,Sep 24 improv show
Furman Band Extravanganza,Furman Bands,2021-09-24T23:30:00+00:00,2021-09-25T00:30:00+00:00,McAlister Auditorium,Special Interest,Arts,"To kick off Family Weekend, the annual Band Extravaganza will be on Friday, September 24th at 7:30 PM! Come to McAlister Auditorium to hear your favorite Paladin Regiment tunes and celebrate with our band family!"
Stop the Hazing Campaign,Alpha Delta Pi,2021-09-24T16:00:00+00:00,2021-09-24T18:00:00+00:00,Joseph Vaughn Plaza,Greek Life Event,ThoughtfulLearning,Members of Alpha Delta Pi will be tabling in honor of the Max Gruver Foundation in a pledge against hazing. Furman students will be encouraged to sign a paper hand as a pledge against hazing and will have the opportunity to learn about hazing myths.
Low Country Boil,Furman University Student Activities Board,2021-09-23T22:00:00+00:00,2021-09-24T00:00:00+00:00,Milford Mall,,Social,"Smell the cajun seasoning, feel the end of summer air, hear the bluegrass music, and see the bonfire crackle, because FUSAB is going to have us a good ole fashioned Low Country Boil. This event will happen the evening of September 16th complete with some swing music, lights, and comfy outdoor seating to enjoy your dinner and hangout. Envision a long table down the mall piled with all the shrimp, sausage, corn, and potatoes you could eat!"
BBB Meeting,Beta Beta Beta Biological Honor Society,2021-09-23T22:30:00+00:00,2021-09-23T23:30:00+00:00,Plyler 231,,GroupBusiness,Beta Beta Beta's monthly meeting to discuss organization activities and updates.
Homecoming Cornhole Tournament,Student Alumni Council,2021-09-23T22:00:00+00:00,2021-09-23T23:30:00+00:00,The Cherrydale House,Social Programmatic,Social,"All organizations planning on participating in all of the spirit week events are required to attend the annual cornhole game on September 23rd at 6:00pm at the Cherrydale house. While we hope all teams will get their top homecoming themes, in the event that there are overlapping interests among groups, the cornhole game will determine which organization gets theme preference. Members of all organizations are encouraged to come and cheer on their teams or enjoy pizza and drinks."
Annual Poster Sale,Office of Student Involvement and Inclusion,2021-09-22T13:00:00+00:00,2021-09-22T21:00:00+00:00,Trone Student Center Front Patio,,Social,Still looking for just the right room décor? Stop by our annual poster sale!
Stop the Hazing Campaign,Alpha Delta Pi,2021-09-22T16:00:00+00:00,2021-09-22T18:00:00+00:00,Joseph Vaughn Plaza,Greek Life Event,ThoughtfulLearning,Members of Alpha Delta Pi will be tabling in honor of the Max Gruver Foundation in a pledge against hazing. Furman students will be encouraged to sign a paper hand as a pledge against hazing and will have the opportunity to learn about hazing myths.
Spring Concert 2021,The Bell Tower Boys,2021-04-15T23:45:00+00:00,2021-04-16T00:15:00+00:00,Hartness Pavilion,Special Interest,Arts,"The Bell Tower Boys will perform a free 30-minute concert for Furman students and employees. This event will be most effective in person because live, in-person performance cannot be replicated virtually. We want to give a special experience to all of our audience members. We plan to use Hartness Pavilion, which has seating for up to 36 people. We have six group members, so we will plan to have an audience of no larger than 30 members. We will require that all entrants show their confirmation of a Life Safe health check at the door. There are marked entrances and exits in Hartness Pavilion. Everyone present will be wearing face coverings and will be spaced out around the room using the already present seating. Restrooms are available to students in the nearby common area upstairs from the Dining Hall. Someone at the door administering the screening will inform participants of the face covering requirements and will keep a guest list. The performing members will stay after the performance to wipe/clean the surfaces in the room after everyone leaves. We will have our advisor Lisa Barksdale or another member of faculty present at the event."
Comedian Adam Grabowski,Furman University Student Activities Board,2021-04-15T22:00:00+00:00,2021-04-15T23:30:00+00:00,E Field,,Social,"Bringing comedians back to Furman with ADAM GRABOWSKI. This would be a neat event similar to Rocky Horror show where we can provide fun and unique entertainment to campus that has not been seen in a while, all with being able to easily socially distance in on E Field. Come join us for this fun and entertaining show!"
Real Estate and Urban Development Career Panel,Malone Center for Career Engagement,2021-04-15T22:00:00+00:00,2021-04-15T23:00:00+00:00,Online,,ThoughtfulLearning,Do you feel drawn to a career in real estate? Do you want to have unlimited growth potential and greater financial independence? Real estate may be for you! Join the Malone Center for Career Engagement as we talk with real estate professionals about careers in this field and how to be successful.
Yoga at the Amphitheater,Panhellenic Council,2021-04-15T22:00:00+00:00,2021-04-15T23:00:00+00:00,Amphitheater,,Fundraising,"This event will be a yoga night, with a Furman student yoga instructor. This particular event is to be a part of Panhellenic and IFC’s philanthropy event of the semester and we will be the sponsors. The nonprofit we are supporting is Mental Health America of Greenville County. We are also using this time to help students destress and find good coping mechanisms for dealing with mental health."
Kappa Kappa Gamma Spring Egg Hunt,"Kappa Kappa Gamma, Eta Alpha chapter",2021-04-15T15:00:00+00:00,2021-04-15T23:00:00+00:00,Campus,Greek Life Event; Community Service,CommunityService,"Want to find some free candy and the chance to win a free gift card? KKG has got you covered! On Thursday, April 15th from 11:00 a.m. to 7:00 p.m., the members of Kappa Kappa Gamma will be hosting a spring egg hunt on campus to raise money for our national philanthropy, Reading Is Fundamental. Eggs will be hidden outside Trone, the DH, the library, and residence halls and apartments. Once you sign up to participate, you will be entered into a raffle to win a $15 gift card to Sidewall, Mr. Salsa, Pink Mama's, or Amazon. If you have any questions, please contact Kate McCormick at kate.mccormick@furman.edu We hope your backpacks will be filled with eggs, chocolate, and maybe a gift card too!"
Pi Kappa Phi Philanthropy Tabling/Ticket Sales,Pi Kappa Phi,2021-04-15T14:00:00+00:00,2021-04-15T18:00:00+00:00,Trone Student Center,,Fundraising,Pi Kappa Phi will be selling tickets to an event we will host on that Friday in order to raise money for our philanthropy: the Ability Experience.
Pop Up Bistro: Pasta Bar,Office of Student Involvement and Inclusion,2021-04-14T22:00:00+00:00,2021-04-15T00:00:00+00:00,Milford Mall Tent,,Social,"Milford Mall Tent, 6-8pm Sponsored by Bon Appetit"
Vinyl Kit Wednesday,Furman University Student Activities Board,2021-04-14T15:00:00+00:00,2021-04-14T18:00:00+00:00,Milford Mall/ Library Steps,,Social,"FUSAB will be hosting a record-themed Wednesday on the Lawn. Attendees will be able to pick up a kit full of materials to decorate used vinyl records for apartment/dorm decor, in addition to entering a raffle to win a number of prizes including a new record player! Plus, we’ll have good tunes playing loud the whole time, so head out to the lawn for a good time!"
Pi Kappa Phi Penny Wars Tabling,Pi Kappa Phi,2021-04-13T12:00:00+00:00,2021-04-14T00:00:00+00:00,Trone Student Center,,Fundraising,Pi Kappa Phi will be tabling inside Trone outside of the PDen to collect money for our philanthropy: the Ability Experience.
Senior/Freshmen Partners Program,Cothran Center for Vocational Reflection,2021-04-13T23:00:00+00:00,2021-04-14T00:00:00+00:00,TBD,,Social,"We are excited about this opportunity for seniors to reflect on their time at Furman alongside Freshman at the beginning of their Furman experience... we hope the evening will spark relationships and meaningful conversations! We will have conversation cards, journals to personalize, writing prompts, and picnic blankets. If you are interested in participating, please email rolyn.rollins@furman.edu for additional information!"
DIY Bouquet on the Lawn!,Furman University Student Activities Board,2021-02-12T16:00:00+00:00,2021-02-12T19:00:00+00:00,James B. Duke Library Steps,,Social,"Love knows no bounds, not even a viral one. Do-nut worry, flowers are here. We will hold a socially distanced build your own bouquet event the Wednesday before Valentine's day. We will have flowers and individually packaged donuts for attendees. The table will be decorated with Valentines day decor to get the love going through the air. Fusabers working will make sure there are hearts on the ground that measure 6 ft distance between people are strictly followed and students will be asked to wear gloves to pick out their flowers. From there, students will be able to build their own beautiful bouquet to have and to hold on Valentines day."
The Politics of Black Twitter featuring Dr. Mia Moody-Ramirez CLP Pending,Student League for Black Culture,2021-02-12T01:00:00+00:00,2021-02-12T02:00:00+00:00,Zoom Event,,Cultural,"Dr. Mia Moody-Ramirez is a Professor and Chair of the Baylor University Department of Journalism, Public Relations and New Media. The author or co-author of four books, Dr. Moody-Ramirez has also been widely published in a variety of academic and industry journals. Her research emphasizes media framing of people of color, women and political candidates, the pros and cons of social media in political campaigns and how historical stereotypes are found in social media platforms. This event will focus on Dr. Moody-Ramirez’s research surrounding race, media and politics and will give students an opportunity to learn how race and media are intertwined. Registration Required: https://furman.zoom.us/meeting/register/tJModeCvrDsrG9HrVDu3B3g0NIvAZ0tnYCij"
RUF Large Group,Reformed University Fellowship,2021-02-12T01:00:00+00:00,2021-02-12T02:00:00+00:00,Daniel Chapel,,Spirituality,"Join us for a time of fellowship, worship, and study in God's Word."
Conversation Hearts with KD,Kappa Delta,2021-02-11T18:00:00+00:00,2021-02-11T19:30:00+00:00,Dining Hall (Closest to the Lake),,CommunityService,Come swing by the dining hall from 1:00 - 2:30 pm to share what makes you feel confident as a member of the Furman campus! Our mission as members of Kappa Delta is to instill confidence in those around us through the confidence coalition! The confidence coalition is an alliance committed to promoting self- confidence in girls and women so that they may feel empowered to overcome social barriers and be inspired to reach their greatest potential. We will be giving out valentines treats to all of those who participate!
Winter Wednesday on the Lawn,Furman University Student Activities Board,2021-02-10T16:00:00+00:00,2021-02-10T19:00:00+00:00,James B. Duke Library Steps,,Social,Come out to the lawn and get some free winter themed food! We will have ginger cookies and different kinds of hot chocolate all catered from Bon Appetit! There all sorts of different hot chocolate flavors to choose from! Make sure to show up and sign up for our raffle of winter themed items as well!
Furman Friday: Happy Black History Month!,Student League for Black Culture,2021-02-05T17:00:00+00:00,2021-02-05T19:00:00+00:00,Trone Student Center-Hill Courtyard,,Cultural,"Join the Student League for Black Culture, Furman’s Chapter of the NAACP and the Center for Inclusive Communities for as we kick-off Black History Month 2021. Learn more about month-long events happening on campus in celebration and honor of Black history and culture."
Snatch-a-Snack Food Truck: Game Day!,Office of Student Involvement and Inclusion,2021-02-05T02:00:00+00:00,2021-02-05T03:00:00+00:00,Your residential area!,,Social,"Game-day themed Snatch-a-Snack Food Truck! Featuring chicken wing dip and spinach artichoke dip. Beginning at 9pm - keep an eye out in your residential area for the truck! Sponsored by Bon Appetit, no swipes needed!"
Furman Career Connections,Malone Center for Career Engagement,2021-02-03T19:00:00+00:00,2021-02-03T23:00:00+00:00,Online,,ThoughtfulLearning,Furman Career Connections provides students with the opportunity to connect virtually with 40+ employers regarding career opportunities. Students can register to attend 30-minute small group sessions to learn more about the organization or schedule 10-minute one-on-one virtual meetings with employers.
Soups and Sammies on the Lawn,Furman University Student Activities Board,2021-02-03T16:00:00+00:00,2021-02-03T19:00:00+00:00,James B. Duke Library Steps,,Social,On February 3rd FUSAB will provide soups and sandwiches at our weekly Wednesday on the Lawn event. We are hopeful that the weather will be nice and chilly so these soups and sandwiches can warm you up!! Bon Appetit will be providing these soups and sandwiches. The soups will be served in to-go containers and sandwiches will be bite sized.
Pizza and Game Night 2.0 (Super Socially Distanced),Furman Conservative Society,2021-02-03T00:00:00+00:00,2021-02-03T02:00:00+00:00,Online,Political; Social Programmatic,Social,"Original plan: the people who signed up would gather in Trone for in person games and pizza catered by Bon Appetit. Problem: Furman said we can only gather for student organizations in groups of 10 or less. New (and never-before-tried and possibly-more-exciting) idea: We split the individuals signed up into 7 groups (one for each FCS officer). Each group will receive a text from their team captain about where to meet and any other details. Officers will host groups all over campus in their dorm (no more than 3 guests per officer) For the pizza, we will not cancel the order. Instead, we will do pizza delivery! An FCS officer will deliver the pizza to your group location. For the games, the groups that are formed will be teams which just ups the competition. Points awarded for best team name and even if the team can coordinate (all wear red or something). We even have a prize for the team that wins the most games (like a giant tournament). Benefits of the new idea: It’s new and special! We can still have the event. Having the small groups fosters new and deeper friendships that may not have formed otherwise! Who does not just love some good team competition?!"
In-Person Student Involvement Fair!,Office of Student Involvement and Inclusion,2020-10-07T21:00:00+00:00,2020-10-07T22:00:00+00:00,Trone Student Center Front Patio,,Social,"Meet representatives from different student organizations! Learn more about the organization and how to get involved! Different student organizations will be present each day - check back for a list of who will be participating on each date. October 6, 7, 8 and October 13, 14, 15 from 5-6PM on the Front Patio of the Trone Student Center. Organizations participating on October 7: Furman University News Channel Club Ultimate Frisbee FU Dance Club Women's Club Lacrosse Furman Badminton Club Order of Furman Theater The Den The Cothran Center for Vocational Reflection"
Wednesdays on the Lawn,Furman University Student Activities Board,2020-10-07T16:00:00+00:00,2020-10-07T17:30:00+00:00,Furman University,,Social,Enjoy Wednesday's out on the Furman Mall socially distanced with FUSAB!
Wesley Fellowship Gathering,Furman Wesley Fellowship,2020-10-07T00:00:00+00:00,2020-10-07T01:15:00+00:00,Labyrinth [Lawn] behind Daniel Chapel,Religious,Spirituality,"Join us for a night of LIVE worship and fellowship. We will gather on the lawn behind Daniel Chapel. Look for the tent and lights. Invite any and all as we seek to reconnect with old friends and make new ones. We will be done around 9:15pm. Of course, all safety protocols will be followed ... so bring your mask!"
Kappa Delta Quesadillas,Kappa Delta,2020-10-06T22:00:00+00:00,2020-10-07T00:00:00+00:00,Hill Courtyard,Greek Life Event,Fundraising,"The Hill Courtyard is reserved, and the event is now being repurposed as a to-go/pick up orders option only. Attendees will not eat on site or hang around, and no more than 30 people (KD members + attendees) will be on site at one time. Will be setting up a tent under which to distribute the food, and 1-2 KDs will distribute orders to customers while wearing gloves. This option will serve as the light rain option, and you plan to reserve the Library Porch as a backup for more inclement weather.W Will set up a socially distant line for pick up with Xs marked on the ground every 6ft with either painter's tape or sidewalk chalk (supplies needed: measuring tape, sidewalk chalk/painter's tape). 1-2 KDs will assist with monitoring the line, and should capacity of 30 be reached, these women will ask folks to return in 15-20 minutes when the line subsides 1-2 KDs will assist with ticketing/check-in via a Google doc, and KD will keep a sign in and time stamp of when attendees picked up their order."
Young Life Quest,Young Life,2020-10-06T21:30:00+00:00,2020-10-06T22:30:00+00:00,Watkins Room,Religious,Spirituality,This is our large group meeting and will look very similar to our others.
In-Person Student Involvement Fair!,Office of Student Involvement and Inclusion,2020-10-06T21:00:00+00:00,2020-10-06T22:00:00+00:00,Trone Student Center Front Patio,,Social,"Meet representatives from different student organizations! Learn more about the organization and how to get involved! Different student organizations will be present each day - check back for a list of who will be participating on each date. October 6, 7, 8 and October 13, 14, 15 from 5-6PM on the Front Patio of the Trone Student Center. Organizations participating on October 6: Men's Club Basketball Club Golf Mere Christianity Forum Pre-Law Society First Responders Club The Paladin Newspaper Aikido Club Beta Beta Beta Biological Honors Society Reformed University Fellowship (RUF) Furman Creative Collaborative"
Gameday at the Trone!,Office of Student Involvement and Inclusion,2020-10-03T16:00:00+00:00,2020-10-04T00:00:00+00:00,Hill Atrium,,Athletics,"We know it's not as good as watching the Paladins play on Saturday, but join us to watch some college football! We'll have games on every week - feel free to request the game you want to watch!"
RUF Large Group,Reformed University Fellowship,2020-10-01T23:45:00+00:00,2020-10-02T01:15:00+00:00,Garden Room - Daniel Chapel,,Spirituality,Sign up at the link in our Instagram bio to attend this Large Group with Tom Hart!
Wednesdays on the Lawn,Furman University Student Activities Board,2020-09-30T16:00:00+00:00,2020-09-30T17:30:00+00:00,Furman University,,Social,Enjoy Wednesday's out on the Furman Mall socially distanced with FUSAB!
Wesley Fellowship Gathering,Furman Wesley Fellowship,2020-09-30T00:00:00+00:00,2020-09-30T01:15:00+00:00,Labyrinth [Lawn] behind Daniel Chapel,Religious,Spirituality,"Join us for a night of LIVE worship and fellowship. We will gather on the lawn behind Daniel Chapel. Look for the tent and lights. Invite any and all as we seek to reconnect with old friends and make new ones. We will be done around 9:15pm. Of course, all safety protocols will be followed ... so bring your mask!"
Study Away Information Session,Rinker Center for Study Away and International Education,2019-09-24T15:30:00+00:00,2019-09-24T16:30:00+00:00,Burgiss Theater,Special Interest,ThoughtfulLearning,"Students applying for a Year, Semester, MayX or SUmmer study away program must attend ONE session BEFORE their application deadline. Main topics discussed are program offerings, How to Apply, Application Tips, Finances and Deadlines."
Family Weekend Dinner,Mere Christianity Forum,2019-09-20T22:00:00+00:00,2019-09-20T23:30:00+00:00,Vista House,Social Programmatic,Social,Come to the Vista House for a fun and casual dinner! Bring your family or come alone! Please RSVP at https://docs.google.com/forms/d/e/1FAIpQLSeHH0uWC4LGsQhyx9eQtUWWjQBv2FO7wXnsF_drOIMeGvaTgQ/viewform
Fiesta Hispana,Hispanic Outreach and Latinx Awareness,2019-09-20T22:00:00+00:00,2019-09-20T23:00:00+00:00,Lakeside Amphitheater,Diversity and Inclusion ,Cultural,"This annual event is a collaborative celebration featuring an array of Latin American music, dance and food. The program will feature performances by the NC Brazilian Arts Project, promoting an enriching experience of Brazilian folkloric movement forms such as Samba, Afro-Brazilian Dance, Capoeira, Maculelê and percussion. Interactive dance and salsa lessons with Rumbao Latin Dance Company and live music featuring North Carolina’s finest salsa band Orquesta Mayor. This event is FREE and open to the public."
September Library Anime Movie showing,Furman University Anime Club,2019-09-20T18:30:00+00:00,2019-09-20T21:00:00+00:00,LIbrary Room 043,Special Interest,Cultural,A Showing of the animated movie: Penguin Highway
First Meeting!,Astronomy Club,2019-09-20T00:00:00+00:00,2019-09-20T01:00:00+00:00,Furman Planetarium,,ThoughtfulLearning,"Come to the Planetarium in Rinker 253 (in Plyler, upstairs by the physics labs!) for our first meeting of the year! We'll be talking about club activities, going over some basic information, and enjoying a fun planetarium show, so you won't want to miss it. We hope to see you there!"
Wesley Fellowship Weekly Gathering,Furman Wesley Fellowship,2019-09-17T23:45:00+00:00,2019-09-18T01:15:00+00:00,Garden Room [Chapel],Religious,Spirituality,"We gather each week for singing, devotion, and snacks! Join us in the Garden Room of the Chapel. Invite any and all to this time of fellowship and worship as we seek to reconnect with old friends and make new ones. We will be done [officially] around 9:15pm - but feel free to hang around!"
Game Night with Furman College Republicans & College Democrats,Furman College Republicans,2019-09-16T23:00:00+00:00,2019-09-17T00:30:00+00:00,Johns Hall,,Social,"Join Furman College Republicans and College Democrats for a fun, friendly game night with snacks, music and good people!"
Fall 2019 Camping Trip,Bartram Society,2019-09-13T19:00:00+00:00,2019-09-15T16:00:00+00:00,Mount Mitchell State Park,,Social,"A time of fellowship and fun in the forest! There will be multiple optional hikes and plenty of opportunities for bonding. This is a time to introduce new members to our community and for returning members to enjoy each other's company. This year we will be going to Mt. Mitchell state park and spending two nights. Details will be discussed at our first meeting on Wednesday, Sept. 4th, and will be later reiterated via email and groupme. We will take multiple 15-passenger vans, but other carpooling will also be arranged via groupme."
We Are Furman: The Power of Storytelling,Student Diversity Council,2019-09-12T23:00:00+00:00,2019-09-13T00:00:00+00:00,Daniel Recital Hall,Diversity and Inclusion ,Cultural,"This event is an opportunity to utilize the art and practice of storytelling to convey the impact student experiences have on their holistic development in both the curricular and co-curricular setting. Each participant will choose a story from their time at Furman where they felt marginalized and/or impacted based on their salient social identities, and how they processed that experience. Prior to the event, storytellers will be coached by Furman Outreach Librarian Jenny Colvin on how tell their story. Ms. Colvin will reference concepts from her May X course which teaches the craft of telling personal stories. Each story will be 5-7 minutes and will be told in the mode of performed live storytelling events. Students will be performing stories after being coached, so this event should be viewed through the performance lens – more like a musical or theatre event than a panel or lecture."
Wesley Fellowship Weekly Gathering,Furman Wesley Fellowship,2019-09-10T23:45:00+00:00,2019-09-11T01:15:00+00:00,Garden Room [Chapel],Religious,Spirituality,"We gather each week for singing, devotion, and snacks! Join us in the Garden Room of the Chapel. Invite any and all to this time of fellowship and worship as we seek to reconnect with old friends and make new ones. We will be done [officially] around 9:15pm - but feel free to hang around!"
Diversity in the Global Workforce CLP,Malone Center for Career Engagement,2018-10-30T22:00:00+00:00,2018-10-30T23:00:00+00:00,Burgiss Theatre,CLP,ThoughtfulLearning,"Kwame Jackson is a nationally known entrepreneur, business consultant, media personality & finalist on NBC’s ‘The Apprentice’. Jackson holds a B.S. in Business Administration from UNC Chapel Hill and an M.B.A. from Harvard Business School. His professional experience includes co-founding several internet start-ups during his time at Harvard, sales and marketing roles at Procter & Gamble, and most recently, on Wall Street as an investment manager for Goldman Sachs. Jackson will provide insight into our current understanding of diversity and inclusion by discussing the role of identity and culture as important facets of leadership in a global marketplace."
FUSAB's Hallo-week: Terrifying Tuesday,Furman University Student Activities Board,2018-10-30T14:00:00+00:00,2018-10-30T17:00:00+00:00,JBD Library,,Social,Come discover your future from professional fortune tellers!
FUSAB's Hallo-week: Mysterious Monday,Furman University Student Activities Board,2018-10-29T23:00:00+00:00,2018-10-30T01:00:00+00:00,Watkins Room,,Social,"Chris Moon will be hosting a Campus Ghost Tour! The tour begins in Watkins, and will continue around campus. Come to discover the paranormal activity at Furman!"
Competing To Get A Job: How to Sell Your Athletic Experience to Prospective Employers,Malone Center for Career Engagement,2018-10-30T00:00:00+00:00,2018-10-30T01:00:00+00:00,"Thirsty Paladin, Timmons Arena",,ThoughtfulLearning,Come and learn how to use your athletic experience for the best when on the job search.
Council Meeting,Student Government Association,2018-10-29T22:00:00+00:00,2018-10-29T23:00:00+00:00,Thomas Room,,CommunityService,Weekly SGA Council meeting- anyone is welcome to attend!
Save Our Saluda River Sweep,Furman University Outdoor Club,2018-10-27T12:30:00+00:00,2018-10-27T16:00:00+00:00,Spinx / Burger King,,CommunityService,"River sweepers will meet at the Burger King/Spinx in Marietta (15-20 min north of FU) at 8:30am, then break into groups to clean different sites. Some groups may finish before this, but any group still working at noon will call it quits. One of the SOS board members has a cabin by one of the clean-up sites and is doing lunch for anyone who wants to come. If you are thinking about coming, please email clayton.burton@furman.edu for carpooling planning, etc. Saluda River Clean Up!: This is a great opportunity to get some service hours while enjoying a hike in the great outdoors. The Saluda River Cleanup is an annual event that FUOC always participates in. Email our advisor clayton.burton@furman.edu or our Treasurer David.lewis@furman.edu for more info!"
Movie Night: Hocus Pocus,Office of Student Involvement and Inclusion,2018-10-27T00:00:00+00:00,2018-10-27T02:00:00+00:00,Trone Student Center Front Patio and Burgiss Theater as Rain Location,,Social,"Join OSII for our Halloween Themed Movie Night! We will be watching Hocus Pocus on the Trone Front Patio at 8 p.m. on October 26. Bring a blanket and come enjoy some friendly spooks. We promise not to put a spell on you and why be afraid ""It's just a bunch of hocus pocus!"" ""A curious youngster moves to Salem, where he struggles to fit in before awakening a trio of diabolical witches that were executed in the 17th century."""
"CLP: An African- American Journey through Racism, Religion, and Reconciliation",Muslim Student Association,2018-10-25T23:00:00+00:00,2018-10-26T01:00:00+00:00,Patrick Lecture Hall,CLP,Spirituality,"CLP lecture by Imam Omar Shaheed. He goes into details about his life, and the obstacles he had to face as a Black Muslim. He almost has the same journey as Muhammad Ali and Malcolm X and how they found Islam and then converted. He is currently now an Imam at Masjid As-Salam in Columbia, SC"
Conversations Dinner,Cothran Center for Vocational Reflection,2018-10-25T21:30:00+00:00,2018-10-25T23:00:00+00:00,Trustees Dining Room - Dining Hall,,ThoughtfulLearning,"Rescheduled! Dr. Kennedy and Dr. Khandke will share their vocational stories at this free dinner event open to all students, faculty, and staff."
Dance & Dine with FUSAB!,Furman University Student Activities Board,2018-10-24T21:45:00+00:00,2018-10-25T01:00:00+00:00,Carolina Ballroom Studio,,Social,Learn how to swing dance! Come attend a swing dancing class with a 4-course dinner at the Melting Pot to follow! Sign up in the FUSAB office during our office hours for $20/pair: Office hours Monday: 1-4 pm Tuesday and Thursday: 11:30am-2:30pm Bring your student ID to sign up!
Spa Escape Raffle,Furman University Student Activities Board,2018-04-09T23:30:00+00:00,2018-04-10T00:30:00+00:00,Pden,,Social,Join FUSAB for a raffle in the pden on April 9th at 7:30 for a chance to win a pair of tickets ($30) to go to the River Falls Spa in downtown Greenville. The spa event takes place at 4 pm on April 20th.
Derby Days Field Day,"Sigma Chi, Iota Nu Chapter",2018-04-09T19:00:00+00:00,2018-04-09T21:00:00+00:00,Upper North Village Soccer Field,,Fundraising,"Hosting various field day activities such as one leg race, balloon toss, egg walk, tug of war, and sack race. Five dollar admission. All proceeds go to benefiting the Huntsman Cancer Institute"
Mountain Biking,Furman University Outdoor Club,2018-04-07T16:00:00+00:00,2018-04-07T17:00:00+00:00,tbd,,Athletics,details to come
Holi Festival (CLP),Furman University Outdoor Club,2018-04-06T16:00:00+00:00,2018-04-06T17:00:00+00:00,not sure,CLP,Cultural,"Not sure on time, location, or activities."
FUSAB Spring Concert: Snakehips & Wes Walker,Furman University Student Activities Board,2018-04-05T23:00:00+00:00,2018-04-06T01:30:00+00:00,Furman Amphitheater,,Social,"Come to the amphitheater on April 5th to join FUSAB for the spring concert! The opener is Wes Walker and the main performer is Snakehips! There will also be a beer garden for those 21+. Tickets are $5 and can be purchased with a student ID in the FUSAB office on Mondays from 1-4 pm, on Tuesdays/Thursdays from 11:30-2:30, or on Wednesdays from 10:30-3:30. Doors open at 7 pm! Show begins at 7:30."
FUSAB Spring Concert Ticket Sales End,Furman University Student Activities Board,2018-04-05T23:00:00+00:00,2018-04-06T00:00:00+00:00,Various,,Social,Ticket sales for FUSAB Spring Concert.
Resume Drop-In Hours,Malone Center for Career Engagement,2018-04-05T15:00:00+00:00,2018-04-05T17:00:00+00:00,Trone Student Center,,CommunityService,The Malone Center for Career Engagement will be hosting drop-in hours on Wednesdays & Thursdays from 11-1pm. Stop by the Trone atrium for additional resume feedback and guidance!
Drive-In Movie,Furman University Student Activities Board,2018-04-04T23:30:00+00:00,2018-04-05T02:00:00+00:00,E Field,,Social,Come join FUSAB for a Drive-In Movie and snacks!
Resume Drop-In Hours,Malone Center for Career Engagement,2018-04-04T15:00:00+00:00,2018-04-04T17:00:00+00:00,Trone Student Center,,CommunityService,The Malone Center for Career Engagement will be hosting drop-in hours on Wednesdays & Thursdays from 11-1pm. Stop by the Trone atrium for additional resume feedback and guidance!
Student Applications for Faculty Standing Committer Are Due,Faculty Standing Committees,2018-03-30T04:00:00+00:00,2018-03-31T03:59:00+00:00,Apply Online,,CommunityService,Applications to serve on the Faculty Standing Committee are due today. Appy using this link: https://furman.campuslabs.com/engage/submitter/form/start/156044
Futones Spring Concert,Furman University FUtones,2017-04-23T19:00:00+00:00,2017-04-23T20:00:00+00:00,"Harper Hall, Daniel Music Building",,Unknown,FUtones Spring Concert[1].pdf Click to View
Trip to Carowinds,Furman University Student Activities Board,2017-04-21T21:00:00+00:00,2017-04-22T03:45:00+00:00,No location specified,,Unknown,**DATES AND TIMES FOR THIS EVENT ARE TENTATIVE Enter to win tickets and fast passes to Carowinds up in Charlotte!
FUOC Formal,Furman University Outdoor Club,2017-04-21T04:00:00+00:00,2017-04-21T04:00:00+00:00,No location specified,,Unknown,"As the end of the year approaches, we have one big event still on our minds. FUOC FORMAL! The date has been changed! Our outdoor, chilling, grilling, dancing, hanging extraordinaire will now be on Friday April 21st. The event will be held off campus at one of our recent alumni's barn style house. Make your way to the rabbit hole at 5:00pm and we will caravan over to the location. Bring spike ball, footballs, or anything you might want to play There will be burgers and veggie burgers, fruit, chips, and smores. Also, we have teamed up with NGU again, so be expecting to meet some new friends or run into people you met at Rabbit Fest in the fall! The group will be leaving to head back to Furman at 9:00pm. If you can't make it for the entire event, no worries! Email kathleen.marsh@furman.edu and she will send you the address. If you plan on coming - even for just a bit - RSVP on the google doc below. https://docs.google.com/spreadsheets/d/14DFjG9A3ite5oQxPwZrhDhFsgCoPyoNliVb5gTsTbvw/edit?usp=sharing Please keep in mind that this is an event, just like every event, is for FUOC members. Some of y'all who get the weekly email have not yet submitted $10 and signed the waiver. This does not mean that we don't want you at Formal! It just means that on the RSVP sheet, you need to type ""no"" under member status and bring $10 with you on April 21st. FUOC philosophy is one centered around inclusion, but as an official Furman SGA sponsored club, we need to hold certain standards."
Hike Mount Mitchell,Furman University Outdoor Club,2017-04-08T04:00:00+00:00,2017-04-08T04:00:00+00:00,No location specified,,Unknown,contacts: Julia Britt & Susie Wold
Ritmo Latino,Hispanic Outreach and Latinx Awareness,2017-04-05T22:00:00+00:00,2017-04-05T23:00:00+00:00,McAlister Auditorium,,Unknown,"This event is a dance workshop led by Cesar Jaramillo and Bryan Rodriguez. There will be a mix of the dance styles of bachata, salsa and merengue. The workshop will be after the performance and the performers/dance instructors will teach students dance steps, vocabulary, and phrases used during performances and dances. The students will also be able to see different Latin cultures represented. There will be dances from the Dominican Republic, Cuba, Puerto Rico, and Colombia. After the performance, students will be able to interact with the professional dancers. Students will learn dance steps and have the opportunity to practice Spanish."
Flatwater paddle on Lake Jocassee,Furman University Outdoor Club,2017-03-31T04:00:00+00:00,2017-04-01T04:00:00+00:00,No location specified,,Unknown,
SPRING CONCERT!,Furman University Student Activities Board,2017-03-31T00:00:00+00:00,2017-03-31T03:00:00+00:00,Timmons Arena,,Unknown,FUSAB's annual Spring Concert! Look for an announcement early in the spring semester and stay tuned for more details!
Intro to Whitewater Kayaking,Furman University Outdoor Club,2017-03-26T13:00:00+00:00,2017-03-26T21:00:00+00:00,Lower Green,,Unknown,"There are limited spots. To RSVP: email Clayton.Burton*at*Furman with your ph# If you have questions or need help finding the Rabbit Hole, call Clayton at 386-7582 Everyone is welcome! First time FUOCers, first time paddlers, old pro's at both! Come alone or with friends! The Lower Green is a perfect place to paddle whitewater for the first time. This trip will be good for all levels of paddlers. We'll start the day playing some games and learning basic, essential skills. Once we start downstream, there'll be opportunities to practice those and there'll also be plenty of opportunities to practice more advanced moves if you so choose. What to bring to the Lower Green: - Swim suit - towel - water shoes if you have them (neoprene booties are ideal) - lunch, which we'll eat before we put on - water Da Plan 9:00am: Meet at the Rabbit Hole (exit campus by the ""back"" gate by either the baseball field or the Timmons gate, then turn right onto Duncan Chapel Rd. Cross the Swamp Rabbit Trail and *immediately* turn left onto the driveway. It is totally adjacent to the Trail. Like the building's just 10' away from the asphalt of the trail) We'll get everyone fitted into boats & skirts, determine who's driving, load up and go. 9:45pm: start driving 11:00am: arrive at the Lower Green near Saluda, NC. Unload, run shuttle, have lunch, go over safety, learn strokes and techniques 12:00pm: eat lunch then put on and paddle to the 2nd bridge 4:00pm: get off river, load up, head home or out to eat 5:00pm: arrive home and pack everything back up neatly. If people are up for it, we can stop at a restaurant on the way home. To make sure we don't have more people than we have boats, make sure you RSVP."
Quidditch Tournament,Furman University Student Activities Board,2017-03-26T18:00:00+00:00,2017-03-26T20:00:00+00:00,No location specified,,Unknown,Channel your inner Harry Potter and come battle in FUSAB's Quidditch Tournament! Grab some friends and sign up in the FUSAB office in the Student Organization Commons! The rain location will be in the PAC gym.
A Day in Asheville,Furman University Student Activities Board,2017-03-25T11:00:00+00:00,2017-03-25T16:00:00+00:00,No location specified,,Unknown,"**DATES AND TIMES FOR THIS EVENT ARE TENTATIVE Enter to win a package trip for you and a couple friends to spend the morning in Asheville, NC in a hot air balloon and with a delicious brunch!"
Practice,Furman Women's Club Lacrosse,2016-04-04T20:30:00+00:00,2016-04-04T21:30:00+00:00,LOWER North Village Field,,Unknown,Practice Monday 4:30-5:30
Backpacking,Furman University Outdoor Club,2016-04-02T04:00:00+00:00,2016-04-03T04:00:00+00:00,No location specified,,Unknown,intro to camping by Kincy Gibson (kincy.gibson2@furman.edu)
Practice,Furman Women's Club Lacrosse,2016-03-30T21:30:00+00:00,2016-03-30T22:30:00+00:00,LOWER North Village Field,,Unknown,Wednesday 5:30-6:30
Practice,Furman Women's Club Lacrosse,2016-03-28T20:30:00+00:00,2016-03-28T21:30:00+00:00,LOWER North Village Field,,Unknown,Practice Monday 4:30-5:30
Practice,Furman Women's Club Lacrosse,2016-03-23T21:30:00+00:00,2016-03-23T22:30:00+00:00,LOWER North Village Field,,Unknown,Wednesday 5:30-6:30
Upright Citizens Brigade,Furman University Student Activities Board,2016-03-22T00:00:00+00:00,2016-03-22T01:30:00+00:00,Watkins Room,,Unknown,"Come watch Upright Citizens Brigade, a nationally recognized improv group, come perform on campus! Improv!able Cause (Furman's own Improv troupe) will be opening!"
Practice,Furman Women's Club Lacrosse,2016-03-21T20:30:00+00:00,2016-03-21T21:30:00+00:00,LOWER North Village Field,,Unknown,Practice Monday 4:30-5:30
Red Cross First Aid/CPR training,Furman University Outdoor Club,2016-03-20T18:00:00+00:00,2016-03-20T23:00:00+00:00,No location specified,,Unknown,We have 12 seats for the Red Cross's First Aid/CPR class: 1. Clayton Burton 2. Jack Horton 3. Kathleen Marsh 4. Noah Zimmerman 5. Brendan Lutz 6. Susie Wold 7. Brooks Dame 8. Maia Wellborn 9. Kincy Gibson 10. Julia Britt 11. Alex Aboutanos 12. Natalie Gallagher
Caving Scouting - CANCELED,Furman University Outdoor Club,2016-03-18T20:00:00+00:00,2016-03-19T07:00:00+00:00,No location specified,,Unknown,"Leaders-only trip heading over to Worleys Cave to freshen memories before leading the big trip there. Potentially, anyone is welcome, but you should either be a member of the FUOC leadership team or be a member willing to come on the actual trip and help out. Don't be shy! Night owls only! It'll be a fun, late night! Leaving campus at 4pm, getting back approx 10 hours later. Contact Clayton Burton and Susie Wold."
Trail Run CANCELLED due to weather,Furman University Outdoor Club,2016-03-19T04:00:00+00:00,2016-03-19T04:00:00+00:00,No location specified,,Unknown,by Miranda Upton & Kincy Adams
Paris Mt Hike & Swim,Furman University Outdoor Club,2015-09-12T04:00:00+00:00,2015-09-12T04:00:00+00:00,No location specified,,Unknown,Details TBD. See Will Lewis
Golden Dragons Acrobat Group,Furman University Student Activities Board,2015-09-10T23:30:00+00:00,2015-09-11T01:00:00+00:00,Timmons Arena,,Unknown,"Come out to this crazily entertaining event! It's FREE for Furman students and $10 for the public at the door. It'll be an hour and half of absolute jaw dropping excitement! AND it's CLP APPROVED, can it get any better than that?! Get pumped, get excited and spread the word so everyone can be amazed!"
Table Rock Hike,Furman University Outdoor Club,2015-09-05T04:00:00+00:00,2015-09-05T04:00:00+00:00,No location specified,,Unknown,TBD. See Brendan Lutz
Lower Green Whitewater Paddling Trip,Furman University Outdoor Club,2015-08-30T04:00:00+00:00,2015-08-30T04:00:00+00:00,"Meet @ Rabbit Hole. Destination: Green River, near Saluda, NC",,Unknown,"If the trip is full, email Clayton.Burton /at/ Furman with your ph# and I'll put you on the waiting list. If you have questions or need help finding the Rabbit Hole, call Clayton at 386-7582 The Lower Green is a perfect place to paddle whitewater for the first time. This trip will be good for all levels of paddlers. We'll start the day playing some games and learning basic, essential skills. Once we start downstream, there'll be opportunities to practice those and there'll also be plenty of opportunities to practice more advanced moves if you so choose. What to bring to the Lower Green: - Swim suit - towel - watershoes if you have them (neoprene booties are ideal) - lunch, which we'll eat before we put on - water Da Plan 12:30pm: Meet at the Rabbit Hole (exit campus by the ""back"" gate by either the baseball field or the Timmons gate, then turn right onto Duncan Chapel Rd. Cross the Swamp Rabbit Trail and *immediately* turn left onto the driveway. It is totally adjacent to the Trail. Like the building's just 10' away from the asphalt of the trail) We'll get everyone fitted into boats & skirts, determine who's driving, load up and go. 1:15pm: start driving 2pm: arrive at the Lower Green near Saluda, NC. Unload, run shuttle, have lunch, go over safety, learn strokes and techniques 3pm: put on and paddle to the 2nd bridge 7pm: get off river, load up, head home 8pm: arrive home and pack everything back up neatly. If people are up for it, we can stop at a restaurant on the way home. To make sure we don't have more people than we have boats, make sure you RSVP."
Heller Weekly Meeting,Heller Service Corps,2015-05-04T21:30:00+00:00,2015-05-04T22:30:00+00:00,McEachern,,Unknown,
The Furman Belles: Who run the world? Concert,Dintonation,2015-05-02T23:00:00+00:00,2015-05-03T00:00:00+00:00,Harper Hall,,Unknown,The Furman Belles Spring Concert
Heller Weekly Meeting,Heller Service Corps,2015-04-27T21:30:00+00:00,2015-04-27T22:30:00+00:00,McEachern,,Unknown,
Lower Green Whitewater Paddling Trip,Furman University Outdoor Club,2015-04-19T04:00:00+00:00,2015-04-19T04:00:00+00:00,"Meet @ Rabbit Hole. Destination: Green River, near Saluda, NC",,Unknown,"If the trip is full, email Clayton.Burton /at/ Furman with your ph# and I'll put you on the waiting list. If you have questions or need help finding the Rabbit Hole, call Clayton at 386-7582 The Lower Green is a perfect place to paddle whitewater for the first time. This trip will be good for all levels of paddlers. We'll start the day learning the most basic and essential skills. Once we start downstream, there'll be opportunities to practice those and there'll also be plenty of opportunities to practice more advanced moves if you so choose. What to bring to the Lower Green: - Swim suit - towel - watershoes if you have them (neoprene booties are ideal) - money to help drivers pay for gas - lunch, which we'll eat before we put on - water Da Plan 9am: Meet at the Rabbit Hole (exit campus by the ""back"" gate by either the baseball field or the Timmons gate, then turn right onto Duncan Chapel Rd. Cross the Swamp Rabbit Trail and *immediately* turn left onto the driveway. It is totally adjacent to the Trail. Like the building's just 10' away from the asphalt of the trail) We'll get everyone fitted into boats & skirts, determine who's driving, load up and go. 10am: start driving 11am: arrive at the Lower Green near Saluda, NC. Unload, run shuttle, have lunch, go over safety, learn strokes and techniques 1pm: put on and paddle to the 2nd bridge 5pm: get off river, load up, head home 6:30pm: arrive home and pack everything back up neatly. If people are up for it, we can stop at a restaurant on the way home. To make sure we don't have more people than we have boats, make sure you RSVP in OrgSync. And if you have a vehicle that can carry kayaks, let Clayton know!"
Heller Weekly Meeting,Heller Service Corps,2015-04-13T21:30:00+00:00,2015-04-13T22:30:00+00:00,McEachern,,Unknown,
FUSAB presents SAM HUNT Spring Concert,Furman University Student Activities Board,2015-04-09T23:00:00+00:00,2015-04-10T03:00:00+00:00,Timmons Arena,,Unknown,Student Tickets $5 Public Tickets $10
Movie: Mandela Long Walk to Freedom,Trone Student Center,2014-04-12T00:00:00+00:00,2014-04-12T02:00:00+00:00,Burgiss Theater,,Unknown,Trone Zone Movies are back! Check out our line up for the semester: January 17 & 18: About Time January 31 & February 1: Cool Runnings February 14 & 15: Catching Fire February 28 & March 1: Thor The Dark World March 21 & 22: Anchorman 2 March 28 & 29: Frozen April 11 &12: Mandela Long Walk to Freedom April 25 & 26: Saving Mr. Banks All movies are at 8pm in the Burgiss Theater - only $1 with your Furman ID!
FUSAB's Spring Concert!,Furman University Student Activities Board,2014-04-09T23:00:00+00:00,2014-04-10T03:00:00+00:00,Timmons Arena,,Unknown,"Announcement will be made soon, who will it be?!"
Wesley Weekly Mtg,Furman Wesley Fellowship,2014-04-08T23:45:00+00:00,2014-04-09T01:15:00+00:00,Garden Room of Daniel Chapel,,Unknown,"This is our weekly meeting in the Garden Room. There will be snacks, singing, and a discussion/devotion. In the craziness that is Furman, join us each week for a chance to slow down and focus on the Stories of our Faith."
National Philanthropy Concert,Sigma Alpha Iota,2014-04-07T23:00:00+00:00,2014-04-08T00:00:00+00:00,Daniel Recital Hall,,Unknown,
Furman Bands Concert,Sigma Alpha Iota,2014-04-05T00:00:00+00:00,2014-04-05T01:00:00+00:00,McAlister Auditorium,,Unknown,"Come support the many SAI Sisters in the Symphonic Band and Wind Ensemble, under the direction of Dr. Les Hicken (Friend of the Arts)."
Wesley Weekly Mtg,Furman Wesley Fellowship,2014-04-01T23:45:00+00:00,2014-04-02T01:15:00+00:00,Garden Room of Daniel Chapel,,Unknown,"This is our weekly meeting in the Garden Room. There will be snacks, singing, and a discussion/devotion. In the craziness that is Furman, join us each week for a chance to slow down and focus on the Stories of our Faith."
Spring Honors Recital,Sigma Alpha Iota,2014-04-02T00:00:00+00:00,2014-04-02T01:00:00+00:00,Daniel Recital Hall,,Unknown,
Formal!,Sigma Alpha Iota,2014-03-29T23:00:00+00:00,2014-03-30T03:00:00+00:00,"Westin, Downtown Greenville",,Unknown,
Movie: Frozen,Trone Student Center,2014-03-30T00:00:00+00:00,2014-03-30T02:00:00+00:00,Burgiss Theater,,Unknown,Trone Zone Movies are back! Check out our line up for the semester: January 17 & 18: About Time January 31 & February 1: Cool Runnings February 14 & 15: Catching Fire February 28 & March 1: Thor The Dark World March 21 & 22: Anchorman 2 March 28 & 29: Frozen April 11 &12: Mandela Long Walk to Freedom April 25 & 26: Saving Mr. Banks All movies are at 8pm in the Burgiss Theater - only $1 with your Furman ID!
Water Walk,Global Sustainability Club,2014-03-29T17:00:00+00:00,2014-03-29T21:00:00+00:00,Starting at the Trone Center,,Unknown,"We are hosting our third annual Water Walk on Saturday, March 29th from 1:00pm to 5:00pm. The walk around Swan Lake will begin at the lake side of the Trone Center with a ribbon cutting ceremony at 1:00pm. We are asking for a voluntary donation of $5.00 to participate in the Walk. Participants carry two gallons of water around Swan Lake to mimic what the average woman must do to get her water in the developing world. With hundreds of volunteers carrying water we will raise awareness that access to clean water demands our immediate attention. Donations collected will be used to fund a potable water system for the Sanik-Ya and Chitulul communities in Guatemala. Sanik-Ya and Chitulul are small Mayan villages on the outskirts of the municipality of San Lucas Tolimán in the State of Sololá, Guatemala. Furman has already raised more than $30,000 through the Walk but there is work to do yet! The total cost for the water project is estimated to cost $100,000. The Guatemalan non-profit organization, Agua del Pueblo, will manage the project. The Furman Water Walk is a student-led initiative created to educate and engage the campus community in addressing the challenges of clean water access in the developing world. History Since the annual Water Walk began in 2012, more than 600 students, faculty, staff and members of the local community walked at least one mile with at least two gallons of water. In 2011 and 2013 Furman students traveled to these communities on the Global Sustainability May Experience. Both groups have conducted research on the topics of sustainable development, water and economic inequality. Both student groups also invested manual labor in the potable water project. The 2011 group began the topographical survey of Sanik-Ya and Chitulul. The 2013 group got their hands dirty clearing the path for the water system. Stanford University is partnering with Furman in this effort by offering a sister course and cooperating on the project and resulting research. Furman students will collect data on the economic situation of the town while Stanford students will collect data on public health. How to Donate The Furman Alumni Association has set up this donation link: furmanwaterwalk.org. You can obtain more information about the organization managing the water project at http://peopleswater.org/ Why Walk? Furman students who participated in last year’s walk felt the largest benefit was the next day when she awoke to realize how many of her muscles ached. Women in the developing world have to do this every day! If we are successful, Furman students & faculty will soon have the opportunity to: -Use a living learning lab in the developing world; -Gather baseline data including economic development in the town; -Offer future study away courses to complete the design and construct the water system; -Evaluate the project in terms of: How the money was spent, and the impacts of potable water on the health and economic development The bottom line is that this is just one more example of the importance of engaged learning - one of our cornerstones. Our students will study the issues of provision of potable water in the “real world”. Students will be involved in every aspect of the project from the planning to the design to the construction to the evaluation. We could never duplicate those learning opportunities in the traditional classroom. More Information Agua del Pueblo (AdP), the non-profit managing the instillation of the water project, hosts and sponsors our May-X course on Global Sustainability in Guatemala. AdP does not solely provide potable water. AdP uses the potable water project as a springboard to encourage a more comprehensive community development. AdP has found the communities that build a water project in a participatory manner are more likely to subsequently build schools, clinics and other amenities to their villages. Our students researched the typical time that a woman in the developing world walks for water. Believe it or not, the average is one mile. Thus we asked water walkers to walk at least one mile. In the ""real"" developing world, women have to make multiple trips. Researching the amount of water used daily is a bit more challenging. The data are very sparse about the amount of water used. In general the further folks have to walk to obtain their water, the less they use. The World Health Organization (WHO) recommends 50 liters (13 gallons) per person per day. Folks without a piped water system use far less, again the WHO has found they use ten liters (2.6 gallons) /person/day. Assuming an average family size is six, and a typical size container (which they balance on their heads) of four gallons, a woman would have to make almost four trips per day! Thank you once again for all of your support . I look forward to seeing you on March 29th toting your gallons of water. Please let us know if you have any questions or if I can help in any way. Bruce Clemens"
Raffle: Furman vs. LSU tickets,Furman University Student Activities Board,2013-10-07T21:00:00+00:00,2013-10-07T22:00:00+00:00,"Paladen, Trone Student Center",,Unknown,"Do you want to see Furman take on LSU in Baton Rouge on October 26? FUSAB wants to send you! We will be raffling off 25 pairs of ticekts on September 30 at 5:30pm in the Paladen. Tickets will be $20/pair (pay only if you win - not to enter the raffle). Please note: We are NOT able to provide transportation or accommodations this year. We'll help you with your ticket, but the rest is up to you!"
Panhellenic Family Weekend Tailgate,Fraternity and Sorority Life,2013-10-05T15:00:00+00:00,2013-10-05T17:00:00+00:00,"Plyler Lawn, Furman Mall",,Unknown,"Panhellenic Council will be hosting a tailgate for the Family Weekend football game. We will be tailgating on Plyler Lawn, right on the Furman Mall. There will be Bucky's BBQ, desserts, and drinks. We will be selling tickets to freshman women and their families for $10/person the week of September 16th in the Trone Student Center. Pi Chis will be there to mingle! You can also have your parents mail a check made payable to Furman Panhellenic Council and mail it to: Furman Panhellenic Council, Trone Student Center, 3300 Poinsett Highway, Greenville SC 29613. If you have questions, please e-mail Danielle Bereznay at danielle.bereznay@furman.edu!"
"Home Football Game, Family Weekend! (Elon)",Sigma Alpha Iota,2013-10-05T04:00:00+00:00,2013-10-05T04:00:00+00:00,Furman University,,Unknown,It's Family Weekend!! Come support the many SAIs in the Paladin Regiment Marching Band under the direction of fellow SAIs Mr. Jay Bocook (National Arts Associate) and Dr. Les Hicken (Friend of the Arts)!
Marching Band Extravaganza,Sigma Alpha Iota,2013-10-05T00:00:00+00:00,2013-10-05T01:00:00+00:00,McAlister Auditoroium,,Unknown,Come support the many SAIs in the Paladin Regiment Marching Band under the direction of fellow SAIs Mr. Jay Bocook (National Arts Associate) and Dr. Les Hicken (Friend of the Arts)!
Brett Eldredge concert,Furman University Student Activities Board,2013-10-03T00:00:00+00:00,2013-10-03T03:00:00+00:00,Amphitheater,,Unknown,"FUSAB presents country artist BRETT ELDREDGE! Wednesday, October 2 at 8pm in the Furman Amphitheater (rain location is McAlister Auditorium). Tickets with valid Furman ID, available in the FUSAB office: $5 in advance $8 day of show Tickets for general public, available on Ticketmaster beginning September 6: $12 in advance $15 day of show Questions? Call 864-294-2068 or email fusab@furman.edu."
Wesley Fellowship Weekly Meeting,Furman Wesley Fellowship,2013-10-01T23:45:00+00:00,2013-10-02T01:15:00+00:00,Garden Room of Chapel,,Unknown,"This is our weekly meeting in the Garden Room. There will be snacks, singing, and a discussion/devotion. In the craziness that is Furman, join us each week for a chance to slow down and focus on the Stories of our Faith."
University Worship,Spiritual Life at Furman,2013-09-29T21:00:00+00:00,2013-09-29T22:00:00+00:00,Sanctuary of the Daniel Memorial Chapel,,Unknown,
Company presented by Pauper Players,Furman University Pauper Players,2013-09-29T18:00:00+00:00,2013-09-29T20:00:00+00:00,McAlister Auditorium,,Unknown,"Company is a musical comedy revolving around Bobby (a single man unable to commit fully to a steady relationship, let alone marriage), the five married couples who are his best friends, and his three girlfriends. Unlike most book musicals, which follow a clearly delineated plot, Company is a concept musical composed of short vignettes, presented in no particular chronological order, linked by a celebration for Bobby's 35th birthday. Seating is limited."
Dance Marathon (FUDM),Heller Service Corps,2013-09-28T16:00:00+00:00,2013-09-29T05:30:00+00:00,Timmons Arena,,Unknown,The Furman community will team up with the Greenville Hospital system to raise money for children battling disease. FUDM will enlist teams of students to dance through the night for this cause.
Company presented by Pauper Players,Furman University Pauper Players,2013-09-29T00:00:00+00:00,2013-09-29T02:00:00+00:00,McAlister Auditorium,,Unknown,"Company is a musical comedy revolving around Bobby (a single man unable to commit fully to a steady relationship, let alone marriage), the five married couples who are his best friends, and his three girlfriends. Unlike most book musicals, which follow a clearly delineated plot, Company is a concept musical composed of short vignettes, presented in no particular chronological order, linked by a celebration for Bobby's 35th birthday. Seating is limited."
10am-4pm,Writing & Media Lab,2013-06-19T04:00:00+00:00,2013-06-20T04:00:00+00:00,No location specified,,Unknown,The StudioLab's Summer Session hours are: Mon-Thurs: 10am-4pm Fri: 10am-2pm Sat & Sun: CLOSED
Stephanie Arani's Birthday,Delta Delta Delta,2013-06-20T04:00:00+00:00,2013-06-20T04:00:00+00:00,everywhere!,,Unknown,"HAPPY BIRTHDAY, STEPHANIE!!!"
10am-4pm,Writing & Media Lab,2013-06-18T04:00:00+00:00,2013-06-19T04:00:00+00:00,No location specified,,Unknown,The StudioLab's Summer Session hours are: Mon-Thurs: 10am-4pm Fri: 10am-2pm Sat & Sun: CLOSED
Summer Orientation Session 1,Orientation Staff,2013-06-17T04:00:00+00:00,2013-06-18T04:00:00+00:00,No location specified,,Unknown,
10am-4pm,Writing & Media Lab,2013-06-17T04:00:00+00:00,2013-06-18T04:00:00+00:00,No location specified,,Unknown,The StudioLab's Summer Session hours are: Mon-Thurs: 10am-4pm Fri: 10am-2pm Sat & Sun: CLOSED
10am-2pm,Writing & Media Lab,2013-06-14T04:00:00+00:00,2013-06-15T04:00:00+00:00,No location specified,,Unknown,The StudioLab's Summer Session hours are: Mon-Thurs: 10am-4pm Fri: 10am-2pm Sat & Sun: CLOSED
10am-4pm,Writing & Media Lab,2013-06-13T04:00:00+00:00,2013-06-14T04:00:00+00:00,No location specified,,Unknown,The StudioLab's Summer Session hours are: Mon-Thurs: 10am-4pm Fri: 10am-2pm Sat & Sun: CLOSED
10am-4pm,Writing & Media Lab,2013-06-12T04:00:00+00:00,2013-06-13T04:00:00+00:00,No location specified,,Unknown,The StudioLab's Summer Session hours are: Mon-Thurs: 10am-4pm Fri: 10am-2pm Sat & Sun: CLOSED
10am-4pm,Writing & Media Lab,2013-06-11T04:00:00+00:00,2013-06-12T04:00:00+00:00,No location specified,,Unknown,The StudioLab's Summer Session hours are: Mon-Thurs: 10am-4pm Fri: 10am-2pm Sat & Sun: CLOSED
10am-4pm,Writing & Media Lab,2013-06-10T04:00:00+00:00,2013-06-11T04:00:00+00:00,No location specified,,Unknown,The StudioLab's Summer Session hours are: Mon-Thurs: 10am-4pm Fri: 10am-2pm Sat & Sun: CLOSED
Edward's Office Hours,Furman Wesley Fellowship,2013-03-21T18:00:00+00:00,2013-03-21T20:00:00+00:00,P-Den,,Unknown,"Do you just need to chat? Or, have something more serious to discuss? Edward will be available in the P-Den from 2-4 every Thursday afternoon. So, just stop by - he would love to talk!"
Wesley Lunch,Furman Wesley Fellowship,2013-03-21T15:00:00+00:00,2013-03-21T18:00:00+00:00,In the DH - long table on Lakeside side.,,Unknown,"Each Thursday we gather for lunch in the DH. Edward is there from 11am to 2pm, as are other Wesley folks. Come when you can, and stay as long as you like!"
CLP: Step Afrika,Furman University Student Activities Board,2013-03-20T23:00:00+00:00,2013-03-21T00:30:00+00:00,McAlister Auditorium,,Unknown,Don't miss this Furman favorite! Sponsored by SLBC and FUSAB. Did we mention it is a CLP? http://www.stepafrika.org/home.htm
Lt. Gen. and Judge Advocate General Dana K. Chipman public address,"The Riley Institute of Government, Leadership and Public Policy",2013-03-20T23:00:00+00:00,2013-03-21T00:00:00+00:00,Younts Conference Center,,Unknown,"On March 20, 2013 at 7 p.m. at Younts Conference Center on Furman's campus, Lieutenant General Dana Chipman will deliver a public address, “Equality in an Era of Change.” This event is free and open to the public. For further information, please call 864.294.3546. Lieutenant General Dana K. Chipman serves as The Judge Advocate General of the U.S. Army. Initially commissioned in the Infantry after graduating from West Point in 1980, he earned a Juris Doctor degree from Stanford Law School in 1986. He also holds a Master of Laws in Military Law degree from The Judge Advocate General’s School and a Master of Strategic Studies degree from the U.S. Army War College, Carlisle Barracks. Lieutenant General Chipman has served as a judge advocate in a variety of operational and staff assignments, including 1st Special Forces Operational Detachment – Delta (Airborne), Joint Special Operations Command, U.S. Special Operations Command, and U.S. Central Command. In 2001 and 2002, he deployed as the legal advisor to a Joint Special Operations Task Force for Operation ENDURING FREEDOM in Afghanistan. As a general officer, he commanded The Judge Advocate General’s Legal Center and School in Charlottesville, Virginia, before assuming his current duties on October 1, 2009. Lieutenant General Chipman is married with three children."
Kappa Delta Initiation,Panhellenic Council,2013-03-20T23:00:00+00:00,2013-03-21T00:00:00+00:00,No location specified,,Unknown,
Wesley Fellowship Mtg,Furman Wesley Fellowship,2013-03-19T23:45:00+00:00,2013-03-20T01:15:00+00:00,Garden Room of Chapel,,Unknown,"This spring we will be engaging in a study built around Donald Miller’s book/movie Blue Like Jazz – Exploring Blue Like Jazz. “Exploring Blue Like Jazz, is a study about how to do life and faith well in the phase after high school that some have termed ‘emerging adulthood.’ It’s a book intended to make growing up a little easier.” Each week we will look at different topics relevant to our lives like – Consumerism, Culture, Doubt, Money, Partying, etc. Join us every Tuesday @ 7:45pm in the Garden Room of the Chapel. All are invited to this time of fellowship, worship, and friends! We will be done [officially] around 9:15pm, but feel free to hang around!"
Pizza & Politics,Political Science Department,2013-03-19T16:00:00+00:00,2013-03-19T16:50:00+00:00,Johns Hall Community Square,,Unknown,Join the Political Science faculty for a lively discussion on the latest political headlines. Open to all majors. Pizza and drinks are provided.
Meatless Mondays,Environmental Action Group (Furman Unviersity),2013-03-18T04:00:00+00:00,2013-03-19T04:00:00+00:00,Furman Dining Hall,,Unknown,"EAG is hosting ""Meatless Mondays""! Every Monday, a table in the DH will be reserved for ""meatless meals"" to help promote healthier, more sustainable eating habits. Come sit with us to learn more about the power of your food choices!"
Kappa Initiation,Panhellenic Council,2013-03-15T23:15:00+00:00,2013-03-16T00:15:00+00:00,No location specified,,Unknown,
Panhellenic Council Meeting,Panhellenic Council,2013-03-14T21:30:00+00:00,2013-03-14T22:30:00+00:00,No location specified,,Unknown,
Panhellenic Exec Council Interviews,Panhellenic Council,2013-01-24T05:00:00+00:00,2013-01-25T05:00:00+00:00,No location specified,,Unknown,
Panhellenic Council Meeting,Panhellenic Council,2013-01-24T22:30:00+00:00,2013-01-24T23:30:00+00:00,No location specified,,Unknown,
Edward's Office Hours,Furman Wesley Fellowship,2013-01-24T19:00:00+00:00,2013-01-24T21:00:00+00:00,P-Den,,Unknown,"Do you just need to chat? Or, have something more serious to discuss? Edward will be available in the P-Den from 2-4 every Thursday afternoon. So, just stop by - he would love to talk!"
Wesley Lunch,Furman Wesley Fellowship,2013-01-24T16:00:00+00:00,2013-01-24T19:00:00+00:00,In the DH - long table on Lakeside side.,,Unknown,"Each Thursday we gather for lunch in the DH. Edward is there from 11am to 2pm, as are other Wesley folks. Come when you can, and stay as long as you like!"
Wesley Fellowship Mtg,Furman Wesley Fellowship,2013-01-23T00:45:00+00:00,2013-01-23T02:15:00+00:00,Garden Room of Chapel,,Unknown,"This spring we will be engaging in a study built around Donald Miller’s book/movie Blue Like Jazz – Exploring Blue Like Jazz. “Exploring Blue Like Jazz, is a study about how to do life and faith well in the phase after high school that some have termed ‘emerging adulthood.’ It’s a book intended to make growing up a little easier.” Each week we will look at different topics relevant to our lives like – Consumerism, Culture, Doubt, Money, Partying, etc. Join us every Tuesday @ 7:45pm in the Garden Room of the Chapel. All are invited to this time of fellowship, worship, and friends! We will be done [officially] around 9:15pm, but feel free to hang around!"
Panhellenic Council Applications Due,Panhellenic Council,2013-01-22T04:00:00+00:00,2013-01-22T05:00:00+00:00,No location specified,,Unknown,Due at 5pm to Panhellenic Mailbox #28534
Becca Dikter's Birthday,Delta Delta Delta,2013-01-21T05:00:00+00:00,2013-01-21T05:00:00+00:00,everywhere!,,Unknown,HAPPY BIRTHDAY BECCA!!!
MLK Holiday,Panhellenic Council,2013-01-21T05:00:00+00:00,2013-01-21T05:00:00+00:00,No location specified,,Unknown,
Bid Day!,"Kappa Kappa Gamma, Eta Alpha chapter",2013-01-20T20:00:00+00:00,2013-01-21T00:30:00+00:00,No location specified,,Unknown,
Bid Day!,Panhellenic Council,2013-01-20T19:30:00+00:00,2013-01-20T20:30:00+00:00,No location specified,,Unknown,
Weekly meeting,Building Tomorrow,2012-11-29T23:30:00+00:00,2012-11-30T01:00:00+00:00,Furman Hall 110,,Unknown,"Weekly Meeting. May not always be the whole 6:30-8 time period, just a guesstimate."
First training session,Furman University Aikido Club,2012-11-29T23:45:00+00:00,2012-11-30T01:00:00+00:00,Dance studio of PAC,,Unknown,"Aikido training - wear comfortable clothes (sweat pants, tshirt) or dogi if you have one"
BCM Christmas Party!,Furman Baptist Collegiate Ministry,2012-11-29T23:30:00+00:00,2012-11-30T00:30:00+00:00,TBD,,Unknown,BCM Christmas Party! Details/Accurate Time to come soon!
Panhellenic Council Meeting,Panhellenic Council,2012-11-29T22:30:00+00:00,2012-11-29T23:30:00+00:00,No location specified,,Unknown,
Kristen Kailer's Birthday,Delta Delta Delta,2012-11-29T05:00:00+00:00,2012-11-29T05:00:00+00:00,everywhere!,,Unknown,"HAPPY BIRTHDAY, KRISTEN!!!"
Join Tridelta to watch Modern Family!,Delta Delta Delta,2012-11-29T02:00:00+00:00,2012-11-29T02:30:00+00:00,McEarchern Lecture Hall,,Unknown,Come join the sisters of Tridelta to watch and enjoy Modern Family! Good times to laugh and get to know each other!
"CCM Gathering ""Religion vs. Science""",Catholic Campus Ministry,2012-11-29T00:30:00+00:00,2012-11-29T02:00:00+00:00,Daniel Chapel Garden Room,,Unknown,This Wednesday night we will be discussing the relationship between religion and science. Is this relationship a battle or a friendship? Come out at 7:30pm for dinner. Our discussion will begin at 8pm. This is our last Wednesday night for discussion before our Advent party next week. Join CCM for a meaningful talk one last time this year!
Annual Committee Meeting,Furman University Student Activities Board,2012-11-29T01:00:00+00:00,2012-11-29T02:00:00+00:00,FUSAB Office,,Unknown,"Sit in on an Annual Committee meeting to hear about homecoming, spring carnival, and other annual events that are being planned!"
AZ Fashion Show,Panhellenic Council,2012-11-29T00:00:00+00:00,2012-11-29T01:00:00+00:00,No location specified,,Unknown,
Exchange Study Away Info Session- The Netherlands and South Africa,Rinker Center for Study Away and International Education,2012-11-28T20:30:00+00:00,2012-11-28T21:30:00+00:00,JH 107,,Unknown,"Interested in participating in an exchange program in either The Netherlands or South Africa? Come to this session to learn about what life is like at these two universities, what courses you can take, how to apply, and talk with current exchange students from these schools."
Tuesday Night Meeting,Fellowship of Christian Athletes,2012-11-14T01:30:00+00:00,2012-11-14T04:30:00+00:00,"Burgiss Theater, Upstairs in Trone University Center",,Unknown,"Come hear the Word, Worship, and Fellowship!!"
Fellowship of Christian Athletes weekly meeting,Spiritual Life at Furman,2012-11-14T01:30:00+00:00,2012-11-14T02:45:00+00:00,Burgiss Theater,,Unknown,
Society for Free Inquiry weekly meetings,Spiritual Life at Furman,2012-11-14T00:00:00+00:00,2012-11-14T01:15:00+00:00,PDen or Furman Hall 227,,Unknown,
Society for Free Inquiry (SoFI) Meeting,Furman University Secular Student Alliance,2012-11-14T00:00:00+00:00,2012-11-14T01:00:00+00:00,Furman Hall Room 227,,Unknown,"Our first meeting of the term will be Tuesday, August 28th, in the PDen! From then on, we'll alternate between FH 227 and dinner meetings in the PDen."
FUSAB Meeting,Furman University Student Activities Board,2012-11-13T23:00:00+00:00,2012-11-14T00:00:00+00:00,Trone Student Center - Room 208A (Thomas Room),,Unknown,FUSAB meets weekly at 6pm in the Thomas Room of the Trone Student Center. Join us to hear about the events we are planning and let us know what you think. All meetings are open to everyone and anyone!
CLP - World Religions Symposium; Women in Islam,Spiritual Life at Furman,2012-11-13T00:00:00+00:00,2012-11-13T01:30:00+00:00,Johns Hall 101,,Unknown,"Panel duscussion with Muslim Women from the Upstate. Panelists are Johnna Malici, Nanda Pandit-Champsi, Nicoyia Cox-Bradley, and Rima Dakhlallah. This lecture series is sponsored by the Office of the Chaplains, A.J. Head Fund, Muslim Student Association, Shi Center for Sustainability, Lilly Center for Vocational Reflection, Furman's Office of Multicultural Affairs, Canterbury, Mere Christianity Forum, Presbyterian Student Association, Wesley Fellowship, College Democrats, College Republicans, and the Departments of Politicall Science, History, and Religion."
Mere Christianity Forum weekly meeting,Spiritual Life at Furman,2012-11-13T00:00:00+00:00,2012-11-13T01:15:00+00:00,Haynesworth Room; Duke Library,,Unknown,
The Art of Play: Intersections Among Creativity & Spirituality: A MCF Forum led by Dr. David Bernardy,Mere Christianity Forum,2012-11-13T00:00:00+00:00,2012-11-13T01:15:00+00:00,Garden Room of Daniel Chapel,,Unknown,"We invite you to join us for an interactive forum opportunity with Dr. David Bernardy from the English Department. Dr. Bernardy will invite us into a discussion about the intersections of art, creativity, and spirituality, as well as provide space and opportunity for some creative (and perhaps Godly) play! We hope you will make plans to join us!"
Business Etiquette 101,Malone Center for Career Engagement,2012-11-12T23:00:00+00:00,2012-11-13T01:00:00+00:00,Trustee Dining Room,,Unknown,"SPACE IS LIMITED AND YOU MUST HAVE PRE-REGISTERED TO ATTEND. Deadline to register is October 31, 2012 in the Office of Career Services (Trone Student Center). This is a dining and business etiquette seminar for improving your business and social management skills. The cost is $50.00, which includes your meal."
First training session,Furman University Aikido Club,2012-11-12T23:45:00+00:00,2012-11-13T01:00:00+00:00,Dance studio of PAC,,Unknown,"Aikido training - wear comfortable clothes (sweat pants, tshirt) or dogi if you have one"
Kappa Delta Olive Garden Dinner,Fraternity and Sorority Life,2012-10-31T22:00:00+00:00,2012-11-01T00:00:00+00:00,Hartness Pavilion,,Unknown,"Kappa Delta is hosting it's annual Olive Garden Dinner in the Hartness Pavilion. It is 5 dollars for pasta, salad, breadsticks and desserts. Following the dinner at 7 pm, Mrs. Johnson from the Julie Valentine Center will be speaking about their program and how the students of Furman University can help in preventing child abuse. Come out and enjoy some food to support the Julie Valentine Center :)"
Bike to Uganda,Building Tomorrow,2012-10-31T11:00:00+00:00,2012-10-31T23:00:00+00:00,JBD Library Steps!,,Unknown,"Help us bike the distance from Furman to Kampala, Uganda! It's 7,613 miles so we need lots of help! Donate your $7 registration fee for 30 minutes of biking! Enter the raffle (as many times as you want) to win some great prizes!"
Special Events Committee Meeting,Furman University Student Activities Board,2012-10-31T22:00:00+00:00,2012-10-31T23:00:00+00:00,FUSAB Office,,Unknown,"Join ""Spesh"" to hear all about the events they are working on!"
Business Etiquette 101 Registration Deadline,Malone Center for Career Engagement,2012-10-31T12:30:00+00:00,2012-10-31T21:00:00+00:00,Trustee Dining Room,,Unknown,"DEADLINE to register for the Business Etiquette 101 seminar. SPACE IS LIMITED AND YOU MUST HAVE PRE-REGISTERED TO ATTEND. Deadline to register is October 31, 2012 in the Office of Career Services (Trone Student Center). This is a dining and business etiquette seminar for improving your business and social management skills. The cost is $50.00, which includes your meal."
Mere Lunch,Mere Christianity Forum,2012-10-31T15:30:00+00:00,2012-10-31T16:30:00+00:00,P-den,,Unknown,"Mere Lunch is an opportunity to gather with peers to discuss a book that has spiritual and social implications for our lives. (in the past we've also read various articles and passages of Scripture.) This semester we will meet to discuss Shane Claiborne's Irresistible Revolution. Our first meeting will be a chance for folks to meet each other, pick up books if they need one, and see a reading schedule for the semester. If you'd like for us to order you a copy of the book, let Amy know. Or add a comment to the RSVP page. The cost will be $10. We hope you'll consider joining us for these lively lunch discussions!"
Panhellenic Registration Fee increases,Panhellenic Council,2012-10-31T04:00:00+00:00,2012-10-31T04:00:00+00:00,No location specified,,Unknown,
Tuesday Night Meeting,Fellowship of Christian Athletes,2012-10-31T00:30:00+00:00,2012-10-31T03:30:00+00:00,"Burgiss Theater, Upstairs in Trone University Center",,Unknown,"Come hear the Word, Worship, and Fellowship!!"
Haunted Trail Walk,Furman University Student Activities Board,2012-10-31T01:00:00+00:00,2012-10-31T02:00:00+00:00,Furman University Amphitheater,,Unknown,Details to come!
Fellowship of Christian Athletes weekly meeting,Spiritual Life at Furman,2012-10-31T00:30:00+00:00,2012-10-31T01:45:00+00:00,Burgiss Theater,,Unknown,
Society for Free Inquiry weekly meetings,Spiritual Life at Furman,2012-10-30T23:00:00+00:00,2012-10-31T00:15:00+00:00,PDen or Furman Hall 227,,Unknown,
Reformed Christian Fellowship weekly meeting,Spiritual Life at Furman,2012-10-18T23:00:00+00:00,2012-10-19T00:15:00+00:00,Ramsey Parlors; Lakeside Housing,,Unknown,
Obama Policy Review: South Carolina and the President,Furman College Republicans,2012-10-18T23:00:00+00:00,2012-10-19T00:00:00+00:00,McEachern Lecture Hall,,Unknown,"South Carolina Attorney General, Alan Wilson, will be speaking from his experiences as Attorney General on policies of the Obama Administration that are directly affecting South Carolina. In his talk, he will be touching on a variety of issues such as the Obama Administration’s immigration policy and its affect on law enforcement in South Carolina, South Carolina’s recent challenge to the Dodd-Frank act and its affect on the state’s relations with the federal government, and the repercussions of the Affordable Care Act. Attorney General Wilson will be able to provide the unique perspective of an individual who is not only in the middle of, but also leading, many of these legal charges against policies of the administration."
First training session,Furman University Aikido Club,2012-10-18T22:45:00+00:00,2012-10-19T00:00:00+00:00,Dance studio of PAC,,Unknown,"Aikido training - wear comfortable clothes (sweat pants, tshirt) or dogi if you have one"
Weekly meeting,Building Tomorrow,2012-10-18T22:30:00+00:00,2012-10-19T00:00:00+00:00,Furman Hall 110,,Unknown,"Weekly Meeting. May not always be the whole 6:30-8 time period, just a guesstimate."
Pauper Players Open Meeting,Furman University Pauper Players,2012-10-18T22:30:00+00:00,2012-10-18T23:30:00+00:00,Harper Hall,,Unknown,Pauper Players Council will be holding an open meeting on THURSDAY! We will be discussing: Spring Awakening RENT Director Applications Council Member Applications Hope to see you there!
ACS October Meeting,American Chemical Society,2012-10-18T22:00:00+00:00,2012-10-18T23:00:00+00:00,Plyler 231,,Unknown,"Come out to hear about some awesome service opportunities, enjoy some liquid nitrogen ice cream, and the company of your fellow chem majors!"
BBB Meeting,Beta Beta Beta Biological Honor Society,2012-10-18T21:30:00+00:00,2012-10-18T22:15:00+00:00,Patrick Lecture Hall,,Unknown,
Homecoming Float Building!,Furman Baptist Collegiate Ministry,2012-10-18T21:00:00+00:00,2012-10-18T22:00:00+00:00,Furman Mall,,Unknown,"Come and join us on the Furman Mall as we participate in the longtime Furman tradition of float-building! We will cookout (Thursday) and have pizza (Friday) on the mall, so don't worry about dinner. Come and share your construction and decoration skillz as we build a homecoming float!"
"Drive In Double Feature: ""Grease"" & ""Space Jam""",Furman University Student Activities Board,2012-10-17T23:00:00+00:00,2012-10-18T03:00:00+00:00,Blackwell Field,,Unknown,"Join FUSAB for a double feature drive-in movie! We'll be showing ""Grease"" and ""Space Jam""! Did we mention there will be burgers, fries, and milkshakes from Pete's? First come, first served! Blackwell Field at 7pm - drive up or bring a blanket and chair! Don't forget to check out our other homecoming celebrations: Tuesday, 10/16, 7pm: Rollerskating Rink on Blackwell Field Wednesday, 10/17, 1-5pm: Zip Line on Blackwell Field Thursday, 10/18, 7pm: Concert at the Trone Student Center Courtyard Friday, 10/19, 7pm: Homecoming Carnival on the Mall Saturday, 10/20, 8pm: Homecoming Dance at the Hyatt Downtown"
Join Tridelta to watch Modern Family!,Delta Delta Delta,2012-10-18T01:00:00+00:00,2012-10-18T01:30:00+00:00,McEarchern Lecture Hall,,Unknown,Come join the sisters of Tridelta to watch and enjoy Modern Family! Good times to laugh and get to know each other!
Fall Break,Beta Theta Pi,2012-10-05T18:45:00+00:00,2012-10-05T19:45:00+00:00,No location specified,,Unknown,
Emily Raiford's Birthday,Delta Delta Delta,2012-10-05T04:00:00+00:00,2012-10-05T04:00:00+00:00,everywhere!,,Unknown,"HAPPY BIRTHDAY, EMILY!!!"
BCM Thursday Nights!,Furman Baptist Collegiate Ministry,2012-10-04T23:30:00+00:00,2012-10-05T01:15:00+00:00,Burgiss Theater,,Unknown,"Come and join for a time of fellowship around the table, worship, and study of God's Word! It would be our deep joy to worship with you at Furman BCM!"
Orthodox Christian Fellowship weekly meetings,Spiritual Life at Furman,2012-10-05T00:00:00+00:00,2012-10-05T01:00:00+00:00,Humphries Conference Room; Daniel Memorial Chapel,,Unknown,
Kick it With Kappa,Fraternity and Sorority Life,2012-10-05T00:00:00+00:00,2012-10-05T01:00:00+00:00,Hipp Hall Room 202,,Unknown,Come join the sisters of Kappa Kappa Gamma for a fun workout and a chance to get to know Kappas!
Baptist Collegiate Ministry weekly meetings,Spiritual Life at Furman,2012-10-04T23:30:00+00:00,2012-10-05T01:00:00+00:00,Burgiss Theater,,Unknown,
RUF Large Group,Reformed University Fellowship,2012-10-04T23:00:00+00:00,2012-10-05T00:30:00+00:00,Ramsay Parlor,,Unknown,Great time to come worship and fellowship and hear teaching from the Word.
Weekly Meetings,Cooperative Student Fellowship,2012-10-04T23:30:00+00:00,2012-10-05T00:30:00+00:00,Chapel Meeting Room,,Unknown,"Come join CSF every week for devotions, discussion, and...disco dancing! Well...maybe not so much disco. But there will be snacks! Guest speakers! Other fun things!"
Reformed Christian Fellowship weekly meeting,Spiritual Life at Furman,2012-10-04T23:00:00+00:00,2012-10-05T00:15:00+00:00,Ramsey Parlors; Lakeside Housing,,Unknown,
Meeting Number Two,Noah Vieira,2012-10-04T23:00:00+00:00,2012-10-05T00:00:00+00:00,FURMAN HALL 109,,Unknown,Hi guys. The lady from the bone marrow foundation will be coming to speak to us and discuss partnering to sponsor a drive at Furman or something of that nature. I'm hoping that by this time I will have the t-shirts in and ready to hand out/sell. Everyone should come with fundraising ideas for the mission trip and the organization in general. I am also hoping to hear more from ISL about the Spring Break trip!
Tuesday Night Meeting,Fellowship of Christian Athletes,2012-09-26T00:30:00+00:00,2012-09-26T03:30:00+00:00,"Burgiss Theater, Upstairs in Trone University Center",,Unknown,"Come hear the Word, Worship, and Fellowship!!"
Fellowship of Christian Athletes weekly meeting,Spiritual Life at Furman,2012-09-26T00:30:00+00:00,2012-09-26T01:45:00+00:00,Burgiss Theater,,Unknown,
"Jeffrey Brown, Woodrow Wilson Fellow-In-Residence, Public Address: ""The Public Voice in a Divided America""","The Riley Institute of Government, Leadership and Public Policy",2012-09-25T23:00:00+00:00,2012-09-26T01:00:00+00:00,Younts Conference Center,,Unknown,"Woodrow Wilson Fellow in Residence Jeffrey Brown Senior Correspondent, PBS NewsHour September 23 - 26, 2012 On September 25, 2012 at 7 p.m. at Younts Conference Center on Furman's campus, Jeffrey Brown will deliver a public address, ""The Public Voice in a Divided America."" This event is free and open to the public. Jeffrey Brown, In a career spanning more than twenty years at the NewsHour, has served in a variety of roles, both on and off camera. As senior correspondent, he's conducted studio discussions and reported from the field on a wide array of domestic and international stories, and now regularly co-anchors the nightly news program. As arts correspondent, he's profiled and interviewed many of the world's leading writers, musicians and other artists. As senior producer for national affairs for more than a decade, he helped shape the program's coverage of a range of areas, including the economy, healthcare, social policy, culture and the arts. In addition, he is the creator and host of ""Art Beat"", the NewsHour's online arts and culture blog. His work as correspondent and producer has garnered an Emmy, five Cine Golden Eagle Awards, and other honors. Prior to joining The NewsHour, Brown helped produce numerous public television series for Media & Society Seminars, an independent production company headed by Fred W. Friendly. He attended UC Berkeley (B.A., Classics), the UC Berkeley School of Law, and the Columbia University Graduate School of Journalism (M.S.). Brown is married to Paula Crawford, an artist and professor at George Mason University. They have two children."
Society for Free Inquiry weekly meetings,Spiritual Life at Furman,2012-09-25T23:00:00+00:00,2012-09-26T00:15:00+00:00,PDen or Furman Hall 227,,Unknown,
Society for Free Inquiry (SoFI) Meeting,Furman University Secular Student Alliance,2012-09-25T23:00:00+00:00,2012-09-26T00:00:00+00:00,Furman Hall Room 227,,Unknown,"Our first meeting of the term will be Tuesday, August 28th, in the PDen! From then on, we'll alternate between FH 227 and dinner meetings in the PDen."
Carrie Newcomer in Concert/CLP!,Spiritual Life at Furman,2012-09-25T23:00:00+00:00,2012-09-26T00:00:00+00:00,Daniel Chapel,,Unknown,"Carrie Newcomer has been described as a ""prairie mystic"" by the Boston Globe, as one who ""asks all the right questions"" by Rolling Stone, as ""a voice as rich as Godiva chocolate"" by The Austin Statesman. One of the definitive voices of the heartland and progressive spirituality, In 2009 Carrie released her twelfth album on Rounder Records, Before and After (featuring Mary Chapin Carpenter on the title track). She has toured with Alison Krauss and Nickel Creek recorded Newcomer’s song ""I Should’ve Known Better,"" on their Grammy-winning album, This Side. Boston’s WUMB listed Carrie as one of the 50 most influential songwriters of the past 50 years and Chicago WBEZ listed her as one of the most influential folk artists of the last 25 years. In the fall of 2009 Newcomer was a cultural ambassador to India invited by the American Embassy of India to tour the country performing for Indian audiences and visiting community services organizations. She taught workshops on songwriting, community service, and met and performed with contemporary, traditional and classical Indian musicians. She also visited slum programs for women and children at risk throughout the country of India. She returned with Gary Walters and James Brock to India Sept 2011 as a visiting artist at the Delhi, Mumbai and Chennai International Schools, and again performing for Indian audiences through the American Embassy of India. In the fall of 2011 Carrie released her 15th album, Everything is Everywhere, as a special benefit project for the Interfaith Hunger Initiative on Available Light Records. In August 2011 The Times Music Company released Everything is Everywhere in India. Newcomer is an acclaimed musician who continues to create music from her uniquely spiritual and poignant take on the world. Everything is Everywhere is no exception, beautifully creating a fusion of east and west. Everything is Everywhere highlights Newcomer's ability to blend her rich alto with a poetic lyricism, seamlessly integrating western song form, American roots influences with the haunting sounds of the Indian classical sarod. In Newcomer’s words, ""The songs on Everything is Everywhere were written to address what is unique and fascinating about our cultural differences, and yet reach into the common human thread that pulls between us."" Carrie was a co-creator of the popular theater production Wilderness Plots state show and PBS Special based on the book by Scott Russell Sanders. Wilderness Plots was nominated for two regional Emmys in 2012 and broadcast nationally on over fifty PBS affiliates. Carrie and her co-creators, Scott Russell Sanders, Krista Detor, Michael White, Tom Roznowski and Tim Grimm were recognized in both house of the Indiana Legislature for Contributions to the Arts. Carrie internationally facilitates workshops and presents keynotes on the topics of songwriting, spirituality and vocation at colleges, universities, and spiritual communities, retreat centers. Newcomer, a Quaker, cuts across secular and spiritual boundaries. In recent years, she has emerged as a respected and recognized artistic voice for the progressive spiritual community. She’s also worked and created presentations with beloved authors, scientists and progressive theologians, Barbara Kingsolver, Jill Bolte Taylor, Phillip Gulley, Marcus Borg, Jim Wallis, Brian McLaren and Scott Russell Sanders. In 2011 and 2012 Carrie joins Parker J. Palmer in events based on his book Healing the Heart of Democracy. In 2012 Carrie will be joining Philip Gulley, Krista Detor, Scott Russell Sanders for a joyful collaboration called Myths, Miracles, Lyrics and Lies. In 2012 she will also be joining progressive social justice theologians Brian McClaren and Marcus Borg for select shows. In June 2012 Carrie Newcomer will be performing in Kenya, Africa as part of the Indiana University AMPATH program and participating in an interfaith celebration in Chulaimbo as part of the Umoja project associated with The Global Interfaith Partnership. ""To my mind—a writer’s mind—Carrie Newcomer is much more than a musician. She's a poet, storyteller, snake-charmer, good neighbor, friend and lover, minister of the wide-eyed gospel of hope and grace."" — Barbara Kingsolver, author of The Poisonwood Bible, The Bean Trees, and Animal, Vegetable"
FUSAB Meeting,Furman University Student Activities Board,2012-09-25T22:00:00+00:00,2012-09-25T23:00:00+00:00,Trone Student Center - Room 208A (Thomas Room),,Unknown,FUSAB meets weekly at 6pm in the Thomas Room of the Trone Student Center. Join us to hear about the events we are planning and let us know what you think. All meetings are open to everyone and anyone!
Meeting,Amnesty International,2012-09-25T22:00:00+00:00,2012-09-25T23:00:00+00:00,Mauney Commons,,Unknown,We are having a meeting TONIGHT at 6 PM in Mauney Commons. We will be discussing crafts ideas and talking about upcoming events. Can't wait to see y'all there.
"University of Virginia, McIntire School of Commerce",Malone Center for Career Engagement,2012-09-25T20:30:00+00:00,2012-09-25T22:30:00+00:00,"Mauney Commons, 208-B, Trone Student Center",,Unknown,"University of Virginia, McIntire School of Commerce Tuesday, September 25th Mauney Commons, 208-B, Trone Student Center 4:30-5:30pm, M.S. in Commerce Program: Register at: https://register.applyyourself.com/?id=uva-com&pid=2227&eID=27398&rid=1 5:30-6:30pm, M.S. in Accounting Program: Register at: https://register.applyyourself.com/?id=uva-com&pid=2227&eID=27399&rid=1"
Ultimate Frisbee vs. Bounty Hunters,Pi Kappa Phi,2012-09-25T21:30:00+00:00,2012-09-25T22:30:00+00:00,NV Fields,,Unknown,
BCM Thursday Nights!,Furman Baptist Collegiate Ministry,2012-09-13T23:30:00+00:00,2012-09-14T01:15:00+00:00,Burgiss Theater,,Unknown,"Come and join for a time of fellowship around the table, worship, and study of God's Word! It would be our deep joy to worship with you at Furman BCM!"
Orthodox Christian Fellowship weekly meetings,Spiritual Life at Furman,2012-09-14T00:00:00+00:00,2012-09-14T01:00:00+00:00,Humphries Conference Room; Daniel Memorial Chapel,,Unknown,
Baptist Collegiate Ministry weekly meetings,Spiritual Life at Furman,2012-09-13T23:30:00+00:00,2012-09-14T01:00:00+00:00,Burgiss Theater,,Unknown,
Weekly Meetings,Cooperative Student Fellowship,2012-09-13T23:30:00+00:00,2012-09-14T00:30:00+00:00,Chapel Meeting Room,,Unknown,"Come join CSF every week for devotions, discussion, and...disco dancing! Well...maybe not so much disco. But there will be snacks! Guest speakers! Other fun things!"
RUF Large Group,Reformed University Fellowship,2012-09-13T23:00:00+00:00,2012-09-14T00:30:00+00:00,Ramsay Parlor,,Unknown,Great time to come worship and fellowship and hear teaching from the Word.
EROS Meeting,Furman Pride Alliance,2012-09-13T23:00:00+00:00,2012-09-14T00:30:00+00:00,Furman Hall 201,,Unknown,"This week's topic: Things I Always Wanted To Know But Was Too Afraid To Ask... Have any questions you've been dying to ask, but you didn't know how people would react? Pitch them now in an anonymous, embarassment-free environment...as long as it's sincere, hardly anything is out of bounds! Join us for our meeting in Furman Hall 201 at 7:00pm this Thursday. We'd love to see your smiling faces, and, as always, feel free to bring a friend! Love always, EROS"
Reformed Christian Fellowship weekly meeting,Spiritual Life at Furman,2012-09-13T23:00:00+00:00,2012-09-14T00:15:00+00:00,Ramsey Parlors; Lakeside Housing,,Unknown,
Student League for Black Culture's Welcome Back Luau,Student League for Black Culture,2012-09-13T21:00:00+00:00,2012-09-14T00:00:00+00:00,Furman Ampitheater,,Unknown,"Come out and join us! Don't miss out on the free food, good music, and a chance to meet other organizations on campus! Add your ID # to the form on our Orgsync page by Friday August 31st to reserve your meal."
First training session,Furman University Aikido Club,2012-09-13T22:45:00+00:00,2012-09-14T00:00:00+00:00,Dance studio of PAC,,Unknown,"Aikido training - wear comfortable clothes (sweat pants, tshirt) or dogi if you have one"
CLP: '60s Rock - When the Music Mattered,Furman University Student Activities Board,2012-09-13T23:00:00+00:00,2012-09-14T00:00:00+00:00,Daniel Recital Hall,,Unknown,"Barry Drake, a staple on the college lecture circuit for over 20 years, is one of the most prolific rock & roll historians in the country. Barry will present his award-winning multimedia presentation, “60s Rock - When the Music Mattered,” which examines the styles of music that came together in the 1960s. Mr. Drake's presentation will examine how the political turmoil, the social upheaval, the hippie movement, the Vietnam War, and the generation gap were all reflected in popular music of the day. He will set this music in a cultural context for our current students by giving a societal overview of the 1960s, and will allow them to discover how music today has been influenced by the music of that time. Music is an integral part of our culture, with a history strongly connected to the development of today's society."
$ Four Dollar Dinner,Mere Christianity Forum,2012-09-02T22:30:00+00:00,2012-09-03T00:00:00+00:00,Vista House,,Unknown,"Mere Christianity Forum regulars bring slightly eccentric kitchen concoctions to the table weekly. For food that hits somewhere between gourmet soul and glorified comfort. Drop in Sundays @ 6:30pm. Each week a different student or group of students prepares a meal for approximately 35-40 $4 Dinner Attendars. Generally the meals are made with organic food and are delightfully unique. You are guaranteed a new culinary experience every Sunday night. Dinner is served buffet style and people scatter throughout the house and the grounds to enjoy their meal and good company. It is a time when students can enjoy a homecooked meal and get a break from campus life. If you are interested in sharing your culinary talents by cooking a $4 dinner, please contact Amy Canosa or Drew Woten!"
Swamp Rabbit Birthday Bike Ride,Environmental Action Group (Furman Unviersity),2012-09-02T15:00:00+00:00,2012-09-02T20:00:00+00:00,Meet at the UC,,Unknown,EAG is riding down to the Swamp Rabbit Cafe to celebrate the Swamp Rabbit's birthday with the Greenville community. Come join us at the UC parking lot at 11 if you would like to join!
Wesley Fellowship Mtn Getaway,Furman Wesley Fellowship,2012-09-01T16:00:00+00:00,2012-09-02T16:00:00+00:00,Camp Asbury Hills,,Unknown,"Wesley Fellowship is going to Camp Asbury Hills to kick-off our new year. We will be leaving about noon on Saturday, Sept 1 and returning around noon on Sunday, Sept 2. This will be an opportunity to fellowship together, explore God's call on our new year, and challenge our spirits [and nerves] as we experience the Canopy Tour! What is the Canopy Tour? It is a high zip-wire tour through the tops of trees. The cost of the weekend is $20."
Ocoee Rafting,Furman University Outdoor Club,2012-09-01T04:00:00+00:00,2012-09-02T04:00:00+00:00,Copper Hill. TN,,Unknown,"Our first big trip of the year! This is a ""double"" rafting trip - we're doing both the Upper and Middle sections of the Ocoee river! This includes the 1996 Olympic course! We leave from the Chapel Parking lot at 11:30am Sat morning. Cost is only $25 and that includes transportation, camping, some meals, and the rafting trip itself. Oh, and you get a t-shirt! Contact Eileen Brown and she'll save a seat for you and your friends!"
Panhellenic Recruitment Registration Opens,Panhellenic Council,2012-09-01T04:00:00+00:00,2012-09-01T04:00:00+00:00,No location specified,,Unknown,
MCF/Vista House Movie Night + Bonfire,Mere Christianity Forum,2012-08-31T23:00:00+00:00,2012-09-01T02:30:00+00:00,"Vista House, off the Swamp Rabbit Trail",,Unknown,"Join us at the Vista House once again for an evening of fun and frivolity. We'll have popcorn and other movie-goer favorites and will show The Hunger Games outside at the house. Feel free to bring a blanket or chair! (We'll also have a few to share!) If it rains, we'll just take the party in-doors! After the movie, we'll head down to our fire pit for a good old- fashioned bon-fire complete with S'more making necessities! For directions to the house, click the link! If you need a ride to the house that evening, email Drew Woten!"
EROS Open Forum!,Furman Pride Alliance,2012-08-30T23:00:00+00:00,2012-08-31T02:00:00+00:00,Furman Hall 201,,Unknown,"Have ideas for EROS's future, including meeting topics, social events, co-sponsorships, and/or CLPs? Need to get a suggestion off your chest? Come tell us! Join us in Furman Hall 201 at 7:00pm this Thursday. We'd love to see your smiling faces, and feel free to bring a friend! Love always, EROS"
BCM Thursday Nights!,Furman Baptist Collegiate Ministry,2012-08-30T23:30:00+00:00,2012-08-31T01:15:00+00:00,Burgiss Theater,,Unknown,"Come and join for a time of fellowship around the table, worship, and study of God's Word! It would be our deep joy to worship with you at Furman BCM!"
Productive Political Rhetoric or Just More Bull***?,Furman University Philosophy Club,2012-08-30T23:00:00+00:00,2012-08-31T00:30:00+00:00,Riley Hall 109,,Unknown,This will be an informal discussion with Sean O'Rourke (Communication Studies) and Aaron Simmons (Philosophy). Everyone is invited! The event is co-organized by Phi House and the Cicero Society.
Weekly Meetings,Cooperative Student Fellowship,2012-08-30T23:30:00+00:00,2012-08-31T00:30:00+00:00,Chapel Meeting Room,,Unknown,"Come join CSF every week for devotions, discussion, and...disco dancing! Well...maybe not so much disco. But there will be snacks! Guest speakers! Other fun things!"
Cameron Egan's Birthday,Delta Delta Delta,2012-07-10T04:00:00+00:00,2012-07-10T04:00:00+00:00,everywhere!,,Unknown,"HAPPY BIRTHDAY, CAMERON!!!"
Kelsey Burchak's Birthday,Delta Delta Delta,2012-07-10T04:00:00+00:00,2012-07-10T04:00:00+00:00,everywhere!,,Unknown,"HAPPY BIRTHDAY, KELSEY!!!"
Carrie LaGrone's Birthday,Delta Delta Delta,2012-07-09T04:00:00+00:00,2012-07-09T04:00:00+00:00,everywhere!,,Unknown,"HAPPY BIRTHDAY, CARRIE!!!"
Carly Grieff's Birthday,Delta Delta Delta,2012-07-05T04:00:00+00:00,2012-07-05T04:00:00+00:00,everywhere!,,Unknown,"HAPPY BIRTHDAY, CARLY!!!"
Summer O-Staff Move Out,Orientation Staff,2012-07-02T16:00:00+00:00,2012-07-02T17:00:00+00:00,No location specified,,Unknown,
Cara Lepore's Birthday,Delta Delta Delta,2012-06-30T04:00:00+00:00,2012-06-30T04:00:00+00:00,No location specified,,Unknown,"HAPPY BIRTHDAY, CARA!!!!"
Stephanie Arani's Birthday,Delta Delta Delta,2012-06-20T04:00:00+00:00,2012-06-20T04:00:00+00:00,everywhere!,,Unknown,"HAPPY BIRTHDAY, STEPHANIE!!!"
Summer O-Staff Move In,Orientation Staff,2012-06-13T13:00:00+00:00,2012-06-13T14:00:00+00:00,No location specified,,Unknown,
Morgan Hobb's Birthday,Delta Delta Delta,2012-06-08T04:00:00+00:00,2012-06-08T04:00:00+00:00,everywhere!,,Unknown,"HAPPY BIRTHDAY, MORGAN!!!!"
Mary Parman's Birthday,Delta Delta Delta,2012-06-06T05:00:00+00:00,2012-06-06T06:00:00+00:00,everywhere!,,Unknown,HAPPY BIRTHDAY MARY!!!
LDOC,"Kappa Kappa Gamma, Eta Alpha chapter",2012-04-24T04:00:00+00:00,2012-04-24T04:00:00+00:00,No location specified,,Unknown,
Library open until 2 am.,James B. Duke Library,2012-04-23T04:00:00+00:00,2012-04-24T04:00:00+00:00,Library,,Unknown,The library will be open until 2 am for final exams.
Dessert Party,Delta Delta Delta,2012-04-24T00:30:00+00:00,2012-04-24T01:30:00+00:00,J300,,Unknown,Sisterhood Dessert Party from 8:30-9:30pm in J300! Not mandatory! Just for fun! Come and enjoy some dessert with your sisters before exams start!
US Air Force Airmen of Note Jazz Ensemble,Furman University Jazz Ensemble,2012-04-23T23:30:00+00:00,2012-04-24T00:30:00+00:00,McAlister Auditorium,,Unknown,"Furman Jazz Studies is proud to present The Airmen of Note (http://www.usafband.af.mil/ensembles/BandEnsembleBio.asp?EnsembleID=58), the military's premiere jazz ensemble for a FREE concert. Free tickets will be available through Timmons Arena soon. Stay tuned for further announcements!"
ACS Spring Picnic,American Chemical Society,2012-04-23T22:30:00+00:00,2012-04-24T00:30:00+00:00,North Village Pavilion (Near G),,Unknown,"Come out for food and fun at the ACS Spring Picnic! We will have hamburgers (veggie burgers for vegetarians) and hot dogs and lots of delicious treats. Activities include volleyball, basketball, frisbee, and a variety of board games. You will also have a chance to win a periodic table blanket! The cost is $2 for non-members and FREE for everyone else. Sign-ups are posted on the board outside the chemistry suite. Hope to see you there!"
Singing at the ESPYs,Furman University FUtones,2012-04-23T23:30:00+00:00,2012-04-24T00:30:00+00:00,younts maybe?,,Unknown,exact time is TBA
Mere Christianity Forum (Monday Night Forum),Spiritual Life at Furman,2012-04-23T23:00:00+00:00,2012-04-24T00:15:00+00:00,Haynesworth Room in James B. Duke Library,,Unknown,
Auditions for Spring Awakening,Furman University Pauper Players,2012-04-23T23:00:00+00:00,2012-04-24T00:00:00+00:00,Downstairs Theory Room (Music Building),,Unknown,"Come audition for the Pauper Player's fall production of SPRING AWAKENING! Auditions will be held on: Monday, April 23rd from 7:00-8:00pm and Tuesday, April 24th from 6:30-9:00pm **Auditions will be held in the Downstairs Theory Room** Prepared at least 16 bars of a musical theater piece or rock song Email emily.zinger@furman.edu with any questions!"
Lutheran Student Assocation,Spiritual Life at Furman,2012-04-23T22:15:00+00:00,2012-04-23T23:30:00+00:00,Chapel Meeting Room,,Unknown,
Practice!,Furman University Club Tennis,2012-04-23T22:00:00+00:00,2012-04-23T23:00:00+00:00,varsity courts,,Unknown,
Roman Catholic Mass,Spiritual Life at Furman,2012-04-15T22:30:00+00:00,2012-04-15T23:30:00+00:00,Daniel Chapel,,Unknown,
$4 Dollar Dinner,Mere Christianity Forum,2012-04-15T22:30:00+00:00,2012-04-15T23:30:00+00:00,Vista House,,Unknown,Mere Christianity Forum students bring slightly eccentric kitchen concoctions to the table weekly. For food that hits between gourmet soul and glorified comfort. Drop in on Sundays at 6:30pm.
Mass,Catholic Campus Ministry,2012-04-15T22:30:00+00:00,2012-04-15T23:30:00+00:00,Chapel,,Unknown,
First AZ Meeting,Furman Panhellenic Recruitment 2012-2013,2012-04-15T21:00:00+00:00,2012-04-15T22:00:00+00:00,Hipp Hall Lobby,,Unknown,Quick meeting and then dinner!
"University Worship: ""Praying in Tongues""",Spiritual Life at Furman,2012-04-15T21:00:00+00:00,2012-04-15T22:00:00+00:00,Daniel Chapel,,Unknown,"Join us for University Worship as we consider Ancient Prayers, Desert Prayers, and Final Prayers given to us from the Hebrew Scriptures. We will walk through Lent and Easter with these prayers as our guide. Using the tongues of the earth, we will sing hymns, read Scripture, and share stories in the world's languages, reminding us that the world prays in tongues. Ancient Prayers January 15: No Services January 22: Dust and Ashes: Praying for Justice January 29: Face to Face: Praying for the Community February 5: Set the World: Praying for a New Way February 12: Heaven and Earth: Praying to Give Praise February 19: An Understanding Mind: Praying for Wisdom Desert Prayers February 26: From the Pit: Praying for Deliverance March 4: No Services March 11: No Services March 18: A Brief Moment: Praying for Intimacy March 25: Before the Lion: Praying for Empowerment April 1: Buy the Field: Praying for the Radical April 8: No Services Final Prayers April 15: Things Too Wonderful: Praying with Humility April 22: Do Not Delay: Praying Like There's No Tomorrow"
2011-2012 Final Orchestra Concert,Furman Symphony Orchestra,2012-04-15T19:00:00+00:00,2012-04-15T20:00:00+00:00,"McAlister Auditorium, Furman University",,Unknown,"Performing Les Préludes by Franz Liszt and Symphony No. 2, Lobgesang by Felix Mendelssohn Joined by the Furman Singers and featuring guest conductor John Nelson"
Wesley Fellowship Spring [Beach] Retreat,Furman Wesley Fellowship,2012-04-13T20:00:00+00:00,2012-04-15T19:00:00+00:00,"Sam's Beachhouse - Beaufort, SC",,Unknown,"WESLEY SPRING [Beach] RETREAT Friday, April 13 at 4:00pm - April 15 at 3:00pm We will be staying at Sam's beachhouse in Beaufort. This is a great time to get away from the busy-ness that is Furman to relax, rejuvenate, and refocus on our lives as Christians. During the weekend we will be looking at Jesus' last days with his disciples - AFTER the Resurrection. The cost is $20. Please respond by March 31 with your money. If you have questions, please contact Edward."
Beach Weekend,Fellowship of Christian Athletes,2012-04-13T17:00:00+00:00,2012-04-15T14:00:00+00:00,Myrtle Beach,,Unknown,FCA Beach Weekend!
Jessica Jackson's Birthday,Delta Delta Delta,2012-04-15T05:00:00+00:00,2012-04-15T06:00:00+00:00,Everywhere!,,Unknown,Happy birthday Jessica!!!
LIVE! Service-Learning Day,Cothran Center for Vocational Reflection,2012-04-14T13:00:00+00:00,2012-04-14T17:00:00+00:00,Triune Mercy Center,,Unknown,"This is an opportunity to learn about the struggle of the homeless and those in the Greenville area living in poverty. Come hear their stories... For those who have visited Triune in the past, there will also be opportunities to provide service at the Center that day."
Baptist Collegiate Ministry,Spiritual Life at Furman,2012-04-06T00:00:00+00:00,2012-04-06T01:15:00+00:00,"Watkins Room, University Center",,Unknown,
"Cooperative Student Fellowship, weekly meeting",Cooperative Student Fellowship,2012-04-05T23:30:00+00:00,2012-04-06T00:30:00+00:00,"Daniel Chapel, Meeting Room",,Unknown,"CSF's weekly meetings are open to everyone, new and returning members. Please join us for a time of devotion, discussion, and fellowship."
Christian Student Fellowship,Spiritual Life at Furman,2012-04-05T23:30:00+00:00,2012-04-06T00:30:00+00:00,Chapel Meeting Room,,Unknown,
Reformed University Fellowship,Spiritual Life at Furman,2012-04-05T23:00:00+00:00,2012-04-06T00:15:00+00:00,"Ramsey Parlor, Lakeside Housing",,Unknown,
Orthodox Christian Fellowship,Spiritual Life at Furman,2012-04-05T23:00:00+00:00,2012-04-06T00:00:00+00:00,Chapel Conference Room,,Unknown,
CSF Weekly Dinner,Cooperative Student Fellowship,2012-04-05T22:30:00+00:00,2012-04-05T23:20:00+00:00,Paladen,,Unknown,Come out and eat dinner with CSF every week before our meetings!
Society for Free Inquiry (SoFI) Dinner Meeting,Furman University Secular Student Alliance,2012-04-05T22:00:00+00:00,2012-04-05T23:00:00+00:00,P-Den,,Unknown,Come enjoy dinner and discussion with a diverse group of people! People of all faith backgrounds are invited to attend.
Practice!,Furman University Club Tennis,2012-04-05T22:00:00+00:00,2012-04-05T23:00:00+00:00,varsity courts,,Unknown,
faithSERVE,Spiritual Life at Furman,2012-04-05T21:30:00+00:00,2012-04-05T23:00:00+00:00,Chapel Garden Room,,Unknown,"Join us for reflection and service as we consider the ways in which our faith traditions and philosophies inform what we do and why we do it. Once a month, we gather in the Garden Room for reflection. On the other Thursdays, we help serve a meal at GAIHN (Greenville Area Interfaith Hospitality Network) to families in transitional homelessness."
faithSERVE Meeting/Service Day,Furman Interfaith,2012-04-05T21:30:00+00:00,2012-04-05T23:00:00+00:00,Furman Chapel / Places of worship,,Unknown,"The first of every month will be dedicated to having a meal together, with reflection on specific pieces by prominent writers on why we serve, whom we serve, etc. The weeks after will be divided among members to go to places of worship and help contribute to a meal for the GAIHN family they will be serving."
Orthodox Christian Fellowship,Spiritual Life at Furman,2012-03-29T23:00:00+00:00,2012-03-30T00:00:00+00:00,Chapel Conference Room,,Unknown,
CSF Weekly Dinner,Cooperative Student Fellowship,2012-03-29T22:30:00+00:00,2012-03-29T23:20:00+00:00,Paladen,,Unknown,Come out and eat dinner with CSF every week before our meetings!
faithSERVE,Spiritual Life at Furman,2012-03-29T21:30:00+00:00,2012-03-29T23:00:00+00:00,Chapel Garden Room,,Unknown,"Join us for reflection and service as we consider the ways in which our faith traditions and philosophies inform what we do and why we do it. Once a month, we gather in the Garden Room for reflection. On the other Thursdays, we help serve a meal at GAIHN (Greenville Area Interfaith Hospitality Network) to families in transitional homelessness."
Practice!,Furman University Club Tennis,2012-03-29T22:00:00+00:00,2012-03-29T23:00:00+00:00,varsity courts,,Unknown,
faithSERVE Meeting/Service Day,Furman Interfaith,2012-03-29T21:30:00+00:00,2012-03-29T23:00:00+00:00,Furman Chapel / Places of worship,,Unknown,"The first of every month will be dedicated to having a meal together, with reflection on specific pieces by prominent writers on why we serve, whom we serve, etc. The weeks after will be divided among members to go to places of worship and help contribute to a meal for the GAIHN family they will be serving."
IFC Meetings,Beta Theta Pi,2012-03-29T21:30:00+00:00,2012-03-29T22:30:00+00:00,Furman Hall 119,,Unknown,
Rising Junior ICE selections due,Furman Peer Advisors,2012-03-29T21:00:00+00:00,2012-03-29T21:00:00+00:00,n/a,,Unknown,ICE selections for rising juniors are due by 5pm.
Practice,Women's Club Volleyball,2012-03-29T19:30:00+00:00,2012-03-29T20:30:00+00:00,PAC,,Unknown,
CLOC!,Chi Omega,2012-03-29T19:00:00+00:00,2012-03-29T20:00:00+00:00,"2600 Wade Hampton Blvd, Greenville, SC",,Unknown,"Support our local philanthropy the Carolina Lutheran Outreach Center! Three to four sisters volunteer their time weekly to help elementary school students with their homework. Sisters are invited to volunteer any day of the week, but Thursdays are designated as Chi Omega's volunteer day. Questions? Ask community service chair Colleen Roberts!"
Relay for Life,Sigma Nu,2012-03-29T16:00:00+00:00,2012-03-29T17:00:00+00:00,No location specified,,Unknown,
CLP: Step Afrika,Furman University Student Activities Board,2012-03-22T00:00:00+00:00,2012-03-22T01:00:00+00:00,McAlister Auditorium,,Unknown,"Step Afrika is the first professional performance company in the world dedicated to the tradition of stepping. The company has been featured on CNN, BET, PBS, and NPR. Co-sponsored by SLBC and FUSAB"
CCM Meeting,Catholic Campus Ministry,2012-03-21T23:30:00+00:00,2012-03-22T01:00:00+00:00,Chapel Garden Room,,Unknown,"This week we will be discussing ""The Way, the Truth, and the Life"", the topic from our retreat this past weekend. The discussion will be an opportunity for those who did not attend the retreat to get a sense of what we talked about while those who did attend can reflect more on the topic. Join us for dinner at 7:30 followed by discussion at 8:00."
Catholic Campus Ministry,Spiritual Life at Furman,2012-03-21T23:15:00+00:00,2012-03-22T01:00:00+00:00,Chapel Garden Room,,Unknown,
Black Soccer vs Beta Theta Pi,Sigma Nu,2012-03-21T23:30:00+00:00,2012-03-22T00:30:00+00:00,PAC,,Unknown,
Flowerside,"Kappa Kappa Gamma, Eta Alpha chapter",2012-03-21T23:00:00+00:00,2012-03-22T00:00:00+00:00,Watkins,,Unknown,Bigs to arrive at 6:45pm Chapter to arrive at 7:00pm
CSBT Meeting,Furman Conservative Society,2012-03-21T23:00:00+00:00,2012-03-22T00:00:00+00:00,Johns Hall 107,,Unknown,
"""Evening With"" Dinner Series hosts Rev. Beth Templeton",Mere Christianity Forum,2012-03-21T23:00:00+00:00,2012-03-22T00:00:00+00:00,Vista House,,Unknown,"Rev. Beth Templeton is the director of ""Their Eyes Were Opened,"" the poverty education program of United Ministries, a Greenville-based social service agency aimed at eradicating poverty in Greenville county. Rev. Templeton has spent the past 30 years working for poverty alleviation in Greenville and is the author of ""Loving Our Neighbor: A Thoughtful Approach to Helping People in Poverty"". Join us as we learn about her vocational journey, life, and work in Greenville. The Vista House hosts Furman faculty or local community members as featured guest in Vista House’s ongoing interview series known as “An Evening with…” This allows a small group of Furman students to engage in frank conversation and sharp dialogue with interesting and interested members of the larger Furman community. Please join us for dinner this week! If you would like to attend this Wednesday 7 pm dinner, please RSVP to amy.canosa@furman.edu."
Orthodox Christian Fellowship,Spiritual Life at Furman,2012-03-21T23:00:00+00:00,2012-03-22T00:00:00+00:00,Chapel Conference Room,,Unknown,
Snakes Soccer,Sigma Nu,2012-03-21T22:30:00+00:00,2012-03-21T23:30:00+00:00,PAC,,Unknown,
Tie A Love Knot,Heller Service Corps,2012-03-21T22:00:00+00:00,2012-03-21T23:00:00+00:00,Watkins Room,,Unknown,"April is Child Abuse Awareness Month and every time a child is picked up by a DSS worker or a Guardian Ad Litem they are given their very own special blanket that is monogramed with the following, ""You are Treasured - You are Loved. Students will be assembling ""no sew"" fleece blankets simply by tying knots around the border of the blanket. Pizza and music will be provided and the goal is to make 100 blankets. Greenville has the highest child abuse rate in South Carolina. Please come join us for this special opportunity to help make a child feel loved."
Gold Volleyball,Sigma Nu,2012-03-14T00:45:00+00:00,2012-03-14T01:45:00+00:00,PAC,,Unknown,
Presbyterian Student Assocation,Spiritual Life at Furman,2012-03-14T00:00:00+00:00,2012-03-14T01:30:00+00:00,Chapel Meeting Room,,Unknown,
Seek Justice with IJM (weekly meeting),International Justice Mission,2012-03-14T00:00:00+00:00,2012-03-14T01:00:00+00:00,McEachern Lecture Hall- Furman Hall,,Unknown,This week we will be having our weekly meeting at 8:00 PM in McEachern Lecture Hall. Come get updates on issues of global injustice and play games and eat snacks with fellow justice seekers! ALL ARE WELCOME!
Bible Study,UKirk Furman,2012-03-14T00:00:00+00:00,2012-03-14T01:00:00+00:00,Meeting Room in Chapel,,Unknown,
Black Soccer vs. Sig Chi,Sigma Nu,2012-03-14T00:00:00+00:00,2012-03-14T01:00:00+00:00,PAC,,Unknown,
Wesley Fellowship Weekly Meeting,Furman Wesley Fellowship,2012-03-13T23:45:00+00:00,2012-03-14T00:45:00+00:00,"Garden Room, Furman Chapel",,Unknown,
Running Out of Water: Or just another six-point plan to resolve the water crisis?,Environmental Action Group (Furman Unviersity),2012-03-13T23:00:00+00:00,2012-03-14T00:00:00+00:00,"Watkins Room, Furman University",,Unknown,"Keynote Address by Peter Rodgers, Harvard professor of Environmental Engineering. Open Q & A following lecture. Part of the Global Issues Forum Spring Series. Prof. Peter Rogers is Gordon McKay Professor of Environmental Engineering and Professor of City Planning in the Division of Engineering and Applied Sciences at Harvard University. He is a member of the Technical Advisory Committee of the Global Water Partnership, recipient of Guggenheim and Twentieth Century Fellowships. He has carried out extensive field and model studies on population, water and energy resources, and environmental problems in Costa Rica, Pakistan, India, China, the Philippines, Bangladesh and, to a lesser extent, in 25 other countries. His most recent work has focused on the relationship between Chinese electric power developments and their impact on global warming. [ http://www.seas.harvard.edu/rogers/ ]http://www.seas.harvard.edu/rogers/"
Canterbury,Spiritual Life at Furman,2012-03-13T22:30:00+00:00,2012-03-14T00:00:00+00:00,Chapel Meeting Room,,Unknown,
EVM Meeting,Spiritual Life at Furman,2012-03-13T22:30:00+00:00,2012-03-13T23:30:00+00:00,Chapel Garden Room,,Unknown,"Meeting time for Exploration of Vocational Ministry (EVM). If you are interested in joining this scholarship program, check it out here: http://www2.furman.edu/sites/chaplaincy/ExplorartionofVocationalMinistry/Pages/default.aspx"
Weekly Meetings,Canterbury of Furman,2012-03-13T22:30:00+00:00,2012-03-13T23:30:00+00:00,Downstairs Daniel Chapel (unless otherwise specified),,Unknown,
NM Academic Excellence Workshop,"Kappa Kappa Gamma, Eta Alpha chapter",2012-02-28T01:00:00+00:00,2012-02-28T02:00:00+00:00,No location specified,,Unknown,
Mere Christianity Forum (Monday Night Forum),Spiritual Life at Furman,2012-02-28T00:00:00+00:00,2012-02-28T01:15:00+00:00,Haynesworth Room in James B. Duke Library,,Unknown,
Lutheran Student Assocation,Spiritual Life at Furman,2012-02-27T23:15:00+00:00,2012-02-28T00:30:00+00:00,Chapel Meeting Room,,Unknown,
Practice!,Furman University Club Tennis,2012-02-27T23:00:00+00:00,2012-02-28T00:00:00+00:00,varsity courts,,Unknown,
High School Heroes Playoffs 1st Round,Sigma Nu,2012-02-27T23:00:00+00:00,2012-02-28T00:00:00+00:00,PAC,,Unknown,
Religious Council Meeting,Spiritual Life at Furman,2012-02-27T21:00:00+00:00,2012-02-27T22:00:00+00:00,Chapel Conference Room,,Unknown,
Midterms - open until 2 am,James B. Duke Library,2012-02-26T05:00:00+00:00,2012-02-27T05:00:00+00:00,Library,,Unknown,The library will be open until 2 am to help you through midterms.
Academy Awards Party,Furman University Student Activities Board,2012-02-27T01:00:00+00:00,2012-02-27T04:00:00+00:00,Watkins Room,,Unknown,"The Artist? The Descendants? Moneyball? Who is going to win Best Picture this year? Join FUSAB as we watch the 2012 Academy Awards. Take your best guess at who will win the major awards and maybe you will walk away with something extra! Plus, we will have some delicious, red carpet-worthy desserts. We hope to see you there!"
Chapter,Chi Omega,2012-02-27T01:00:00+00:00,2012-02-27T02:00:00+00:00,Watkins Room,,Unknown,
$4 Dollar Dinner,Mere Christianity Forum,2012-02-26T23:30:00+00:00,2012-02-27T00:30:00+00:00,Vista House,,Unknown,Mere Christianity Forum regulars bring slightly eccentric kitchen concoctions to the table weekly. For food that hits somewhere between gourmet soul and glorified comfort. Drop in Sundays at 6:30pm
Roman Catholic Mass,Spiritual Life at Furman,2012-02-12T23:30:00+00:00,2012-02-13T00:30:00+00:00,Daniel Chapel,,Unknown,
"University Worship: ""Praying in Tongues""",Spiritual Life at Furman,2012-02-12T22:00:00+00:00,2012-02-12T23:00:00+00:00,Daniel Chapel,,Unknown,"Join us for University Worship as we consider Ancient Prayers, Desert Prayers, and Final Prayers given to us from the Hebrew Scriptures. We will walk through Lent and Easter with these prayers as our guide. Using the tongues of the earth, we will sing hymns, read Scripture, and share stories in the world's languages, reminding us that the world prays in tongues. Ancient Prayers January 15: No Services January 22: Dust and Ashes: Praying for Justice January 29: Face to Face: Praying for the Community February 5: Set the World: Praying for a New Way February 12: Heaven and Earth: Praying to Give Praise February 19: An Understanding Mind: Praying for Wisdom Desert Prayers February 26: From the Pit: Praying for Deliverance March 4: No Services March 11: No Services March 18: A Brief Moment: Praying for Intimacy March 25: Before the Lion: Praying for Empowerment April 1: Buy the Field: Praying for the Radical April 8: No Services Final Prayers April 15: Things Too Wonderful: Praying with Humility April 22: Do Not Delay: Praying Like There's No Tomorrow"
Ski Trip!,Furman University Outdoor Club,2012-02-10T17:00:00+00:00,2012-02-12T18:00:00+00:00,"Snowshoe, WV",,Unknown,"FUOC's annual Ski Trip to Snowshoe, WV! Leaving Friday afternoon, skiing all day Saturday and driving through Saturday night/Sunday morning to arrive back on campus early Sunday AM! Come out to the raffle Thursday 1/19 at 8:30 pm on the PDen stage for a chance to get tickets! Only $50/person ($100/pair)!"
Keystone,Beta Theta Pi,2012-02-10T05:00:00+00:00,2012-02-12T05:00:00+00:00,No location specified,,Unknown,
Jumah Salah- Muslim Student Association,Spiritual Life at Furman,2012-02-10T18:30:00+00:00,2012-02-10T20:00:00+00:00,Chapel Meeting Room,,Unknown,
Baptist Collegiate Ministry,Spiritual Life at Furman,2012-02-10T01:00:00+00:00,2012-02-10T02:15:00+00:00,"Watkins Room, University Center",,Unknown,
Meeting,Furman H.E.R.O.E.S.,2012-02-10T01:00:00+00:00,2012-02-10T02:00:00+00:00,FH 208,,Unknown,
"Cooperative Student Fellowship, weekly meeting",Cooperative Student Fellowship,2012-02-10T00:30:00+00:00,2012-02-10T01:30:00+00:00,"Daniel Chapel, Meeting Room",,Unknown,"CSF's weekly meetings are open to everyone, new and returning members. Please join us for a time of devotion, discussion, and fellowship."
Christian Student Fellowship,Spiritual Life at Furman,2012-02-10T00:30:00+00:00,2012-02-10T01:30:00+00:00,Chapel Meeting Room,,Unknown,
Reformed University Fellowship,Spiritual Life at Furman,2012-02-10T00:00:00+00:00,2012-02-10T01:15:00+00:00,"Ramsey Parlor, Lakeside Housing",,Unknown,
Presbyterian Student Assocation,Spiritual Life at Furman,2012-01-25T01:00:00+00:00,2012-01-25T02:30:00+00:00,Chapel Meeting Room,,Unknown,
Bible Study,UKirk Furman,2012-01-25T01:00:00+00:00,2012-01-25T02:00:00+00:00,Meeting Room in Chapel,,Unknown,
Wesley Fellowship Weekly Meeting,Furman Wesley Fellowship,2012-01-25T00:45:00+00:00,2012-01-25T01:45:00+00:00,"Garden Room, Furman Chapel",,Unknown,
Canterbury,Spiritual Life at Furman,2012-01-24T23:30:00+00:00,2012-01-25T01:00:00+00:00,Chapel Meeting Room,,Unknown,
EVM Meeting,Spiritual Life at Furman,2012-01-24T23:30:00+00:00,2012-01-25T00:30:00+00:00,Chapel Garden Room,,Unknown,"Meeting time for Exploration of Vocational Ministry (EVM). If you are interested in joining this scholarship program, check it out here: http://www2.furman.edu/sites/chaplaincy/ExplorartionofVocationalMinistry/Pages/default.aspx"
Weekly Meetings,Canterbury of Furman,2012-01-24T23:30:00+00:00,2012-01-25T00:30:00+00:00,Downstairs Daniel Chapel (unless otherwise specified),,Unknown,
Basketball,Beta Theta Pi,2012-01-24T23:00:00+00:00,2012-01-25T00:00:00+00:00,No location specified,,Unknown,
Mere Christianity Forum (Monday Night Forum),Spiritual Life at Furman,2012-01-24T00:00:00+00:00,2012-01-24T01:15:00+00:00,Haynesworth Room in James B. Duke Library,,Unknown,
Lutheran Student Assocation,Spiritual Life at Furman,2012-01-23T23:15:00+00:00,2012-01-24T00:30:00+00:00,Chapel Meeting Room,,Unknown,
Practice!,Furman University Club Tennis,2012-01-23T23:00:00+00:00,2012-01-24T00:00:00+00:00,varsity courts,,Unknown,
Practice!,Furman University Club Tennis,2011-12-08T23:00:00+00:00,2011-12-09T00:00:00+00:00,varsity courts,,Unknown,
Bible Study,UKirk Furman,2011-12-07T01:00:00+00:00,2011-12-07T02:00:00+00:00,Meeting Room in Chapel,,Unknown,
Weekly Meetings,Canterbury of Furman,2011-12-06T23:30:00+00:00,2011-12-07T00:30:00+00:00,Downstairs Daniel Chapel (unless otherwise specified),,Unknown,
Practice!,Furman University Club Tennis,2011-12-05T23:00:00+00:00,2011-12-06T00:00:00+00:00,varsity courts,,Unknown,
Kappa Alpha Psi: 2K11 Neophyte Presentation,Xi Omega Chapter of Kappa Alpha Psi Fraternity Inc.,2011-12-04T02:11:00+00:00,2011-12-04T03:11:00+00:00,Watkins,,Unknown,
Meeting,Furman H.E.R.O.E.S.,2011-12-02T01:00:00+00:00,2011-12-02T02:00:00+00:00,Furman Hall 208,,Unknown,
"Cooperative Student Fellowship, weekly meeting",Cooperative Student Fellowship,2011-12-02T00:30:00+00:00,2011-12-02T01:30:00+00:00,"Daniel Chapel, Meeting Room",,Unknown,"CSF's weekly meetings are open to everyone, new and returning members. Please join us for a time of devotion, discussion, and fellowship."
Large Group,Reformed University Fellowship,2011-12-02T00:00:00+00:00,2011-12-02T01:00:00+00:00,Ramsay Parlor,,Unknown,Come to Large Group. Tim is awesome!
CSF Weekly Dinner,Cooperative Student Fellowship,2011-12-01T23:30:00+00:00,2011-12-02T00:20:00+00:00,Paladen,,Unknown,Come out and eat dinner with CSF every week before our meetings!
Practice!,Furman University Club Tennis,2011-12-01T23:00:00+00:00,2011-12-02T00:00:00+00:00,varsity courts,,Unknown,
Bible Study,UKirk Furman,2011-10-26T00:00:00+00:00,2011-10-26T01:00:00+00:00,Meeting Room in Chapel,,Unknown,
Weekly Meetings,Canterbury of Furman,2011-10-25T22:30:00+00:00,2011-10-25T23:30:00+00:00,Downstairs Daniel Chapel (unless otherwise specified),,Unknown,
Swim practice,Furman Club Swim Team,2011-10-25T21:00:00+00:00,2011-10-25T22:00:00+00:00,PAC pool,,Unknown,
ITS Staff Liaisons Meeting,Tech Talk,2011-10-25T18:00:00+00:00,2011-10-25T19:30:00+00:00,Garden Room,,Unknown,ITS staff listen to feedback from staff liaisons representing administrative departments. Includes discussion of upcoming technology projects.
Practice!,Furman University Club Tennis,2011-10-24T22:00:00+00:00,2011-10-24T23:00:00+00:00,varsity courts,,Unknown,
Homecoming Week!,Office of Student Involvement and Inclusion,2011-10-23T04:00:00+00:00,2011-10-24T04:00:00+00:00,No location specified,,Unknown,Celebrate Homecoming Week with the Paladins!
Homecoming Week!,Office of Student Involvement and Inclusion,2011-10-22T04:00:00+00:00,2011-10-23T04:00:00+00:00,No location specified,,Unknown,Celebrate Homecoming Week with the Paladins!
Homecoming Week!,Office of Student Involvement and Inclusion,2011-10-21T04:00:00+00:00,2011-10-22T04:00:00+00:00,No location specified,,Unknown,Celebrate Homecoming Week with the Paladins!
IDA Show at SAPC,Furman University Dressage Club Team,2011-10-22T04:00:00+00:00,2011-10-22T04:00:00+00:00,Saint Andrew's Presbyterian College,,Unknown,
Homecoming Week!,Office of Student Involvement and Inclusion,2011-10-20T04:00:00+00:00,2011-10-21T04:00:00+00:00,No location specified,,Unknown,Celebrate Homecoming Week with the Paladins!
