org_slug,doc_id,title,doc_type,year,filename,sha256,source_url,upload_date,content_type,original_filename
aceofclubs,1078248,Constitution/Bylaws,constitution,2019,data/orgs/aceofclubs/documents/2019/constitution_constitutionbylaws_1078248.docx,8e4779db4db6aa8c3541cce7e4f69e3116470e604a59e219634442552aec6b90,https://furman.campuslabs.com/engage/legacy/organization/aceofclubs/DocumentLibrary/view/1078248,2019-02-07T17:34:04,application/octet-stream; charset=utf-8,Ace_of_Clubs_Constitution.docx
aceofclubs,1084021,Constitution/Bylaws,constitution,2019,data/orgs/aceofclubs/documents/2019/constitution_constitutionbylaws_1084021.pdf,d04592ee241d757c622bc9cafc1b3da44a43fea6014c8de65b1cf3fa95b1c124,https://furman.campuslabs.com/engage/legacy/organization/aceofclubs/DocumentLibrary/view/1084021,2019-03-25T09:11:29,application/octet-stream; charset=utf-8,Ace_of_Clubs_Constitution_and_Bylaws_3-25-19.pdf
aceofclubs,1793925,Constitution/Bylaws,constitution,2020,data/orgs/aceofclubs/documents/2020/constitution_constitutionbylaws_1793925.pdf,d04592ee241d757c622bc9cafc1b3da44a43fea6014c8de65b1cf3fa95b1c124,https://furman.campuslabs.com/engage/legacy/organization/aceofclubs/DocumentLibrary/view/1793925,2020-08-25T18:27:08,application/octet-stream; charset=utf-8,Ace_of_Clubs_Constitution_and_Bylaws_2020.pdf
aceofclubs,1967158,Constitution/Bylaws,constitution,2021,data/orgs/aceofclubs/documents/2021/constitution_constitutionbylaws_1967158.pdf,d04592ee241d757c622bc9cafc1b3da44a43fea6014c8de65b1cf3fa95b1c124,https://furman.campuslabs.com/engage/legacy/organization/aceofclubs/DocumentLibrary/view/1967158,2021-08-30T10:08:45,application/octet-stream; charset=utf-8,Ace_of_Clubs_Constitution_and_Bylaws_2020_(1).pdf
aceofclubs,2100604,Constitution/Bylaws,constitution,2022,data/orgs/aceofclubs/documents/2022/constitution_constitutionbylaws_2100604.pdf,d04592ee241d757c622bc9cafc1b3da44a43fea6014c8de65b1cf3fa95b1c124,https://furman.campuslabs.com/engage/legacy/organization/aceofclubs/DocumentLibrary/view/2100604,2022-08-18T19:16:11,application/octet-stream; charset=utf-8,Ace_of_Clubs_Constitution_and_Bylaws_2020_(1).pdf
aceofclubs,2256469,Constitution/Bylaws,constitution,2023,data/orgs/aceofclubs/documents/2023/constitution_constitutionbylaws_2256469.pdf,f55e0a7153bf445b9941631048fe686a6b76efd1d0e0838170081313faaa1e2f,https://furman.campuslabs.com/engage/legacy/organization/aceofclubs/DocumentLibrary/view/2256469,2023-08-08T17:44:28,application/octet-stream; charset=utf-8,Ace_of_Clubs_Constitution_and_Bylaws_2020_(1).pdf
aceofclubs,2364512,Constitution/Bylaws,constitution,2024,data/orgs/aceofclubs/documents/2024/constitution_constitutionbylaws_2364512.pdf,64aaebf846cd3660bfb293043638978faf04c893962597f45abcde49f0dad714,https://furman.campuslabs.com/engage/legacy/organization/aceofclubs/DocumentLibrary/view/2364512,2024-09-02T22:49:48,application/octet-stream; charset=utf-8,Ace_of_Clubs_Constitution_and_Bylaws.pdf
aceofclubs,2499739,Constitution/Bylaws,constitution,2025,data/orgs/aceofclubs/documents/2025/constitution_constitutionbylaws_2499739.docx,6949603c087724dcc80280a3566407c2447fb3404f6f0dfccf76702d454dcf16,https://furman.campuslabs.com/engage/legacy/organization/aceofclubs/DocumentLibrary/view/2499739,2025-08-27T15:52:55,application/octet-stream; charset=utf-8,Ace_of_Clubs_Constitution_and_Bylaws.docx
arkclub,2312580,2025 The_Acts_of_Random_Kindness_Club_Constitution_and_Bylaws.docx,constitution,2024,data/orgs/arkclub/documents/2024/constitution_2025_the_acts_of_random_kindness_club_constitution_and_bylawsdocx_2312580.docx,4476477f24c8652080f041f30a82e113498eb40f301db755cdad18db62999a54,https://furman.campuslabs.com/engage/legacy/organization/arkclub/DocumentLibrary/view/2312580,2024-04-09T13:47:18,application/octet-stream; charset=utf-8,2025_The_Acts_of_Random_Kindness_Club_Constitution_and_Bylaws.docx
arkclub,2364513,Constitution/Bylaws,constitution,2024,data/orgs/arkclub/documents/2024/constitution_constitutionbylaws_2364513.docx,4476477f24c8652080f041f30a82e113498eb40f301db755cdad18db62999a54,https://furman.campuslabs.com/engage/legacy/organization/arkclub/DocumentLibrary/view/2364513,2024-08-09T19:15:42,application/octet-stream; charset=utf-8,2025_The_Acts_of_Random_Kindness_Club_Constitution_and_Bylaws.docx
arkclub,2499740,Constitution/Bylaws,constitution,2025,data/orgs/arkclub/documents/2025/constitution_constitutionbylaws_2499740.docx,bedc5d55869d4d63a2918b0a991e5255dc2d46c5daac7f83b5c02949d1322637,https://furman.campuslabs.com/engage/legacy/organization/arkclub/DocumentLibrary/view/2499740,2025-09-15T22:30:26,application/octet-stream; charset=utf-8,2025_The_Acts_of_Random_Kindness_Club_Constitution_and_Bylaws.docx
arkclub,2043505,Constitution/Bylaws,constitution,2022,data/orgs/arkclub/documents/2022/constitution_constitutionbylaws_2043505.docx,ce06a640de96c63f8248d0008a951ecded6ae568e9fe5df7f722ba0784197fa0,https://furman.campuslabs.com/engage/legacy/organization/arkclub/DocumentLibrary/view/2043505,2022-03-10T16:53:17,application/octet-stream; charset=utf-8,The_Acts_of_Random_Kindness_Club_Constitution_and_Bylaws.docx
arkclub,2100605,Constitution/Bylaws,constitution,2022,data/orgs/arkclub/documents/2022/constitution_constitutionbylaws_2100605.docx,ce06a640de96c63f8248d0008a951ecded6ae568e9fe5df7f722ba0784197fa0,https://furman.campuslabs.com/engage/legacy/organization/arkclub/DocumentLibrary/view/2100605,2022-08-08T15:44:43,application/octet-stream; charset=utf-8,ARK_CLUB_-_The_Acts_of_Random_Kindness_Club_Constitution_and_Bylaws.docx
arkclub,2256470,Constitution/Bylaws,constitution,2023,data/orgs/arkclub/documents/2023/constitution_constitutionbylaws_2256470.docx,4b819146009955c6de21d0febc49402cb6b01fcd4f9ad7aa5dc33c56e96b335e,https://furman.campuslabs.com/engage/legacy/organization/arkclub/DocumentLibrary/view/2256470,2023-08-09T14:38:26,application/octet-stream; charset=utf-8,The_Acts_of_Random_Kindness_Club_Constitution_and_Bylaws.docx
adelphian-and-philosophian-debate-society,752955,Constitution/Bylaws,constitution,2018,data/orgs/adelphian-and-philosophian-debate-society/documents/2018/constitution_constitutionbylaws_752955.doc,5c3d03f9c8cbca26c530993ebd9ca6071a524374e25fbe60e0b5c7c8c40382cc,https://furman.campuslabs.com/engage/legacy/organization/Adelphian-and-Philosophian-Debate-Society/DocumentLibrary/view/752955,2018-04-06T15:32:58,application/octet-stream; charset=utf-8,Debate_Society_Constitution.doc
adelphian-and-philosophian-debate-society,1084195,Constitution/Bylaws,constitution,2019,data/orgs/adelphian-and-philosophian-debate-society/documents/2019/constitution_constitutionbylaws_1084195.doc,3e5c51473c910d61e47f364f4a514a9832cb92d03e667e0306aa36ee05ee17d5,https://furman.campuslabs.com/engage/legacy/organization/Adelphian-and-Philosophian-Debate-Society/DocumentLibrary/view/1084195,2019-03-19T10:14:49,application/octet-stream; charset=utf-8,Debate_Society_Constitution.doc
adelphian-and-philosophian-debate-society,1792359,Constitution/Bylaws,constitution,2020,data/orgs/adelphian-and-philosophian-debate-society/documents/2020/constitution_constitutionbylaws_1792359.doc,81410eff273290b603277f8d18e9ba9d0015cf0166cae0860335a24acfcd4819,https://furman.campuslabs.com/engage/legacy/organization/Adelphian-and-Philosophian-Debate-Society/DocumentLibrary/view/1792359,2020-08-21T12:42:57,application/octet-stream; charset=utf-8,Furman_Forensic__Constitution.doc
adelphian-and-philosophian-debate-society,1969287,Constitution/Bylaws,constitution,2021,data/orgs/adelphian-and-philosophian-debate-society/documents/2021/constitution_constitutionbylaws_1969287.doc,3a0cfc361e2d9405b246d7aed5e1d76c7acdbaaaf7ef3a30062966a0e9b69b47,https://furman.campuslabs.com/engage/legacy/organization/Adelphian-and-Philosophian-Debate-Society/DocumentLibrary/view/1969287,2021-08-26T15:18:31,application/octet-stream; charset=utf-8,Furman_Forensic__Constitution_(1).doc
adelphian-and-philosophian-debate-society,2101534,Constitution/Bylaws,constitution,2022,data/orgs/adelphian-and-philosophian-debate-society/documents/2022/constitution_constitutionbylaws_2101534.doc,3a0cfc361e2d9405b246d7aed5e1d76c7acdbaaaf7ef3a30062966a0e9b69b47,https://furman.campuslabs.com/engage/legacy/organization/Adelphian-and-Philosophian-Debate-Society/DocumentLibrary/view/2101534,2022-08-25T09:13:38,application/octet-stream; charset=utf-8,Furman_Forensic__Constitution_(1).doc
adelphian-and-philosophian-debate-society,2256471,Constitution/Bylaws,constitution,2023,data/orgs/adelphian-and-philosophian-debate-society/documents/2023/constitution_constitutionbylaws_2256471.docx,625605b739f35ec452cc9ace7703e89242c0c78db0163331abf6826a4d5fb2f6,https://furman.campuslabs.com/engage/legacy/organization/Adelphian-and-Philosophian-Debate-Society/DocumentLibrary/view/2256471,2023-08-16T12:06:25,application/octet-stream; charset=utf-8,APDS__Constitution2.docx
adelphian-and-philosophian-debate-society,2398653,Constitution/Bylaws,constitution,2024,data/orgs/adelphian-and-philosophian-debate-society/documents/2024/constitution_constitutionbylaws_2398653.docx,363c586a53d27b4d6150693ad22148e355d88bfc7cc9fbe818cc44e28da1ef86,https://furman.campuslabs.com/engage/legacy/organization/Adelphian-and-Philosophian-Debate-Society/DocumentLibrary/view/2398653,2024-10-23T18:02:34,application/octet-stream; charset=utf-8,APDS__Constitution.docx
adelphian-and-philosophian-debate-society,2499741,Constitution/Bylaws,constitution,2025,data/orgs/adelphian-and-philosophian-debate-society/documents/2025/constitution_constitutionbylaws_2499741.docx,363c586a53d27b4d6150693ad22148e355d88bfc7cc9fbe818cc44e28da1ef86,https://furman.campuslabs.com/engage/legacy/organization/Adelphian-and-Philosophian-Debate-Society/DocumentLibrary/view/2499741,2025-08-28T14:44:12,application/octet-stream; charset=utf-8,APDS__Constitution.docx
admission-ambassadors,696775,Constitution,constitution,2018,data/orgs/admission-ambassadors/documents/2018/constitution_constitution_696775.doc,940c192f2bed2a9b4f216a2a84952f86f218f5993b86dfd3ba0fc7ba652b2d7e,https://furman.campuslabs.com/engage/legacy/organization/admission-ambassadors/DocumentLibrary/view/696775,2018-01-25T11:40:00,application/octet-stream; charset=utf-8,Constitution_.doc
admission-ambassadors,752903,Constitution/Bylaws,constitution,2018,data/orgs/admission-ambassadors/documents/2018/constitution_constitutionbylaws_752903.doc,e6b396b3c52ff3beb88586e4e4c878088ab4fe07b98ec7a808922b013ec2b4fe,https://furman.campuslabs.com/engage/legacy/organization/admission-ambassadors/DocumentLibrary/view/752903,2018-04-03T16:14:19,application/octet-stream; charset=utf-8,Constitution_for_Ambassadors.doc
admission-ambassadors,1084022,Constitution/Bylaws,constitution,2019,data/orgs/admission-ambassadors/documents/2019/constitution_constitutionbylaws_1084022.doc,ae5e7b34abe1e7a33c78a67a50d601ff649a90082f9d66bfddaf5483c8610e97,https://furman.campuslabs.com/engage/legacy/organization/admission-ambassadors/DocumentLibrary/view/1084022,2019-04-01T11:01:45,application/octet-stream; charset=utf-8,Up_to_date_constitution.doc
admission-ambassadors,1793926,Constitution/Bylaws,constitution,2020,data/orgs/admission-ambassadors/documents/2020/constitution_constitutionbylaws_1793926.doc,ae5e7b34abe1e7a33c78a67a50d601ff649a90082f9d66bfddaf5483c8610e97,https://furman.campuslabs.com/engage/legacy/organization/admission-ambassadors/DocumentLibrary/view/1793926,2020-08-25T13:17:51,application/octet-stream; charset=utf-8,Oct_2018_Constituition.doc
afrikiya,2499125,2025-2026_Constitution/Bylaws,constitution,2025,data/orgs/afrikiya/documents/2025/constitution_2025-2026_constitutionbylaws_2499125.docx,038d6c5dc67e4f012bb68922166822a97947b2042a00ed8e9cbf55a1017c6e2c,https://furman.campuslabs.com/engage/legacy/organization/Afrikiya/DocumentLibrary/view/2499125,2025-09-15T17:55:49,application/octet-stream; charset=utf-8,2025-2026_Afrikiya_Constitution.docx
afrikiya,2499742,Constitution/Bylaws,constitution,2025,data/orgs/afrikiya/documents/2025/constitution_constitutionbylaws_2499742.pdf,6217c56412761aefa778086189b81a3609d43f299fe8bdfd01b2641b3ac66403,https://furman.campuslabs.com/engage/legacy/organization/Afrikiya/DocumentLibrary/view/2499742,2025-08-09T01:43:20,application/octet-stream; charset=utf-8,2025-2026_Afrikiya_Constitution.pdf
afrikiya,2256472,Constitution/Bylaws,constitution,2023,data/orgs/afrikiya/documents/2023/constitution_constitutionbylaws_2256472.docx,8e9104dc3d19a3e10f853d7a5d3f613d76eb3ce25503acbdd5c86978f37adfb9,https://furman.campuslabs.com/engage/legacy/organization/Afrikiya/DocumentLibrary/view/2256472,2023-08-10T19:58:52,application/octet-stream; charset=utf-8,Afrikiya_constitution.docx
afrikiya,2364514,Constitution/Bylaws,constitution,2024,data/orgs/afrikiya/documents/2024/constitution_constitutionbylaws_2364514.docx,682058505e73a9aaa17ad4fa43ce0d441504596eda82731cfd4983ddee9ab0c0,https://furman.campuslabs.com/engage/legacy/organization/Afrikiya/DocumentLibrary/view/2364514,2024-08-25T16:06:00,application/octet-stream; charset=utf-8,2024-2025_Afrikiya_Constitution.docx
furmanalphadeltapi,695128,Constitution/Bylaws,constitution,2018,data/orgs/furmanalphadeltapi/documents/2018/constitution_constitutionbylaws_695128.docx,a9cd9cfa7cf8d12ac8371a5942bfb59eaa4631017049c3b3b0039aa1cb0af7f9,https://furman.campuslabs.com/engage/legacy/organization/furmanalphadeltapi/DocumentLibrary/view/695128,2018-01-22T16:40:37,application/octet-stream; charset=utf-8,Eta_Phi_Bylaws_2017.docm.docx
furmanalphadeltapi,1792320,Constitution/Bylaws,constitution,2020,data/orgs/furmanalphadeltapi/documents/2020/constitution_constitutionbylaws_1792320.docm,cd658ccd16cd051b94f097e398bdf1bc3d50964ea217559b2ef3d0d57df1af40,https://furman.campuslabs.com/engage/legacy/organization/furmanalphadeltapi/DocumentLibrary/view/1792320,2020-08-18T16:28:06,application/octet-stream; charset=utf-8,Eta_Phi_Bylaws_2018_(1).docm
furmanalphadeltapi,1971480,Constitution/Bylaws,constitution,2021,data/orgs/furmanalphadeltapi/documents/2021/constitution_constitutionbylaws_1971480.docx,2b8e220651b82f4b61d9a530ee3137b3f824446875a99ce5c95b36daec5d77f8,https://furman.campuslabs.com/engage/legacy/organization/furmanalphadeltapi/DocumentLibrary/view/1971480,2021-08-25T10:19:30,application/octet-stream; charset=utf-8,Eta_Phi_Standing_Rules_2021.docx
furmanalphadeltapi,2106121,Constitution/Bylaws,constitution,2022,data/orgs/furmanalphadeltapi/documents/2022/constitution_constitutionbylaws_2106121.docx,b2139872445b45d024192874d8849e829e8323ca4f83abc1aacb4f7eb37b4bec,https://furman.campuslabs.com/engage/legacy/organization/furmanalphadeltapi/DocumentLibrary/view/2106121,2022-08-22T20:11:31,application/octet-stream; charset=utf-8,Eta_Phi_2022_Standing_Rues.docx
furmanalphadeltapi,2256473,Constitution/Bylaws,constitution,2023,data/orgs/furmanalphadeltapi/documents/2023/constitution_constitutionbylaws_2256473.docx,459268625c72558f47f69ddd263f8617afe8a0d8af0babc6a994ff3eee47933a,https://furman.campuslabs.com/engage/legacy/organization/furmanalphadeltapi/DocumentLibrary/view/2256473,2023-08-08T14:09:33,application/octet-stream; charset=utf-8,Chapter_Bylaws_2023.docx
furmanalphadeltapi,2364515,Constitution/Bylaws,constitution,2024,data/orgs/furmanalphadeltapi/documents/2024/constitution_constitutionbylaws_2364515.pdf,244f7f80094f3e2f64c9789070e56a71177c220c60fd6f89765acd034b2cd93f,https://furman.campuslabs.com/engage/legacy/organization/furmanalphadeltapi/DocumentLibrary/view/2364515,2024-08-10T23:34:34,application/octet-stream; charset=utf-8,Bylaws_of_Alpha_Delta_Pi_Sorority_June_2024.pdf
furmanalphadeltapi,2498114,Constitution/Bylaws,constitution,2025,data/orgs/furmanalphadeltapi/documents/2025/constitution_constitutionbylaws_2498114.pdf,ddb180205fb2ae6e851aa7dd18d996b214e5bbd621d009bd46d2649d2bef094f,https://furman.campuslabs.com/engage/legacy/organization/furmanalphadeltapi/DocumentLibrary/view/2498114,2025-09-14T14:50:01,application/octet-stream; charset=utf-8,"Eta_Phi_Chapter_By-Laws,_March_2025.pdf"
furmanalphadeltapi,2499743,Constitution/Bylaws,constitution,2025,data/orgs/furmanalphadeltapi/documents/2025/constitution_constitutionbylaws_2499743.pdf,ddb180205fb2ae6e851aa7dd18d996b214e5bbd621d009bd46d2649d2bef094f,https://furman.campuslabs.com/engage/legacy/organization/furmanalphadeltapi/DocumentLibrary/view/2499743,2025-08-25T13:20:51,application/octet-stream; charset=utf-8,2025_Chapter_Bylaws.docx.pdf
alpha-epsilon-delta,689786,Constitution/Bylaws,constitution,2018,data/orgs/alpha-epsilon-delta/documents/2018/constitution_constitutionbylaws_689786.pdf,b97ac27948775546d24a9ed109e037dd136b87a556a69025f722eea9318af54c,https://furman.campuslabs.com/engage/legacy/organization/alpha-epsilon-delta/DocumentLibrary/view/689786,2018-01-02T13:17:19,application/octet-stream; charset=utf-8,national-constitution-and-bylaws5.pdf
alpha-epsilon-delta,752904,Constitution/Bylaws,constitution,2018,data/orgs/alpha-epsilon-delta/documents/2018/constitution_constitutionbylaws_752904.pdf,b97ac27948775546d24a9ed109e037dd136b87a556a69025f722eea9318af54c,https://furman.campuslabs.com/engage/legacy/organization/alpha-epsilon-delta/DocumentLibrary/view/752904,2018-04-11T18:42:29,application/octet-stream; charset=utf-8,AED_Constitution.pdf
alpha-epsilon-delta,1084026,Constitution/Bylaws,constitution,2019,data/orgs/alpha-epsilon-delta/documents/2019/constitution_constitutionbylaws_1084026.pdf,b97ac27948775546d24a9ed109e037dd136b87a556a69025f722eea9318af54c,https://furman.campuslabs.com/engage/legacy/organization/alpha-epsilon-delta/DocumentLibrary/view/1084026,2019-04-01T10:54:29,application/octet-stream; charset=utf-8,AED_Constitution.pdf
alpha-epsilon-delta,1792321,Constitution/Bylaws,constitution,2020,data/orgs/alpha-epsilon-delta/documents/2020/constitution_constitutionbylaws_1792321.pdf,b97ac27948775546d24a9ed109e037dd136b87a556a69025f722eea9318af54c,https://furman.campuslabs.com/engage/legacy/organization/alpha-epsilon-delta/DocumentLibrary/view/1792321,2020-08-18T19:20:30,application/octet-stream; charset=utf-8,AED_Constitution.pdf
alpha-epsilon-delta,1967162,Constitution/Bylaws,constitution,2021,data/orgs/alpha-epsilon-delta/documents/2021/constitution_constitutionbylaws_1967162.pdf,b97ac27948775546d24a9ed109e037dd136b87a556a69025f722eea9318af54c,https://furman.campuslabs.com/engage/legacy/organization/alpha-epsilon-delta/DocumentLibrary/view/1967162,2021-08-08T20:05:36,application/octet-stream; charset=utf-8,AED_Constitution.pdf
alpha-epsilon-delta,2100722,Constitution/Bylaws,constitution,2022,data/orgs/alpha-epsilon-delta/documents/2022/constitution_constitutionbylaws_2100722.pdf,b97ac27948775546d24a9ed109e037dd136b87a556a69025f722eea9318af54c,https://furman.campuslabs.com/engage/legacy/organization/alpha-epsilon-delta/DocumentLibrary/view/2100722,2022-08-09T09:52:09,application/octet-stream; charset=utf-8,AED_Constitution.pdf
alpha-epsilon-delta,2256474,Constitution/Bylaws,constitution,2023,data/orgs/alpha-epsilon-delta/documents/2023/constitution_constitutionbylaws_2256474.pdf,b8a83e1c8fd9912606b601cef8588a8ca4a9362c7ae08ae53fa153f9591488a3,https://furman.campuslabs.com/engage/legacy/organization/alpha-epsilon-delta/DocumentLibrary/view/2256474,2023-08-13T20:00:50,application/octet-stream; charset=utf-8,AED_Constitution_2023.pdf
alpha-epsilon-delta,2364516,Constitution/Bylaws,constitution,2024,data/orgs/alpha-epsilon-delta/documents/2024/constitution_constitutionbylaws_2364516.docx,5b9815a08ab16b462c40d4318863fe16b0aa0efeded3005f3914eb7447c8255d,https://furman.campuslabs.com/engage/legacy/organization/alpha-epsilon-delta/DocumentLibrary/view/2364516,2024-08-19T11:18:08,application/octet-stream; charset=utf-8,AED_Constitution_2023.docx
alpha-epsilon-delta,2499744,Constitution/Bylaws,constitution,2025,data/orgs/alpha-epsilon-delta/documents/2025/constitution_constitutionbylaws_2499744.pdf,7c5b9c91a26b06e0cacd104ce85f4e29343c043ed75e7fbda15cf0695e90c726,https://furman.campuslabs.com/engage/legacy/organization/alpha-epsilon-delta/DocumentLibrary/view/2499744,2025-08-25T10:05:39,application/octet-stream; charset=utf-8,AED-National-CBL-2024.pdf
aka1908,1967942,Constitution/Bylaws,constitution,2021,data/orgs/aka1908/documents/2021/constitution_constitutionbylaws_1967942.pdf,a9eda76f115ec7d14bfbf7bfd0db089712088805cd66975fafdc62dfdf79b9bc,https://furman.campuslabs.com/engage/legacy/organization/aka1908/DocumentLibrary/view/1967942,2021-08-24T11:52:51,application/octet-stream; charset=utf-8,furman_bylaws_(2)_(1).pdf
aka1908,2102938,Constitution/Bylaws,constitution,2022,data/orgs/aka1908/documents/2022/constitution_constitutionbylaws_2102938.docx,e78c01480fb16ec720593449921c2c7e5f3e44dc8c025681459a2fad2aaa8754,https://furman.campuslabs.com/engage/legacy/organization/aka1908/DocumentLibrary/view/2102938,2022-08-26T11:40:53,application/octet-stream; charset=utf-8,Rho_Zeta_Chapter_Bylaws[17].docx
aka1908,2256615,Constitution/Bylaws,constitution,2023,data/orgs/aka1908/documents/2023/constitution_constitutionbylaws_2256615.pdf,a9eda76f115ec7d14bfbf7bfd0db089712088805cd66975fafdc62dfdf79b9bc,https://furman.campuslabs.com/engage/legacy/organization/aka1908/DocumentLibrary/view/2256615,2023-08-21T21:28:22,application/octet-stream; charset=utf-8,AKA_Bylaws.pdf
aka1908,2386705,Constitution/Bylaws,constitution,2024,data/orgs/aka1908/documents/2024/constitution_constitutionbylaws_2386705.pdf,a9eda76f115ec7d14bfbf7bfd0db089712088805cd66975fafdc62dfdf79b9bc,https://furman.campuslabs.com/engage/legacy/organization/aka1908/DocumentLibrary/view/2386705,2024-08-24T17:53:50,application/octet-stream; charset=utf-8,AKA_Bylaws.pdf
aka1908,2499745,Constitution/Bylaws,constitution,2025,data/orgs/aka1908/documents/2025/constitution_constitutionbylaws_2499745.pdf,6b03e0e4ae9b55092620ce516069bd73a29ff498038f1d686e2c57ea4469b287,https://furman.campuslabs.com/engage/legacy/organization/aka1908/DocumentLibrary/view/2499745,2025-08-29T13:29:41,application/octet-stream; charset=utf-8,Rho_Zeta_Constitution_and_Bylaws.pdf
alpha-phi-omega,1539421,_APO AHN Bylaws October 2019.docx,constitution,2019,data/orgs/alpha-phi-omega/documents/2019/constitution_apo_ahn_bylaws_october_2019docx_1539421.docx,9ce8f26ec94a412325fdabb1f1a6be7b7a25cb88aed1a8e29001a3bec58a3703,https://furman.campuslabs.com/engage/legacy/organization/alpha-phi-omega/DocumentLibrary/view/1539421,2019-10-31T22:22:49,application/octet-stream; charset=utf-8,_APO_AHN_Bylaws_October_2019.docx
alpha-phi-omega,1053956,APO AHN Bylaws February 2019.docx,constitution,2019,data/orgs/alpha-phi-omega/documents/2019/constitution_apo_ahn_bylaws_february_2019docx_1053956.docx,f0cc247f5fdafb60ec425dd7691350b7a78bc9d72eb830d7b38cab2c03573277,https://furman.campuslabs.com/engage/legacy/organization/alpha-phi-omega/DocumentLibrary/view/1053956,2019-02-07T10:45:07,application/octet-stream; charset=utf-8,APO_AHN_Bylaws_February_2019.docx
alpha-phi-omega,2073408,APO AHN Bylaws January 2022.docx,constitution,2022,data/orgs/alpha-phi-omega/documents/2022/constitution_apo_ahn_bylaws_january_2022docx_2073408.docx,637ec6cfd79dbec5320642e08e3e98573db13167f667e88e8662283dda9b6a19,https://furman.campuslabs.com/engage/legacy/organization/alpha-phi-omega/DocumentLibrary/view/2073408,2022-06-06T18:17:57,application/octet-stream; charset=utf-8,APO_AHN_Bylaws_January_2022.docx
alpha-phi-omega,967862,APO AHN Bylaws March 2018.docx,constitution,2018,data/orgs/alpha-phi-omega/documents/2018/constitution_apo_ahn_bylaws_march_2018docx_967862.docx,e01ea9ebccfeb07b3c8e12fe0879d1f3451e7378e499b0787293ea55ad67204a,https://furman.campuslabs.com/engage/legacy/organization/alpha-phi-omega/DocumentLibrary/view/967862,2018-09-14T16:12:47,application/octet-stream; charset=utf-8,APO_AHN_Bylaws_March_2018.docx
alpha-phi-omega,1037658,APO AHN Bylaws November 2018.docx,constitution,2019,data/orgs/alpha-phi-omega/documents/2019/constitution_apo_ahn_bylaws_november_2018docx_1037658.docx,fdc6ac167fbc6d20b48e01a38c6f1be26385200757b975badc58179d0caea32d,https://furman.campuslabs.com/engage/legacy/organization/alpha-phi-omega/DocumentLibrary/view/1037658,2019-01-03T16:44:51,application/octet-stream; charset=utf-8,APO_AHN_Bylaws_November_2018.docx
alpha-phi-omega,1053959,APO AHN Policies February 2019.docx,constitution,2019,data/orgs/alpha-phi-omega/documents/2019/constitution_apo_ahn_policies_february_2019docx_1053959.docx,007573eda06e8b8d9070f46397b2807d6665ef2e54d5d04e2ba664e7737ca630,https://furman.campuslabs.com/engage/legacy/organization/alpha-phi-omega/DocumentLibrary/view/1053959,2019-02-07T10:45:17,application/octet-stream; charset=utf-8,APO_AHN_Policies_February_2019.docx
alpha-phi-omega,1794323,APO AHN Policies January 2020,other,2020,data/orgs/alpha-phi-omega/documents/2020/other_apo_ahn_policies_january_2020_1794323.docx,6110f5b46bf0c8f566755b0830390e831553d8e76e558b113d4c41faef88ee1a,https://furman.campuslabs.com/engage/legacy/organization/alpha-phi-omega/DocumentLibrary/view/1794323,2020-08-26T14:41:06,application/octet-stream; charset=utf-8,APO_AHN_Policies_January_2020.docx
alpha-phi-omega,2073409,APO AHN Policies January 2022.docx,other,2022,data/orgs/alpha-phi-omega/documents/2022/other_apo_ahn_policies_january_2022docx_2073409.docx,50182b390b49720ac7f4a5489fe31e0da115ba259ebf81e97ceae4ed4e27e478,https://furman.campuslabs.com/engage/legacy/organization/alpha-phi-omega/DocumentLibrary/view/2073409,2022-06-06T18:19:51,application/octet-stream; charset=utf-8,APO_AHN_Policies_January_2022.docx
alpha-phi-omega,1539420,APO AHN Policies October 2019 (1).docx,constitution,2019,data/orgs/alpha-phi-omega/documents/2019/constitution_apo_ahn_policies_october_2019_1docx_1539420.docx,426fb0f8ccc660081c079b28324a35e7082a22f48341c434a3bdb7d51fcb9435,https://furman.campuslabs.com/engage/legacy/organization/alpha-phi-omega/DocumentLibrary/view/1539420,2019-10-31T22:22:32,application/octet-stream; charset=utf-8,APO_AHN_Policies_October_2019_(1).docx
alpha-phi-omega,2114161,APO AHN Policies September 2022.docx,other,2022,data/orgs/alpha-phi-omega/documents/2022/other_apo_ahn_policies_september_2022docx_2114161.docx,6de3ff3f88c0e0d0f58cb1db966bbb1dae02589b88e1dc50bed7e911f581eec3,https://furman.campuslabs.com/engage/legacy/organization/alpha-phi-omega/DocumentLibrary/view/2114161,2022-09-15T10:58:48,application/octet-stream; charset=utf-8,APO_AHN_Policies_Fall_2022.docx
alpha-phi-omega,2444042,APO Bylaws 2025.docx,constitution,2025,data/orgs/alpha-phi-omega/documents/2025/constitution_apo_bylaws_2025docx_2444042.docx,ed3d0d671e1a795e91d0078bc300ce4844a2d456c4ba4f3707d6ea633024b55a,https://furman.campuslabs.com/engage/legacy/organization/alpha-phi-omega/DocumentLibrary/view/2444042,2025-04-27T19:08:42,application/octet-stream; charset=utf-8,APO_Bylaws_2025__(1).docx
alpha-phi-omega,2444043,APO Policies 2025 .docx,other,2025,data/orgs/alpha-phi-omega/documents/2025/other_apo_policies_2025_docx_2444043.docx,74f81b122ccbf9b03c89218dd4bb55c496ac9377568bc19c491dad4911922d63,https://furman.campuslabs.com/engage/legacy/organization/alpha-phi-omega/DocumentLibrary/view/2444043,2025-04-27T19:09:16,application/octet-stream; charset=utf-8,APO_Policies_2025_.docx
alpha-phi-omega,2510837,APO_Bylaws_2025 Updated.docx,constitution,2025,data/orgs/alpha-phi-omega/documents/2025/constitution_apo_bylaws_2025_updateddocx_2510837.docx,827e892a22782edd6df187a950cb37bf86e5fa9abdfbed24df77217dfa4a1610,https://furman.campuslabs.com/engage/legacy/organization/alpha-phi-omega/DocumentLibrary/view/2510837,2025-10-05T14:25:57,application/octet-stream; charset=utf-8,APO_Bylaws_2025_Updated.docx
alpha-phi-omega,2510838,APO_Policies_2025 Updated.docx,other,2025,data/orgs/alpha-phi-omega/documents/2025/other_apo_policies_2025_updateddocx_2510838.docx,a88b4292f50c045dc09db0719ca8486851637808ced9218879d5393e8cd9270c,https://furman.campuslabs.com/engage/legacy/organization/alpha-phi-omega/DocumentLibrary/view/2510838,2025-10-05T14:26:07,application/octet-stream; charset=utf-8,APO_Policies_2025_Updated.docx
alpha-phi-omega,2499746,Constitution/Bylaws,constitution,2025,data/orgs/alpha-phi-omega/documents/2025/constitution_constitutionbylaws_2499746.docx,ed3d0d671e1a795e91d0078bc300ce4844a2d456c4ba4f3707d6ea633024b55a,https://furman.campuslabs.com/engage/legacy/organization/alpha-phi-omega/DocumentLibrary/view/2499746,2025-08-12T21:56:20,application/octet-stream; charset=utf-8,APO_Bylaws_2025__(1).docx
alpha-phi-omega,1084029,Constitution/Bylaws,constitution,2019,data/orgs/alpha-phi-omega/documents/2019/constitution_constitutionbylaws_1084029.docx,f0cc247f5fdafb60ec425dd7691350b7a78bc9d72eb830d7b38cab2c03573277,https://furman.campuslabs.com/engage/legacy/organization/alpha-phi-omega/DocumentLibrary/view/1084029,2019-03-26T17:44:48,application/octet-stream; charset=utf-8,APO_AHN_Bylaws_February_2019.docx
alpha-phi-omega,694470,Constitution/Bylaws,constitution,2018,data/orgs/alpha-phi-omega/documents/2018/constitution_constitutionbylaws_694470.docx,4af007ee9ddc3bbae3260c768b4dbc2224c6c62a245d3345f4a1a44bcd6533c3,https://furman.campuslabs.com/engage/legacy/organization/alpha-phi-omega/DocumentLibrary/view/694470,2018-01-11T10:53:22,application/octet-stream; charset=utf-8,FU_By-Laws_1_20_16.docx
alpha-phi-omega,752907,Constitution/Bylaws,constitution,2018,data/orgs/alpha-phi-omega/documents/2018/constitution_constitutionbylaws_752907.docx,cb41f86684bf8e78cf2c094535176c48aaac2acf3038667636968854b52b8743,https://furman.campuslabs.com/engage/legacy/organization/alpha-phi-omega/DocumentLibrary/view/752907,2018-04-09T14:19:31,application/octet-stream; charset=utf-8,APO_AHN_Bylaws_3-15-2018.docx
alpha-phi-omega,2256475,Constitution/Bylaws,constitution,2023,data/orgs/alpha-phi-omega/documents/2023/constitution_constitutionbylaws_2256475.pdf,731038f5587b0e585ba3ffbabe818765707e7a2fa7f9b19a489640815dd95a96,https://furman.campuslabs.com/engage/legacy/organization/alpha-phi-omega/DocumentLibrary/view/2256475,2023-08-08T14:16:40,application/octet-stream; charset=utf-8,APO_AHN_Bylaws_February_2023.docx.pdf
alpha-phi-omega,2364517,Constitution/Bylaws,constitution,2024,data/orgs/alpha-phi-omega/documents/2024/constitution_constitutionbylaws_2364517.docx,8aa7a994213e2a4c0c869802afde7d7fda59f8ac34ca38ca92974b097c966525,https://furman.campuslabs.com/engage/legacy/organization/alpha-phi-omega/DocumentLibrary/view/2364517,2024-08-12T18:46:58,application/octet-stream; charset=utf-8,APO_AHN_Bylaws_Spring_2024.docx
alpha-phi-omega,2100606,Constitution/Bylaws,constitution,2022,data/orgs/alpha-phi-omega/documents/2022/constitution_constitutionbylaws_2100606.pdf,e6098161585f48a8a326fbd2c8eb65e5f30679ff4243970459db04fb54c243b3,https://furman.campuslabs.com/engage/legacy/organization/alpha-phi-omega/DocumentLibrary/view/2100606,2022-08-15T13:35:55,application/octet-stream; charset=utf-8,Synchdin_copy_of_APO_AHN_Bylaws_January_2022.docx.pdf
alpha-phi-omega,1968537,Constitution/Bylaws,constitution,2021,data/orgs/alpha-phi-omega/documents/2021/constitution_constitutionbylaws_1968537.docx,a7722c8cb611cd9035736dc18d3989cca56506dfb55ec1b75a4ba24206b3bec0,https://furman.campuslabs.com/engage/legacy/organization/alpha-phi-omega/DocumentLibrary/view/1968537,2021-08-26T09:43:20,application/octet-stream; charset=utf-8,APO_AHN_Policies_January_2020_(2).docx
alpha-phi-omega,1792322,Constitution/Bylaws,constitution,2020,data/orgs/alpha-phi-omega/documents/2020/constitution_constitutionbylaws_1792322.docx,a7722c8cb611cd9035736dc18d3989cca56506dfb55ec1b75a4ba24206b3bec0,https://furman.campuslabs.com/engage/legacy/organization/alpha-phi-omega/DocumentLibrary/view/1792322,2020-08-23T16:04:16,application/octet-stream; charset=utf-8,APO_AHN_Policies_January_2020.docx
american-chemical-society,690146,Constitution/Bylaws,constitution,2018,data/orgs/american-chemical-society/documents/2018/constitution_constitutionbylaws_690146.docx,e22655ce1e1ee8bf314a6c62696191d7ac3a48d4f65a38d16450a5c869f38ccd,https://furman.campuslabs.com/engage/legacy/organization/american-chemical-society/DocumentLibrary/view/690146,2018-01-09T18:42:05,application/octet-stream; charset=utf-8,ACS_Constitution_1.9.18.docx
american-chemical-society,752910,Constitution/Bylaws,constitution,2018,data/orgs/american-chemical-society/documents/2018/constitution_constitutionbylaws_752910.docx,e22655ce1e1ee8bf314a6c62696191d7ac3a48d4f65a38d16450a5c869f38ccd,https://furman.campuslabs.com/engage/legacy/organization/american-chemical-society/DocumentLibrary/view/752910,2018-04-12T19:43:20,application/octet-stream; charset=utf-8,ACS_Constitution_1.9.18.docx
american-chemical-society,1084032,Constitution/Bylaws,constitution,2019,data/orgs/american-chemical-society/documents/2019/constitution_constitutionbylaws_1084032.docx,e22655ce1e1ee8bf314a6c62696191d7ac3a48d4f65a38d16450a5c869f38ccd,https://furman.campuslabs.com/engage/legacy/organization/american-chemical-society/DocumentLibrary/view/1084032,2019-03-21T21:02:00,application/octet-stream; charset=utf-8,ACS_Constitution_1.9.18.docx
american-chemical-society,1793927,Constitution/Bylaws,constitution,2020,data/orgs/american-chemical-society/documents/2020/constitution_constitutionbylaws_1793927.docx,e22655ce1e1ee8bf314a6c62696191d7ac3a48d4f65a38d16450a5c869f38ccd,https://furman.campuslabs.com/engage/legacy/organization/american-chemical-society/DocumentLibrary/view/1793927,2020-08-25T13:33:25,application/octet-stream; charset=utf-8,ACS_Constitution_1.9.18.docx
american-chemical-society,1971661,Constitution/Bylaws,constitution,2021,data/orgs/american-chemical-society/documents/2021/constitution_constitutionbylaws_1971661.pdf,40ace99dab497009ebc37b3e77e3d5c7b1c8f79788a8f1f01a94015eb6d0483d,https://furman.campuslabs.com/engage/legacy/organization/american-chemical-society/DocumentLibrary/view/1971661,2021-08-08T20:20:12,application/octet-stream; charset=utf-8,ACS_Constitution_1.9.18.docx.pdf
american-chemical-society,2100607,Constitution/Bylaws,constitution,2022,data/orgs/american-chemical-society/documents/2022/constitution_constitutionbylaws_2100607.docx,b97af0f68b2d4271b36ffd04a0e8be5340b65f027242ca440353fcf5e358ddf9,https://furman.campuslabs.com/engage/legacy/organization/american-chemical-society/DocumentLibrary/view/2100607,2022-08-11T16:07:33,application/octet-stream; charset=utf-8,ACS_Constitution_4.12.22.docx
american-chemical-society,2256476,Constitution/Bylaws,constitution,2023,data/orgs/american-chemical-society/documents/2023/constitution_constitutionbylaws_2256476.docx,b97af0f68b2d4271b36ffd04a0e8be5340b65f027242ca440353fcf5e358ddf9,https://furman.campuslabs.com/engage/legacy/organization/american-chemical-society/DocumentLibrary/view/2256476,2023-08-21T20:25:07,application/octet-stream; charset=utf-8,ACS_Constitution_4.12.22.docx
american-chemical-society,2364518,Constitution/Bylaws,constitution,2024,data/orgs/american-chemical-society/documents/2024/constitution_constitutionbylaws_2364518.docx,b97af0f68b2d4271b36ffd04a0e8be5340b65f027242ca440353fcf5e358ddf9,https://furman.campuslabs.com/engage/legacy/organization/american-chemical-society/DocumentLibrary/view/2364518,2024-08-19T11:26:33,application/octet-stream; charset=utf-8,ACS_Constitution_4.12.22.docx
american-chemical-society,2499747,Constitution/Bylaws,constitution,2025,data/orgs/american-chemical-society/documents/2025/constitution_constitutionbylaws_2499747.docx,b97af0f68b2d4271b36ffd04a0e8be5340b65f027242ca440353fcf5e358ddf9,https://furman.campuslabs.com/engage/legacy/organization/american-chemical-society/DocumentLibrary/view/2499747,2025-08-13T11:48:56,application/octet-stream; charset=utf-8,ACS_Constitution_4.12.22.docx
asmupstate,1888516,Constitution/Bylaws,constitution,2021,data/orgs/asmupstate/documents/2021/constitution_constitutionbylaws_1888516.docx,1755137ed58b40ffce4478f23e05cf86249533b7761f7abfbddb5d09972fd368,https://furman.campuslabs.com/engage/legacy/organization/ASMUpstate/DocumentLibrary/view/1888516,2021-02-24T10:57:52,application/octet-stream; charset=utf-8,Constitution_ASM.docx
asmupstate,1968070,Constitution/Bylaws,constitution,2021,data/orgs/asmupstate/documents/2021/constitution_constitutionbylaws_1968070.docx,216f1bb98bdc59fdfb5a30b8e2291566dba0db655391fe79675405266416ac6b,https://furman.campuslabs.com/engage/legacy/organization/ASMUpstate/DocumentLibrary/view/1968070,2021-09-03T14:19:17,application/octet-stream; charset=utf-8,ASM_Chapter_Constitution.docx
asmupstate,2108284,Constitution/Bylaws,constitution,2022,data/orgs/asmupstate/documents/2022/constitution_constitutionbylaws_2108284.docx,2f69a65ae01d6d8a8b9465c2b813d24493f9e28e922705d2a50af11ad36769a6,https://furman.campuslabs.com/engage/legacy/organization/ASMUpstate/DocumentLibrary/view/2108284,2022-08-30T16:34:20,application/octet-stream; charset=utf-8,ASM_Chapter_Constitution.docx
asmupstate,2256477,Constitution/Bylaws,constitution,2023,data/orgs/asmupstate/documents/2023/constitution_constitutionbylaws_2256477.docx,1755137ed58b40ffce4478f23e05cf86249533b7761f7abfbddb5d09972fd368,https://furman.campuslabs.com/engage/legacy/organization/ASMUpstate/DocumentLibrary/view/2256477,2023-08-11T11:13:28,application/octet-stream; charset=utf-8,Constitution_ASM.docx
asmupstate,2364519,Constitution/Bylaws,constitution,2024,data/orgs/asmupstate/documents/2024/constitution_constitutionbylaws_2364519.pdf,16263d749da8a506c19263eaea86ec2f40f5a30dc84c75a1c2ef533586b60e27,https://furman.campuslabs.com/engage/legacy/organization/ASMUpstate/DocumentLibrary/view/2364519,2024-08-29T11:29:51,application/octet-stream; charset=utf-8,ASM_Student_Chapter_Constitution_2024.pdf
asmupstate,2499748,Constitution/Bylaws,constitution,2025,data/orgs/asmupstate/documents/2025/constitution_constitutionbylaws_2499748.pdf,8a1b4af1abd5c385acec77735bd2f3aa316b41bbbdba86fffdde6725ce16689e,https://furman.campuslabs.com/engage/legacy/organization/ASMUpstate/DocumentLibrary/view/2499748,2025-09-09T13:55:05,application/octet-stream; charset=utf-8,25_ASM_Student_Chapter_Constitution_.pdf
facc,1979008,Constitution/Bylaws,constitution,2021,data/orgs/facc/documents/2021/constitution_constitutionbylaws_1979008.doc,b39472f321aad53ce82ad438d520ae8d7b7b00b83bdcecd3eff9592085261de2,https://furman.campuslabs.com/engage/legacy/organization/FACC/DocumentLibrary/view/1979008,2021-09-21T17:06:21,application/octet-stream; charset=utf-8,Furman_Audubon_Constitution.doc
facc,2106548,Constitution/Bylaws,constitution,2022,data/orgs/facc/documents/2022/constitution_constitutionbylaws_2106548.doc,b39472f321aad53ce82ad438d520ae8d7b7b00b83bdcecd3eff9592085261de2,https://furman.campuslabs.com/engage/legacy/organization/FACC/DocumentLibrary/view/2106548,2022-08-24T12:40:51,application/octet-stream; charset=utf-8,Furman_Audubon_Constitution.doc
facc,2499749,Constitution/Bylaws,constitution,2025,data/orgs/facc/documents/2025/constitution_constitutionbylaws_2499749.doc,b39472f321aad53ce82ad438d520ae8d7b7b00b83bdcecd3eff9592085261de2,https://furman.campuslabs.com/engage/legacy/organization/FACC/DocumentLibrary/view/2499749,2025-08-15T13:07:20,application/octet-stream; charset=utf-8,Furman_Audubon_Constitution_(2).doc
bartram-society,697321,Constitution/Bylaws,constitution,2018,data/orgs/bartram-society/documents/2018/constitution_constitutionbylaws_697321.doc,0c0e6aeba78cdc676e3f8515942aed82293f8156980d2dfd108eaf00a26dbf36,https://furman.campuslabs.com/engage/legacy/organization/bartram-society/DocumentLibrary/view/697321,2018-01-24T22:16:36,application/octet-stream; charset=utf-8,EES_Bartram_Society_Constitution.doc
bartram-society,752916,Constitution/Bylaws,constitution,2018,data/orgs/bartram-society/documents/2018/constitution_constitutionbylaws_752916.doc,4c0a880924dfd3804a98982fd3ca84d57e221d4d73f27997c84f8434995c3617,https://furman.campuslabs.com/engage/legacy/organization/bartram-society/DocumentLibrary/view/752916,2018-04-13T13:32:08,application/octet-stream; charset=utf-8,EES_Bartram_Society_Constitution.doc
bartram-society,1084046,Constitution/Bylaws,constitution,2019,data/orgs/bartram-society/documents/2019/constitution_constitutionbylaws_1084046.doc,9b5b41f96a8e16dde139e824c7b986590dd4e6efb0850b728fd826b4610421c9,https://furman.campuslabs.com/engage/legacy/organization/bartram-society/DocumentLibrary/view/1084046,2019-04-01T16:32:39,application/octet-stream; charset=utf-8,EES_Bartram_Society_Constitution.doc
bartram-society,1792326,Constitution/Bylaws,constitution,2020,data/orgs/bartram-society/documents/2020/constitution_constitutionbylaws_1792326.doc,9b5b41f96a8e16dde139e824c7b986590dd4e6efb0850b728fd826b4610421c9,https://furman.campuslabs.com/engage/legacy/organization/bartram-society/DocumentLibrary/view/1792326,2020-08-18T16:31:14,application/octet-stream; charset=utf-8,EES_Bartram_Society_Constitution.doc
bartram-society,1967866,Constitution/Bylaws,constitution,2021,data/orgs/bartram-society/documents/2021/constitution_constitutionbylaws_1967866.doc,9b5b41f96a8e16dde139e824c7b986590dd4e6efb0850b728fd826b4610421c9,https://furman.campuslabs.com/engage/legacy/organization/bartram-society/DocumentLibrary/view/1967866,2021-08-24T16:08:43,application/octet-stream; charset=utf-8,EES_Bartram_Society_Constitution.doc
bartram-society,2101423,Constitution/Bylaws,constitution,2022,data/orgs/bartram-society/documents/2022/constitution_constitutionbylaws_2101423.docx,5a470877b04470413116605a9232f05ce3238c4eea245434a8cbf068b4fe0061,https://furman.campuslabs.com/engage/legacy/organization/bartram-society/DocumentLibrary/view/2101423,2022-08-23T12:13:22,application/octet-stream; charset=utf-8,EESS_Bartram_Society_Constitution_RevisedFall22.docx
bartram-society,2256478,Constitution/Bylaws,constitution,2023,data/orgs/bartram-society/documents/2023/constitution_constitutionbylaws_2256478.docx,aa17101d306ad7515ab99c8016bdb06109c17fd5934cb88d5c7fae6580720a43,https://furman.campuslabs.com/engage/legacy/organization/bartram-society/DocumentLibrary/view/2256478,2023-08-24T09:28:45,application/octet-stream; charset=utf-8,Bartram_Society_Constitution_Fall23.docx
bartram-society,2364520,Constitution/Bylaws,constitution,2024,data/orgs/bartram-society/documents/2024/constitution_constitutionbylaws_2364520.docx,250e557173d5495aa14359aa5668ede7b3ce17f266de0fbe8ec147fec650f86e,https://furman.campuslabs.com/engage/legacy/organization/bartram-society/DocumentLibrary/view/2364520,2024-08-24T14:56:17,application/octet-stream; charset=utf-8,Bartram_Society_Constitution_Fall24.docx
bartram-society,2499750,Constitution/Bylaws,constitution,2025,data/orgs/bartram-society/documents/2025/constitution_constitutionbylaws_2499750.docx,be812f5f286d25bf890a51d77ec4be480fa2cb2223c155cc4f061bef64c6965d,https://furman.campuslabs.com/engage/legacy/organization/bartram-society/DocumentLibrary/view/2499750,2025-08-28T17:03:07,application/octet-stream; charset=utf-8,Bartram_Society_Constitution_Fall25.docx
bellevoci,2403398,Constitution/Bylaws,constitution,2024,data/orgs/bellevoci/documents/2024/constitution_constitutionbylaws_2403398.docx,713683b59841ee74a6598f66f8ddf3b301eef18cad20442e02df4da9fa0dbb4f,https://furman.campuslabs.com/engage/legacy/organization/bellevoci/DocumentLibrary/view/2403398,2024-11-20T13:24:18,application/octet-stream; charset=utf-8,Furman_University_Belle_Voci_Mission_Statement.docx
bestbuddies,2343053,Best Buddies International Chapter Constitution,constitution,2024,data/orgs/bestbuddies/documents/2024/constitution_best_buddies_international_chapter_constitution_2343053.docx,0143ea4657db480190b3795e33c723a5e8097c09b06740f482ea111bf1bc3606,https://furman.campuslabs.com/engage/legacy/organization/bestbuddies/DocumentLibrary/view/2343053,2024-07-23T15:19:37,application/octet-stream; charset=utf-8,Best_Buddies_Constitution_(2).docx
bestbuddies,2043506,Constitution/Bylaws,constitution,2022,data/orgs/bestbuddies/documents/2022/constitution_constitutionbylaws_2043506.docx,0143ea4657db480190b3795e33c723a5e8097c09b06740f482ea111bf1bc3606,https://furman.campuslabs.com/engage/legacy/organization/bestbuddies/DocumentLibrary/view/2043506,2022-03-15T14:04:50,application/octet-stream; charset=utf-8,Best_Buddies_Constitution.docx
bestbuddies,2343058,Furman Best Buddies Constitution,constitution,2024,data/orgs/bestbuddies/documents/2024/constitution_furman_best_buddies_constitution_2343058.pdf,60f0148377dacb0d10cec05de0ae70e13a3a1e7f3fa2477644a65beef6d0da3a,https://furman.campuslabs.com/engage/legacy/organization/bestbuddies/DocumentLibrary/view/2343058,2024-07-23T15:28:08,application/octet-stream; charset=utf-8,FurmanBBConstitution.pdf
beta-beta-beta-biological-honor-society,741089,BBB Points (Updated 4-3-18) (Autosaved).xlsx,constitution,2018,data/orgs/beta-beta-beta-biological-honor-society/documents/2018/constitution_bbb_points_updated_4-3-18_autosavedxlsx_741089.xlsx,fadbd88455507a2b13dc05aa41eb2f656a8e7b18d36d6bc1a10d26fb09544822,https://furman.campuslabs.com/engage/legacy/organization/beta-beta-beta-biological-honor-society/DocumentLibrary/view/741089,2018-04-03T22:12:47,application/octet-stream; charset=utf-8,BBB_Points_(Updated_4-3)_(Autosaved).xlsx
beta-beta-beta-biological-honor-society,752917,Constitution/Bylaws,constitution,2018,data/orgs/beta-beta-beta-biological-honor-society/documents/2018/constitution_constitutionbylaws_752917.doc,d079a91cea3542fae0072b721484af1996307f9deaf0a934f927819062ab8767,https://furman.campuslabs.com/engage/legacy/organization/beta-beta-beta-biological-honor-society/DocumentLibrary/view/752917,2018-04-12T14:32:17,application/octet-stream; charset=utf-8,BBB_Constitution.doc
beta-beta-beta-biological-honor-society,1084048,Constitution/Bylaws,constitution,2019,data/orgs/beta-beta-beta-biological-honor-society/documents/2019/constitution_constitutionbylaws_1084048.docx,01b6264cbd33205d914eaecbda9a9c7b3093c92d60b8722d603745e2d44614fd,https://furman.campuslabs.com/engage/legacy/organization/beta-beta-beta-biological-honor-society/DocumentLibrary/view/1084048,2019-04-01T10:35:21,application/octet-stream; charset=utf-8,BBB_Constitution.docx
beta-beta-beta-biological-honor-society,1792327,Constitution/Bylaws,constitution,2020,data/orgs/beta-beta-beta-biological-honor-society/documents/2020/constitution_constitutionbylaws_1792327.docx,538cb27b1c025a99e17ec09408f0677708b78531ede175cb21dc1839563084ec,https://furman.campuslabs.com/engage/legacy/organization/beta-beta-beta-biological-honor-society/DocumentLibrary/view/1792327,2020-08-24T12:52:47,application/octet-stream; charset=utf-8,BBB_Constitution.docx
beta-beta-beta-biological-honor-society,1967281,Constitution/Bylaws,constitution,2021,data/orgs/beta-beta-beta-biological-honor-society/documents/2021/constitution_constitutionbylaws_1967281.docx,67bdfadb51ae397211fbd550c937f4f53f5a6d748afdb3318f81f95f5478911a,https://furman.campuslabs.com/engage/legacy/organization/beta-beta-beta-biological-honor-society/DocumentLibrary/view/1967281,2021-08-23T23:19:08,application/octet-stream; charset=utf-8,BBB_Constitution.docx
beta-beta-beta-biological-honor-society,694453,Constitution/Bylaws,constitution,2018,data/orgs/beta-beta-beta-biological-honor-society/documents/2018/constitution_constitutionbylaws_694453.docx,d939537d4f453423ba2e9b8bd3c05da94248e3acc0ee8739538f607553bf2f52,https://furman.campuslabs.com/engage/legacy/organization/beta-beta-beta-biological-honor-society/DocumentLibrary/view/694453,2018-01-16T13:16:48,application/octet-stream; charset=utf-8,Bylaws-TBD.docx
beta-beta-beta-biological-honor-society,2101464,Constitution/Bylaws,constitution,2022,data/orgs/beta-beta-beta-biological-honor-society/documents/2022/constitution_constitutionbylaws_2101464.pdf,4ea6641dca59b93622d25b0c29c6ed5f02338f1dd6cc27049b661b347779031d,https://furman.campuslabs.com/engage/legacy/organization/beta-beta-beta-biological-honor-society/DocumentLibrary/view/2101464,2022-08-12T19:14:05,application/octet-stream; charset=utf-8,TriBeta_Constitution_2022.docx.pdf
beta-beta-beta-biological-honor-society,2256479,Constitution/Bylaws,constitution,2023,data/orgs/beta-beta-beta-biological-honor-society/documents/2023/constitution_constitutionbylaws_2256479.pdf,4ea6641dca59b93622d25b0c29c6ed5f02338f1dd6cc27049b661b347779031d,https://furman.campuslabs.com/engage/legacy/organization/beta-beta-beta-biological-honor-society/DocumentLibrary/view/2256479,2023-08-25T12:58:44,application/octet-stream; charset=utf-8,TriBeta_Constitution_2022.docx_.pdf
beta-beta-beta-biological-honor-society,2364521,Constitution/Bylaws,constitution,2024,data/orgs/beta-beta-beta-biological-honor-society/documents/2024/constitution_constitutionbylaws_2364521.docx,8d6bb8699ba96429b7bfa2a036206b57282f2ec43c70fa53336c30ae587b8a78,https://furman.campuslabs.com/engage/legacy/organization/beta-beta-beta-biological-honor-society/DocumentLibrary/view/2364521,2024-08-30T14:23:38,application/octet-stream; charset=utf-8,TriBeta_Constitution_2024-2025.docx
beta-beta-beta-biological-honor-society,2499751,Constitution/Bylaws,constitution,2025,data/orgs/beta-beta-beta-biological-honor-society/documents/2025/constitution_constitutionbylaws_2499751.docx,d4f4cdee5e4e8d15a2911df68bbc0b435e072110a42524615df01bb4a84f5507,https://furman.campuslabs.com/engage/legacy/organization/beta-beta-beta-biological-honor-society/DocumentLibrary/view/2499751,2025-08-17T19:31:01,application/octet-stream; charset=utf-8,TriBeta_Constitution_2025-2026.docx
beta-beta-beta-biological-honor-society,2313046,TriBeta Constituion 2024.docx,constitution,2024,data/orgs/beta-beta-beta-biological-honor-society/documents/2024/constitution_tribeta_constituion_2024docx_2313046.docx,418d62db87a128a421c0934e6d02cb8594ee056a855ddcf51b176c23b4be5830,https://furman.campuslabs.com/engage/legacy/organization/beta-beta-beta-biological-honor-society/DocumentLibrary/view/2313046,2024-04-10T16:28:25,application/octet-stream; charset=utf-8,TriBeta_Constituion_2024.docx
beta-beta-beta-biological-honor-society,2093100,TriBeta Constitution 2022.docx.pdf,constitution,2022,data/orgs/beta-beta-beta-biological-honor-society/documents/2022/constitution_tribeta_constitution_2022docxpdf_2093100.pdf,4ea6641dca59b93622d25b0c29c6ed5f02338f1dd6cc27049b661b347779031d,https://furman.campuslabs.com/engage/legacy/organization/beta-beta-beta-biological-honor-society/DocumentLibrary/view/2093100,2022-08-12T20:35:24,application/octet-stream; charset=utf-8,TriBeta_Constitution_2022.docx.pdf
beta-theta-pi,698003,Constitution/Bylaws,constitution,2018,data/orgs/beta-theta-pi/documents/2018/constitution_constitutionbylaws_698003.docx,ce03fd4b888d33af81a97c158597aa0bd4ec6259e7d3e130474c13c906a7b8e2,https://furman.campuslabs.com/engage/legacy/organization/beta-theta-pi/DocumentLibrary/view/698003,2018-01-25T19:25:08,application/octet-stream; charset=utf-8,Copy_of_Updated_Constitution.docx
beta-theta-pi,1971481,Constitution/Bylaws,constitution,2021,data/orgs/beta-theta-pi/documents/2021/constitution_constitutionbylaws_1971481.docx,01468c99c2bfe096fa8d1cf1ad6b20dda5f432a0fb6f048ac794020d6730d24f,https://furman.campuslabs.com/engage/legacy/organization/beta-theta-pi/DocumentLibrary/view/1971481,2021-08-25T16:58:17,application/octet-stream; charset=utf-8,Copy_of_Copy_of_Zeta_Lambda's_Most_Up_to_Date_Constituion_.docx
beta-theta-pi,2103278,Constitution/Bylaws,constitution,2022,data/orgs/beta-theta-pi/documents/2022/constitution_constitutionbylaws_2103278.pdf,08a7b2693304edc83bcdcaef04eaa047e112837417d042f76e6c1aeaadbec8ab,https://furman.campuslabs.com/engage/legacy/organization/beta-theta-pi/DocumentLibrary/view/2103278,2022-08-08T15:34:30,application/octet-stream; charset=utf-8,Code-of-Beta-Theta-Pi__By_Laws.pdf
beta-theta-pi,2256480,Constitution/Bylaws,constitution,2023,data/orgs/beta-theta-pi/documents/2023/constitution_constitutionbylaws_2256480.docx,47d79e290f9c4b26bcaadc2058b61ca141fb9e2a9b532437bcc87796e406f9fc,https://furman.campuslabs.com/engage/legacy/organization/beta-theta-pi/DocumentLibrary/view/2256480,2023-08-08T14:43:09,application/octet-stream; charset=utf-8,4-19-23_Zeta_Lambda's_Most_Up_to_Date_Constitution.docx
beta-theta-pi,2336231,Constitution/Bylaws,constitution,2024,data/orgs/beta-theta-pi/documents/2024/constitution_constitutionbylaws_2336231.pdf,fa20e3dd91ccbd6cbd6433cc6c0d8c7c92177e136118f800c57bf814134ce58b,https://furman.campuslabs.com/engage/legacy/organization/beta-theta-pi/DocumentLibrary/view/2336231,2024-06-26T10:56:32,application/octet-stream; charset=utf-8,Ammenders_Assemble.pdf
beta-theta-pi,2364522,Constitution/Bylaws,constitution,2024,data/orgs/beta-theta-pi/documents/2024/constitution_constitutionbylaws_2364522.pdf,11b6bd5f94af189947fca59fa53af791a5496dca0d8fa7e3271596cd0e96cf6a,https://furman.campuslabs.com/engage/legacy/organization/beta-theta-pi/DocumentLibrary/view/2364522,2024-08-28T13:44:11,application/octet-stream; charset=utf-8,9-10-23_Zeta_Lambda's_Most_Up_to_Date_Constitution.pdf
beta-theta-pi,2499752,Constitution/Bylaws,constitution,2025,data/orgs/beta-theta-pi/documents/2025/constitution_constitutionbylaws_2499752.pdf,11b6bd5f94af189947fca59fa53af791a5496dca0d8fa7e3271596cd0e96cf6a,https://furman.campuslabs.com/engage/legacy/organization/beta-theta-pi/DocumentLibrary/view/2499752,2025-09-09T16:01:29,application/octet-stream; charset=utf-8,9-10-23_Zeta_Lambda's_Most_Up_to_Date_Constitution.pdf
conect,2232117,Constitution/Bylaws,constitution,2023,data/orgs/conect/documents/2023/constitution_constitutionbylaws_2232117.docx,b6a32a1fa336b2727bf47329543b9fd19933f5031de8327901f8f2760ec3683f,https://furman.campuslabs.com/engage/legacy/organization/CONECT/DocumentLibrary/view/2232117,2023-08-23T14:19:52,application/octet-stream; charset=utf-8,CONSTITUTION.docx
conect,2364523,Constitution/Bylaws,constitution,2024,data/orgs/conect/documents/2024/constitution_constitutionbylaws_2364523.docx,3414f29e70496b63074b0fe1f5da7e50c4b793e3731e877b31b1347705522401,https://furman.campuslabs.com/engage/legacy/organization/CONECT/DocumentLibrary/view/2364523,2024-08-29T21:39:13,application/octet-stream; charset=utf-8,C.O.N.E.C.T_Bylaws.docx
conect,2499754,Constitution/Bylaws,constitution,2025,data/orgs/conect/documents/2025/constitution_constitutionbylaws_2499754.docx,3414f29e70496b63074b0fe1f5da7e50c4b793e3731e877b31b1347705522401,https://furman.campuslabs.com/engage/legacy/organization/CONECT/DocumentLibrary/view/2499754,2025-08-08T18:27:19,application/octet-stream; charset=utf-8,C.O.N.E.C.T_Bylaws.docx
canterbury-of-furman,2356682,Canterbury Constitution 2024-25.docx,constitution,2024,data/orgs/canterbury-of-furman/documents/2024/constitution_canterbury_constitution_2024-25docx_2356682.docx,48fafbadcbf5daafbd52820fa454ae09485cf841cca05a546f5af8bf5b257486,https://furman.campuslabs.com/engage/legacy/organization/canterbury-of-furman/DocumentLibrary/view/2356682,2024-08-26T08:00:13,application/octet-stream; charset=utf-8,Canterbury_Constitution_2024-25.docx
canterbury-of-furman,2143200,Canterbury_Constitution_2022-23.docx,constitution,2022,data/orgs/canterbury-of-furman/documents/2022/constitution_canterbury_constitution_2022-23docx_2143200.docx,29b37c319056113d030172f6db7d6b2942145d71a247d857c1e73c8fb83aae3c,https://furman.campuslabs.com/engage/legacy/organization/canterbury-of-furman/DocumentLibrary/view/2143200,2022-11-07T11:37:50,application/octet-stream; charset=utf-8,Canterbury_Constitution_2022-23.docx
canterbury-of-furman,2256481,Constitution/Bylaws,constitution,2023,data/orgs/canterbury-of-furman/documents/2023/constitution_constitutionbylaws_2256481.docx,a349090ffdab41366d436b9629fd507529807429a199d81997a9ae14f5df198a,https://furman.campuslabs.com/engage/legacy/organization/canterbury-of-furman/DocumentLibrary/view/2256481,2023-08-16T11:21:10,application/octet-stream; charset=utf-8,Canterbury_Constitution_2023-24.docx
canterbury-of-furman,2364524,Constitution/Bylaws,constitution,2024,data/orgs/canterbury-of-furman/documents/2024/constitution_constitutionbylaws_2364524.docx,48fafbadcbf5daafbd52820fa454ae09485cf841cca05a546f5af8bf5b257486,https://furman.campuslabs.com/engage/legacy/organization/canterbury-of-furman/DocumentLibrary/view/2364524,2024-08-26T08:01:52,application/octet-stream; charset=utf-8,Canterbury_Constitution_2024-25.docx
canterbury-of-furman,2499755,Constitution/Bylaws,constitution,2025,data/orgs/canterbury-of-furman/documents/2025/constitution_constitutionbylaws_2499755.docx,953639187003df7147f578a1bddc318bbf540a3b31d22120ef2768e78965ccd5,https://furman.campuslabs.com/engage/legacy/organization/canterbury-of-furman/DocumentLibrary/view/2499755,2025-08-29T16:15:39,application/octet-stream; charset=utf-8,Canterbury_Constitution_2025-2026.docx
canterbury-of-furman,694472,Constitution/Bylaws,constitution,2018,data/orgs/canterbury-of-furman/documents/2018/constitution_constitutionbylaws_694472.docx,3d191293969ca1818658081ab0dbeb5a4a624f908e54405c60d842116c2ffafb,https://furman.campuslabs.com/engage/legacy/organization/canterbury-of-furman/DocumentLibrary/view/694472,2018-01-08T09:11:48,application/octet-stream; charset=utf-8,Canterbury_Constitution_2017-18.docx
canterbury-of-furman,759565,Constitution/Bylaws,constitution,2018,data/orgs/canterbury-of-furman/documents/2018/constitution_constitutionbylaws_759565.docx,3c0b05abebcec02227cbe4bc4651fd47aa9f1ecc8c8193990e486ec91ff5a3e0,https://furman.campuslabs.com/engage/legacy/organization/canterbury-of-furman/DocumentLibrary/view/759565,2018-04-11T17:45:17,application/octet-stream; charset=utf-8,Canterbury_Constitution_2018-19.docx
canterbury-of-furman,1442608,Constitution/Bylaws,constitution,2019,data/orgs/canterbury-of-furman/documents/2019/constitution_constitutionbylaws_1442608.docx,3d191293969ca1818658081ab0dbeb5a4a624f908e54405c60d842116c2ffafb,https://furman.campuslabs.com/engage/legacy/organization/canterbury-of-furman/DocumentLibrary/view/1442608,2019-04-30T13:04:25,application/octet-stream; charset=utf-8,Canterbury_Constitution_2017-18.docx
canterbury-of-furman,1793928,Constitution/Bylaws,constitution,2020,data/orgs/canterbury-of-furman/documents/2020/constitution_constitutionbylaws_1793928.docx,3c0b05abebcec02227cbe4bc4651fd47aa9f1ecc8c8193990e486ec91ff5a3e0,https://furman.campuslabs.com/engage/legacy/organization/canterbury-of-furman/DocumentLibrary/view/1793928,2020-08-25T12:49:41,application/octet-stream; charset=utf-8,Canterbury_Constitution_2018-19.docx
canterbury-of-furman,1967175,Constitution/Bylaws,constitution,2021,data/orgs/canterbury-of-furman/documents/2021/constitution_constitutionbylaws_1967175.docx,01dfbc956013c1507be4955761bd18dd2e1c2f4e805628658a253c81f46aa7e8,https://furman.campuslabs.com/engage/legacy/organization/canterbury-of-furman/DocumentLibrary/view/1967175,2021-08-10T11:58:57,application/octet-stream; charset=utf-8,Canterbury_Constitution_2021-22.docx
canterbury-of-furman,2100609,Constitution/Bylaws,constitution,2022,data/orgs/canterbury-of-furman/documents/2022/constitution_constitutionbylaws_2100609.docx,b9ff5ac7ea3650c501db5e99039c3c5f0311942d35ab9a5776298c9422ca4124,https://furman.campuslabs.com/engage/legacy/organization/canterbury-of-furman/DocumentLibrary/view/2100609,2022-08-08T13:20:18,application/octet-stream; charset=utf-8,Canterbury_Constitution_2022-23.docx
catholic-campus-ministry,741921,CCM Constitution.docx,constitution,2018,data/orgs/catholic-campus-ministry/documents/2018/constitution_ccm_constitutiondocx_741921.docx,5f5447e789cb81dc3c87dbd806876217021a77f4be6a357bc06574a7df673f44,https://furman.campuslabs.com/engage/legacy/organization/catholic-campus-ministry/DocumentLibrary/view/741921,2018-04-05T19:14:12,application/octet-stream; charset=utf-8,CCM_Constitution_2016-2017.docx
catholic-campus-ministry,2527269,CCM_Constitution_2025-26_Revised.docx,constitution,2025,data/orgs/catholic-campus-ministry/documents/2025/constitution_ccm_constitution_2025-26_reviseddocx_2527269.docx,119f95c4d5f711897554413c7369f65cfa55b8872884bd8a3446511f205e2c2b,https://furman.campuslabs.com/engage/legacy/organization/catholic-campus-ministry/DocumentLibrary/view/2527269,2025-11-19T17:58:17,application/octet-stream; charset=utf-8,CCM_Constitution_2025-26__Revised.docx
catholic-campus-ministry,759566,Constitution/Bylaws,constitution,2018,data/orgs/catholic-campus-ministry/documents/2018/constitution_constitutionbylaws_759566.docx,5f5447e789cb81dc3c87dbd806876217021a77f4be6a357bc06574a7df673f44,https://furman.campuslabs.com/engage/legacy/organization/catholic-campus-ministry/DocumentLibrary/view/759566,2018-04-13T14:09:06,application/octet-stream; charset=utf-8,CCM_Constitution_2016-2017.docx
catholic-campus-ministry,1094958,Constitution/Bylaws,constitution,2019,data/orgs/catholic-campus-ministry/documents/2019/constitution_constitutionbylaws_1094958.docx,5f5447e789cb81dc3c87dbd806876217021a77f4be6a357bc06574a7df673f44,https://furman.campuslabs.com/engage/legacy/organization/catholic-campus-ministry/DocumentLibrary/view/1094958,2019-04-11T10:03:52,application/octet-stream; charset=utf-8,CCM_Constitution_2016-2017.docx
catholic-campus-ministry,1792328,Constitution/Bylaws,constitution,2020,data/orgs/catholic-campus-ministry/documents/2020/constitution_constitutionbylaws_1792328.docx,5f5447e789cb81dc3c87dbd806876217021a77f4be6a357bc06574a7df673f44,https://furman.campuslabs.com/engage/legacy/organization/catholic-campus-ministry/DocumentLibrary/view/1792328,2020-08-21T12:49:33,application/octet-stream; charset=utf-8,CCM_Constitution_2016-2017.docx
catholic-campus-ministry,1967867,Constitution/Bylaws,constitution,2021,data/orgs/catholic-campus-ministry/documents/2021/constitution_constitutionbylaws_1967867.docx,5f5447e789cb81dc3c87dbd806876217021a77f4be6a357bc06574a7df673f44,https://furman.campuslabs.com/engage/legacy/organization/catholic-campus-ministry/DocumentLibrary/view/1967867,2021-08-09T20:21:54,application/octet-stream; charset=utf-8,CCM_Constitution_2016-2017.docx
catholic-campus-ministry,2101901,Constitution/Bylaws,constitution,2022,data/orgs/catholic-campus-ministry/documents/2022/constitution_constitutionbylaws_2101901.docx,40381166b203e844aa80e9508ebf2971071d4f53d89fb03425e63433558f1465,https://furman.campuslabs.com/engage/legacy/organization/catholic-campus-ministry/DocumentLibrary/view/2101901,2022-08-11T20:48:09,application/octet-stream; charset=utf-8,CCM_Constitution_2022-23.docx
catholic-campus-ministry,2256482,Constitution/Bylaws,constitution,2023,data/orgs/catholic-campus-ministry/documents/2023/constitution_constitutionbylaws_2256482.docx,40381166b203e844aa80e9508ebf2971071d4f53d89fb03425e63433558f1465,https://furman.campuslabs.com/engage/legacy/organization/catholic-campus-ministry/DocumentLibrary/view/2256482,2023-08-14T10:03:04,application/octet-stream; charset=utf-8,CCM_Constitution_2023-24.docx
catholic-campus-ministry,2364525,Constitution/Bylaws,constitution,2024,data/orgs/catholic-campus-ministry/documents/2024/constitution_constitutionbylaws_2364525.docx,5e8435422f49376e214b6b9fe96a3b3c96b0f99750e5080cecf666e5af5ad043,https://furman.campuslabs.com/engage/legacy/organization/catholic-campus-ministry/DocumentLibrary/view/2364525,2024-08-12T22:36:05,application/octet-stream; charset=utf-8,CCM_Constitution_2024-25.docx
catholic-campus-ministry,2499756,Constitution/Bylaws,constitution,2025,data/orgs/catholic-campus-ministry/documents/2025/constitution_constitutionbylaws_2499756.docx,719da847eec9a75d7cac563594028feae999dcbddc3be606f381a681db233b6c,https://furman.campuslabs.com/engage/legacy/organization/catholic-campus-ministry/DocumentLibrary/view/2499756,2025-08-19T10:48:05,application/octet-stream; charset=utf-8,CCM_Constitution_2025-26.docx
chi-omega,696439,Constitution/Bylaws,constitution,2018,data/orgs/chi-omega/documents/2018/constitution_constitutionbylaws_696439.pdf,49536d39bbc4ebf78caf351640e5855e7d87c7f1a6326c0ff1856f924344ea36,https://furman.campuslabs.com/engage/legacy/organization/chi-omega/DocumentLibrary/view/696439,2018-01-24T13:22:58,application/octet-stream; charset=utf-8,Epsilon_Lambda_Bylaws_and_Standing_Rules-Updated_April_2017.pdf
chi-omega,1792329,Constitution/Bylaws,constitution,2020,data/orgs/chi-omega/documents/2020/constitution_constitutionbylaws_1792329.docx,89fd163faf235170b098011a4eca180cb4e6bd848e4679d18fdb0f5a0c699a82,https://furman.campuslabs.com/engage/legacy/organization/chi-omega/DocumentLibrary/view/1792329,2020-08-23T11:28:40,application/octet-stream; charset=utf-8,Epsilon_Lambda_Bylaws_and_Standing_Rules-Updated_April_2019_(1).docx
chi-omega,1971482,Constitution/Bylaws,constitution,2021,data/orgs/chi-omega/documents/2021/constitution_constitutionbylaws_1971482.docx,ef32cd61e0dcde77c39b00800f126ff9968abf0643c4ac170a31a2b61a8aeb22,https://furman.campuslabs.com/engage/legacy/organization/chi-omega/DocumentLibrary/view/1971482,2021-08-19T21:46:34,application/octet-stream; charset=utf-8,2021_Epsilon_Lambda_Bylaws_and_Standing_Rules.docx
chi-omega,2101505,Constitution/Bylaws,constitution,2022,data/orgs/chi-omega/documents/2022/constitution_constitutionbylaws_2101505.pdf,14231953952a2386dae97466378af0bd8d44de84add5ee66bf3098ca912ec2f2,https://furman.campuslabs.com/engage/legacy/organization/chi-omega/DocumentLibrary/view/2101505,2022-08-10T09:16:47,application/octet-stream; charset=utf-8,"Epsilon_Lambda_Bylaws_and_Standing_Rules,_April_2021.pdf"
chi-omega,2256483,Constitution/Bylaws,constitution,2023,data/orgs/chi-omega/documents/2023/constitution_constitutionbylaws_2256483.docx,b4b4b11974d6bcbf4242f55cdfddc92bbae2f976dd24dadf487232dfbcd26689,https://furman.campuslabs.com/engage/legacy/organization/chi-omega/DocumentLibrary/view/2256483,2023-08-13T16:37:29,application/octet-stream; charset=utf-8,Bylaws-2022.docx
chi-omega,2364526,Constitution/Bylaws,constitution,2024,data/orgs/chi-omega/documents/2024/constitution_constitutionbylaws_2364526.docx,d298e98832ee962651bba7ecb0113201ff1200020e8d70776581c95240a2730b,https://furman.campuslabs.com/engage/legacy/organization/chi-omega/DocumentLibrary/view/2364526,2024-08-13T10:27:56,application/octet-stream; charset=utf-8,Bylaws_2024.docx
chi-omega,2499757,Constitution/Bylaws,constitution,2025,data/orgs/chi-omega/documents/2025/constitution_constitutionbylaws_2499757.pdf,e635466f173041ca7f33799b439f2d23b5c12af09f5c0fa074d0ae77763f55eb,https://furman.campuslabs.com/engage/legacy/organization/chi-omega/DocumentLibrary/view/2499757,2025-08-08T16:46:16,application/octet-stream; charset=utf-8,Bylaws_Spring_2025.pdf
christoetdoctrinae,2175361,Constitution/Bylaws,constitution,2023,data/orgs/christoetdoctrinae/documents/2023/constitution_constitutionbylaws_2175361.pdf,9694f53c6d5b2348b8d7d1acaedd2f1bf0cb0aa0aca6939d23640f30c33238aa,https://furman.campuslabs.com/engage/legacy/organization/christoetdoctrinae/DocumentLibrary/view/2175361,2023-03-02T11:35:50,application/octet-stream; charset=utf-8,CD_Constitution_2.0.pdf
christoetdoctrinae,2256484,Constitution/Bylaws,constitution,2023,data/orgs/christoetdoctrinae/documents/2023/constitution_constitutionbylaws_2256484.pdf,9694f53c6d5b2348b8d7d1acaedd2f1bf0cb0aa0aca6939d23640f30c33238aa,https://furman.campuslabs.com/engage/legacy/organization/christoetdoctrinae/DocumentLibrary/view/2256484,2023-08-09T10:42:55,application/octet-stream; charset=utf-8,CD_Constitution_2.0.pdf
christoetdoctrinae,2364527,Constitution/Bylaws,constitution,2024,data/orgs/christoetdoctrinae/documents/2024/constitution_constitutionbylaws_2364527.pdf,a15637bb2507ce6343f4a7e5ea1b0b9a3bb13e1e647e5026888f3867c9fd4323,https://furman.campuslabs.com/engage/legacy/organization/christoetdoctrinae/DocumentLibrary/view/2364527,2024-08-09T19:25:49,application/octet-stream; charset=utf-8,Formal_Constitution_of_Christo_et_Doctrinae.pdf
christoetdoctrinae,2499758,Constitution/Bylaws,constitution,2025,data/orgs/christoetdoctrinae/documents/2025/constitution_constitutionbylaws_2499758.docx,f16351df67f674e0f9fbfd2479c7ae0b62bdeeec6736372d870dd49ed09ee8f2,https://furman.campuslabs.com/engage/legacy/organization/christoetdoctrinae/DocumentLibrary/view/2499758,2025-08-09T13:48:21,application/octet-stream; charset=utf-8,Christo_et_Doctrinae_Constitution_and_Bylaws.docx
christoetdoctrinae,2315461,Formal Constitution of Christo et Doctrinae.pdf,constitution,2024,data/orgs/christoetdoctrinae/documents/2024/constitution_formal_constitution_of_christo_et_doctrinaepdf_2315461.pdf,a15637bb2507ce6343f4a7e5ea1b0b9a3bb13e1e647e5026888f3867c9fd4323,https://furman.campuslabs.com/engage/legacy/organization/christoetdoctrinae/DocumentLibrary/view/2315461,2024-04-16T21:44:56,application/octet-stream; charset=utf-8,Formal_Constitution_of_Christo_et_Doctrinae.pdf
classof2023,2114062,Constitution/Bylaws,constitution,2022,data/orgs/classof2023/documents/2022/constitution_constitutionbylaws_2114062.docx,1951c8ec8a00de1446a900066117a7a933f0cb56acb0bacff42cb83e9b26a882,https://furman.campuslabs.com/engage/legacy/organization/Classof2023/DocumentLibrary/view/2114062,2022-08-24T19:16:04,application/octet-stream; charset=utf-8,Class_of_'23_Constitution.docx
2024,1794102,Constitution/Bylaws,constitution,2020,data/orgs/2024/documents/2020/constitution_constitutionbylaws_1794102.docx,6064ac736a82666aef95db9d9fab92b5fec21b986194c6c5586300a95141b7b3,https://furman.campuslabs.com/engage/legacy/organization/2024/DocumentLibrary/view/1794102,2020-08-26T12:42:51,application/octet-stream; charset=utf-8,Class_of_2024.docx
furman-university-club-sports,2386590,Constitution/Bylaws,constitution,2024,data/orgs/furman-university-club-sports/documents/2024/constitution_constitutionbylaws_2386590.docx,32f0825a1e6257e8c91238ae1f85aa081ce9a153a663a3ee76210623cd818e18,https://furman.campuslabs.com/engage/legacy/organization/furman-university-club-sports/DocumentLibrary/view/2386590,2024-09-04T14:56:03,application/octet-stream; charset=utf-8,CCS_Constitution_-_Updated.docx
furman-university-club-sports,2356415,Drivers Check Form,other,2024,data/orgs/furman-university-club-sports/documents/2024/other_drivers_check_form_2356415.pdf,d94f49e4b661de1f8bd274ebb674e5e23cb88073d9a0619d0769b893bbdbfd77,https://furman.campuslabs.com/engage/legacy/organization/furman-university-club-sports/DocumentLibrary/view/2356415,2024-08-25T11:16:35,application/octet-stream; charset=utf-8,Drivers_Check_FEB_2024.pdf
club-ultimate-frisbee,837586,Constitution/Bylaws,constitution,2018,data/orgs/club-ultimate-frisbee/documents/2018/constitution_constitutionbylaws_837586.docx,37c53f18b734156c830e4d50815de80b0e7aa4ebf6168a2b72dd8efc9d0d946d,https://furman.campuslabs.com/engage/legacy/organization/club-ultimate-frisbee/DocumentLibrary/view/837586,2018-06-01T15:14:06,application/octet-stream; charset=utf-8,FUU_Constitution.docx
club-ultimate-frisbee,1801515,Constitution/Bylaws,constitution,2020,data/orgs/club-ultimate-frisbee/documents/2020/constitution_constitutionbylaws_1801515.docx,ec8ffd8c17bbfc1de01279e5f42f00dd5dbe1669143f4ed3a3ab88ecc1fbb578,https://furman.campuslabs.com/engage/legacy/organization/club-ultimate-frisbee/DocumentLibrary/view/1801515,2020-08-27T14:21:32,application/octet-stream; charset=utf-8,Frisbee_Constitution.docx
club-ultimate-frisbee,1977391,Constitution/Bylaws,constitution,2021,data/orgs/club-ultimate-frisbee/documents/2021/constitution_constitutionbylaws_1977391.docx,a97c3210866bfba7f5b199e0372fc82521f756a1711631600b1d3079439b5d8e,https://furman.campuslabs.com/engage/legacy/organization/club-ultimate-frisbee/DocumentLibrary/view/1977391,2021-08-24T11:59:25,application/octet-stream; charset=utf-8,Frisbee_Constitution[3463].docx
club-ultimate-frisbee,2103283,Constitution/Bylaws,constitution,2022,data/orgs/club-ultimate-frisbee/documents/2022/constitution_constitutionbylaws_2103283.docx,e1a80615f3b37d762c74fc845076374073c4b60b84a22e584d7b9dc4fe6f6c96,https://furman.campuslabs.com/engage/legacy/organization/club-ultimate-frisbee/DocumentLibrary/view/2103283,2022-08-31T09:05:36,application/octet-stream; charset=utf-8,Frisbee_Constitution.docx
club-ultimate-frisbee,2256485,Constitution/Bylaws,constitution,2023,data/orgs/club-ultimate-frisbee/documents/2023/constitution_constitutionbylaws_2256485.docx,e1a80615f3b37d762c74fc845076374073c4b60b84a22e584d7b9dc4fe6f6c96,https://furman.campuslabs.com/engage/legacy/organization/club-ultimate-frisbee/DocumentLibrary/view/2256485,2023-08-21T13:27:58,application/octet-stream; charset=utf-8,Frisbee_Constitution.docx
club-ultimate-frisbee,2364528,Constitution/Bylaws,constitution,2024,data/orgs/club-ultimate-frisbee/documents/2024/constitution_constitutionbylaws_2364528.docx,e28ccaf0f13bcfe47d2d61d07250c512b88773de6ea4aa39a6b7976cbf20579b,https://furman.campuslabs.com/engage/legacy/organization/club-ultimate-frisbee/DocumentLibrary/view/2364528,2024-08-12T20:22:53,application/octet-stream; charset=utf-8,Frisbee_Constitution24-25.docx
club-ultimate-frisbee,2499759,Constitution/Bylaws,constitution,2025,data/orgs/club-ultimate-frisbee/documents/2025/constitution_constitutionbylaws_2499759.docx,81a17246a6b6ca339bfda2512feb5ad5ce17c4de7eaea7915b5a861a6353499d,https://furman.campuslabs.com/engage/legacy/organization/club-ultimate-frisbee/DocumentLibrary/view/2499759,2025-08-15T11:22:05,application/octet-stream; charset=utf-8,Frisbee_Constitution_25-26.docx
collaborative-neuroscience-society,2228055,2023_CNS_Bylaws,constitution,2023,data/orgs/collaborative-neuroscience-society/documents/2023/constitution_2023_cns_bylaws_2228055.docx,8c80c60a43165506cd7c44fbbdadcb5660b84dc41d4bb497130a5766c0ef609f,https://furman.campuslabs.com/engage/legacy/organization/collaborative-neuroscience-society/DocumentLibrary/view/2228055,2023-08-21T14:16:25,application/octet-stream; charset=utf-8,2023_CNS_Bylaws.docx
collaborative-neuroscience-society,2256486,Constitution/Bylaws,constitution,2023,data/orgs/collaborative-neuroscience-society/documents/2023/constitution_constitutionbylaws_2256486.docx,8c80c60a43165506cd7c44fbbdadcb5660b84dc41d4bb497130a5766c0ef609f,https://furman.campuslabs.com/engage/legacy/organization/collaborative-neuroscience-society/DocumentLibrary/view/2256486,2023-08-11T14:57:36,application/octet-stream; charset=utf-8,2023_CNS_Bylaws.docx
collaborative-neuroscience-society,2364529,Constitution/Bylaws,constitution,2024,data/orgs/collaborative-neuroscience-society/documents/2024/constitution_constitutionbylaws_2364529.docx,689e892387d4ad1fe7441c49f63b6f7f3e2e724303699fa73e74a7c4c1bc7c21,https://furman.campuslabs.com/engage/legacy/organization/collaborative-neuroscience-society/DocumentLibrary/view/2364529,2024-08-10T22:16:32,application/octet-stream; charset=utf-8,Collaborative_Neuroscience_Society_Bylaws.docx
collaborative-neuroscience-society,2499760,Constitution/Bylaws,constitution,2025,data/orgs/collaborative-neuroscience-society/documents/2025/constitution_constitutionbylaws_2499760.docx,8c80c60a43165506cd7c44fbbdadcb5660b84dc41d4bb497130a5766c0ef609f,https://furman.campuslabs.com/engage/legacy/organization/collaborative-neuroscience-society/DocumentLibrary/view/2499760,2025-08-29T16:37:18,application/octet-stream; charset=utf-8,2023_CNS_Bylaws_(3).docx
collaborative-neuroscience-society,1792330,Constitution/Bylaws,constitution,2020,data/orgs/collaborative-neuroscience-society/documents/2020/constitution_constitutionbylaws_1792330.doc,55d947a9c6d258b134c03dcda492a7b21fd2701b565b8657a44f50d97fe04ca1,https://furman.campuslabs.com/engage/legacy/organization/collaborative-neuroscience-society/DocumentLibrary/view/1792330,2020-08-20T14:46:15,application/octet-stream; charset=utf-8,CNS_constitution.doc
collaborative-neuroscience-society,1967871,Constitution/Bylaws,constitution,2021,data/orgs/collaborative-neuroscience-society/documents/2021/constitution_constitutionbylaws_1967871.docx,8b1f560016d000f0bac4bf2a6c09e2c4d03916c2a87bf3983d8c319fb11f38b3,https://furman.campuslabs.com/engage/legacy/organization/collaborative-neuroscience-society/DocumentLibrary/view/1967871,2021-08-10T13:56:24,application/octet-stream; charset=utf-8,Constitution.docx
collaborative-neuroscience-society,2100610,Constitution/Bylaws,constitution,2022,data/orgs/collaborative-neuroscience-society/documents/2022/constitution_constitutionbylaws_2100610.docx,cc61400561a737907460ab668645a319421df45d7aa5f25f4ae572a6c4f5b4bd,https://furman.campuslabs.com/engage/legacy/organization/collaborative-neuroscience-society/DocumentLibrary/view/2100610,2022-08-25T01:06:06,application/octet-stream; charset=utf-8,Constitution_and_Bylaws.docx
comstudiesadvisoryboard,1888517,Constitution/Bylaws,constitution,2021,data/orgs/comstudiesadvisoryboard/documents/2021/constitution_constitutionbylaws_1888517.docx,c814f1a179a6fa0119735c5673fee665fc6a55d7fa6323d8e70ac50551e8d208,https://furman.campuslabs.com/engage/legacy/organization/ComStudiesAdvisoryBoard/DocumentLibrary/view/1888517,2021-02-25T10:17:43,application/octet-stream; charset=utf-8,Advisory_Board_Bylaws.docx
comstudiesadvisoryboard,1968075,Constitution/Bylaws,constitution,2021,data/orgs/comstudiesadvisoryboard/documents/2021/constitution_constitutionbylaws_1968075.docx,528a1ff73ba2ffe25de42cf37fe53908f2818c02d83e7c24b41671c5606f66fa,https://furman.campuslabs.com/engage/legacy/organization/ComStudiesAdvisoryBoard/DocumentLibrary/view/1968075,2021-08-25T15:33:34,application/octet-stream; charset=utf-8,Advisory_Board_Bylaws.docx
comstudiesadvisoryboard,2100611,Constitution/Bylaws,constitution,2022,data/orgs/comstudiesadvisoryboard/documents/2022/constitution_constitutionbylaws_2100611.docx,528a1ff73ba2ffe25de42cf37fe53908f2818c02d83e7c24b41671c5606f66fa,https://furman.campuslabs.com/engage/legacy/organization/ComStudiesAdvisoryBoard/DocumentLibrary/view/2100611,2022-08-10T11:11:02,application/octet-stream; charset=utf-8,Advisory_Board_Bylaws.docx
comstudiesadvisoryboard,2256487,Constitution/Bylaws,constitution,2023,data/orgs/comstudiesadvisoryboard/documents/2023/constitution_constitutionbylaws_2256487.docx,528a1ff73ba2ffe25de42cf37fe53908f2818c02d83e7c24b41671c5606f66fa,https://furman.campuslabs.com/engage/legacy/organization/ComStudiesAdvisoryBoard/DocumentLibrary/view/2256487,2023-08-25T13:20:15,application/octet-stream; charset=utf-8,Advisory_Board_Bylaws.docx
comstudiesadvisoryboard,2364530,Constitution/Bylaws,constitution,2024,data/orgs/comstudiesadvisoryboard/documents/2024/constitution_constitutionbylaws_2364530.docx,528a1ff73ba2ffe25de42cf37fe53908f2818c02d83e7c24b41671c5606f66fa,https://furman.campuslabs.com/engage/legacy/organization/ComStudiesAdvisoryBoard/DocumentLibrary/view/2364530,2024-08-29T10:19:23,application/octet-stream; charset=utf-8,Advisory_Board_Bylaws.docx
comstudiesadvisoryboard,2499761,Constitution/Bylaws,constitution,2025,data/orgs/comstudiesadvisoryboard/documents/2025/constitution_constitutionbylaws_2499761.docx,528a1ff73ba2ffe25de42cf37fe53908f2818c02d83e7c24b41671c5606f66fa,https://furman.campuslabs.com/engage/legacy/organization/ComStudiesAdvisoryBoard/DocumentLibrary/view/2499761,2025-08-28T21:43:31,application/octet-stream; charset=utf-8,Advisory_Board_Bylaws.docx
cooperative-student-fellowship,2499762,Constitution/Bylaws,constitution,2025,data/orgs/cooperative-student-fellowship/documents/2025/constitution_constitutionbylaws_2499762.docx,b5c94b1689f49952bfa1d82fce33695fb619520cc957297716cfb540e49e2293,https://furman.campuslabs.com/engage/legacy/organization/cooperative-student-fellowship/DocumentLibrary/view/2499762,2025-09-07T14:43:21,application/octet-stream; charset=utf-8,Cooperative_Student_Fellowship_Bylaws.docx
creativeconversations,2320807,Constitution/Bylaws,constitution,2024,data/orgs/creativeconversations/documents/2024/constitution_constitutionbylaws_2320807.docx,f229603ae2e2293d337968571307464404911ded78291e0b9fe7b536aa4163d1,https://furman.campuslabs.com/engage/legacy/organization/creativeconversations/DocumentLibrary/view/2320807,2024-04-30T17:07:45,application/octet-stream; charset=utf-8,Creative_Conversations_Constitution_and_Bylaws_Draft[85].docx
creativeconversations,2364531,Constitution/Bylaws,constitution,2024,data/orgs/creativeconversations/documents/2024/constitution_constitutionbylaws_2364531.docx,f229603ae2e2293d337968571307464404911ded78291e0b9fe7b536aa4163d1,https://furman.campuslabs.com/engage/legacy/organization/creativeconversations/DocumentLibrary/view/2364531,2024-08-24T00:23:55,application/octet-stream; charset=utf-8,Creative_Conversations_Constitution_and_Bylaws_Draft[85].docx
creativeconversations,2499763,Constitution/Bylaws,constitution,2025,data/orgs/creativeconversations/documents/2025/constitution_constitutionbylaws_2499763.docx,7fa699728fb705267c4f228f08c3410ebf8be0f1f32694946a4bcf23343fcceb,https://furman.campuslabs.com/engage/legacy/organization/creativeconversations/DocumentLibrary/view/2499763,2025-08-12T11:52:39,application/octet-stream; charset=utf-8,Creative_Conversations_Constitution_and_Bylaws.docx
delight-ministries,748075,Advisor Expectations Delight Spring 2018.pdf,other,2018,data/orgs/delight-ministries/documents/2018/other_advisor_expectations_delight_spring_2018pdf_748075.pdf,4d060cd71c4922c7841687e56471d05ade868f2bc0b1c31c64283dc5260a3f58,https://furman.campuslabs.com/engage/legacy/organization/delight-ministries/DocumentLibrary/view/748075,2018-04-14T11:33:15,application/octet-stream; charset=utf-8,Advisor_Expectations_Delight_Spring_2018.pdf
delight-ministries,759567,Constitution/Bylaws,constitution,2018,data/orgs/delight-ministries/documents/2018/constitution_constitutionbylaws_759567.docx,538346b8b722bceb52020a3e6501a1067cd517beb5060ca268f9e58768383a99,https://furman.campuslabs.com/engage/legacy/organization/delight-ministries/DocumentLibrary/view/759567,2018-04-11T19:17:48,application/octet-stream; charset=utf-8,Delight_Constitution_2017-2018_(1).docx
delight-ministries,1094962,Constitution/Bylaws,constitution,2019,data/orgs/delight-ministries/documents/2019/constitution_constitutionbylaws_1094962.docx,bcf5d7613b22d4105d792afda87fae7168b4e18ac7d43450a89ea4281d7881f6,https://furman.campuslabs.com/engage/legacy/organization/delight-ministries/DocumentLibrary/view/1094962,2019-04-18T21:13:02,application/octet-stream; charset=utf-8,Delight_Constitution_2019-2020.docx
delight-ministries,1792332,Constitution/Bylaws,constitution,2020,data/orgs/delight-ministries/documents/2020/constitution_constitutionbylaws_1792332.docx,c5c5fae711c4d5d7f45882196a5b04e2c2c506b46218702ad48d7eb8cac0f19a,https://furman.campuslabs.com/engage/legacy/organization/delight-ministries/DocumentLibrary/view/1792332,2020-08-22T17:14:56,application/octet-stream; charset=utf-8,Delight_Constitution_and_Bylaws_2020-2021.docx
delight-ministries,1967186,Constitution/Bylaws,constitution,2021,data/orgs/delight-ministries/documents/2021/constitution_constitutionbylaws_1967186.docx,7eda838adc94d29b1162700d8bcaf27c678724901624765e27e6085dd63a5e92,https://furman.campuslabs.com/engage/legacy/organization/delight-ministries/DocumentLibrary/view/1967186,2021-08-11T15:36:23,application/octet-stream; charset=utf-8,Delight_Constitution_and_Bylaws.docx
delight-ministries,2100613,Constitution/Bylaws,constitution,2022,data/orgs/delight-ministries/documents/2022/constitution_constitutionbylaws_2100613.docx,24583f3acb2555e55f85b416f31d1e67999b2980fbba6c2ebbe6bd729ff50013,https://furman.campuslabs.com/engage/legacy/organization/delight-ministries/DocumentLibrary/view/2100613,2022-08-18T09:49:19,application/octet-stream; charset=utf-8,Delight_Ministries.docx
delight-ministries,2256488,Constitution/Bylaws,constitution,2023,data/orgs/delight-ministries/documents/2023/constitution_constitutionbylaws_2256488.docx,e8936b9e76e84d189af6f85ef1ce2aaa8563330423d033f35b4015a0513dc3ff,https://furman.campuslabs.com/engage/legacy/organization/delight-ministries/DocumentLibrary/view/2256488,2023-08-16T12:15:50,application/octet-stream; charset=utf-8,Delight_Constitution_and_Bylaws_(1).docx
delight-ministries,694473,Constitution/Bylaws,constitution,2017,data/orgs/delight-ministries/documents/2017/constitution_constitutionbylaws_694473.docx,9887cb35e55a54308187ddfd8c9cac678122d298ced8e83c18f521c4a4e680dd,https://furman.campuslabs.com/engage/legacy/organization/delight-ministries/DocumentLibrary/view/694473,2017-12-21T13:15:05,application/octet-stream; charset=utf-8,Delight_Constitution_2017-2018.docx
delight-ministries,2364532,Constitution/Bylaws,constitution,2024,data/orgs/delight-ministries/documents/2024/constitution_constitutionbylaws_2364532.pdf,7785b5910af70d6cdd34a1d21470bc997ed53b6248515118a330a11cd536930c,https://furman.campuslabs.com/engage/legacy/organization/delight-ministries/DocumentLibrary/view/2364532,2024-08-11T21:48:44,application/octet-stream; charset=utf-8,DelightConstitution-3.pdf
delight-ministries,2499764,Constitution/Bylaws,constitution,2025,data/orgs/delight-ministries/documents/2025/constitution_constitutionbylaws_2499764.pdf,df56b6e36b601db0d01658dc38148073703a8ba139a39a4943c75fca064767eb,https://furman.campuslabs.com/engage/legacy/organization/delight-ministries/DocumentLibrary/view/2499764,2025-08-11T19:45:11,application/octet-stream; charset=utf-8,DelightLeaderCovenant_2024.pdf
delight-ministries,2313049,Delight Constitution 2024.docx,constitution,2024,data/orgs/delight-ministries/documents/2024/constitution_delight_constitution_2024docx_2313049.docx,b3e3f0cce23e0ae48e9126465477b733220f8e0249d513eeec0f344d2ca4a6d9,https://furman.campuslabs.com/engage/legacy/organization/delight-ministries/DocumentLibrary/view/2313049,2024-04-10T16:31:45,application/octet-stream; charset=utf-8,Delight_Constitution_2024.docx
delta-delta-delta,696728,Constitution/Bylaws,constitution,2018,data/orgs/delta-delta-delta/documents/2018/constitution_constitutionbylaws_696728.pdf,ffbbee5329fe5170faaf72978a6dcdf59394f222d1455b4434912c90d4828fc4,https://furman.campuslabs.com/engage/legacy/organization/delta-delta-delta/DocumentLibrary/view/696728,2018-01-24T20:48:20,application/octet-stream; charset=utf-8,Furman_Bylaws_2016.pdf
delta-delta-delta,1792333,Constitution/Bylaws,constitution,2020,data/orgs/delta-delta-delta/documents/2020/constitution_constitutionbylaws_1792333.pdf,67faadc603b1cc07779d7818438dd014aec1a7b774ab8e742572eda2876acdfb,https://furman.campuslabs.com/engage/legacy/organization/delta-delta-delta/DocumentLibrary/view/1792333,2020-08-19T10:18:43,application/octet-stream; charset=utf-8,Gamma_Xi_Policies_19-20.pdf
delta-delta-delta,1971483,Constitution/Bylaws,constitution,2021,data/orgs/delta-delta-delta/documents/2021/constitution_constitutionbylaws_1971483.pdf,ab0b390ddd4f370f0754ea576c4f0c5f4f29387efe2bfc771507bab35f293775,https://furman.campuslabs.com/engage/legacy/organization/delta-delta-delta/DocumentLibrary/view/1971483,2021-08-09T18:18:15,application/octet-stream; charset=utf-8,fraternityBylaws2019.pdf
delta-delta-delta,2101268,Constitution/Bylaws,constitution,2022,data/orgs/delta-delta-delta/documents/2022/constitution_constitutionbylaws_2101268.pdf,f7a5533dd253b7042b1eae6091b66ce1fd45e0999e41b8e4180087a9459b31a2,https://furman.campuslabs.com/engage/legacy/organization/delta-delta-delta/DocumentLibrary/view/2101268,2022-08-23T12:07:01,application/octet-stream; charset=utf-8,2021_Bylaws_for_Gamma_Xi.pdf
delta-delta-delta,2256489,Constitution/Bylaws,constitution,2023,data/orgs/delta-delta-delta/documents/2023/constitution_constitutionbylaws_2256489.pdf,203fd4f3f58d686ff36df4682343de4cb22d1b9630ac1d8073b275fceef0be88,https://furman.campuslabs.com/engage/legacy/organization/delta-delta-delta/DocumentLibrary/view/2256489,2023-08-09T14:30:39,application/octet-stream; charset=utf-8,Bylaws_of_Delta_Delta_Delta.pdf
delta-delta-delta,2364533,Constitution/Bylaws,constitution,2024,data/orgs/delta-delta-delta/documents/2024/constitution_constitutionbylaws_2364533.pdf,1fd96874250fcb4dc91662b06bf6de8c928260b1e21d2ab4d2eb4bd24ad3d45f,https://furman.campuslabs.com/engage/legacy/organization/delta-delta-delta/DocumentLibrary/view/2364533,2024-08-21T10:44:25,application/octet-stream; charset=utf-8,Bylaws_of_Delta_Delta_Delta.pdf
delta-delta-delta,2499767,Constitution/Bylaws,constitution,2025,data/orgs/delta-delta-delta/documents/2025/constitution_constitutionbylaws_2499767.pdf,3d6d32db9362230aa3a8982afd0406ada40bc1c7811064bf9ac33f1d4c7f8410,https://furman.campuslabs.com/engage/legacy/organization/delta-delta-delta/DocumentLibrary/view/2499767,2025-08-23T17:37:38,application/octet-stream; charset=utf-8,Bylaws_for_Gamma_Xi.pdf
delta-gamma-zeta-upsilon-chapter,696832,Advisor Agreement Placeholder.docx,other,2018,data/orgs/delta-gamma-zeta-upsilon-chapter/documents/2018/other_advisor_agreement_placeholderdocx_696832.docx,362edf85fc7d43df64c2a5eb22c1685f420c0e9217ba29e9b37af21c953f674b,https://furman.campuslabs.com/engage/legacy/organization/delta-gamma-zeta-upsilon-chapter/DocumentLibrary/view/696832,2018-01-25T14:03:54,application/octet-stream; charset=utf-8,Advisor_Agreement_Placeholder.docx
delta-gamma-zeta-upsilon-chapter,1792334,Constitution/Bylaws,constitution,2020,data/orgs/delta-gamma-zeta-upsilon-chapter/documents/2020/constitution_constitutionbylaws_1792334.pdf,a36c7ab1e30ed706fd08f7f83aeefb984c0d8081986e4c53c126c84af5773b77,https://furman.campuslabs.com/engage/legacy/organization/delta-gamma-zeta-upsilon-chapter/DocumentLibrary/view/1792334,2020-08-19T23:24:02,application/octet-stream; charset=utf-8,Zeta_Upsilon_Bylaws_and_Standing_Rules_2020-2021.pdf
delta-gamma-zeta-upsilon-chapter,1971484,Constitution/Bylaws,constitution,2021,data/orgs/delta-gamma-zeta-upsilon-chapter/documents/2021/constitution_constitutionbylaws_1971484.pdf,a36c7ab1e30ed706fd08f7f83aeefb984c0d8081986e4c53c126c84af5773b77,https://furman.campuslabs.com/engage/legacy/organization/delta-gamma-zeta-upsilon-chapter/DocumentLibrary/view/1971484,2021-08-09T16:37:33,application/octet-stream; charset=utf-8,Zeta_Upsilon_Bylaws_and_Standing_Rules_2020-2021-1.pdf
delta-gamma-zeta-upsilon-chapter,2106122,Constitution/Bylaws,constitution,2022,data/orgs/delta-gamma-zeta-upsilon-chapter/documents/2022/constitution_constitutionbylaws_2106122.pdf,2b67c7676cb3ad9e44334fc4ba633b40cfefedafd328808d8aee082a88bca4b8,https://furman.campuslabs.com/engage/legacy/organization/delta-gamma-zeta-upsilon-chapter/DocumentLibrary/view/2106122,2022-08-24T18:41:38,application/octet-stream; charset=utf-8,2022-2023-Chapter-Bylaws-and-Standing-Rules_220303_183355_(2).docx.pdf
delta-gamma-zeta-upsilon-chapter,2256490,Constitution/Bylaws,constitution,2023,data/orgs/delta-gamma-zeta-upsilon-chapter/documents/2023/constitution_constitutionbylaws_2256490.docx,f6abd8c70aae713a46b96e04898b9c2a34e67986d842f4df490cbf60cf636e16,https://furman.campuslabs.com/engage/legacy/organization/delta-gamma-zeta-upsilon-chapter/DocumentLibrary/view/2256490,2023-08-12T18:04:05,application/octet-stream; charset=utf-8,2023-2024-Chapter-Bylaws-and-Standing-Rules-Zeta-Upsilon-Revised_4_16.docx
delta-gamma-zeta-upsilon-chapter,2364534,Constitution/Bylaws,constitution,2024,data/orgs/delta-gamma-zeta-upsilon-chapter/documents/2024/constitution_constitutionbylaws_2364534.docx,422c7ddca69f60b55ced08396501216879f141e923dc88402a3e18237ff2604e,https://furman.campuslabs.com/engage/legacy/organization/delta-gamma-zeta-upsilon-chapter/DocumentLibrary/view/2364534,2024-08-12T11:52:37,application/octet-stream; charset=utf-8,Copy_of_2024-25-Revised-Zeta-Upsilon-chapter-Bylaws-and-Standing-Rules.docx
delta-gamma-zeta-upsilon-chapter,2499768,Constitution/Bylaws,constitution,2025,data/orgs/delta-gamma-zeta-upsilon-chapter/documents/2025/constitution_constitutionbylaws_2499768.pdf,2154a95cfb66d29ab0e9b1a9ade611a0a54c43ac07154bccf4a7be569868956f,https://furman.campuslabs.com/engage/legacy/organization/delta-gamma-zeta-upsilon-chapter/DocumentLibrary/view/2499768,2025-08-18T14:00:26,application/octet-stream; charset=utf-8,2025_26_Chapter_Bylaws_and_Standing_Rules_Final_Version.pdf
delta-gamma-zeta-upsilon-chapter,695130,Constitution/Bylaws,constitution,2018,data/orgs/delta-gamma-zeta-upsilon-chapter/documents/2018/constitution_constitutionbylaws_695130.docx,0eb0f90d84ce6c0ff086832064266d51113901aa7adb069c5da5ab0031c142d7,https://furman.campuslabs.com/engage/legacy/organization/delta-gamma-zeta-upsilon-chapter/DocumentLibrary/view/695130,2018-01-03T11:25:41,application/octet-stream; charset=utf-8,Zeta_Upsilon_2017-2018-BLSR-Suggested.docx
dinsvote,1974194,Constitution/Bylaws,constitution,2021,data/orgs/dinsvote/documents/2021/constitution_constitutionbylaws_1974194.pdf,ee143972b24ab0b821bb30e1c55c65b5283a00794fdb0abcf177f32f7f8f273b,https://furman.campuslabs.com/engage/legacy/organization/dinsvote/DocumentLibrary/view/1974194,2021-09-14T16:31:30,application/octet-stream; charset=utf-8,Dins_Vote_Constitution.pdf
dinsvote,2101705,Constitution/Bylaws,constitution,2022,data/orgs/dinsvote/documents/2022/constitution_constitutionbylaws_2101705.pdf,ee143972b24ab0b821bb30e1c55c65b5283a00794fdb0abcf177f32f7f8f273b,https://furman.campuslabs.com/engage/legacy/organization/dinsvote/DocumentLibrary/view/2101705,2022-08-09T07:53:02,application/octet-stream; charset=utf-8,Dins_Vote_Constitution.pdf
dinsvote,2256491,Constitution/Bylaws,constitution,2023,data/orgs/dinsvote/documents/2023/constitution_constitutionbylaws_2256491.pdf,ee143972b24ab0b821bb30e1c55c65b5283a00794fdb0abcf177f32f7f8f273b,https://furman.campuslabs.com/engage/legacy/organization/dinsvote/DocumentLibrary/view/2256491,2023-08-19T23:55:50,application/octet-stream; charset=utf-8,Dins_Vote_Constitution.pdf
dinsvote,2364535,Constitution/Bylaws,constitution,2024,data/orgs/dinsvote/documents/2024/constitution_constitutionbylaws_2364535.pdf,ee143972b24ab0b821bb30e1c55c65b5283a00794fdb0abcf177f32f7f8f273b,https://furman.campuslabs.com/engage/legacy/organization/dinsvote/DocumentLibrary/view/2364535,2024-08-14T11:44:46,application/octet-stream; charset=utf-8,Dins_Vote_Constitution_(1).pdf
dinsvote,2499769,Constitution/Bylaws,constitution,2025,data/orgs/dinsvote/documents/2025/constitution_constitutionbylaws_2499769.pdf,ee143972b24ab0b821bb30e1c55c65b5283a00794fdb0abcf177f32f7f8f273b,https://furman.campuslabs.com/engage/legacy/organization/dinsvote/DocumentLibrary/view/2499769,2025-08-18T14:54:39,application/octet-stream; charset=utf-8,Dins_Vote_Constitution_(1).pdf
dintonation,697326,Constitution/Bylaws,constitution,2018,data/orgs/dintonation/documents/2018/constitution_constitutionbylaws_697326.docx,219f1bf70b9a3489f72ee432607ceccdb9c19087c17bade56c1e3a75c241bcfa,https://furman.campuslabs.com/engage/legacy/organization/dintonation/DocumentLibrary/view/697326,2018-01-25T21:52:51,application/octet-stream; charset=utf-8,Dintonation_Attendance_Policy_(Autosaved).docx
dintonation,837580,Constitution/Bylaws,constitution,2018,data/orgs/dintonation/documents/2018/constitution_constitutionbylaws_837580.docx,219f1bf70b9a3489f72ee432607ceccdb9c19087c17bade56c1e3a75c241bcfa,https://furman.campuslabs.com/engage/legacy/organization/dintonation/DocumentLibrary/view/837580,2018-04-13T16:10:20,application/octet-stream; charset=utf-8,Dintonation_Attendance_Policy_(Autosaved).docx
dintonation,1094344,Constitution/Bylaws,constitution,2019,data/orgs/dintonation/documents/2019/constitution_constitutionbylaws_1094344.docx,da5f92558d2f576b797d5ce55ebb065ce8fc9a50d9da36a87c9706e4c9775509,https://furman.campuslabs.com/engage/legacy/organization/dintonation/DocumentLibrary/view/1094344,2019-04-09T15:02:55,application/octet-stream; charset=utf-8,Dintonation_Bylaws__Constitution.docx
dintonation,1792335,Constitution/Bylaws,constitution,2020,data/orgs/dintonation/documents/2020/constitution_constitutionbylaws_1792335.docx,9d791d4bc513525594253e296d0b6fb364839999ca74e9e0a2194cfd435f40dd,https://furman.campuslabs.com/engage/legacy/organization/dintonation/DocumentLibrary/view/1792335,2020-08-24T21:30:19,application/octet-stream; charset=utf-8,Dintonation_Bylaws__Constitution.docx
dintonation,1967187,Constitution/Bylaws,constitution,2021,data/orgs/dintonation/documents/2021/constitution_constitutionbylaws_1967187.pdf,d3b49bde32823ebd448afa5545836647b41fb69dc11e70ba2d26e1e21479340e,https://furman.campuslabs.com/engage/legacy/organization/dintonation/DocumentLibrary/view/1967187,2021-08-16T21:16:24,application/octet-stream; charset=utf-8,Dintonation_Bylaws__Constitution.pdf
dintonation,2100614,Constitution/Bylaws,constitution,2022,data/orgs/dintonation/documents/2022/constitution_constitutionbylaws_2100614.pdf,d30464b6ea330db583e240e555742d754c4d64d87ef759ca9ed5e04a2ac94cea,https://furman.campuslabs.com/engage/legacy/organization/dintonation/DocumentLibrary/view/2100614,2022-08-19T14:27:01,application/octet-stream; charset=utf-8,2022_Dintonation_Bylaws_Constitution.pdf
dintonation,2256492,Constitution/Bylaws,constitution,2023,data/orgs/dintonation/documents/2023/constitution_constitutionbylaws_2256492.pdf,d30464b6ea330db583e240e555742d754c4d64d87ef759ca9ed5e04a2ac94cea,https://furman.campuslabs.com/engage/legacy/organization/dintonation/DocumentLibrary/view/2256492,2023-08-25T09:53:28,application/octet-stream; charset=utf-8,2023_Dintonation_Bylaws_Constitution.pdf
dintonation,2364536,Constitution/Bylaws,constitution,2024,data/orgs/dintonation/documents/2024/constitution_constitutionbylaws_2364536.pdf,d30464b6ea330db583e240e555742d754c4d64d87ef759ca9ed5e04a2ac94cea,https://furman.campuslabs.com/engage/legacy/organization/dintonation/DocumentLibrary/view/2364536,2024-08-15T11:24:38,application/octet-stream; charset=utf-8,2022_Dintonation_Bylaws_Constitution.pdf
dintonation,2499770,Constitution/Bylaws,constitution,2025,data/orgs/dintonation/documents/2025/constitution_constitutionbylaws_2499770.pdf,c96cc78ebaeb3f4c97ea50504a355705ba8e55c773852fc9cdd0d29dfc1505fe,https://furman.campuslabs.com/engage/legacy/organization/dintonation/DocumentLibrary/view/2499770,2025-08-13T12:11:08,application/octet-stream; charset=utf-8,2025_Dintonation_Bylaws_Constitution.docx.pdf
dream,2388566,24-25 Furman DREAM Chapter Constitution and Bylaws (1).docx,constitution,2024,data/orgs/dream/documents/2024/constitution_24-25_furman_dream_chapter_constitution_and_bylaws_1docx_2388566.docx,45ba11655ae53536afde774b3c354b7116926e4db94c7e2c6f4e1f4c76fc68b1,https://furman.campuslabs.com/engage/legacy/organization/DREAM/DocumentLibrary/view/2388566,2024-10-15T11:29:43,application/octet-stream; charset=utf-8,24-25_Furman_DREAM_Chapter_Constitution_and_Bylaws_(1).docx
dream,2499660,25-26 Furman DREAM Chapter Constitution.pdf,constitution,2025,data/orgs/dream/documents/2025/constitution_25-26_furman_dream_chapter_constitutionpdf_2499660.pdf,be4eb96d4efd17cff20e55d8132f345430aab4696040bb77d5be9d87fa480c87,https://furman.campuslabs.com/engage/legacy/organization/DREAM/DocumentLibrary/view/2499660,2025-09-16T13:29:39,application/octet-stream; charset=utf-8,Furman_DREAM_Chapter_Constitution.pdf
dream,2499771,Constitution/Bylaws,constitution,2025,data/orgs/dream/documents/2025/constitution_constitutionbylaws_2499771.pdf,e29421576a79c7830d4a83c814762d7b124c0d27a8ecce3fa403acc8460e0b95,https://furman.campuslabs.com/engage/legacy/organization/DREAM/DocumentLibrary/view/2499771,2025-08-14T21:46:08,application/octet-stream; charset=utf-8,Furman_DREAM_Chapter_Constitution.pdf
dream,2256493,Constitution/Bylaws,constitution,2023,data/orgs/dream/documents/2023/constitution_constitutionbylaws_2256493.pdf,729fd3508865d711758cf8822544b7ea98bf1f1aa65b6889d1434840798d336c,https://furman.campuslabs.com/engage/legacy/organization/DREAM/DocumentLibrary/view/2256493,2023-08-25T12:40:34,application/octet-stream; charset=utf-8,Furman_DREAM_Chapter_Constitution.pdf
dream,2386591,Constitution/Bylaws,constitution,2024,data/orgs/dream/documents/2024/constitution_constitutionbylaws_2386591.pdf,729fd3508865d711758cf8822544b7ea98bf1f1aa65b6889d1434840798d336c,https://furman.campuslabs.com/engage/legacy/organization/DREAM/DocumentLibrary/view/2386591,2024-08-11T20:04:14,application/octet-stream; charset=utf-8,Furman_DREAM_Chapter_Constitution.pdf
dream,1084057,Constitution/Bylaws,constitution,2019,data/orgs/dream/documents/2019/constitution_constitutionbylaws_1084057.docx,a0ac0956367b5ab9562496ad69f3ef136b77c07d68f8f950a833f4ddf828736f,https://furman.campuslabs.com/engage/legacy/organization/DREAM/DocumentLibrary/view/1084057,2019-03-19T11:42:34,application/octet-stream; charset=utf-8,Furman_DREAM_Chapter_Constitution.docx
dream,1967188,Constitution/Bylaws,constitution,2021,data/orgs/dream/documents/2021/constitution_constitutionbylaws_1967188.docx,a0ac0956367b5ab9562496ad69f3ef136b77c07d68f8f950a833f4ddf828736f,https://furman.campuslabs.com/engage/legacy/organization/DREAM/DocumentLibrary/view/1967188,2021-08-19T18:05:12,application/octet-stream; charset=utf-8,Furman_DREAM_Chapter_Constitution.docx
dream,2101408,Constitution/Bylaws,constitution,2022,data/orgs/dream/documents/2022/constitution_constitutionbylaws_2101408.docx,564fbdd8f4089c8c0e8f7bea8f800c04ca5dd7d4eba6184f84df390b89895263,https://furman.campuslabs.com/engage/legacy/organization/DREAM/DocumentLibrary/view/2101408,2022-08-23T10:28:03,application/octet-stream; charset=utf-8,DREAM_Consitution_and_Bylaws.docx
dream,2162623,Furman DREAM Chapter Constitution.docx,constitution,2023,data/orgs/dream/documents/2023/constitution_furman_dream_chapter_constitutiondocx_2162623.docx,4c72b990d9d6584109c033decec435ed53f56bcc0c49c91ecce1c913a425f33d,https://furman.campuslabs.com/engage/legacy/organization/DREAM/DocumentLibrary/view/2162623,2023-02-02T16:44:36,application/octet-stream; charset=utf-8,Furman_DREAM_Chapter_Constitution.docx
ecoreps,2339889,Eco Rep Expectations.docx,other,2024,data/orgs/ecoreps/documents/2024/other_eco_rep_expectationsdocx_2339889.docx,513b3454357b7d344cc27a597382a3c515635c0032ce45ad9ef809322a02828d,https://furman.campuslabs.com/engage/legacy/organization/ecoreps/DocumentLibrary/view/2339889,2024-07-12T11:34:28,application/octet-stream; charset=utf-8,Eco_Rep_Expectations.docx
ecoreps,2339870,Low-Waste Event Checklist.docx,other,2024,data/orgs/ecoreps/documents/2024/other_low-waste_event_checklistdocx_2339870.docx,1199ba35eda572eeaf48cd308022ad2d501c6346b198725b406823d718d0b70a,https://furman.campuslabs.com/engage/legacy/organization/ecoreps/DocumentLibrary/view/2339870,2024-07-12T10:43:45,application/octet-stream; charset=utf-8,Low-Waste_Event_Checklist.docx
environmental-action-group,752920,Constitution/Bylaws,constitution,2018,data/orgs/environmental-action-group/documents/2018/constitution_constitutionbylaws_752920.docx,cb0d7b282db9b8930e10376df3bc3e24a8c3048293a6a13c2afdcd485750b04d,https://furman.campuslabs.com/engage/legacy/organization/environmental-action-group/DocumentLibrary/view/752920,2018-04-11T23:19:27,application/octet-stream; charset=utf-8,EAGConstitution.docx
environmental-action-group,1091465,Constitution/Bylaws,constitution,2019,data/orgs/environmental-action-group/documents/2019/constitution_constitutionbylaws_1091465.doc,5a453b7082955a67d9c262d9ca902faec401e07c18471ad3496c27dcade17faa,https://furman.campuslabs.com/engage/legacy/organization/environmental-action-group/DocumentLibrary/view/1091465,2019-04-10T11:46:55,application/octet-stream; charset=utf-8,EAG_Constitution.doc
environmental-action-group,1792336,Constitution/Bylaws,constitution,2020,data/orgs/environmental-action-group/documents/2020/constitution_constitutionbylaws_1792336.doc,f411f1d0c5880e9556c86d046d5d3a21f9dbd9939b5080c1cf8d889eb9d69022,https://furman.campuslabs.com/engage/legacy/organization/environmental-action-group/DocumentLibrary/view/1792336,2020-08-24T21:29:27,application/octet-stream; charset=utf-8,EAG_Constitution.doc
environmental-action-group,1968072,Constitution/Bylaws,constitution,2021,data/orgs/environmental-action-group/documents/2021/constitution_constitutionbylaws_1968072.doc,f411f1d0c5880e9556c86d046d5d3a21f9dbd9939b5080c1cf8d889eb9d69022,https://furman.campuslabs.com/engage/legacy/organization/environmental-action-group/DocumentLibrary/view/1968072,2021-08-23T11:19:08,application/octet-stream; charset=utf-8,EAG_Constitution.doc
environmental-action-group,2100615,Constitution/Bylaws,constitution,2022,data/orgs/environmental-action-group/documents/2022/constitution_constitutionbylaws_2100615.docx,88d67e350416a31e97f20f6d838865005e5f6a9da3abe3027625c9a361e4f335,https://furman.campuslabs.com/engage/legacy/organization/environmental-action-group/DocumentLibrary/view/2100615,2022-08-14T14:04:36,application/octet-stream; charset=utf-8,EAG_Constitution_2022.docx
environmental-action-group,2256495,Constitution/Bylaws,constitution,2023,data/orgs/environmental-action-group/documents/2023/constitution_constitutionbylaws_2256495.docx,b9578381fa315e81365b1b2e03b54cd2afed1dae449673aa2d0439045f43f017,https://furman.campuslabs.com/engage/legacy/organization/environmental-action-group/DocumentLibrary/view/2256495,2023-08-12T13:11:01,application/octet-stream; charset=utf-8,EAGConstitution.docx
environmental-action-group,2386592,Constitution/Bylaws,constitution,2024,data/orgs/environmental-action-group/documents/2024/constitution_constitutionbylaws_2386592.docx,b9578381fa315e81365b1b2e03b54cd2afed1dae449673aa2d0439045f43f017,https://furman.campuslabs.com/engage/legacy/organization/environmental-action-group/DocumentLibrary/view/2386592,2024-08-15T11:54:26,application/octet-stream; charset=utf-8,EAGConstitution.docx
environmental-action-group,2499772,Constitution/Bylaws,constitution,2025,data/orgs/environmental-action-group/documents/2025/constitution_constitutionbylaws_2499772.docx,b9578381fa315e81365b1b2e03b54cd2afed1dae449673aa2d0439045f43f017,https://furman.campuslabs.com/engage/legacy/organization/environmental-action-group/DocumentLibrary/view/2499772,2025-08-09T16:31:40,application/octet-stream; charset=utf-8,EAGConstitution.docx
environmental-action-group,2533194,EAG Constitution_Bylaws.docx,constitution,2025,data/orgs/environmental-action-group/documents/2025/constitution_eag_constitution_bylawsdocx_2533194.docx,0553320004c5454da7e9d290398fced97454545387d0d5b8cb5156107be9c2c2,https://furman.campuslabs.com/engage/legacy/organization/environmental-action-group/DocumentLibrary/view/2533194,2025-12-16T20:26:34,application/octet-stream; charset=utf-8,EAG_Constitution_Bylaws.docx
environmental-action-group,2229595,EAG_Constitution_2023.docx,constitution,2023,data/orgs/environmental-action-group/documents/2023/constitution_eag_constitution_2023docx_2229595.docx,4a390767864c0d9712dd7811fc2e1cac1d4292f77f8241d2470c75c160e3523f,https://furman.campuslabs.com/engage/legacy/organization/environmental-action-group/DocumentLibrary/view/2229595,2023-08-23T16:17:14,application/octet-stream; charset=utf-8,EAG_Constitution_2023.docx
exploration-of-vocation-and-ministry,775050,Constitution/Bylaws,constitution,2018,data/orgs/exploration-of-vocation-and-ministry/documents/2018/constitution_constitutionbylaws_775050.pdf,19696120e8b2b97810bc72a67781b49bea958e3451cab1e7381af2e3e169ccbd,https://furman.campuslabs.com/engage/legacy/organization/exploration-of-vocation-and-ministry/DocumentLibrary/view/775050,2018-05-08T10:08:57,application/octet-stream; charset=utf-8,pass-nopass.pdf
exploration-of-vocation-and-ministry,1094964,Constitution/Bylaws,constitution,2019,data/orgs/exploration-of-vocation-and-ministry/documents/2019/constitution_constitutionbylaws_1094964.doc,6f62077cd0f9123be5e0da138bdf29dfe3bdf044b94cca7ef051bdd76fd67f77,https://furman.campuslabs.com/engage/legacy/organization/exploration-of-vocation-and-ministry/DocumentLibrary/view/1094964,2019-04-12T13:38:17,application/octet-stream; charset=utf-8,Exploration_of_Vocation_and_Ministry_Constitution_.doc
exploration-of-vocation-and-ministry,1793929,Constitution/Bylaws,constitution,2020,data/orgs/exploration-of-vocation-and-ministry/documents/2020/constitution_constitutionbylaws_1793929.doc,6f62077cd0f9123be5e0da138bdf29dfe3bdf044b94cca7ef051bdd76fd67f77,https://furman.campuslabs.com/engage/legacy/organization/exploration-of-vocation-and-ministry/DocumentLibrary/view/1793929,2020-08-25T13:31:50,application/octet-stream; charset=utf-8,Exploration_of_Vocation_and_Ministry_Constitution_.doc
exploration-of-vocation-and-ministry,1967881,Constitution/Bylaws,constitution,2021,data/orgs/exploration-of-vocation-and-ministry/documents/2021/constitution_constitutionbylaws_1967881.doc,6f62077cd0f9123be5e0da138bdf29dfe3bdf044b94cca7ef051bdd76fd67f77,https://furman.campuslabs.com/engage/legacy/organization/exploration-of-vocation-and-ministry/DocumentLibrary/view/1967881,2021-08-30T23:23:16,application/octet-stream; charset=utf-8,Exploration_of_Vocation_and_Ministry_Constitution_.doc
exploration-of-vocation-and-ministry,2101718,Constitution/Bylaws,constitution,2022,data/orgs/exploration-of-vocation-and-ministry/documents/2022/constitution_constitutionbylaws_2101718.doc,6f62077cd0f9123be5e0da138bdf29dfe3bdf044b94cca7ef051bdd76fd67f77,https://furman.campuslabs.com/engage/legacy/organization/exploration-of-vocation-and-ministry/DocumentLibrary/view/2101718,2022-08-17T11:45:36,application/octet-stream; charset=utf-8,Exploration_of_Vocation_and_Ministry_Constitution_.doc
exploration-of-vocation-and-ministry,2256496,Constitution/Bylaws,constitution,2023,data/orgs/exploration-of-vocation-and-ministry/documents/2023/constitution_constitutionbylaws_2256496.docx,029d17e35bde369d9e87c278ce9c7eb6295dd94df113df7531601276b2491c5f,https://furman.campuslabs.com/engage/legacy/organization/exploration-of-vocation-and-ministry/DocumentLibrary/view/2256496,2023-08-15T10:57:19,application/octet-stream; charset=utf-8,Exploration_of_Vocation_and_Ministry_By_Laws.docx
exploration-of-vocation-and-ministry,2386593,Constitution/Bylaws,constitution,2024,data/orgs/exploration-of-vocation-and-ministry/documents/2024/constitution_constitutionbylaws_2386593.docx,43633483fccd323458a8872f5e86d789b8869d1064ed65d883458c303270e621,https://furman.campuslabs.com/engage/legacy/organization/exploration-of-vocation-and-ministry/DocumentLibrary/view/2386593,2024-08-22T15:18:25,application/octet-stream; charset=utf-8,Exploration_of_Vocation_and_Ministry_By_Laws.docx
exploration-of-vocation-and-ministry,2499773,Constitution/Bylaws,constitution,2025,data/orgs/exploration-of-vocation-and-ministry/documents/2025/constitution_constitutionbylaws_2499773.docx,43633483fccd323458a8872f5e86d789b8869d1064ed65d883458c303270e621,https://furman.campuslabs.com/engage/legacy/organization/exploration-of-vocation-and-ministry/DocumentLibrary/view/2499773,2025-09-09T18:28:57,application/octet-stream; charset=utf-8,Exploration_of_Vocation_and_Ministry_By_Laws.docx
fellowship-of-christian-athletes,700260,Constitution/Bylaws,constitution,2018,data/orgs/fellowship-of-christian-athletes/documents/2018/constitution_constitutionbylaws_700260.docx,81b5590168299e5ab9a1e3c0d15b4d77d045a2325ccb4abc8859eb5d910a22e5,https://furman.campuslabs.com/engage/legacy/organization/fellowship-of-christian-athletes/DocumentLibrary/view/700260,2018-01-29T10:25:20,application/octet-stream; charset=utf-8,FCA_Constitution_2017-2018[2].docx
fellowship-of-christian-athletes,759568,Constitution/Bylaws,constitution,2018,data/orgs/fellowship-of-christian-athletes/documents/2018/constitution_constitutionbylaws_759568.docx,81b5590168299e5ab9a1e3c0d15b4d77d045a2325ccb4abc8859eb5d910a22e5,https://furman.campuslabs.com/engage/legacy/organization/fellowship-of-christian-athletes/DocumentLibrary/view/759568,2018-04-10T23:40:59,application/octet-stream; charset=utf-8,FCA_Constitution_2017-2018[2].docx
fellowship-of-christian-athletes,1094967,Constitution/Bylaws,constitution,2019,data/orgs/fellowship-of-christian-athletes/documents/2019/constitution_constitutionbylaws_1094967.docx,b4bdab27adb428432b14e525e89a83f24b125e8800df7ff7b015cd18392f2c76,https://furman.campuslabs.com/engage/legacy/organization/fellowship-of-christian-athletes/DocumentLibrary/view/1094967,2019-03-28T11:37:19,application/octet-stream; charset=utf-8,Constitution_FCA.docx
fellowship-of-christian-athletes,1793930,Constitution/Bylaws,constitution,2020,data/orgs/fellowship-of-christian-athletes/documents/2020/constitution_constitutionbylaws_1793930.pdf,762d9c923fb7c3e60706d4bd87042615e5d131c9852361302883ca350c3b1801,https://furman.campuslabs.com/engage/legacy/organization/fellowship-of-christian-athletes/DocumentLibrary/view/1793930,2020-08-25T16:12:24,application/octet-stream; charset=utf-8,Huddle+Playbook+100.pdf
fellowship-of-christian-athletes,1969278,Constitution/Bylaws,constitution,2021,data/orgs/fellowship-of-christian-athletes/documents/2021/constitution_constitutionbylaws_1969278.pdf,cbdf2f35e63e10a8029b34feae59b34ab847e55fcbf1b5037e23eaef5737f96e,https://furman.campuslabs.com/engage/legacy/organization/fellowship-of-christian-athletes/DocumentLibrary/view/1969278,2021-08-09T21:09:34,application/octet-stream; charset=utf-8,fca_bylaws.pdf
fellowship-of-christian-athletes,2100616,Constitution/Bylaws,constitution,2022,data/orgs/fellowship-of-christian-athletes/documents/2022/constitution_constitutionbylaws_2100616.pdf,236170231477948bfe188fdcf7b0b3e457f173b699d507631e145a80e077d9a9,https://furman.campuslabs.com/engage/legacy/organization/fellowship-of-christian-athletes/DocumentLibrary/view/2100616,2022-08-08T13:56:27,application/octet-stream; charset=utf-8,FCA_Bylaws_2022-2023.pdf
fellowship-of-christian-athletes,2256497,Constitution/Bylaws,constitution,2023,data/orgs/fellowship-of-christian-athletes/documents/2023/constitution_constitutionbylaws_2256497.docx,412e25a260044e9d0f6a992d019d7c46c6dc459d5654de3ca44fefe31e6207de,https://furman.campuslabs.com/engage/legacy/organization/fellowship-of-christian-athletes/DocumentLibrary/view/2256497,2023-08-11T16:11:04,application/octet-stream; charset=utf-8,FCA_Bylaws_2023-2024.docx
fellowship-of-christian-athletes,2386594,Constitution/Bylaws,constitution,2024,data/orgs/fellowship-of-christian-athletes/documents/2024/constitution_constitutionbylaws_2386594.pdf,eff9399d51e3b750cba011c433a372aa750fe8d1068fdcf825ec81958c4f5cef,https://furman.campuslabs.com/engage/legacy/organization/fellowship-of-christian-athletes/DocumentLibrary/view/2386594,2024-08-10T12:53:30,application/octet-stream; charset=utf-8,FCA_Bylaws_2024-2025.pdf
fellowship-of-christian-athletes,2499774,Constitution/Bylaws,constitution,2025,data/orgs/fellowship-of-christian-athletes/documents/2025/constitution_constitutionbylaws_2499774.docx,5867aa3772c87efc92c84974476dfb4f44182b0c87370cb149d6af8eea7cf27d,https://furman.campuslabs.com/engage/legacy/organization/fellowship-of-christian-athletes/DocumentLibrary/view/2499774,2025-08-13T16:01:32,application/octet-stream; charset=utf-8,FCA_Bylaws_2025-2026.docx
fellowship-of-christian-athletes,2099913,FCA Bylaws 2022-2023.pdf,constitution,2022,data/orgs/fellowship-of-christian-athletes/documents/2022/constitution_fca_bylaws_2022-2023pdf_2099913.pdf,236170231477948bfe188fdcf7b0b3e457f173b699d507631e145a80e077d9a9,https://furman.campuslabs.com/engage/legacy/organization/fellowship-of-christian-athletes/DocumentLibrary/view/2099913,2022-08-25T13:19:11,application/octet-stream; charset=utf-8,FCA_Bylaws_2022-2023.pdf
fellowship-of-christian-athletes,2139265,FCA Constitution 2022-2023.pdf,constitution,2022,data/orgs/fellowship-of-christian-athletes/documents/2022/constitution_fca_constitution_2022-2023pdf_2139265.pdf,17b853fd89e127b7f3a470ea985909aa309f7cde31cae3562d54fe8d204d2f28,https://furman.campuslabs.com/engage/legacy/organization/fellowship-of-christian-athletes/DocumentLibrary/view/2139265,2022-10-26T17:44:14,application/octet-stream; charset=utf-8,FCA_Constitution_2022-2023.pdf
-,2519453, FGSA Constitution and Bylaws 2025-2026.pdf,constitution,2025,data/orgs/-/documents/2025/constitution_fgsa_constitution_and_bylaws_2025-2026pdf_2519453.pdf,20bca025a0a5fbd20958f048da795b35fa4c652a04da57d1e36b13619c484b77,https://furman.campuslabs.com/engage/legacy/organization/-/DocumentLibrary/view/2519453,2025-10-26T15:38:57,application/octet-stream; charset=utf-8,FGSA_Constitution_and_Bylaws_2025-2026.pdf
-,2421537,2024-2025 Roster.pdf,other,2025,data/orgs/-/documents/2025/other_2024-2025_rosterpdf_2421537.pdf,eaaabd1c0509c5cd4b0bcc2b8811232c224fbd75ec8e81a3dbde8b9841683913,https://furman.campuslabs.com/engage/legacy/organization/-/DocumentLibrary/view/2421537,2025-02-11T19:46:58,application/octet-stream; charset=utf-8,2024-2025_Roster.pdf
-,2499775,Constitution/Bylaws,constitution,2025,data/orgs/-/documents/2025/constitution_constitutionbylaws_2499775.pdf,f51b702c0d6455ebc1f38fb17f6dc30ded55103ae00e6a59d3d6f03a89a3a1d9,https://furman.campuslabs.com/engage/legacy/organization/-/DocumentLibrary/view/2499775,2025-08-22T14:37:28,application/octet-stream; charset=utf-8,Updated_FGSA_Constitution_and_Bylaws_2024-2025.pdf
-,1824893,Constitution/Bylaws,constitution,2020,data/orgs/-/documents/2020/constitution_constitutionbylaws_1824893.pdf,82de14f812a653791a4152fefa701a98459e8098ed64d63fed799506eb05fd37,https://furman.campuslabs.com/engage/legacy/organization/-/DocumentLibrary/view/1824893,2020-09-23T18:28:15,application/octet-stream; charset=utf-8,First-Gen_Student_Alliance_Constitution.pdf
-,1967191,Constitution/Bylaws,constitution,2021,data/orgs/-/documents/2021/constitution_constitutionbylaws_1967191.pdf,82de14f812a653791a4152fefa701a98459e8098ed64d63fed799506eb05fd37,https://furman.campuslabs.com/engage/legacy/organization/-/DocumentLibrary/view/1967191,2021-08-10T21:11:12,application/octet-stream; charset=utf-8,First-Gen_Student_Alliance_Constitution.pdf
-,2101264,Constitution/Bylaws,constitution,2022,data/orgs/-/documents/2022/constitution_constitutionbylaws_2101264.docx,c10505602d5a2eea10a77d8a7f6ecf36ea0ec9f5dee2668d350306327e26368a,https://furman.campuslabs.com/engage/legacy/organization/-/DocumentLibrary/view/2101264,2022-08-08T12:17:42,application/octet-stream; charset=utf-8,FGSA_CONSTITUTION_AND_BYLAWS.docx
-,2256498,Constitution/Bylaws,constitution,2023,data/orgs/-/documents/2023/constitution_constitutionbylaws_2256498.docx,c10505602d5a2eea10a77d8a7f6ecf36ea0ec9f5dee2668d350306327e26368a,https://furman.campuslabs.com/engage/legacy/organization/-/DocumentLibrary/view/2256498,2023-08-27T18:00:53,application/octet-stream; charset=utf-8,FGSA_CONSTITUTION_AND_BYLAWS.docx
-,2386595,Constitution/Bylaws,constitution,2024,data/orgs/-/documents/2024/constitution_constitutionbylaws_2386595.pdf,46138ea7bd195aa541a9215f5bc734674923e49cd6dc2adbf6dfe9737681b286,https://furman.campuslabs.com/engage/legacy/organization/-/DocumentLibrary/view/2386595,2024-08-29T23:32:13,application/octet-stream; charset=utf-8,final_copy_of_Updated_FGSA_Constitution_and_Bylaws_2024-2025.pdf
-,2525706,FGSA OrganizationRoster 25-26.pdf,other,2025,data/orgs/-/documents/2025/other_fgsa_organizationroster_25-26pdf_2525706.pdf,e1204cb99fb5485a403648f4d19fbab197ed5152e01d90fa10ac3bf065b12ea0,https://furman.campuslabs.com/engage/legacy/organization/-/DocumentLibrary/view/2525706,2025-11-13T10:42:29,application/octet-stream; charset=utf-8,FGSA_OrganizationRoster_25-26.pdf
-,2543885,FGSA Updated Roster 2026,other,2026,data/orgs/-/documents/2026/other_fgsa_updated_roster_2026_2543885.pdf,d09c399bc953a2a18a6c77af14491b4050a9d4c2b5359cf64c8d1c341e9567f0,https://furman.campuslabs.com/engage/legacy/organization/-/DocumentLibrary/view/2543885,2026-02-09T15:58:27,application/octet-stream; charset=utf-8,FGSA_Updated_Roster_2026.pdf
fraternity-and-sorority-life,2282857,Deferred Recruitment FAQ,other,2023,data/orgs/fraternity-and-sorority-life/documents/2023/other_deferred_recruitment_faq_2282857.pdf,7070d9a4ddd8e9a0bf70017d4a2c94c84ccfb765738128d37dc8457402ee5fb4,https://furman.campuslabs.com/engage/legacy/organization/fraternity-and-sorority-life/DocumentLibrary/view/2282857,2023-12-20T10:59:14,application/octet-stream; charset=utf-8,Deferred_Recruitment_(Chapter_Document).pdf
furmanfact,2317932,Constitution/Bylaws,constitution,2024,data/orgs/furmanfact/documents/2024/constitution_constitutionbylaws_2317932.docx,2f75b0d463a77390bbb4db73e102f6548e0066d56355045b4a34700e95d955c9,https://furman.campuslabs.com/engage/legacy/organization/furmanFACT/DocumentLibrary/view/2317932,2024-04-17T15:45:30,application/octet-stream; charset=utf-8,Furman_Academic_Team_Constitution.docx
furmanfact,2386596,Constitution/Bylaws,constitution,2024,data/orgs/furmanfact/documents/2024/constitution_constitutionbylaws_2386596.docx,2f75b0d463a77390bbb4db73e102f6548e0066d56355045b4a34700e95d955c9,https://furman.campuslabs.com/engage/legacy/organization/furmanFACT/DocumentLibrary/view/2386596,2024-08-21T16:37:29,application/octet-stream; charset=utf-8,Furman_Academic_Team_Constitution.docx
furmanfact,2499776,Constitution/Bylaws,constitution,2025,data/orgs/furmanfact/documents/2025/constitution_constitutionbylaws_2499776.pdf,1b8044fec98f686fe44ad98b7eabb9f0eaee48edbeef6524041b2ac20dc1f5f6,https://furman.campuslabs.com/engage/legacy/organization/furmanFACT/DocumentLibrary/view/2499776,2025-08-09T13:25:46,application/octet-stream; charset=utf-8,25-26_Furman_Academic_Team_Constitution.pdf
furmanarcheryclub,2499777,Constitution/Bylaws,constitution,2025,data/orgs/furmanarcheryclub/documents/2025/constitution_constitutionbylaws_2499777.docx,616939afa739070adb99d12626ad9c48de5a58d8a6dbfdc5d9c492381d769dd5,https://furman.campuslabs.com/engage/legacy/organization/furmanarcheryclub/DocumentLibrary/view/2499777,2025-08-25T13:42:23,application/octet-stream; charset=utf-8,Furman_Archery_Club_Constitution.docx
badmintonclub,1831869,Constitution/Bylaws,constitution,2020,data/orgs/badmintonclub/documents/2020/constitution_constitutionbylaws_1831869.docx,345d44c7c44a18ea3aca3b7eddc518a2e60a8c41ab37eb28a99dbaa502fb8faf,https://furman.campuslabs.com/engage/legacy/organization/badmintonclub/DocumentLibrary/view/1831869,2020-09-30T16:27:09,application/octet-stream; charset=utf-8,Constitution_2020.docx
badmintonclub,1967201,Constitution/Bylaws,constitution,2021,data/orgs/badmintonclub/documents/2021/constitution_constitutionbylaws_1967201.docx,9bd3b99ebad9bcc9503ee18e957d84b512db7c668777356890674e9fa58ac973,https://furman.campuslabs.com/engage/legacy/organization/badmintonclub/DocumentLibrary/view/1967201,2021-08-15T21:13:04,application/octet-stream; charset=utf-8,Constitution_2021-2022.docx
badmintonclub,2100723,Constitution/Bylaws,constitution,2022,data/orgs/badmintonclub/documents/2022/constitution_constitutionbylaws_2100723.docx,dc8290e8d8977cda0df8add1a0609ce946fb1ee9f1892bdc9bca9c8402841ddd,https://furman.campuslabs.com/engage/legacy/organization/badmintonclub/DocumentLibrary/view/2100723,2022-08-24T23:39:31,application/octet-stream; charset=utf-8,Constitution_2022-2023.docx
badmintonclub,2256500,Constitution/Bylaws,constitution,2023,data/orgs/badmintonclub/documents/2023/constitution_constitutionbylaws_2256500.docx,1ce28ecc8141e0a34b47230c24e3768312ce9063fa49e771e70f04b2cb64eef9,https://furman.campuslabs.com/engage/legacy/organization/badmintonclub/DocumentLibrary/view/2256500,2023-08-17T18:41:22,application/octet-stream; charset=utf-8,Constitution_2023-2024.docx
badmintonclub,2386597,Constitution/Bylaws,constitution,2024,data/orgs/badmintonclub/documents/2024/constitution_constitutionbylaws_2386597.docx,7a0d18e0971d7824ea0cafcca37c0b6ae37409c7c127206fe727fa4aa77bb1bc,https://furman.campuslabs.com/engage/legacy/organization/badmintonclub/DocumentLibrary/view/2386597,2024-08-12T15:42:09,application/octet-stream; charset=utf-8,24-25_Badminton_Constitution.docx
badmintonclub,2499778,Constitution/Bylaws,constitution,2025,data/orgs/badmintonclub/documents/2025/constitution_constitutionbylaws_2499778.docx,2e9be973631379311c5c54ab57bfb4d61386826d0ab19d6ef406291f5498c4c5,https://furman.campuslabs.com/engage/legacy/organization/badmintonclub/DocumentLibrary/view/2499778,2025-08-18T13:15:31,application/octet-stream; charset=utf-8,25-26_Badminton_Constitution.docx
furman-university-band,752938,Constitution/Bylaws,constitution,2018,data/orgs/furman-university-band/documents/2018/constitution_constitutionbylaws_752938.pdf,41c7f28e9cea671e1b83c64e0ccb14a3b596e1de57f74f588e8efeb08f62cbcf,https://furman.campuslabs.com/engage/legacy/organization/furman-university-band/DocumentLibrary/view/752938,2018-04-05T15:59:40,application/octet-stream; charset=utf-8,band_handbook_2017.pdf
furman-university-band,1084162,Constitution/Bylaws,constitution,2019,data/orgs/furman-university-band/documents/2019/constitution_constitutionbylaws_1084162.pdf,28636e19d476e5ae982905f86db8b336036d1bcdaf0132140020ff280dd29c7e,https://furman.campuslabs.com/engage/legacy/organization/furman-university-band/DocumentLibrary/view/1084162,2019-03-19T09:39:42,application/octet-stream; charset=utf-8,band_handbook_2018.pdf
furman-university-band,1792352,Constitution/Bylaws,constitution,2020,data/orgs/furman-university-band/documents/2020/constitution_constitutionbylaws_1792352.pdf,84960da3f638e9a9fc215b9fd586b5462bad49b9ac2f0cc50b277191db3d08c3,https://furman.campuslabs.com/engage/legacy/organization/furman-university-band/DocumentLibrary/view/1792352,2020-08-18T17:28:02,application/octet-stream; charset=utf-8,FURMAN_BANDS_CONSTITUTION_BYLAWS.pdf
furman-university-band,1967895,Constitution/Bylaws,constitution,2021,data/orgs/furman-university-band/documents/2021/constitution_constitutionbylaws_1967895.doc,2cdeb8b4fac2b4900bb54a26aecac06586e13444e5082774af18bb34a0de85b8,https://furman.campuslabs.com/engage/legacy/organization/furman-university-band/DocumentLibrary/view/1967895,2021-08-11T20:26:25,application/octet-stream; charset=utf-8,2021-22_Furman_Bands_Handbook.doc
furman-university-band,700270,Constitution/Bylaws,constitution,2018,data/orgs/furman-university-band/documents/2018/constitution_constitutionbylaws_700270.pdf,41c7f28e9cea671e1b83c64e0ccb14a3b596e1de57f74f588e8efeb08f62cbcf,https://furman.campuslabs.com/engage/legacy/organization/furman-university-band/DocumentLibrary/view/700270,2018-01-29T16:21:59,application/octet-stream; charset=utf-8,band_handbook_2017.pdf
furman-baptist-collegiate-ministry,700261,Constitution/Bylaws,constitution,2018,data/orgs/furman-baptist-collegiate-ministry/documents/2018/constitution_constitutionbylaws_700261.doc,237f147520c1ffec11e86dbabab2b5019ffb42e6d98b87b1d2fd70becbdfa449,https://furman.campuslabs.com/engage/legacy/organization/furman-baptist-collegiate-ministry/DocumentLibrary/view/700261,2018-01-23T15:00:53,application/octet-stream; charset=utf-8,BCM_Constitution.doc
furman-baptist-collegiate-ministry,759569,Constitution/Bylaws,constitution,2018,data/orgs/furman-baptist-collegiate-ministry/documents/2018/constitution_constitutionbylaws_759569.doc,237f147520c1ffec11e86dbabab2b5019ffb42e6d98b87b1d2fd70becbdfa449,https://furman.campuslabs.com/engage/legacy/organization/furman-baptist-collegiate-ministry/DocumentLibrary/view/759569,2018-04-12T09:43:07,application/octet-stream; charset=utf-8,BCM_Constitution.doc
furman-baptist-collegiate-ministry,1094968,Constitution/Bylaws,constitution,2019,data/orgs/furman-baptist-collegiate-ministry/documents/2019/constitution_constitutionbylaws_1094968.doc,3bc77413603d77d1e60236f0bcbdb149adadafe3309c73585c0296ca47c32cba,https://furman.campuslabs.com/engage/legacy/organization/furman-baptist-collegiate-ministry/DocumentLibrary/view/1094968,2019-04-22T12:39:19,application/octet-stream; charset=utf-8,BCM_Constitution.doc
furman-baptist-collegiate-ministry,1793931,Constitution/Bylaws,constitution,2020,data/orgs/furman-baptist-collegiate-ministry/documents/2020/constitution_constitutionbylaws_1793931.doc,701cd9463a2f0ce2b5eb163181d97fffc82a1c719e45b1b120d61d98999ccf5b,https://furman.campuslabs.com/engage/legacy/organization/furman-baptist-collegiate-ministry/DocumentLibrary/view/1793931,2020-08-25T16:12:18,application/octet-stream; charset=utf-8,BCM_Constitution_20-21.doc
furman-baptist-collegiate-ministry,1967164,Constitution/Bylaws,constitution,2021,data/orgs/furman-baptist-collegiate-ministry/documents/2021/constitution_constitutionbylaws_1967164.doc,701cd9463a2f0ce2b5eb163181d97fffc82a1c719e45b1b120d61d98999ccf5b,https://furman.campuslabs.com/engage/legacy/organization/furman-baptist-collegiate-ministry/DocumentLibrary/view/1967164,2021-08-31T22:28:54,application/octet-stream; charset=utf-8,BCM_Constitution_21-22.doc
furman-baptist-collegiate-ministry,2115029,Constitution/Bylaws,constitution,2022,data/orgs/furman-baptist-collegiate-ministry/documents/2022/constitution_constitutionbylaws_2115029.docx,5f16d989865b2903f42dccd4bdc668e608f6c565a29a711ba264e568bfabfead,https://furman.campuslabs.com/engage/legacy/organization/furman-baptist-collegiate-ministry/DocumentLibrary/view/2115029,2022-08-19T15:49:45,application/octet-stream; charset=utf-8,BCM_Constitution_22-23.docx
furman-baptist-collegiate-ministry,2256501,Constitution/Bylaws,constitution,2023,data/orgs/furman-baptist-collegiate-ministry/documents/2023/constitution_constitutionbylaws_2256501.doc,701cd9463a2f0ce2b5eb163181d97fffc82a1c719e45b1b120d61d98999ccf5b,https://furman.campuslabs.com/engage/legacy/organization/furman-baptist-collegiate-ministry/DocumentLibrary/view/2256501,2023-08-19T14:59:37,application/octet-stream; charset=utf-8,BCM_Constitution_21-22.doc
furman-baptist-collegiate-ministry,2386598,Constitution/Bylaws,constitution,2024,data/orgs/furman-baptist-collegiate-ministry/documents/2024/constitution_constitutionbylaws_2386598.doc,701cd9463a2f0ce2b5eb163181d97fffc82a1c719e45b1b120d61d98999ccf5b,https://furman.campuslabs.com/engage/legacy/organization/furman-baptist-collegiate-ministry/DocumentLibrary/view/2386598,2024-08-28T12:38:01,application/octet-stream; charset=utf-8,BCM_Constitution.doc
furman-baptist-collegiate-ministry,2499779,Constitution/Bylaws,constitution,2025,data/orgs/furman-baptist-collegiate-ministry/documents/2025/constitution_constitutionbylaws_2499779.doc,701cd9463a2f0ce2b5eb163181d97fffc82a1c719e45b1b120d61d98999ccf5b,https://furman.campuslabs.com/engage/legacy/organization/furman-baptist-collegiate-ministry/DocumentLibrary/view/2499779,2025-09-10T22:43:52,application/octet-stream; charset=utf-8,BCM_Constitution.doc
fuchess,1986529,Constitution/Bylaws,constitution,2021,data/orgs/fuchess/documents/2021/constitution_constitutionbylaws_1986529.docx,cf6d5c6c05d23e12d95249af86faf34fa4fd3958c5fce3666c01e393282f357a,https://furman.campuslabs.com/engage/legacy/organization/FUChess/DocumentLibrary/view/1986529,2021-09-30T12:09:45,application/octet-stream; charset=utf-8,FUChess_Constitution.docx
fuchess,2101379,Constitution/Bylaws,constitution,2022,data/orgs/fuchess/documents/2022/constitution_constitutionbylaws_2101379.docx,cf6d5c6c05d23e12d95249af86faf34fa4fd3958c5fce3666c01e393282f357a,https://furman.campuslabs.com/engage/legacy/organization/FUChess/DocumentLibrary/view/2101379,2022-08-24T15:48:00,application/octet-stream; charset=utf-8,FUChess_Constitution.docx
fuchess,2256502,Constitution/Bylaws,constitution,2023,data/orgs/fuchess/documents/2023/constitution_constitutionbylaws_2256502.docx,db76605fbfac9b522e7657cd3ec16d7d85139541570563392409fcda018cd37e,https://furman.campuslabs.com/engage/legacy/organization/FUChess/DocumentLibrary/view/2256502,2023-08-09T18:04:52,application/octet-stream; charset=utf-8,FUChess_Constitution_(2).docx
fuchess,2386599,Constitution/Bylaws,constitution,2024,data/orgs/fuchess/documents/2024/constitution_constitutionbylaws_2386599.docx,2cbdc980aa027a44846621282ecf7a9b953d9655134fe2d744786874db328359,https://furman.campuslabs.com/engage/legacy/organization/FUChess/DocumentLibrary/view/2386599,2024-08-15T16:59:43,application/octet-stream; charset=utf-8,FUChess_Constitution_(2).docx
fuchess,2499780,Constitution/Bylaws,constitution,2025,data/orgs/fuchess/documents/2025/constitution_constitutionbylaws_2499780.docx,2cbdc980aa027a44846621282ecf7a9b953d9655134fe2d744786874db328359,https://furman.campuslabs.com/engage/legacy/organization/FUChess/DocumentLibrary/view/2499780,2025-08-25T14:54:27,application/octet-stream; charset=utf-8,FUChess_Constitution_(2).docx
furmanclarinetsociety,1792319,Constitution/Bylaws,constitution,2020,data/orgs/furmanclarinetsociety/documents/2020/constitution_constitutionbylaws_1792319.docx,ef78174e841404807b929c85d7bb62e91e614381d267e85f98abe5476adfe765,https://furman.campuslabs.com/engage/legacy/organization/furmanclarinetsociety/DocumentLibrary/view/1792319,2020-08-19T23:48:12,application/octet-stream; charset=utf-8,Clarinet_Society_Constitution_2020-21_.docx
furmanclarinetsociety,1968218,Constitution/Bylaws,constitution,2021,data/orgs/furmanclarinetsociety/documents/2021/constitution_constitutionbylaws_1968218.docx,d261ee27861c39495899d8564ef7b35595db954eacbf9397cf442ba349a51697,https://furman.campuslabs.com/engage/legacy/organization/furmanclarinetsociety/DocumentLibrary/view/1968218,2021-08-29T13:25:12,application/octet-stream; charset=utf-8,Clarinet_Society_Constitution_2021-22.docx
furmanclarinetsociety,2101716,Constitution/Bylaws,constitution,2022,data/orgs/furmanclarinetsociety/documents/2022/constitution_constitutionbylaws_2101716.docx,0689845c56a19baa5db186346eee2bc4c3ca3b45690eb37bd8c792b9ffa28f1b,https://furman.campuslabs.com/engage/legacy/organization/furmanclarinetsociety/DocumentLibrary/view/2101716,2022-08-11T21:30:29,application/octet-stream; charset=utf-8,Clarinet_Society_Constitution_2022-23.docx
furmanclarinetsociety,2256503,Constitution/Bylaws,constitution,2023,data/orgs/furmanclarinetsociety/documents/2023/constitution_constitutionbylaws_2256503.docx,d261ee27861c39495899d8564ef7b35595db954eacbf9397cf442ba349a51697,https://furman.campuslabs.com/engage/legacy/organization/furmanclarinetsociety/DocumentLibrary/view/2256503,2023-08-18T15:22:45,application/octet-stream; charset=utf-8,Clarinet_Society_Constitution_2021-22.docx
furmanclarinetsociety,2386600,Constitution/Bylaws,constitution,2024,data/orgs/furmanclarinetsociety/documents/2024/constitution_constitutionbylaws_2386600.docx,d261ee27861c39495899d8564ef7b35595db954eacbf9397cf442ba349a51697,https://furman.campuslabs.com/engage/legacy/organization/furmanclarinetsociety/DocumentLibrary/view/2386600,2024-08-19T13:11:08,application/octet-stream; charset=utf-8,Clarinet_Society_Constitution_2021-22.docx
furmanclarinetsociety,2499781,Constitution/Bylaws,constitution,2025,data/orgs/furmanclarinetsociety/documents/2025/constitution_constitutionbylaws_2499781.docx,ef78174e841404807b929c85d7bb62e91e614381d267e85f98abe5476adfe765,https://furman.campuslabs.com/engage/legacy/organization/furmanclarinetsociety/DocumentLibrary/view/2499781,2025-08-09T08:24:35,application/octet-stream; charset=utf-8,Clarinet_Society_Constitution_2020-21_.docx
furmanclarinetsociety,1536745,Constitution/Bylaws,constitution,2019,data/orgs/furmanclarinetsociety/documents/2019/constitution_constitutionbylaws_1536745.docx,81109aec01fe4364c1000a7fa6194a0f478ea81afd79348f7c6f206c26719886,https://furman.campuslabs.com/engage/legacy/organization/furmanclarinetsociety/DocumentLibrary/view/1536745,2019-09-15T19:29:37,application/octet-stream; charset=utf-8,Clarinet_Society_Constitution.docx
furmanclarinetsociety,2511128,UPDATED 2025 - Furman University Clarinet Society Constitution.pdf,constitution,2025,data/orgs/furmanclarinetsociety/documents/2025/constitution_updated_2025_-_furman_university_clarinet_society_constitutionpdf_2511128.pdf,992768903666b5e92547c95d860e970ef40b6d0251e9d10af222a9b8496792d6,https://furman.campuslabs.com/engage/legacy/organization/furmanclarinetsociety/DocumentLibrary/view/2511128,2025-10-06T13:26:50,application/octet-stream; charset=utf-8,UPDATED_2025_-_Furman_University_Clarinet_Society_Constitution.pdf
furmanclarinetsociety,1551382,Updated Clarinet Society Constitution/Bylaws,constitution,2019,data/orgs/furmanclarinetsociety/documents/2019/constitution_updated_clarinet_society_constitutionbylaws_1551382.docx,587bd2b19742bba59eed5f877d0f60c81300e7943b8001bc2febb7f39aa55052,https://furman.campuslabs.com/engage/legacy/organization/furmanclarinetsociety/DocumentLibrary/view/1551382,2019-11-07T12:27:55,application/octet-stream; charset=utf-8,Clarinet_Society_Constitution_(2).docx
furman-college-democrats,745894,College Dems for 2018-2019.pdf,constitution,2018,data/orgs/furman-college-democrats/documents/2018/constitution_college_dems_for_2018-2019pdf_745894.pdf,fdada0957b31a4f9146dcd0796f0883c5e061292b02e434f26f5669066761e74,https://furman.campuslabs.com/engage/legacy/organization/furman-college-democrats/DocumentLibrary/view/745894,2018-04-11T12:33:47,application/octet-stream; charset=utf-8,College_Dems_for_2018-2019.pdf
furman-college-democrats,752921,Constitution/Bylaws,constitution,2018,data/orgs/furman-college-democrats/documents/2018/constitution_constitutionbylaws_752921.docx,3d4362eb283e78275ef07e67a916a2b88fd8908a00fdbc3d273f7e3015868ea6,https://furman.campuslabs.com/engage/legacy/organization/furman-college-democrats/DocumentLibrary/view/752921,2018-04-10T21:57:09,application/octet-stream; charset=utf-8,College_Democrats_Constitution.docx
furman-college-democrats,1084059,Constitution/Bylaws,constitution,2019,data/orgs/furman-college-democrats/documents/2019/constitution_constitutionbylaws_1084059.docx,e63f3fb8a6e0c3e7c3621896a06af47ff30ba991409c842e9a60891750e5e194,https://furman.campuslabs.com/engage/legacy/organization/furman-college-democrats/DocumentLibrary/view/1084059,2019-03-31T22:33:01,application/octet-stream; charset=utf-8,College_Democrats_Constitution.docx
furman-college-democrats,1792339,Constitution/Bylaws,constitution,2020,data/orgs/furman-college-democrats/documents/2020/constitution_constitutionbylaws_1792339.docx,dc64ad6eeba9c642682f91f82c5ae92b200e34994bf107d8c0a6a0f0215e29b6,https://furman.campuslabs.com/engage/legacy/organization/furman-college-democrats/DocumentLibrary/view/1792339,2020-08-23T17:59:17,application/octet-stream; charset=utf-8,College_Democrats_Constitution.docx
furman-college-democrats,1967181,Constitution/Bylaws,constitution,2021,data/orgs/furman-college-democrats/documents/2021/constitution_constitutionbylaws_1967181.pdf,82e1d02c4bd8bf231f1a439a42816b4d6f78047732fbfde6d1027912e628405b,https://furman.campuslabs.com/engage/legacy/organization/furman-college-democrats/DocumentLibrary/view/1967181,2021-08-29T20:13:17,application/octet-stream; charset=utf-8,Constitution-and-Bylaws-for-the-College-Democrats-of-America-updated-2.3.19-1.pdf
furman-college-democrats,2101384,Constitution/Bylaws,constitution,2022,data/orgs/furman-college-democrats/documents/2022/constitution_constitutionbylaws_2101384.pdf,82e1d02c4bd8bf231f1a439a42816b4d6f78047732fbfde6d1027912e628405b,https://furman.campuslabs.com/engage/legacy/organization/furman-college-democrats/DocumentLibrary/view/2101384,2022-08-10T13:02:47,application/octet-stream; charset=utf-8,Constitution-and-Bylaws-for-the-College-Democrats-of-America-updated-2.3.19-1_(1).pdf
furman-college-democrats,2256505,Constitution/Bylaws,constitution,2023,data/orgs/furman-college-democrats/documents/2023/constitution_constitutionbylaws_2256505.pdf,82e1d02c4bd8bf231f1a439a42816b4d6f78047732fbfde6d1027912e628405b,https://furman.campuslabs.com/engage/legacy/organization/furman-college-democrats/DocumentLibrary/view/2256505,2023-08-13T12:52:22,application/octet-stream; charset=utf-8,Constitution-and-Bylaws-for-the-College-Democrats-of-America-updated-2.3.19-1_(1)_(1).pdf
furman-college-democrats,2386601,Constitution/Bylaws,constitution,2024,data/orgs/furman-college-democrats/documents/2024/constitution_constitutionbylaws_2386601.pdf,82e1d02c4bd8bf231f1a439a42816b4d6f78047732fbfde6d1027912e628405b,https://furman.campuslabs.com/engage/legacy/organization/furman-college-democrats/DocumentLibrary/view/2386601,2024-08-26T13:04:04,application/octet-stream; charset=utf-8,Constitution-and-Bylaws-for-the-College-Democrats-of-America-updated-2.3.19-1_(1)_(1).pdf
furman-college-democrats,2499782,Constitution/Bylaws,constitution,2025,data/orgs/furman-college-democrats/documents/2025/constitution_constitutionbylaws_2499782.pdf,82e1d02c4bd8bf231f1a439a42816b4d6f78047732fbfde6d1027912e628405b,https://furman.campuslabs.com/engage/legacy/organization/furman-college-democrats/DocumentLibrary/view/2499782,2025-09-11T16:12:12,application/octet-stream; charset=utf-8,Constitution-and-Bylaws-for-the-College-Democrats-of-America-updated-2.3.19-1_(1)_(1).pdf
furman-college-democrats,694454,Constitution/Bylaws,constitution,2018,data/orgs/furman-college-democrats/documents/2018/constitution_constitutionbylaws_694454.docx,3d4362eb283e78275ef07e67a916a2b88fd8908a00fdbc3d273f7e3015868ea6,https://furman.campuslabs.com/engage/legacy/organization/furman-college-democrats/DocumentLibrary/view/694454,2018-01-12T09:10:53,application/octet-stream; charset=utf-8,College_Democrats_Constitution.docx
fcs,689789,Constitution/Bylaws,constitution,2017,data/orgs/fcs/documents/2017/constitution_constitutionbylaws_689789.doc,8d108c820dee37a1a446d4e0576bce11d92b7ccad6802f0110ca6d3ba47e0607,https://furman.campuslabs.com/engage/legacy/organization/fcs/DocumentLibrary/view/689789,2017-12-22T11:04:10,application/octet-stream; charset=utf-8,CSBT_Constitution_2017.doc
fcs,752924,Constitution/Bylaws,constitution,2018,data/orgs/fcs/documents/2018/constitution_constitutionbylaws_752924.doc,7214796353e674a5d0f3c3208bddcf44837de0de55e4a1ab61ab139be95bb7e1,https://furman.campuslabs.com/engage/legacy/organization/fcs/DocumentLibrary/view/752924,2018-04-12T18:44:15,application/octet-stream; charset=utf-8,CSBT_Constitution_.doc
fcs,1084074,Constitution/Bylaws,constitution,2019,data/orgs/fcs/documents/2019/constitution_constitutionbylaws_1084074.doc,d49842e4237675d96c18dbeacb9f76b4fab2c79d0ae66587079a54dbf1c6880f,https://furman.campuslabs.com/engage/legacy/organization/fcs/DocumentLibrary/view/1084074,2019-04-01T16:36:23,application/octet-stream; charset=utf-8,FCS_Constitution.doc
fcs,1792340,Constitution/Bylaws,constitution,2020,data/orgs/fcs/documents/2020/constitution_constitutionbylaws_1792340.doc,d49842e4237675d96c18dbeacb9f76b4fab2c79d0ae66587079a54dbf1c6880f,https://furman.campuslabs.com/engage/legacy/organization/fcs/DocumentLibrary/view/1792340,2020-08-18T14:56:03,application/octet-stream; charset=utf-8,FCS_Constitution.doc
fcs,1967204,Constitution/Bylaws,constitution,2021,data/orgs/fcs/documents/2021/constitution_constitutionbylaws_1967204.pdf,f0c1f22c6b2092d405550d19fbbe687e50664a0c3677da37c0c008b99ad5c8f2,https://furman.campuslabs.com/engage/legacy/organization/fcs/DocumentLibrary/view/1967204,2021-08-09T12:59:47,application/octet-stream; charset=utf-8,Furman_Conservative_Society_Constitution.pdf
fcs,2107139,Constitution/Bylaws,constitution,2022,data/orgs/fcs/documents/2022/constitution_constitutionbylaws_2107139.doc,c2b27965fa5787988916157d73b5929972aa9ae902c5dd88f0cab8220c6f846e,https://furman.campuslabs.com/engage/legacy/organization/fcs/DocumentLibrary/view/2107139,2022-08-16T22:31:25,application/octet-stream; charset=utf-8,FCS_Constitution__(1).doc
fcs,2256507,Constitution/Bylaws,constitution,2023,data/orgs/fcs/documents/2023/constitution_constitutionbylaws_2256507.pdf,f0c1f22c6b2092d405550d19fbbe687e50664a0c3677da37c0c008b99ad5c8f2,https://furman.campuslabs.com/engage/legacy/organization/fcs/DocumentLibrary/view/2256507,2023-08-09T09:33:50,application/octet-stream; charset=utf-8,Furman_Conservative_Society_Constitution.pdf
fcs,2386603,Constitution/Bylaws,constitution,2024,data/orgs/fcs/documents/2024/constitution_constitutionbylaws_2386603.pdf,f0c1f22c6b2092d405550d19fbbe687e50664a0c3677da37c0c008b99ad5c8f2,https://furman.campuslabs.com/engage/legacy/organization/fcs/DocumentLibrary/view/2386603,2024-08-16T22:21:19,application/octet-stream; charset=utf-8,Furman_Conservative_Society_Constitution.pdf
fcs,2499783,Constitution/Bylaws,constitution,2025,data/orgs/fcs/documents/2025/constitution_constitutionbylaws_2499783.pdf,f0c1f22c6b2092d405550d19fbbe687e50664a0c3677da37c0c008b99ad5c8f2,https://furman.campuslabs.com/engage/legacy/organization/fcs/DocumentLibrary/view/2499783,2025-08-22T19:16:07,application/octet-stream; charset=utf-8,Furman_Conservative_Society_Constitution.pdf
fcs,961453,FCS_Constitution_.doc,constitution,2018,data/orgs/fcs/documents/2018/constitution_fcs_constitution_doc_961453.doc,c2b27965fa5787988916157d73b5929972aa9ae902c5dd88f0cab8220c6f846e,https://furman.campuslabs.com/engage/legacy/organization/fcs/DocumentLibrary/view/961453,2018-09-07T14:27:10,application/octet-stream; charset=utf-8,FCS_Constitution_.doc
the-furman-creative-collaborative,700269,Constitution/Bylaws,constitution,2018,data/orgs/the-furman-creative-collaborative/documents/2018/constitution_constitutionbylaws_700269.doc,683a197f83fc18b41c6b54daebb6129b9b126d6ded4fab5e2cbd1268247a3c67,https://furman.campuslabs.com/engage/legacy/organization/the-furman-creative-collaborative/DocumentLibrary/view/700269,2018-01-29T09:43:13,application/octet-stream; charset=utf-8,FCC_Constitution.doc
the-furman-creative-collaborative,753012,Constitution/Bylaws,constitution,2018,data/orgs/the-furman-creative-collaborative/documents/2018/constitution_constitutionbylaws_753012.doc,683a197f83fc18b41c6b54daebb6129b9b126d6ded4fab5e2cbd1268247a3c67,https://furman.campuslabs.com/engage/legacy/organization/the-furman-creative-collaborative/DocumentLibrary/view/753012,2018-04-13T13:54:57,application/octet-stream; charset=utf-8,FCC_Constitution.doc
the-furman-creative-collaborative,1091480,Constitution/Bylaws,constitution,2019,data/orgs/the-furman-creative-collaborative/documents/2019/constitution_constitutionbylaws_1091480.doc,0a9eb2d85b7e16e2d936173bfd8b2fa21c99b42d6dfdb0df1a79b815267a133d,https://furman.campuslabs.com/engage/legacy/organization/the-furman-creative-collaborative/DocumentLibrary/view/1091480,2019-04-10T10:43:45,application/octet-stream; charset=utf-8,FCC_Constitution.doc
the-furman-creative-collaborative,1792383,Constitution/Bylaws,constitution,2020,data/orgs/the-furman-creative-collaborative/documents/2020/constitution_constitutionbylaws_1792383.doc,8a5c428d167339808796cb400159a93b8bd8e8c6bb082a8f86fe70e9fe28017d,https://furman.campuslabs.com/engage/legacy/organization/the-furman-creative-collaborative/DocumentLibrary/view/1792383,2020-08-19T15:38:31,application/octet-stream; charset=utf-8,FCC_Constitution.doc
the-furman-creative-collaborative,1969977,Constitution/Bylaws,constitution,2021,data/orgs/the-furman-creative-collaborative/documents/2021/constitution_constitutionbylaws_1969977.doc,8a5c428d167339808796cb400159a93b8bd8e8c6bb082a8f86fe70e9fe28017d,https://furman.campuslabs.com/engage/legacy/organization/the-furman-creative-collaborative/DocumentLibrary/view/1969977,2021-08-29T12:29:34,application/octet-stream; charset=utf-8,FCC_Constitution.doc
the-furman-creative-collaborative,2101535,Constitution/Bylaws,constitution,2022,data/orgs/the-furman-creative-collaborative/documents/2022/constitution_constitutionbylaws_2101535.doc,8a5c428d167339808796cb400159a93b8bd8e8c6bb082a8f86fe70e9fe28017d,https://furman.campuslabs.com/engage/legacy/organization/the-furman-creative-collaborative/DocumentLibrary/view/2101535,2022-08-18T19:15:59,application/octet-stream; charset=utf-8,FCC_Constitution.doc
the-furman-creative-collaborative,2256508,Constitution/Bylaws,constitution,2023,data/orgs/the-furman-creative-collaborative/documents/2023/constitution_constitutionbylaws_2256508.doc,8a5c428d167339808796cb400159a93b8bd8e8c6bb082a8f86fe70e9fe28017d,https://furman.campuslabs.com/engage/legacy/organization/the-furman-creative-collaborative/DocumentLibrary/view/2256508,2023-08-25T11:58:59,application/octet-stream; charset=utf-8,FCC_Constitution.doc
the-furman-creative-collaborative,2386604,Constitution/Bylaws,constitution,2024,data/orgs/the-furman-creative-collaborative/documents/2024/constitution_constitutionbylaws_2386604.docx,1cbb296bbfef045cc4430ac6bfbb707a3d11fbe1aa88b047de2aac421fc09427,https://furman.campuslabs.com/engage/legacy/organization/the-furman-creative-collaborative/DocumentLibrary/view/2386604,2024-09-24T12:43:50,application/octet-stream; charset=utf-8,FCC_Constitution.docx
the-furman-creative-collaborative,2499784,Constitution/Bylaws,constitution,2025,data/orgs/the-furman-creative-collaborative/documents/2025/constitution_constitutionbylaws_2499784.docx,1cbb296bbfef045cc4430ac6bfbb707a3d11fbe1aa88b047de2aac421fc09427,https://furman.campuslabs.com/engage/legacy/organization/the-furman-creative-collaborative/DocumentLibrary/view/2499784,2025-08-15T12:37:11,application/octet-stream; charset=utf-8,FCC_Constitution.docx
furmandanceteam,700266,Constitution/Bylaws,constitution,2018,data/orgs/furmandanceteam/documents/2018/constitution_constitutionbylaws_700266.pdf,c0e7d17def810b7bed00ce76184fa16f6bfa1315cb9ee87fb56a0364ab910afa,https://furman.campuslabs.com/engage/legacy/organization/FurmanDanceTeam/DocumentLibrary/view/700266,2018-01-30T15:46:01,application/octet-stream; charset=utf-8,Scan_Jun_82c_20172c_12.17_PM.pdf
furmandanceteam,752926,Constitution/Bylaws,constitution,2018,data/orgs/furmandanceteam/documents/2018/constitution_constitutionbylaws_752926.pdf,e96ad704620f56cc86a55de4c2683a7fded0273dca48fb135cfafd15d120d929,https://furman.campuslabs.com/engage/legacy/organization/FurmanDanceTeam/DocumentLibrary/view/752926,2018-04-13T15:57:25,application/octet-stream; charset=utf-8,Furman_Dnace_Company_Constitution_2.pdf
furmandanceteam,759809,Constitution/Bylaws,constitution,2018,data/orgs/furmandanceteam/documents/2018/constitution_constitutionbylaws_759809.pdf,c298f9f934cc907bcc8608be21730e5283475049c0f3559d28e72e842ff9478c,https://furman.campuslabs.com/engage/legacy/organization/FurmanDanceTeam/DocumentLibrary/view/759809,2018-04-26T20:45:22,application/octet-stream; charset=utf-8,Furman_Dnace_Company_Constitution.pdf
furmandanceteam,1084084,Constitution/Bylaws,constitution,2019,data/orgs/furmandanceteam/documents/2019/constitution_constitutionbylaws_1084084.pdf,6a12aa3ed2abdf1b5f62c4247805bb081c9982158a87ca17a7d6bf9debaba57c,https://furman.campuslabs.com/engage/legacy/organization/FurmanDanceTeam/DocumentLibrary/view/1084084,2019-03-31T22:31:24,application/octet-stream; charset=utf-8,Furman_Dance_Company_Constitution.pdf
furmandanceteam,1792341,Constitution/Bylaws,constitution,2020,data/orgs/furmandanceteam/documents/2020/constitution_constitutionbylaws_1792341.pdf,cd03273efd74701b2b67b5562f89503ebea6a0945b96547b9fbb0f144d4ab858,https://furman.campuslabs.com/engage/legacy/organization/FurmanDanceTeam/DocumentLibrary/view/1792341,2020-08-18T17:22:47,application/octet-stream; charset=utf-8,Furman_Dance_Company_Constitution.pdf
furmandanceteam,1968538,Constitution/Bylaws,constitution,2021,data/orgs/furmandanceteam/documents/2021/constitution_constitutionbylaws_1968538.pdf,f58d912b69ea89053d36f2f136d46ff34972ea601d82596cdb1180f0434e920f,https://furman.campuslabs.com/engage/legacy/organization/FurmanDanceTeam/DocumentLibrary/view/1968538,2021-09-02T15:52:38,application/octet-stream; charset=utf-8,Furman_Dance_Company_Constitution.pdf
furmandanceteam,2107513,Constitution/Bylaws,constitution,2022,data/orgs/furmandanceteam/documents/2022/constitution_constitutionbylaws_2107513.docx,3966c9822c3d026a2dede4f973f02f9377b176f5b9c58ace2aa0d735d2dcee4c,https://furman.campuslabs.com/engage/legacy/organization/FurmanDanceTeam/DocumentLibrary/view/2107513,2022-08-25T15:53:13,application/octet-stream; charset=utf-8,FURMAN_DANCE_TEAM_RULES_AND_GUIDELINES.docx
furmandanceteam,2256509,Constitution/Bylaws,constitution,2023,data/orgs/furmandanceteam/documents/2023/constitution_constitutionbylaws_2256509.pdf,a6ffb611509f887350c85b2cb094510f6bc4aae1333f52eb9f32b48a270b7cf4,https://furman.campuslabs.com/engage/legacy/organization/FurmanDanceTeam/DocumentLibrary/view/2256509,2023-08-21T14:47:51,application/octet-stream; charset=utf-8,Furman_Dance_Team_Constitution.pdf
furmandanceteam,2386605,Constitution/Bylaws,constitution,2024,data/orgs/furmandanceteam/documents/2024/constitution_constitutionbylaws_2386605.pdf,e660f416692b9fc567c57f6c4fe717086c0545700fe3ca3789c86100de02a1ce,https://furman.campuslabs.com/engage/legacy/organization/FurmanDanceTeam/DocumentLibrary/view/2386605,2024-08-15T08:21:42,application/octet-stream; charset=utf-8,FDT_Constitution_2024.pdf
furmandanceteam,2499785,Constitution/Bylaws,constitution,2025,data/orgs/furmandanceteam/documents/2025/constitution_constitutionbylaws_2499785.docx,06260208a6d76ebee5b911fff62d38b2a10094799c71cab11e7587e80f571ea4,https://furman.campuslabs.com/engage/legacy/organization/FurmanDanceTeam/DocumentLibrary/view/2499785,2025-08-24T19:43:08,application/octet-stream; charset=utf-8,dance_team_requirements.docx
fda,2320610,Constitution/Bylaws,constitution,2024,data/orgs/fda/documents/2024/constitution_constitutionbylaws_2320610.docx,7494adc6dd0fa72c134bf54ba129c82ead467c310f394dc590e260269d0a6594,https://furman.campuslabs.com/engage/legacy/organization/FDA/DocumentLibrary/view/2320610,2024-04-28T18:08:14,application/octet-stream; charset=utf-8,Furman_Drone_Association_Constitution.docx
fda,2386606,Constitution/Bylaws,constitution,2024,data/orgs/fda/documents/2024/constitution_constitutionbylaws_2386606.docx,4346a1cdb1fa7fb940860cc9c25c28cdb51b3ebe3b4ea88e0e7b25e2df4df682,https://furman.campuslabs.com/engage/legacy/organization/FDA/DocumentLibrary/view/2386606,2024-08-29T22:39:12,application/octet-stream; charset=utf-8,Furman_Drone_Association_Constitution.docx
fudnd,1078246,Constitution/Bylaws,constitution,2019,data/orgs/fudnd/documents/2019/constitution_constitutionbylaws_1078246.pdf,91e4f4d637a7651e5c0d77c4e2cda9009ca4dcdce3eea4a61fcf0e2496d31f24,https://furman.campuslabs.com/engage/legacy/organization/fudnd/DocumentLibrary/view/1078246,2019-01-18T16:29:22,application/octet-stream; charset=utf-8,FUDND_Constitution__Bylaws.pdf
fudnd,1084085,Constitution/Bylaws,constitution,2019,data/orgs/fudnd/documents/2019/constitution_constitutionbylaws_1084085.pdf,91e4f4d637a7651e5c0d77c4e2cda9009ca4dcdce3eea4a61fcf0e2496d31f24,https://furman.campuslabs.com/engage/legacy/organization/fudnd/DocumentLibrary/view/1084085,2019-03-30T12:28:44,application/octet-stream; charset=utf-8,FUDND_Constitution__Bylaws.pdf
fudnd,1792342,Constitution/Bylaws,constitution,2020,data/orgs/fudnd/documents/2020/constitution_constitutionbylaws_1792342.docx,175d7fbd884cb9c7aad0de5496d5c3d78c2d6dd57fb17b2616743e0fd64fa19b,https://furman.campuslabs.com/engage/legacy/organization/fudnd/DocumentLibrary/view/1792342,2020-08-21T17:32:47,application/octet-stream; charset=utf-8,Furman_Dungeons_and_Dragons_Constitution_and_Bylaws_for_2020-2021_Academic_Year.docx
fudnd,1967250,Constitution/Bylaws,constitution,2021,data/orgs/fudnd/documents/2021/constitution_constitutionbylaws_1967250.docx,e44912f334709096d82cd6cb16772b12d5ff578bb9060aaefe619cb74ddc7c2d,https://furman.campuslabs.com/engage/legacy/organization/fudnd/DocumentLibrary/view/1967250,2021-08-10T21:28:52,application/octet-stream; charset=utf-8,Furman_Dungeons_and_Dragons_Constitution_and_Bylaws_for_2021-22_Academic_Year.docx
fudnd,2106119,Constitution/Bylaws,constitution,2022,data/orgs/fudnd/documents/2022/constitution_constitutionbylaws_2106119.docx,567993123137b7f224111351e41aff5ba919fe9386e936cf3e8cc90cc9712920,https://furman.campuslabs.com/engage/legacy/organization/fudnd/DocumentLibrary/view/2106119,2022-08-09T20:55:02,application/octet-stream; charset=utf-8,Furman_University_Dungeons_and_Dragons_Club_Constitution_2021-2022_Final_2.docx
fudnd,2256510,Constitution/Bylaws,constitution,2023,data/orgs/fudnd/documents/2023/constitution_constitutionbylaws_2256510.pdf,093ee524a4a2ac51d93b34a2e86393c9562756a65c38d1076aefd455e988530a,https://furman.campuslabs.com/engage/legacy/organization/fudnd/DocumentLibrary/view/2256510,2023-08-16T18:04:17,application/octet-stream; charset=utf-8,Furman_University_Dungeons_and_Dragons_Club_Constitution_2022-23.docx.pdf
fudnd,2386607,Constitution/Bylaws,constitution,2024,data/orgs/fudnd/documents/2024/constitution_constitutionbylaws_2386607.pdf,cce81d9b752f7d7bf6ccca74b39db0a8af6241d31230d098e9d20454086c1e20,https://furman.campuslabs.com/engage/legacy/organization/fudnd/DocumentLibrary/view/2386607,2024-08-18T20:37:13,application/octet-stream; charset=utf-8,Furman_University_Dungeons_and_Dragons_Club_Constitution_2024-2025.docx.pdf
fudnd,2499786,Constitution/Bylaws,constitution,2025,data/orgs/fudnd/documents/2025/constitution_constitutionbylaws_2499786.pdf,05d18de58963d80c270441deefce98f8faf10ac3158740d29198d93e4625d18d,https://furman.campuslabs.com/engage/legacy/organization/fudnd/DocumentLibrary/view/2499786,2025-08-11T13:06:42,application/octet-stream; charset=utf-8,Furman_University_Dungeons_and_Dragons_Club_Constitution_2025-2026.docx.pdf
fudnd,2368353,Furman_University_Dungeons_and_Dragons_Club_Constitution_2024-2025,constitution,2024,data/orgs/fudnd/documents/2024/constitution_furman_university_dungeons_and_dragons_club_constitution_2024-2025_2368353.pdf,55707feb30c5aa75706b3b91f0dabfa286f177a26c6f014a0bfcb105f3190ed0,https://furman.campuslabs.com/engage/legacy/organization/fudnd/DocumentLibrary/view/2368353,2024-09-09T18:11:23,application/octet-stream; charset=utf-8,Furman_University_Dungeons_and_Dragons_Club_Constitution_2024-2025.docx_(1).pdf
furman-economics-society,697330,Constitution/Bylaws,constitution,2018,data/orgs/furman-economics-society/documents/2018/constitution_constitutionbylaws_697330.docx,1b8e669134b65d0b562853a101b00c58a10149d1091069e8013cd7caadcc3d9e,https://furman.campuslabs.com/engage/legacy/organization/furman-economics-society/DocumentLibrary/view/697330,2018-01-25T22:22:59,application/octet-stream; charset=utf-8,FES_Constitution.docx
furman-economics-society,752928,Constitution/Bylaws,constitution,2018,data/orgs/furman-economics-society/documents/2018/constitution_constitutionbylaws_752928.docx,1b8e669134b65d0b562853a101b00c58a10149d1091069e8013cd7caadcc3d9e,https://furman.campuslabs.com/engage/legacy/organization/furman-economics-society/DocumentLibrary/view/752928,2018-04-13T15:03:41,application/octet-stream; charset=utf-8,FES_Constitution.docx
furman-economics-society,1084090,Constitution/Bylaws,constitution,2019,data/orgs/furman-economics-society/documents/2019/constitution_constitutionbylaws_1084090.docx,c85082370eec518f839a7f47fa11cf59cb1bf8a88b2d779f36d1aac266eb276e,https://furman.campuslabs.com/engage/legacy/organization/furman-economics-society/DocumentLibrary/view/1084090,2019-03-31T13:49:59,application/octet-stream; charset=utf-8,FES_Constitution_updated.docx
furman-economics-society,1792343,Constitution/Bylaws,constitution,2020,data/orgs/furman-economics-society/documents/2020/constitution_constitutionbylaws_1792343.docx,c85082370eec518f839a7f47fa11cf59cb1bf8a88b2d779f36d1aac266eb276e,https://furman.campuslabs.com/engage/legacy/organization/furman-economics-society/DocumentLibrary/view/1792343,2020-08-21T11:51:50,application/octet-stream; charset=utf-8,FES_Constitution_updated.docx
furman-economics-society,1972697,Constitution/Bylaws,constitution,2021,data/orgs/furman-economics-society/documents/2021/constitution_constitutionbylaws_1972697.docx,f5da551ca9729ec7fea2cd9f1286f9238ea7d0c509a27b6649d80f49f757dfa3,https://furman.campuslabs.com/engage/legacy/organization/furman-economics-society/DocumentLibrary/view/1972697,2021-08-26T14:39:28,application/octet-stream; charset=utf-8,FES_Constitution_2021.docx
furman-economics-society,2100618,Constitution/Bylaws,constitution,2022,data/orgs/furman-economics-society/documents/2022/constitution_constitutionbylaws_2100618.docx,b30a98e9b5f3f0e0c3a03cb721a68024c8ba9435d3d852ca45093ee616759fa1,https://furman.campuslabs.com/engage/legacy/organization/furman-economics-society/DocumentLibrary/view/2100618,2022-08-09T22:52:36,application/octet-stream; charset=utf-8,FES_Constitution_2022.docx
furman-economics-society,2256511,Constitution/Bylaws,constitution,2023,data/orgs/furman-economics-society/documents/2023/constitution_constitutionbylaws_2256511.docx,edbfb8b94799cd6007ffc6bca25d85a00b357aa01611554ac09af92ff42f5728,https://furman.campuslabs.com/engage/legacy/organization/furman-economics-society/DocumentLibrary/view/2256511,2023-08-14T17:48:11,application/octet-stream; charset=utf-8,FES_Constitution_2023-24.docx
furman-economics-society,2386608,Constitution/Bylaws,constitution,2024,data/orgs/furman-economics-society/documents/2024/constitution_constitutionbylaws_2386608.docx,6e2d9157e1d86375f46b8c4c16c0cb955a02f3cb4e4f3bed361fdbd1357af2a2,https://furman.campuslabs.com/engage/legacy/organization/furman-economics-society/DocumentLibrary/view/2386608,2024-08-23T14:05:37,application/octet-stream; charset=utf-8,FES_Constitution_2024-25.docx
furman-economics-society,2499787,Constitution/Bylaws,constitution,2025,data/orgs/furman-economics-society/documents/2025/constitution_constitutionbylaws_2499787.pdf,a9fcd8d289406988a6880c8339d6aec67c931a8613782d7b3b0b5f4e31d199b2,https://furman.campuslabs.com/engage/legacy/organization/furman-economics-society/DocumentLibrary/view/2499787,2025-08-21T14:32:28,application/octet-stream; charset=utf-8,FES_Constitution_2025-26.pdf
fanatics,2442502,Constitution/Bylaws,constitution,2025,data/orgs/fanatics/documents/2025/constitution_constitutionbylaws_2442502.pdf,8d480b033d0befaadfeacc88273ca093a53cffab727a5c4fc9d1ac005f9e004e,https://furman.campuslabs.com/engage/legacy/organization/fanatics/DocumentLibrary/view/2442502,2025-04-10T11:13:09,application/octet-stream; charset=utf-8,25.pdf
fanatics,2499788,Constitution/Bylaws,constitution,2025,data/orgs/fanatics/documents/2025/constitution_constitutionbylaws_2499788.pdf,8d480b033d0befaadfeacc88273ca093a53cffab727a5c4fc9d1ac005f9e004e,https://furman.campuslabs.com/engage/legacy/organization/fanatics/DocumentLibrary/view/2499788,2025-08-12T11:14:11,application/octet-stream; charset=utf-8,25.pdf
fu_girlswhocode,2233135,Constitution/Bylaws,constitution,2023,data/orgs/fu_girlswhocode/documents/2023/constitution_constitutionbylaws_2233135.pdf,fcd8e1a8651e3136db132475d17b85a0dbe15c703d021a3321331495c2b8a4fd,https://furman.campuslabs.com/engage/legacy/organization/fu_girlswhocode/DocumentLibrary/view/2233135,2023-08-29T12:56:47,application/octet-stream; charset=utf-8,GWC_CONSTITUTION.pdf
fu_girlswhocode,2386609,Constitution/Bylaws,constitution,2024,data/orgs/fu_girlswhocode/documents/2024/constitution_constitutionbylaws_2386609.pdf,3e1baa68adcbc4edf75112ebcce3a7436b07c00ad57f077751b8d2d7e55c064e,https://furman.campuslabs.com/engage/legacy/organization/fu_girlswhocode/DocumentLibrary/view/2386609,2024-08-24T15:17:38,application/octet-stream; charset=utf-8,GWC_CONSTITUTION.pdf
fu_girlswhocode,2499789,Constitution/Bylaws,constitution,2025,data/orgs/fu_girlswhocode/documents/2025/constitution_constitutionbylaws_2499789.pdf,d52c7757fbb497b47aedcbbdd110648e2d9a6b142d7eb8853183c2bf7c42ab0b,https://furman.campuslabs.com/engage/legacy/organization/fu_girlswhocode/DocumentLibrary/view/2499789,2025-08-21T10:44:44,application/octet-stream; charset=utf-8,GWC_CONSTITUTION.pdf
furmanjusticeforum,1976009,Constitution/Bylaws,constitution,2021,data/orgs/furmanjusticeforum/documents/2021/constitution_constitutionbylaws_1976009.docx,e38b6a04a9733eeea4adb7c48b5bc04a44f88b318c1ae080ea8b7ead1fdf0566,https://furman.campuslabs.com/engage/legacy/organization/furmanjusticeforum/DocumentLibrary/view/1976009,2021-08-10T16:23:27,application/octet-stream; charset=utf-8,Furman_Justice_Forum_Constitution_2021.docx
furmanjusticeforum,2100619,Constitution/Bylaws,constitution,2022,data/orgs/furmanjusticeforum/documents/2022/constitution_constitutionbylaws_2100619.docx,ef8978e020c6a9fe4471e6f4ead6834c101da1cfe93077bd6d21bf788113f145,https://furman.campuslabs.com/engage/legacy/organization/furmanjusticeforum/DocumentLibrary/view/2100619,2022-08-08T12:12:30,application/octet-stream; charset=utf-8,Furman_Justice_Forum_Constitution_and_Bylaws_2022.docx
furmanjusticeforum,2256513,Constitution/Bylaws,constitution,2023,data/orgs/furmanjusticeforum/documents/2023/constitution_constitutionbylaws_2256513.docx,5a371763e6bac6450daf41953ad64eb70a722b44ea3b0e6088fe2c6e333c4648,https://furman.campuslabs.com/engage/legacy/organization/furmanjusticeforum/DocumentLibrary/view/2256513,2023-08-23T15:56:39,application/octet-stream; charset=utf-8,Furman_Justice_Forum_Constitution.docx
furmanjusticeforum,2386610,Constitution/Bylaws,constitution,2024,data/orgs/furmanjusticeforum/documents/2024/constitution_constitutionbylaws_2386610.pdf,cd478f76efd756befdb88b44275ad129e06044abd9c23ad4ce2a77d4255283ce,https://furman.campuslabs.com/engage/legacy/organization/furmanjusticeforum/DocumentLibrary/view/2386610,2024-08-09T23:11:26,application/octet-stream; charset=utf-8,Furman_Justice_Forum_Constitution_2024.pdf
furmanjusticeforum,2499790,Constitution/Bylaws,constitution,2025,data/orgs/furmanjusticeforum/documents/2025/constitution_constitutionbylaws_2499790.pdf,d25217b6359d77dea32290f1908d596381a57ea605ec010506e80a87c54daf6d,https://furman.campuslabs.com/engage/legacy/organization/furmanjusticeforum/DocumentLibrary/view/2499790,2025-08-27T05:53:49,application/octet-stream; charset=utf-8,Furman_Justice_Forum_Constitution.pdf
furmanjusticeforum,1541988,Constitution/Bylaws,constitution,2019,data/orgs/furmanjusticeforum/documents/2019/constitution_constitutionbylaws_1541988.docx,5a371763e6bac6450daf41953ad64eb70a722b44ea3b0e6088fe2c6e333c4648,https://furman.campuslabs.com/engage/legacy/organization/furmanjusticeforum/DocumentLibrary/view/1541988,2019-11-04T11:48:01,application/octet-stream; charset=utf-8,Furman_Justice_Forum_Constitution.docx
furmanjusticeforum,1792345,Constitution/Bylaws,constitution,2020,data/orgs/furmanjusticeforum/documents/2020/constitution_constitutionbylaws_1792345.docx,90f9ec7ece0961d9a9dd4b2e2baf0b9cdc0a88db27789a864ab65cb3cd50d73b,https://furman.campuslabs.com/engage/legacy/organization/furmanjusticeforum/DocumentLibrary/view/1792345,2020-08-24T22:02:53,application/octet-stream; charset=utf-8,FJFbylaws.docx
furmanjusticeforum,1906696,Furman_Justice_Forum_Constitution 2021.docx,constitution,2021,data/orgs/furmanjusticeforum/documents/2021/constitution_furman_justice_forum_constitution_2021docx_1906696.docx,e38b6a04a9733eeea4adb7c48b5bc04a44f88b318c1ae080ea8b7ead1fdf0566,https://furman.campuslabs.com/engage/legacy/organization/furmanjusticeforum/DocumentLibrary/view/1906696,2021-04-17T13:56:25,application/octet-stream; charset=utf-8,Furman_Justice_Forum_Constitution_2021.docx
kpop-club,2145857,Constitution/Bylaws,constitution,2022,data/orgs/kpop-club/documents/2022/constitution_constitutionbylaws_2145857.pdf,3734b8c9d8e29b811db7b6ee9625ef3ae26f18dae8118c768907848308c18f60,https://furman.campuslabs.com/engage/legacy/organization/kpop-club/DocumentLibrary/view/2145857,2022-11-04T00:50:35,application/octet-stream; charset=utf-8,Fuman_Kpop_Club_Constitution.pdf
kpop-club,2256514,Constitution/Bylaws,constitution,2023,data/orgs/kpop-club/documents/2023/constitution_constitutionbylaws_2256514.docx,5dff54c171caaa74aa43bb5ae43a6b1f974bdc01b5ada7cc71ac39c63ded93ab,https://furman.campuslabs.com/engage/legacy/organization/kpop-club/DocumentLibrary/view/2256514,2023-08-11T12:45:26,application/octet-stream; charset=utf-8,K-Pop_Club__Constitution.docx
kpop-club,2386611,Constitution/Bylaws,constitution,2024,data/orgs/kpop-club/documents/2024/constitution_constitutionbylaws_2386611.docx,5dff54c171caaa74aa43bb5ae43a6b1f974bdc01b5ada7cc71ac39c63ded93ab,https://furman.campuslabs.com/engage/legacy/organization/kpop-club/DocumentLibrary/view/2386611,2024-08-09T22:27:41,application/octet-stream; charset=utf-8,K-Pop_Club__Constitution_(1).docx
kpop-club,2499791,Constitution/Bylaws,constitution,2025,data/orgs/kpop-club/documents/2025/constitution_constitutionbylaws_2499791.docx,6df55e3a92c9b499a6c51fc44008cd6dfb9c527fc678be475e54e9494983fbf1,https://furman.campuslabs.com/engage/legacy/organization/kpop-club/DocumentLibrary/view/2499791,2025-08-28T11:58:22,application/octet-stream; charset=utf-8,K-Pop_Club__Constitution_2025-2025.docx
kpop-club,2239193,Furman K-Pop Club Statement of Belonging (2023).pdf,other,2023,data/orgs/kpop-club/documents/2023/other_furman_k-pop_club_statement_of_belonging_2023pdf_2239193.pdf,cdc8a8ad89727b812eb25452d506cffd29b6f25b040a0debda623f7ddadb9d65,https://furman.campuslabs.com/engage/legacy/organization/kpop-club/DocumentLibrary/view/2239193,2023-09-07T09:55:44,application/octet-stream; charset=utf-8,2023_-_2024_Furman_K-Pop_Club_Statement_of_Belonging.pdf
kpop-club,2239191,K-Pop Club Constitution & Bylaws (2023).pdf,constitution,2023,data/orgs/kpop-club/documents/2023/constitution_k-pop_club_constitution_bylaws_2023pdf_2239191.pdf,ed06d07bb6ab87e09a93426ea2bf11934285f1e713be006cb851720e9b2051fe,https://furman.campuslabs.com/engage/legacy/organization/kpop-club/DocumentLibrary/view/2239191,2023-09-07T09:54:57,application/octet-stream; charset=utf-8,2023_-_2024_K-Pop_Club_Constitution.pdf
furman-bands,2320816,Constitution/Bylaws,constitution,2024,data/orgs/furman-bands/documents/2024/constitution_constitutionbylaws_2320816.pdf,09f6192290220e15cc18a12221f1438b1e739f82feb98ee4bca23b9c5ef11a27,https://furman.campuslabs.com/engage/legacy/organization/furman-bands/DocumentLibrary/view/2320816,2024-04-24T20:24:08,application/octet-stream; charset=utf-8,Furman_University_Marching_Arts_Constitution_(1).pdf
furman-bands,2386612,Constitution/Bylaws,constitution,2024,data/orgs/furman-bands/documents/2024/constitution_constitutionbylaws_2386612.pdf,09f6192290220e15cc18a12221f1438b1e739f82feb98ee4bca23b9c5ef11a27,https://furman.campuslabs.com/engage/legacy/organization/furman-bands/DocumentLibrary/view/2386612,2024-09-05T17:01:21,application/octet-stream; charset=utf-8,Furman_University_Marching_Arts_Constitution_(1).pdf
furman-men-s-club-lacrosse,694480,Constitution/Bylaws,constitution,2018,data/orgs/furman-men-s-club-lacrosse/documents/2018/constitution_constitutionbylaws_694480.docx,519ad1f97e061128f3c4e4b2ee5beef87b6d110a7127be1f6b847adbd3214fd2,https://furman.campuslabs.com/engage/legacy/organization/furman-men-s-club-lacrosse/DocumentLibrary/view/694480,2018-01-10T16:53:19,application/octet-stream; charset=utf-8,Furman_club_lacrosse_constitution.docx
furman-men-s-club-lacrosse,1973835,Constitution/Bylaws,constitution,2021,data/orgs/furman-men-s-club-lacrosse/documents/2021/constitution_constitutionbylaws_1973835.docx,6e1d4ecbdac07861418b2dcc83e181610cf4e561b9c0e3707fa7e10ff0599112,https://furman.campuslabs.com/engage/legacy/organization/furman-men-s-club-lacrosse/DocumentLibrary/view/1973835,2021-08-30T20:59:40,application/octet-stream; charset=utf-8,Furman_club_lacrosse_constitution_(1).docx
furman-men-s-club-lacrosse,2102398,Constitution/Bylaws,constitution,2022,data/orgs/furman-men-s-club-lacrosse/documents/2022/constitution_constitutionbylaws_2102398.bin,e5ee28694f2886e22f722576bdfa52ca2ba7462b114659362e4f43598c06c99b,https://furman.campuslabs.com/engage/legacy/organization/furman-men-s-club-lacrosse/DocumentLibrary/view/2102398,2022-08-26T11:05:58,application/octet-stream; charset=utf-8,
furman-men-s-club-lacrosse,2256515,Constitution/Bylaws,constitution,2023,data/orgs/furman-men-s-club-lacrosse/documents/2023/constitution_constitutionbylaws_2256515.bin,e02756e407a5c9ec18af093060a21a5e9a37a0b01946f5bd701934816543fff4,https://furman.campuslabs.com/engage/legacy/organization/furman-men-s-club-lacrosse/DocumentLibrary/view/2256515,2023-08-24T16:06:59,application/octet-stream; charset=utf-8,
furman-men-s-club-lacrosse,2386613,Constitution/Bylaws,constitution,2024,data/orgs/furman-men-s-club-lacrosse/documents/2024/constitution_constitutionbylaws_2386613.bin,e5ee28694f2886e22f722576bdfa52ca2ba7462b114659362e4f43598c06c99b,https://furman.campuslabs.com/engage/legacy/organization/furman-men-s-club-lacrosse/DocumentLibrary/view/2386613,2024-09-04T16:33:20,application/octet-stream; charset=utf-8,
men-s-club-soccer,697357,Constitution/Bylaws,constitution,2018,data/orgs/men-s-club-soccer/documents/2018/constitution_constitutionbylaws_697357.pdf,695f6fb14b423498d27d09fcc7c42c186488ff289aa3865f1a7f03ade2a5cf21,https://furman.campuslabs.com/engage/legacy/organization/men-s-club-soccer/DocumentLibrary/view/697357,2018-01-22T16:44:24,application/octet-stream; charset=utf-8,Fall_2017_-_Spring_2018_Club_Soccer_Constitution.pdf
men-s-club-soccer,837587,Constitution/Bylaws,constitution,2018,data/orgs/men-s-club-soccer/documents/2018/constitution_constitutionbylaws_837587.docx,8b437d62d166cca2ab2949e367c7505cf462f4f4dc2a643551b1c074b7eb3404,https://furman.campuslabs.com/engage/legacy/organization/men-s-club-soccer/DocumentLibrary/view/837587,2018-05-23T10:57:30,application/octet-stream; charset=utf-8,Club_Soccer_Constitution.docx
men-s-club-soccer,1107664,Constitution/Bylaws,constitution,2019,data/orgs/men-s-club-soccer/documents/2019/constitution_constitutionbylaws_1107664.docx,6ea1d7faad5dcc5e535796ead28404cb6e7f439c5bfc9c3b1753065b720011a0,https://furman.campuslabs.com/engage/legacy/organization/men-s-club-soccer/DocumentLibrary/view/1107664,2019-04-17T15:50:30,application/octet-stream; charset=utf-8,Club_Soccer_Constitution_2019.docx
men-s-club-soccer,1792346,Constitution/Bylaws,constitution,2020,data/orgs/men-s-club-soccer/documents/2020/constitution_constitutionbylaws_1792346.docx,7c94d0ab3dede0d46bff08661332a29dcf7c6a755a06fb39515314454d880099,https://furman.campuslabs.com/engage/legacy/organization/men-s-club-soccer/DocumentLibrary/view/1792346,2020-08-18T15:59:56,application/octet-stream; charset=utf-8,Club_Soccer_Constitution_2020.docx
men-s-club-soccer,1967259,Constitution/Bylaws,constitution,2021,data/orgs/men-s-club-soccer/documents/2021/constitution_constitutionbylaws_1967259.docx,7c94d0ab3dede0d46bff08661332a29dcf7c6a755a06fb39515314454d880099,https://furman.campuslabs.com/engage/legacy/organization/men-s-club-soccer/DocumentLibrary/view/1967259,2021-08-09T20:31:51,application/octet-stream; charset=utf-8,Club_Soccer_Constitution_2020.docx
men-s-club-soccer,2102396,Constitution/Bylaws,constitution,2022,data/orgs/men-s-club-soccer/documents/2022/constitution_constitutionbylaws_2102396.docx,0d0f61b629378a65b5f1426992e52718ddac126b730893f271f0b6e5baadef35,https://furman.campuslabs.com/engage/legacy/organization/men-s-club-soccer/DocumentLibrary/view/2102396,2022-08-23T20:38:46,application/octet-stream; charset=utf-8,Club_Soccer_Constitution_2022.docx
men-s-club-soccer,2256516,Constitution/Bylaws,constitution,2023,data/orgs/men-s-club-soccer/documents/2023/constitution_constitutionbylaws_2256516.docx,c0160339a51123566b2a9ff9ce62bc34d085b2b65012108c870b045feb83e1ca,https://furman.campuslabs.com/engage/legacy/organization/men-s-club-soccer/DocumentLibrary/view/2256516,2023-08-19T13:56:00,application/octet-stream; charset=utf-8,Club_Soccer_Constitution_2023.docx
men-s-club-soccer,2386614,Constitution/Bylaws,constitution,2024,data/orgs/men-s-club-soccer/documents/2024/constitution_constitutionbylaws_2386614.docx,6fd31bce8ac4fafa478c7709eead524649ad53bbb6e0b3d6c8446fe321d7311b,https://furman.campuslabs.com/engage/legacy/organization/men-s-club-soccer/DocumentLibrary/view/2386614,2024-08-19T13:04:17,application/octet-stream; charset=utf-8,Club_Soccer_Constitution_2024.docx
men-s-club-soccer,2499803,Constitution/Bylaws,constitution,2025,data/orgs/men-s-club-soccer/documents/2025/constitution_constitutionbylaws_2499803.pdf,525da78bbc120b9316629b5dba417d74b65e2a16ebddf5a2a09c86507916a8bf,https://furman.campuslabs.com/engage/legacy/organization/men-s-club-soccer/DocumentLibrary/view/2499803,2025-09-09T17:02:39,application/octet-stream; charset=utf-8,Constitution.pdf
furmanmcv,694479,Constitution/Bylaws,constitution,2017,data/orgs/furmanmcv/documents/2017/constitution_constitutionbylaws_694479.docx,72b89b70551bffbe6feaa6d83faa3a5df5808cae45e8ae3af383d63b83a37824,https://furman.campuslabs.com/engage/legacy/organization/furmanmcv/DocumentLibrary/view/694479,2017-12-22T18:29:01,application/octet-stream; charset=utf-8,Volleyball_constitution.docx
furmanmcv,761204,Constitution/Bylaws,constitution,2018,data/orgs/furmanmcv/documents/2018/constitution_constitutionbylaws_761204.doc,acdefeb01370c021178e1df1939f3ea7db187b5d5c6ccc98bbb09da6394d9835,https://furman.campuslabs.com/engage/legacy/organization/furmanmcv/DocumentLibrary/view/761204,2018-04-26T13:59:12,application/octet-stream; charset=utf-8,volleyball_constitution.doc
furmanmcv,1793924,Constitution/Bylaws,constitution,2020,data/orgs/furmanmcv/documents/2020/constitution_constitutionbylaws_1793924.pdf,ec56c35a1812628e7e974dd8ff2b342a2741553ff122d47433cfacd9cad71b91,https://furman.campuslabs.com/engage/legacy/organization/furmanmcv/DocumentLibrary/view/1793924,2020-08-25T17:40:28,application/octet-stream; charset=utf-8,CONSTITUTION_+_BYLAWS.pdf
furmanmcv,1968074,Constitution/Bylaws,constitution,2021,data/orgs/furmanmcv/documents/2021/constitution_constitutionbylaws_1968074.pdf,ec56c35a1812628e7e974dd8ff2b342a2741553ff122d47433cfacd9cad71b91,https://furman.campuslabs.com/engage/legacy/organization/furmanmcv/DocumentLibrary/view/1968074,2021-09-07T10:07:52,application/octet-stream; charset=utf-8,CONSTITUTION_+_BYLAWS.pdf
furmanmcv,2102387,Constitution/Bylaws,constitution,2022,data/orgs/furmanmcv/documents/2022/constitution_constitutionbylaws_2102387.docx,72b89b70551bffbe6feaa6d83faa3a5df5808cae45e8ae3af383d63b83a37824,https://furman.campuslabs.com/engage/legacy/organization/furmanmcv/DocumentLibrary/view/2102387,2022-08-26T14:00:34,application/octet-stream; charset=utf-8,Volleyball_constitution.docx
furmanmcv,2256517,Constitution/Bylaws,constitution,2023,data/orgs/furmanmcv/documents/2023/constitution_constitutionbylaws_2256517.pdf,19af33073ad454e5ee7b63c6ae8df7a2fb86063dac1987b719e44cf05c18fce8,https://furman.campuslabs.com/engage/legacy/organization/furmanmcv/DocumentLibrary/view/2256517,2023-08-20T19:09:28,application/octet-stream; charset=utf-8,Daily_HW_Quiz_2_28.pdf
furmanmcv,2386615,Constitution/Bylaws,constitution,2024,data/orgs/furmanmcv/documents/2024/constitution_constitutionbylaws_2386615.docx,c1446423bfad6f96ffb9622325c5bbfcbbf0041392b4dea39153d753e9ab8c99,https://furman.campuslabs.com/engage/legacy/organization/furmanmcv/DocumentLibrary/view/2386615,2024-08-15T14:10:12,application/octet-stream; charset=utf-8,25.docx
furmanmcv,2499804,Constitution/Bylaws,constitution,2025,data/orgs/furmanmcv/documents/2025/constitution_constitutionbylaws_2499804.pdf,e4c1751ae9e92441ef1f287448186043ad13c26bd768459847ef208934a538b1,https://furman.campuslabs.com/engage/legacy/organization/furmanmcv/DocumentLibrary/view/2499804,2025-08-29T16:03:15,application/octet-stream; charset=utf-8,fumcvconstitution202526.pdf
furmanmcv,690171,Volleyball constitution.docx,constitution,2018,data/orgs/furmanmcv/documents/2018/constitution_volleyball_constitutiondocx_690171.docx,72b89b70551bffbe6feaa6d83faa3a5df5808cae45e8ae3af383d63b83a37824,https://furman.campuslabs.com/engage/legacy/organization/furmanmcv/DocumentLibrary/view/690171,2018-01-10T16:48:22,application/octet-stream; charset=utf-8,Volleyball_constitution.docx
furman-percussion-club,700267,Constitution/Bylaws,constitution,2018,data/orgs/furman-percussion-club/documents/2018/constitution_constitutionbylaws_700267.doc,1942789ab0fe21db88b7e8d0b3f011a472124eb342ec9ed9ae4987de6eb4e07d,https://furman.campuslabs.com/engage/legacy/organization/furman-percussion-club/DocumentLibrary/view/700267,2018-01-29T17:55:49,application/octet-stream; charset=utf-8,FU_PE_Constitution_2018.doc
furman-percussion-club,752934,Constitution/Bylaws,constitution,2018,data/orgs/furman-percussion-club/documents/2018/constitution_constitutionbylaws_752934.doc,1942789ab0fe21db88b7e8d0b3f011a472124eb342ec9ed9ae4987de6eb4e07d,https://furman.campuslabs.com/engage/legacy/organization/furman-percussion-club/DocumentLibrary/view/752934,2018-04-10T19:19:48,application/octet-stream; charset=utf-8,FU_PE_Constitution_2018.doc
furman-percussion-club,1084104,Constitution/Bylaws,constitution,2019,data/orgs/furman-percussion-club/documents/2019/constitution_constitutionbylaws_1084104.doc,1942789ab0fe21db88b7e8d0b3f011a472124eb342ec9ed9ae4987de6eb4e07d,https://furman.campuslabs.com/engage/legacy/organization/furman-percussion-club/DocumentLibrary/view/1084104,2019-04-01T20:46:18,application/octet-stream; charset=utf-8,FU_PE_Constitution_2019.doc
furman-percussion-club,1792347,Constitution/Bylaws,constitution,2020,data/orgs/furman-percussion-club/documents/2020/constitution_constitutionbylaws_1792347.bin,3abf4a765284d0a6cc02a227a8b8d75224249d751afb8a41826ea6cd48334a2e,https://furman.campuslabs.com/engage/legacy/organization/furman-percussion-club/DocumentLibrary/view/1792347,2020-08-22T17:17:33,application/octet-stream; charset=utf-8,
furman-percussion-club,1968216,Constitution/Bylaws,constitution,2021,data/orgs/furman-percussion-club/documents/2021/constitution_constitutionbylaws_1968216.doc,1942789ab0fe21db88b7e8d0b3f011a472124eb342ec9ed9ae4987de6eb4e07d,https://furman.campuslabs.com/engage/legacy/organization/furman-percussion-club/DocumentLibrary/view/1968216,2021-08-09T22:25:09,application/octet-stream; charset=utf-8,FU_PE_Constitution_2019.doc
furman-percussion-club,2101265,Constitution/Bylaws,constitution,2022,data/orgs/furman-percussion-club/documents/2022/constitution_constitutionbylaws_2101265.pdf,2804561622f89d6bc649180c95327730e86998c9764018f5f8b68e89f706f6d2,https://furman.campuslabs.com/engage/legacy/organization/furman-percussion-club/DocumentLibrary/view/2101265,2022-08-26T15:42:57,application/octet-stream; charset=utf-8,FUPC_Constitution.pdf
furman-percussion-club,2256518,Constitution/Bylaws,constitution,2023,data/orgs/furman-percussion-club/documents/2023/constitution_constitutionbylaws_2256518.pdf,cbbb9bd16184fbd647634423974a963eaa13ade4df1425175661f37a003530b2,https://furman.campuslabs.com/engage/legacy/organization/furman-percussion-club/DocumentLibrary/view/2256518,2023-08-24T23:30:20,application/octet-stream; charset=utf-8,FU_PC_Constitution.pdf
furman-percussion-club,2386616,Constitution/Bylaws,constitution,2024,data/orgs/furman-percussion-club/documents/2024/constitution_constitutionbylaws_2386616.pdf,6937749f47027fbaf874c1b9e3654810f339fcd89785f77df6faba31a452c4c5,https://furman.campuslabs.com/engage/legacy/organization/furman-percussion-club/DocumentLibrary/view/2386616,2024-08-28T14:16:11,application/octet-stream; charset=utf-8,FU_PE_Constitution_2024.pdf
furman-percussion-club,2499805,Constitution/Bylaws,constitution,2025,data/orgs/furman-percussion-club/documents/2025/constitution_constitutionbylaws_2499805.pages,ff9bcc575af1262c5475266ac2a552ce0c50a52c64d7ab220cb6f4532cd74618,https://furman.campuslabs.com/engage/legacy/organization/furman-percussion-club/DocumentLibrary/view/2499805,2025-08-14T21:25:20,application/octet-stream; charset=utf-8,FUPE_Constitution_25-26.pages
none,2176360,Constitution/Bylaws,constitution,2023,data/orgs/none/documents/2023/constitution_constitutionbylaws_2176360.docx,09796186afffbb5d246cd89b121ecb28f5dabb7ec5a251358dd8e098b2c8b06f,https://furman.campuslabs.com/engage/legacy/organization/None/DocumentLibrary/view/2176360,2023-03-19T20:48:34,application/octet-stream; charset=utf-8,Furman_University_Pre-Veterinary_Club_Constitution.docx
none,2256519,Constitution/Bylaws,constitution,2023,data/orgs/none/documents/2023/constitution_constitutionbylaws_2256519.docx,6e866832177310243046995958d3415ef7d905a4fe91e60539d72e732c4f3200,https://furman.campuslabs.com/engage/legacy/organization/None/DocumentLibrary/view/2256519,2023-08-24T20:13:54,application/octet-stream; charset=utf-8,Furman_University_Pre-Veterinary_Club_Constitution_2023-2024.docx
none,2386617,Constitution/Bylaws,constitution,2024,data/orgs/none/documents/2024/constitution_constitutionbylaws_2386617.docx,6e866832177310243046995958d3415ef7d905a4fe91e60539d72e732c4f3200,https://furman.campuslabs.com/engage/legacy/organization/None/DocumentLibrary/view/2386617,2024-08-26T15:34:13,application/octet-stream; charset=utf-8,Furman_University_Pre-Veterinary_Club_Constitution_2023-2024_2.docx
none,2499806,Constitution/Bylaws,constitution,2025,data/orgs/none/documents/2025/constitution_constitutionbylaws_2499806.docx,6e866832177310243046995958d3415ef7d905a4fe91e60539d72e732c4f3200,https://furman.campuslabs.com/engage/legacy/organization/None/DocumentLibrary/view/2499806,2025-08-22T15:29:04,application/octet-stream; charset=utf-8,Furman_University_Pre-Veterinary_Club_Constitution_2023-2024_2.docx
furman-pride-alliance,2347730,(2024-2025) Constitution & Bylaws,constitution,2024,data/orgs/furman-pride-alliance/documents/2024/constitution_2024-2025_constitution_bylaws_2347730.docx,4f6af951201e31396ab99e4f63a6f3c04ec9e595532232e7457a126be8658a6c,https://furman.campuslabs.com/engage/legacy/organization/furman-pride-alliance/DocumentLibrary/view/2347730,2024-08-06T09:45:54,application/octet-stream; charset=utf-8,FPA_Constitution_2024-2025.docx
furman-pride-alliance,2386618,Constitution/Bylaws,constitution,2024,data/orgs/furman-pride-alliance/documents/2024/constitution_constitutionbylaws_2386618.docx,156743c33de06d7d8e2741ea13d502f11a386deecac78b6913825064cee7a2b5,https://furman.campuslabs.com/engage/legacy/organization/furman-pride-alliance/DocumentLibrary/view/2386618,2024-08-27T08:44:26,application/octet-stream; charset=utf-8,FPA_Constitution_2024-2025.docx
furman-pride-alliance,2499807,Constitution/Bylaws,constitution,2025,data/orgs/furman-pride-alliance/documents/2025/constitution_constitutionbylaws_2499807.docx,66b79693e63737ced375e7f0aa19046412fcbeb438d1b66ae1ea0616fccdaf00,https://furman.campuslabs.com/engage/legacy/organization/furman-pride-alliance/DocumentLibrary/view/2499807,2025-08-26T11:26:53,application/octet-stream; charset=utf-8,FPA_Constitution.docx
furman-pride-alliance,689994,Constitution/Bylaws,constitution,2018,data/orgs/furman-pride-alliance/documents/2018/constitution_constitutionbylaws_689994.docx,b3d0ff701afc3897c735266acb46eb415ede525ec201701056242801598c5c2d,https://furman.campuslabs.com/engage/legacy/organization/furman-pride-alliance/DocumentLibrary/view/689994,2018-01-07T16:10:41,application/octet-stream; charset=utf-8,FPA_Constitution_Revised_September_2017.docx
furman-pride-alliance,837584,Constitution/Bylaws,constitution,2018,data/orgs/furman-pride-alliance/documents/2018/constitution_constitutionbylaws_837584.docx,294b7a20a64ef2020312d5a134e1df2c4577424e99120830b6e2dc0ad682f3a5,https://furman.campuslabs.com/engage/legacy/organization/furman-pride-alliance/DocumentLibrary/view/837584,2018-05-30T16:53:25,application/octet-stream; charset=utf-8,FPA_Constitution_(Revised_September_2017).docx
furman-pride-alliance,1442602,Constitution/Bylaws,constitution,2019,data/orgs/furman-pride-alliance/documents/2019/constitution_constitutionbylaws_1442602.docx,69bf755db66f758eb2973657ba0caa400d3f83236542d4bf24b6644096bbafcf,https://furman.campuslabs.com/engage/legacy/organization/furman-pride-alliance/DocumentLibrary/view/1442602,2019-04-26T22:14:16,application/octet-stream; charset=utf-8,FPA_Constitution_Revised_November_2018.docx
furman-pride-alliance,1792349,Constitution/Bylaws,constitution,2020,data/orgs/furman-pride-alliance/documents/2020/constitution_constitutionbylaws_1792349.docx,69bf755db66f758eb2973657ba0caa400d3f83236542d4bf24b6644096bbafcf,https://furman.campuslabs.com/engage/legacy/organization/furman-pride-alliance/DocumentLibrary/view/1792349,2020-08-24T10:39:36,application/octet-stream; charset=utf-8,FPA_Constitution_Revised_November_2018.docx
furman-pride-alliance,1967234,Constitution/Bylaws,constitution,2021,data/orgs/furman-pride-alliance/documents/2021/constitution_constitutionbylaws_1967234.docx,4174aa47318248f61fd590dcbd9a1a77ad6b55d194c2394726403fa6348b5b13,https://furman.campuslabs.com/engage/legacy/organization/furman-pride-alliance/DocumentLibrary/view/1967234,2021-08-17T14:12:41,application/octet-stream; charset=utf-8,FPA_Constitution_Revised_November_2018_(2).docx
furman-pride-alliance,2100620,Constitution/Bylaws,constitution,2022,data/orgs/furman-pride-alliance/documents/2022/constitution_constitutionbylaws_2100620.pdf,52333c79f8f4af4f09ae71423c483ca7fe5ea5de5b0cf506fe3ca8e7cdc79903,https://furman.campuslabs.com/engage/legacy/organization/furman-pride-alliance/DocumentLibrary/view/2100620,2022-08-09T14:13:34,application/octet-stream; charset=utf-8,FPA_Constitution_2022-2023.pdf
furman-pride-alliance,2116313,Constitution/Bylaws,constitution,2022,data/orgs/furman-pride-alliance/documents/2022/constitution_constitutionbylaws_2116313.docx,c65489d880ec3b71c25422d8407a88777137a72def9f6398add9b6c4577ab13b,https://furman.campuslabs.com/engage/legacy/organization/furman-pride-alliance/DocumentLibrary/view/2116313,2022-09-18T17:36:59,application/octet-stream; charset=utf-8,FPA_Constitution_2022-2023.docx
furman-pride-alliance,2203712,Constitution/Bylaws,constitution,2023,data/orgs/furman-pride-alliance/documents/2023/constitution_constitutionbylaws_2203712.docx,67f577b672a83d213146a668eedf9b65ad40fe137ab8194d6eccd0a8e4a83d11,https://furman.campuslabs.com/engage/legacy/organization/furman-pride-alliance/DocumentLibrary/view/2203712,2023-06-06T11:55:52,application/octet-stream; charset=utf-8,FPA_Constitution_2023-2024.docx
furman-pride-alliance,2256522,Constitution/Bylaws,constitution,2023,data/orgs/furman-pride-alliance/documents/2023/constitution_constitutionbylaws_2256522.docx,67f577b672a83d213146a668eedf9b65ad40fe137ab8194d6eccd0a8e4a83d11,https://furman.campuslabs.com/engage/legacy/organization/furman-pride-alliance/DocumentLibrary/view/2256522,2023-08-09T14:22:32,application/octet-stream; charset=utf-8,FPA_Constitution_2023-2024.docx
purplediamonds,2341196,Constitution/Bylaws,constitution,2024,data/orgs/purplediamonds/documents/2024/constitution_constitutionbylaws_2341196.docx,fff058cfa218b440a0091459d421b3d54fa0c7c2ab00fc4311249ee9a4ab8856,https://furman.campuslabs.com/engage/legacy/organization/purplediamonds/DocumentLibrary/view/2341196,2024-07-16T17:17:07,application/octet-stream; charset=utf-8,Furman_Purple_Diamonds_Handbook.docx
purplediamonds,2386619,Constitution/Bylaws,constitution,2024,data/orgs/purplediamonds/documents/2024/constitution_constitutionbylaws_2386619.docx,fff058cfa218b440a0091459d421b3d54fa0c7c2ab00fc4311249ee9a4ab8856,https://furman.campuslabs.com/engage/legacy/organization/purplediamonds/DocumentLibrary/view/2386619,2024-08-12T17:18:46,application/octet-stream; charset=utf-8,Furman_Purple_Diamonds_Handbook_(1).docx
purplediamonds,2499808,Constitution/Bylaws,constitution,2025,data/orgs/purplediamonds/documents/2025/constitution_constitutionbylaws_2499808.docx,15f04296528eb6f6aedc804cb5009ca94bc588593e5ecf2d740a7a54cbab95f9,https://furman.campuslabs.com/engage/legacy/organization/purplediamonds/DocumentLibrary/view/2499808,2025-08-19T15:51:16,application/octet-stream; charset=utf-8,_The_Purple_Diamonds_Constitution_and_Bylaws_(1).docx
fuscuba,2432553,Constitution/Bylaws,constitution,2025,data/orgs/fuscuba/documents/2025/constitution_constitutionbylaws_2432553.docx,a265d3139ee51f90918d0d5f0adec5c533b5b93cf2cd70e139c2a44b529b8f7f,https://furman.campuslabs.com/engage/legacy/organization/FUSCUBA/DocumentLibrary/view/2432553,2025-03-17T20:21:38,application/octet-stream; charset=utf-8,FUSCUBA_Constitution.docx
fuscuba,2499809,Constitution/Bylaws,constitution,2025,data/orgs/fuscuba/documents/2025/constitution_constitutionbylaws_2499809.docx,a265d3139ee51f90918d0d5f0adec5c533b5b93cf2cd70e139c2a44b529b8f7f,https://furman.campuslabs.com/engage/legacy/organization/FUSCUBA/DocumentLibrary/view/2499809,2025-08-18T16:40:25,application/octet-stream; charset=utf-8,FUSCUBA_Constitution.docx
furman-spikeball-club,690152,Constitution/Bylaws,constitution,2017,data/orgs/furman-spikeball-club/documents/2017/constitution_constitutionbylaws_690152.docx,03407e63c256c57e6b6dfe2c96b04ae769e25fc75ce1a126c7d6398e9d81d3d0,https://furman.campuslabs.com/engage/legacy/organization/furman-spikeball-club/DocumentLibrary/view/690152,2017-12-27T16:38:44,application/octet-stream; charset=utf-8,Spikeball_Club_Constitution.docx
furman-spikeball-club,2101902,Constitution/Bylaws,constitution,2022,data/orgs/furman-spikeball-club/documents/2022/constitution_constitutionbylaws_2101902.docx,03407e63c256c57e6b6dfe2c96b04ae769e25fc75ce1a126c7d6398e9d81d3d0,https://furman.campuslabs.com/engage/legacy/organization/furman-spikeball-club/DocumentLibrary/view/2101902,2022-08-25T16:12:00,application/octet-stream; charset=utf-8,Spikeball_Club_Constitution_(1).docx
furman-spikeball-club,2256523,Constitution/Bylaws,constitution,2023,data/orgs/furman-spikeball-club/documents/2023/constitution_constitutionbylaws_2256523.pdf,03d7e4b168fb7dc4327c7ed769d3ecc75b3ebc60ef2951409b77a31deb5d1d68,https://furman.campuslabs.com/engage/legacy/organization/furman-spikeball-club/DocumentLibrary/view/2256523,2023-08-18T13:03:45,application/octet-stream; charset=utf-8,Spikeball_Constitution_Complete.pdf
furman-spikeball-club,2386620,Constitution/Bylaws,constitution,2024,data/orgs/furman-spikeball-club/documents/2024/constitution_constitutionbylaws_2386620.docx,03407e63c256c57e6b6dfe2c96b04ae769e25fc75ce1a126c7d6398e9d81d3d0,https://furman.campuslabs.com/engage/legacy/organization/furman-spikeball-club/DocumentLibrary/view/2386620,2024-08-21T10:21:31,application/octet-stream; charset=utf-8,Spikeball_Club_Constitution.docx
furman-spikeball-club,2499810,Constitution/Bylaws,constitution,2025,data/orgs/furman-spikeball-club/documents/2025/constitution_constitutionbylaws_2499810.docx,03407e63c256c57e6b6dfe2c96b04ae769e25fc75ce1a126c7d6398e9d81d3d0,https://furman.campuslabs.com/engage/legacy/organization/furman-spikeball-club/DocumentLibrary/view/2499810,2025-08-23T17:48:21,application/octet-stream; charset=utf-8,Spikeball_Club_Constitution.docx
furman-spikeball-club,2194262,Spikeball Constitution Complete.pdf,constitution,2023,data/orgs/furman-spikeball-club/documents/2023/constitution_spikeball_constitution_completepdf_2194262.pdf,03d7e4b168fb7dc4327c7ed769d3ecc75b3ebc60ef2951409b77a31deb5d1d68,https://furman.campuslabs.com/engage/legacy/organization/furman-spikeball-club/DocumentLibrary/view/2194262,2023-05-06T11:11:13,application/octet-stream; charset=utf-8,Spikeball_Constitution_Complete.pdf
furman-triathlon-club,2090508,2022 Triathlon Club Budget Request.pdf,other,2022,data/orgs/furman-triathlon-club/documents/2022/other_2022_triathlon_club_budget_requestpdf_2090508.pdf,67352c88cc16d4bc9ba1520a9acc78656dff5becc0c6a5b4299ea69f4b4bc4d8,https://furman.campuslabs.com/engage/legacy/organization/furman-triathlon-club/DocumentLibrary/view/2090508,2022-08-08T12:00:29,application/octet-stream; charset=utf-8,2022_Triathlon_Club_Budget_Request.pdf
furman-triathlon-club,2100621,Constitution/Bylaws,constitution,2022,data/orgs/furman-triathlon-club/documents/2022/constitution_constitutionbylaws_2100621.pdf,10c86bf2f16559eba98e535130b0afa4dcc2c5be9ee32a65dbe8870a8e7541cc,https://furman.campuslabs.com/engage/legacy/organization/furman-triathlon-club/DocumentLibrary/view/2100621,2022-08-08T11:54:00,application/octet-stream; charset=utf-8,Furman_Triathlon_Club_Constitution_2022.pdf
furman-triathlon-club,2256524,Constitution/Bylaws,constitution,2023,data/orgs/furman-triathlon-club/documents/2023/constitution_constitutionbylaws_2256524.pdf,10c86bf2f16559eba98e535130b0afa4dcc2c5be9ee32a65dbe8870a8e7541cc,https://furman.campuslabs.com/engage/legacy/organization/furman-triathlon-club/DocumentLibrary/view/2256524,2023-08-23T14:59:19,application/octet-stream; charset=utf-8,Furman_Triathlon_Club_Constitution_2022.pdf
furman-triathlon-club,2386621,Constitution/Bylaws,constitution,2024,data/orgs/furman-triathlon-club/documents/2024/constitution_constitutionbylaws_2386621.pdf,10c86bf2f16559eba98e535130b0afa4dcc2c5be9ee32a65dbe8870a8e7541cc,https://furman.campuslabs.com/engage/legacy/organization/furman-triathlon-club/DocumentLibrary/view/2386621,2024-08-12T16:06:52,application/octet-stream; charset=utf-8,Furman_Triathlon_Club_Constitution_2024.pdf
furman-triathlon-club,2499811,Constitution/Bylaws,constitution,2025,data/orgs/furman-triathlon-club/documents/2025/constitution_constitutionbylaws_2499811.pdf,10c86bf2f16559eba98e535130b0afa4dcc2c5be9ee32a65dbe8870a8e7541cc,https://furman.campuslabs.com/engage/legacy/organization/furman-triathlon-club/DocumentLibrary/view/2499811,2025-08-08T21:24:05,application/octet-stream; charset=utf-8,Furman_Triathlon_Club_Constitution_2022.pdf
furman-triathlon-club,694481,Constitution/Bylaws,constitution,2018,data/orgs/furman-triathlon-club/documents/2018/constitution_constitutionbylaws_694481.docx,52f4d792d0f01439da13b9329cbf320375f675648af27ca6d91d2f6a14650b05,https://furman.campuslabs.com/engage/legacy/organization/furman-triathlon-club/DocumentLibrary/view/694481,2018-01-10T16:29:12,application/octet-stream; charset=utf-8,Furman_Triathlon_Club_Constitution_2017.docx
furman-triathlon-club,775059,Constitution/Bylaws,constitution,2018,data/orgs/furman-triathlon-club/documents/2018/constitution_constitutionbylaws_775059.pdf,cfdbaaeec2f1ee734d356edc314679afbe9fe59660728068cecc99623a9094f8,https://furman.campuslabs.com/engage/legacy/organization/furman-triathlon-club/DocumentLibrary/view/775059,2018-05-10T10:41:47,application/octet-stream; charset=utf-8,Furman_Triathlon_Club_Constitution_2016.pdf
furman-triathlon-club,1107677,Constitution/Bylaws,constitution,2019,data/orgs/furman-triathlon-club/documents/2019/constitution_constitutionbylaws_1107677.pdf,cfdbaaeec2f1ee734d356edc314679afbe9fe59660728068cecc99623a9094f8,https://furman.campuslabs.com/engage/legacy/organization/furman-triathlon-club/DocumentLibrary/view/1107677,2019-04-16T12:09:17,application/octet-stream; charset=utf-8,Furman_Triathlon_Club_Constitution_2019.pdf
furman-triathlon-club,1792350,Constitution/Bylaws,constitution,2020,data/orgs/furman-triathlon-club/documents/2020/constitution_constitutionbylaws_1792350.pdf,0de980f7d0e6c145c2cd55af28a061b57c98e990d7524abf63671532d997a75b,https://furman.campuslabs.com/engage/legacy/organization/furman-triathlon-club/DocumentLibrary/view/1792350,2020-08-19T15:30:46,application/octet-stream; charset=utf-8,Furman_Triathlon_Club_Constitution_2020.pdf
furman-triathlon-club,1967237,Constitution/Bylaws,constitution,2021,data/orgs/furman-triathlon-club/documents/2021/constitution_constitutionbylaws_1967237.pdf,922233ca986e0a8843cef8d13f2d6b718506fa17a9962abab7e43f189566615c,https://furman.campuslabs.com/engage/legacy/organization/furman-triathlon-club/DocumentLibrary/view/1967237,2021-08-10T15:18:10,application/octet-stream; charset=utf-8,Furman_Triathlon_Club_Constitution_2021.pdf
furman-triathlon-club,1949830,Furman Triathlon Club Constitution 2021.pdf,constitution,2021,data/orgs/furman-triathlon-club/documents/2021/constitution_furman_triathlon_club_constitution_2021pdf_1949830.pdf,922233ca986e0a8843cef8d13f2d6b718506fa17a9962abab7e43f189566615c,https://furman.campuslabs.com/engage/legacy/organization/furman-triathlon-club/DocumentLibrary/view/1949830,2021-08-10T15:25:50,application/octet-stream; charset=utf-8,Furman_Triathlon_Club_Constitution_2021.pdf
furman-triathlon-club,2090505,Furman Triathlon Club Constitution 2022.pdf,constitution,2022,data/orgs/furman-triathlon-club/documents/2022/constitution_furman_triathlon_club_constitution_2022pdf_2090505.pdf,10c86bf2f16559eba98e535130b0afa4dcc2c5be9ee32a65dbe8870a8e7541cc,https://furman.campuslabs.com/engage/legacy/organization/furman-triathlon-club/DocumentLibrary/view/2090505,2022-08-08T11:56:59,application/octet-stream; charset=utf-8,Furman_Triathlon_Club_Constitution_2022.pdf
furman_trumpet_society,2176361,Constitution/Bylaws,constitution,2023,data/orgs/furman_trumpet_society/documents/2023/constitution_constitutionbylaws_2176361.pdf,25b4bca425c01f339487f3a31ac4ed5b6049c2519b8f69c2e21b43894b675243,https://furman.campuslabs.com/engage/legacy/organization/furman_trumpet_society/DocumentLibrary/view/2176361,2023-03-19T17:45:20,application/octet-stream; charset=utf-8,Furman_Trumpet_Society_Constitution.pdf
furman_trumpet_society,2256525,Constitution/Bylaws,constitution,2023,data/orgs/furman_trumpet_society/documents/2023/constitution_constitutionbylaws_2256525.pdf,25b4bca425c01f339487f3a31ac4ed5b6049c2519b8f69c2e21b43894b675243,https://furman.campuslabs.com/engage/legacy/organization/furman_trumpet_society/DocumentLibrary/view/2256525,2023-08-25T13:15:08,application/octet-stream; charset=utf-8,Furman_Trumpet_Society_Constitution_(1).pdf
furman_trumpet_society,2386622,Constitution/Bylaws,constitution,2024,data/orgs/furman_trumpet_society/documents/2024/constitution_constitutionbylaws_2386622.pdf,2d58456d01d69ffac61ccba646b532be02d431f46460d251b9bbdbcbfb3f6a9c,https://furman.campuslabs.com/engage/legacy/organization/furman_trumpet_society/DocumentLibrary/view/2386622,2024-08-29T13:38:39,application/octet-stream; charset=utf-8,Furman_Trumpet_Society_Constitution_2024-2025.pdf
furman_trumpet_society,2499812,Constitution/Bylaws,constitution,2025,data/orgs/furman_trumpet_society/documents/2025/constitution_constitutionbylaws_2499812.pdf,25b4bca425c01f339487f3a31ac4ed5b6049c2519b8f69c2e21b43894b675243,https://furman.campuslabs.com/engage/legacy/organization/furman_trumpet_society/DocumentLibrary/view/2499812,2025-08-22T13:16:21,application/octet-stream; charset=utf-8,Furman_Trumpet_Society_Constitution_(1).pdf
furman-university-aikido-club,694482,Constitution/Bylaws,constitution,2018,data/orgs/furman-university-aikido-club/documents/2018/constitution_constitutionbylaws_694482.docx,c8d4a9dcbaad32ea000d721db2dd58bf9edf0da9fec675966fc1f58fc15aeab7,https://furman.campuslabs.com/engage/legacy/organization/furman-university-aikido-club/DocumentLibrary/view/694482,2018-01-17T09:26:50,application/octet-stream; charset=utf-8,Furman_University_Aikido_Club_Constitution.docx
furman-university-aikido-club,837588,Constitution/Bylaws,constitution,2018,data/orgs/furman-university-aikido-club/documents/2018/constitution_constitutionbylaws_837588.docx,c8d4a9dcbaad32ea000d721db2dd58bf9edf0da9fec675966fc1f58fc15aeab7,https://furman.campuslabs.com/engage/legacy/organization/furman-university-aikido-club/DocumentLibrary/view/837588,2018-05-21T20:47:39,application/octet-stream; charset=utf-8,Furman_University_Aikido_Club_Constitution.docx
furman-university-aikido-club,1107706,Constitution/Bylaws,constitution,2019,data/orgs/furman-university-aikido-club/documents/2019/constitution_constitutionbylaws_1107706.docx,c0735ca7908dad15270df015ab70af59ebf20af08a483f9e38143f77e0afac50,https://furman.campuslabs.com/engage/legacy/organization/furman-university-aikido-club/DocumentLibrary/view/1107706,2019-04-01T20:30:22,application/octet-stream; charset=utf-8,Furman_University_Aikido_Club_Constitution_2019.docx
furman-university-aikido-club,1803920,Constitution/Bylaws,constitution,2020,data/orgs/furman-university-aikido-club/documents/2020/constitution_constitutionbylaws_1803920.docx,3b614476ad6730a7226965ba215160257da62380fe066791486328f51c6f852d,https://furman.campuslabs.com/engage/legacy/organization/furman-university-aikido-club/DocumentLibrary/view/1803920,2020-08-31T21:17:26,application/octet-stream; charset=utf-8,Furman_University_Aikido_Club_Constitution.docx
furman-university-aikido-club,1967194,Constitution/Bylaws,constitution,2021,data/orgs/furman-university-aikido-club/documents/2021/constitution_constitutionbylaws_1967194.docx,89346610d3ba98256eb680ede8a02d63ccdbfd10ecce80736d9d31e95b461fac,https://furman.campuslabs.com/engage/legacy/organization/furman-university-aikido-club/DocumentLibrary/view/1967194,2021-08-22T12:39:33,application/octet-stream; charset=utf-8,Furman_University_Aikido_Club_Constitution.docx
furman-university-aikido-club,2101465,Constitution/Bylaws,constitution,2022,data/orgs/furman-university-aikido-club/documents/2022/constitution_constitutionbylaws_2101465.docx,89346610d3ba98256eb680ede8a02d63ccdbfd10ecce80736d9d31e95b461fac,https://furman.campuslabs.com/engage/legacy/organization/furman-university-aikido-club/DocumentLibrary/view/2101465,2022-08-25T17:09:21,application/octet-stream; charset=utf-8,Furman_University_Aikido_Club_Constitution.docx
furman-university-aikido-club,2256526,Constitution/Bylaws,constitution,2023,data/orgs/furman-university-aikido-club/documents/2023/constitution_constitutionbylaws_2256526.docx,89346610d3ba98256eb680ede8a02d63ccdbfd10ecce80736d9d31e95b461fac,https://furman.campuslabs.com/engage/legacy/organization/furman-university-aikido-club/DocumentLibrary/view/2256526,2023-08-24T01:01:04,application/octet-stream; charset=utf-8,Furman_University_Aikido_Club_Constitution.docx
furman-university-aikido-club,2386623,Constitution/Bylaws,constitution,2024,data/orgs/furman-university-aikido-club/documents/2024/constitution_constitutionbylaws_2386623.docx,2b07d38adb6e4d9306ab66e0e7d59f5ff36387075dd78d1430243b9b60030d02,https://furman.campuslabs.com/engage/legacy/organization/furman-university-aikido-club/DocumentLibrary/view/2386623,2024-08-24T12:32:39,application/octet-stream; charset=utf-8,Furman_University_Aikido_Club_Constitution_2024.docx
furman-university-aikido-club,2499813,Constitution/Bylaws,constitution,2025,data/orgs/furman-university-aikido-club/documents/2025/constitution_constitutionbylaws_2499813.docx,43811ad045b5371e1d37f6fe64c1d87e295a3016bd812c7ad9e68f4ca73d87a7,https://furman.campuslabs.com/engage/legacy/organization/furman-university-aikido-club/DocumentLibrary/view/2499813,2025-08-28T01:13:58,application/octet-stream; charset=utf-8,Furman_University_Aikido_Club_Constitution_2025-26.docx
furman-university-aikido-club,2312101,Furman_University_Aikido_Club_Constitution_2024.docx,constitution,2024,data/orgs/furman-university-aikido-club/documents/2024/constitution_furman_university_aikido_club_constitution_2024docx_2312101.docx,2b07d38adb6e4d9306ab66e0e7d59f5ff36387075dd78d1430243b9b60030d02,https://furman.campuslabs.com/engage/legacy/organization/furman-university-aikido-club/DocumentLibrary/view/2312101,2024-04-08T13:31:55,application/octet-stream; charset=utf-8,Furman_University_Aikido_Club_Constitution_2024.docx
fuacda,2437345,Constitution/Bylaws,constitution,2025,data/orgs/fuacda/documents/2025/constitution_constitutionbylaws_2437345.pdf,48119b14f94be61b2ac1bf3e2ca744230e9c237c8ede8004e9779b656c00601d,https://furman.campuslabs.com/engage/legacy/organization/Fuacda/DocumentLibrary/view/2437345,2025-03-25T12:31:41,application/octet-stream; charset=utf-8,FUACDA_Constitution__Bylaws.pdf
fuacda,2499814,Constitution/Bylaws,constitution,2025,data/orgs/fuacda/documents/2025/constitution_constitutionbylaws_2499814.pdf,48119b14f94be61b2ac1bf3e2ca744230e9c237c8ede8004e9779b656c00601d,https://furman.campuslabs.com/engage/legacy/organization/Fuacda/DocumentLibrary/view/2499814,2025-08-25T14:44:48,application/octet-stream; charset=utf-8,FUACDA_Constitution__Bylaws.pdf
furman-university-asl-association,714167,Constitution/Bylaws,constitution,2018,data/orgs/furman-university-asl-association/documents/2018/constitution_constitutionbylaws_714167.docx,11abc51fa13b79b06e6b5b4c744a08b9083eb68893431b1c2cc72a896c6bc7d5,https://furman.campuslabs.com/engage/legacy/organization/furman-university-ASL-association/DocumentLibrary/view/714167,2018-02-06T18:08:20,application/octet-stream; charset=utf-8,Final_Constitution_of_the_Furman_Univeristy_American_Sign_Language_Association.docx
furman-university-asl-association,752935,Constitution/Bylaws,constitution,2018,data/orgs/furman-university-asl-association/documents/2018/constitution_constitutionbylaws_752935.docx,e910af1ce38a075982a7dedadd86abfda2ebbc5b0c7dbec95ea64ec1e5cc6037,https://furman.campuslabs.com/engage/legacy/organization/furman-university-ASL-association/DocumentLibrary/view/752935,2018-04-13T11:28:49,application/octet-stream; charset=utf-8,Final_Constitution_of_the_Furman_Univeristy_American_Sign_Language_Association.docx
furman-university-asl-association,1082949,Constitution/Bylaws,constitution,2019,data/orgs/furman-university-asl-association/documents/2019/constitution_constitutionbylaws_1082949.docx,e910af1ce38a075982a7dedadd86abfda2ebbc5b0c7dbec95ea64ec1e5cc6037,https://furman.campuslabs.com/engage/legacy/organization/furman-university-ASL-association/DocumentLibrary/view/1082949,2019-03-28T17:12:46,application/octet-stream; charset=utf-8,Final_Constitution_of_the_Furman_Univeristy_American_Sign_Language_Association.docx
furman-university-asl-association,1084115,Constitution/Bylaws,constitution,2019,data/orgs/furman-university-asl-association/documents/2019/constitution_constitutionbylaws_1084115.docx,45a9e9f9ce0a4110a531f5143de93103eae845b10571030e52493a68df465865,https://furman.campuslabs.com/engage/legacy/organization/furman-university-ASL-association/DocumentLibrary/view/1084115,2019-04-02T11:01:16,application/octet-stream; charset=utf-8,Final_Constitution_of_the_Furman_Univeristy_American_Sign_Language_Association.docx
furman-university-asl-association,1792351,Constitution/Bylaws,constitution,2020,data/orgs/furman-university-asl-association/documents/2020/constitution_constitutionbylaws_1792351.docx,c65a86f73165538a757b07a2b9a508198edebdb48b982871a067b9956a92e493,https://furman.campuslabs.com/engage/legacy/organization/furman-university-ASL-association/DocumentLibrary/view/1792351,2020-08-23T23:06:53,application/octet-stream; charset=utf-8,Final_Constitution_of_the_Furman_Univeristy_American_Sign_Language_Association.docx
furman-university-asl-association,1971660,Constitution/Bylaws,constitution,2021,data/orgs/furman-university-asl-association/documents/2021/constitution_constitutionbylaws_1971660.docx,c65a86f73165538a757b07a2b9a508198edebdb48b982871a067b9956a92e493,https://furman.campuslabs.com/engage/legacy/organization/furman-university-ASL-association/DocumentLibrary/view/1971660,2021-09-07T14:28:22,application/octet-stream; charset=utf-8,Final_Constitution_of_the_Furman_Univeristy_American_Sign_Language_Association.docx
furman-university-asl-association,2101375,Constitution/Bylaws,constitution,2022,data/orgs/furman-university-asl-association/documents/2022/constitution_constitutionbylaws_2101375.docx,3c21a5bad17000fb93a1efd3bfb83749080a86683d0964e0e0e17db8048fad95,https://furman.campuslabs.com/engage/legacy/organization/furman-university-ASL-association/DocumentLibrary/view/2101375,2022-08-15T16:17:04,application/octet-stream; charset=utf-8,FUASLA_Constitution_and_Bylaws.docx
furman-university-asl-association,2256527,Constitution/Bylaws,constitution,2023,data/orgs/furman-university-asl-association/documents/2023/constitution_constitutionbylaws_2256527.docx,3c21a5bad17000fb93a1efd3bfb83749080a86683d0964e0e0e17db8048fad95,https://furman.campuslabs.com/engage/legacy/organization/furman-university-ASL-association/DocumentLibrary/view/2256527,2023-08-16T11:55:40,application/octet-stream; charset=utf-8,FUASLA_Constitution_and_Bylaws.docx
furman-university-asl-association,2386624,Constitution/Bylaws,constitution,2024,data/orgs/furman-university-asl-association/documents/2024/constitution_constitutionbylaws_2386624.docx,fd44337aa37a2567a81c83d232072470f96c2ed2552027de72ea172051ee8db6,https://furman.campuslabs.com/engage/legacy/organization/furman-university-ASL-association/DocumentLibrary/view/2386624,2024-08-23T17:38:30,application/octet-stream; charset=utf-8,FUASLA_Constitution_and_Bylaws_reviewed_2024.docx
furman-university-asl-association,2499815,Constitution/Bylaws,constitution,2025,data/orgs/furman-university-asl-association/documents/2025/constitution_constitutionbylaws_2499815.docx,6bc2b40934626ba1e768f15c50796b0ed204197b5fefc36bc14dee68a99fc89f,https://furman.campuslabs.com/engage/legacy/organization/furman-university-ASL-association/DocumentLibrary/view/2499815,2025-08-26T13:09:36,application/octet-stream; charset=utf-8,FUASLA_Constitution_and_Bylaws_Revised2025.docx
furman-university-asl-association,2313426,FUASLA_Constitution_and_Bylaws reviewed 2024.docx,constitution,2024,data/orgs/furman-university-asl-association/documents/2024/constitution_fuasla_constitution_and_bylaws_reviewed_2024docx_2313426.docx,fd44337aa37a2567a81c83d232072470f96c2ed2552027de72ea172051ee8db6,https://furman.campuslabs.com/engage/legacy/organization/furman-university-ASL-association/DocumentLibrary/view/2313426,2024-04-11T14:05:41,application/octet-stream; charset=utf-8,FUASLA_Constitution_and_Bylaws_reviewed_2024.docx
anime-club,690151,Constitution/Bylaws,constitution,2018,data/orgs/anime-club/documents/2018/constitution_constitutionbylaws_690151.docx,1effb2f17c6f37af453b1154a7a0e66e23c1b33ccc992b5cf7f1b67558842285,https://furman.campuslabs.com/engage/legacy/organization/anime-club/DocumentLibrary/view/690151,2018-01-08T18:45:28,application/octet-stream; charset=utf-8,Constitution.docx
anime-club,752911,Constitution/Bylaws,constitution,2018,data/orgs/anime-club/documents/2018/constitution_constitutionbylaws_752911.docx,1effb2f17c6f37af453b1154a7a0e66e23c1b33ccc992b5cf7f1b67558842285,https://furman.campuslabs.com/engage/legacy/organization/anime-club/DocumentLibrary/view/752911,2018-04-03T20:27:53,application/octet-stream; charset=utf-8,Constitution.docx
anime-club,1084034,Constitution/Bylaws,constitution,2019,data/orgs/anime-club/documents/2019/constitution_constitutionbylaws_1084034.docx,8316df910cbbb663044674a2ded472a3cef66b18f957cb13a75731caa64f241c,https://furman.campuslabs.com/engage/legacy/organization/anime-club/DocumentLibrary/view/1084034,2019-03-29T02:05:43,application/octet-stream; charset=utf-8,Constitution.docx
anime-club,1792323,Constitution/Bylaws,constitution,2020,data/orgs/anime-club/documents/2020/constitution_constitutionbylaws_1792323.docx,8316df910cbbb663044674a2ded472a3cef66b18f957cb13a75731caa64f241c,https://furman.campuslabs.com/engage/legacy/organization/anime-club/DocumentLibrary/view/1792323,2020-08-21T22:18:20,application/octet-stream; charset=utf-8,Constitution.docx
anime-club,1969976,Constitution/Bylaws,constitution,2021,data/orgs/anime-club/documents/2021/constitution_constitutionbylaws_1969976.docx,600af6eed72506a7add1e0db2a61c25009d9f9905af3c12c7128f9ada930c165,https://furman.campuslabs.com/engage/legacy/organization/anime-club/DocumentLibrary/view/1969976,2021-08-09T18:33:01,application/octet-stream; charset=utf-8,Constitution_(2).docx
anime-club,2100622,Constitution/Bylaws,constitution,2022,data/orgs/anime-club/documents/2022/constitution_constitutionbylaws_2100622.docx,3cc8ec8b98ae0194e641c9f4b50d32eb64b666f6c34f47ade36e1def6ed4059e,https://furman.campuslabs.com/engage/legacy/organization/anime-club/DocumentLibrary/view/2100622,2022-08-21T18:33:08,application/octet-stream; charset=utf-8,Constitution_(2)_(1).docx
anime-club,2256528,Constitution/Bylaws,constitution,2023,data/orgs/anime-club/documents/2023/constitution_constitutionbylaws_2256528.docx,3cc8ec8b98ae0194e641c9f4b50d32eb64b666f6c34f47ade36e1def6ed4059e,https://furman.campuslabs.com/engage/legacy/organization/anime-club/DocumentLibrary/view/2256528,2023-08-18T12:15:54,application/octet-stream; charset=utf-8,Constitution_(2)_(1)_(1).docx
anime-club,2386625,Constitution/Bylaws,constitution,2024,data/orgs/anime-club/documents/2024/constitution_constitutionbylaws_2386625.docx,3cc8ec8b98ae0194e641c9f4b50d32eb64b666f6c34f47ade36e1def6ed4059e,https://furman.campuslabs.com/engage/legacy/organization/anime-club/DocumentLibrary/view/2386625,2024-08-19T16:55:10,application/octet-stream; charset=utf-8,Constitution_(2)_(1)_(1).docx
anime-club,2499816,Constitution/Bylaws,constitution,2025,data/orgs/anime-club/documents/2025/constitution_constitutionbylaws_2499816.docx,3cc8ec8b98ae0194e641c9f4b50d32eb64b666f6c34f47ade36e1def6ed4059e,https://furman.campuslabs.com/engage/legacy/organization/anime-club/DocumentLibrary/view/2499816,2025-08-19T08:06:33,application/octet-stream; charset=utf-8,Constitution_(2)_(1)_(1).docx
anthropologyclub,2176362,Constitution/Bylaws,constitution,2023,data/orgs/anthropologyclub/documents/2023/constitution_constitutionbylaws_2176362.docx,13a0227e095c6c591903841b3348cc05bd91a252971642e8d94e32e9532b51df,https://furman.campuslabs.com/engage/legacy/organization/anthropologyclub/DocumentLibrary/view/2176362,2023-03-16T15:43:41,application/octet-stream; charset=utf-8,Furman_University_Anthropology_Club_Constitution.docx
anthropologyclub,2256529,Constitution/Bylaws,constitution,2023,data/orgs/anthropologyclub/documents/2023/constitution_constitutionbylaws_2256529.docx,4a6d3f99c7a06f1a7a0cb251f162ba7f250ecaca1f3ffdae863605c73ee44d60,https://furman.campuslabs.com/engage/legacy/organization/anthropologyclub/DocumentLibrary/view/2256529,2023-08-17T11:24:31,application/octet-stream; charset=utf-8,Furman_University_Anthropology_Club_Constitution.docx
anthropologyclub,2386626,Constitution/Bylaws,constitution,2024,data/orgs/anthropologyclub/documents/2024/constitution_constitutionbylaws_2386626.docx,4e2fbda61c1513a4a42cbfa51e225f7d4d934a6c51c922d2606fdddf192c34ef,https://furman.campuslabs.com/engage/legacy/organization/anthropologyclub/DocumentLibrary/view/2386626,2024-08-14T17:30:45,application/octet-stream; charset=utf-8,Furman_University_Anthropology_Club_Constitution.docx
anthropologyclub,2499817,Constitution/Bylaws,constitution,2025,data/orgs/anthropologyclub/documents/2025/constitution_constitutionbylaws_2499817.pdf,bc4ba881e1bd0e56598140f178566c4efbe479f1959a2ca81f427e7ddde33456,https://furman.campuslabs.com/engage/legacy/organization/anthropologyclub/DocumentLibrary/view/2499817,2025-08-18T16:03:08,application/octet-stream; charset=utf-8,Furman_University_Anthropology_Club_Constitution2025.pdf
www-furman-edu-academics-militaryscience-pages-def,713140,Constitution/Bylaws,constitution,2018,data/orgs/www-furman-edu-academics-militaryscience-pages-def/documents/2018/constitution_constitutionbylaws_713140.jpg,3434d1bfebe32ab79571c2bf05181f805164b032507d3c63e504a9cf40303160,https://furman.campuslabs.com/engage/legacy/organization/www-furman-edu-academics-militaryscience-Pages-def/DocumentLibrary/view/713140,2018-02-15T15:59:48,application/octet-stream; charset=utf-8,Our_Mission.jpg
www-furman-edu-academics-militaryscience-pages-def,752936,Constitution/Bylaws,constitution,2018,data/orgs/www-furman-edu-academics-militaryscience-pages-def/documents/2018/constitution_constitutionbylaws_752936.jpg,fa075b40005b6d2ebc398aa10ab07c36c73df92f55bd9af8c96783cf6908210d,https://furman.campuslabs.com/engage/legacy/organization/www-furman-edu-academics-militaryscience-Pages-def/DocumentLibrary/view/752936,2018-04-03T18:31:46,application/octet-stream; charset=utf-8,SGA2.jpg
www-furman-edu-academics-militaryscience-pages-def,1084138,Constitution/Bylaws,constitution,2019,data/orgs/www-furman-edu-academics-militaryscience-pages-def/documents/2019/constitution_constitutionbylaws_1084138.pdf,35fbcdcfaa1617f5aaf7387d3cc426bfb19bd2244aef6416168c8f208e831f0b,https://furman.campuslabs.com/engage/legacy/organization/www-furman-edu-academics-militaryscience-Pages-def/DocumentLibrary/view/1084138,2019-04-01T13:11:30,application/octet-stream; charset=utf-8,SGA.pdf
www-furman-edu-academics-militaryscience-pages-def,1793933,Constitution/Bylaws,constitution,2020,data/orgs/www-furman-edu-academics-militaryscience-pages-def/documents/2020/constitution_constitutionbylaws_1793933.jpg,5389d06824a6ec6ae85ed8525edcde10e1b1c820b05051b5822b202fd97ae551,https://furman.campuslabs.com/engage/legacy/organization/www-furman-edu-academics-militaryscience-Pages-def/DocumentLibrary/view/1793933,2020-08-25T13:44:32,application/octet-stream; charset=utf-8,Cadet_Mission.jpg
www-furman-edu-academics-militaryscience-pages-def,1967239,Constitution/Bylaws,constitution,2021,data/orgs/www-furman-edu-academics-militaryscience-pages-def/documents/2021/constitution_constitutionbylaws_1967239.jpg,91fa9a3820cf2b3842484b9e3eb84b52df0a0999cbe726c47a5a0859b940a937,https://furman.campuslabs.com/engage/legacy/organization/www-furman-edu-academics-militaryscience-Pages-def/DocumentLibrary/view/1967239,2021-08-31T11:47:36,application/octet-stream; charset=utf-8,SGA1.jpg
www-furman-edu-academics-militaryscience-pages-def,2102852,Constitution/Bylaws,constitution,2022,data/orgs/www-furman-edu-academics-militaryscience-pages-def/documents/2022/constitution_constitutionbylaws_2102852.jpg,91fa9a3820cf2b3842484b9e3eb84b52df0a0999cbe726c47a5a0859b940a937,https://furman.campuslabs.com/engage/legacy/organization/www-furman-edu-academics-militaryscience-Pages-def/DocumentLibrary/view/2102852,2022-08-24T13:45:25,application/octet-stream; charset=utf-8,SGA1.jpg
www-furman-edu-academics-militaryscience-pages-def,2256530,Constitution/Bylaws,constitution,2023,data/orgs/www-furman-edu-academics-militaryscience-pages-def/documents/2023/constitution_constitutionbylaws_2256530.docx,d9ff0076c8146375b416b773f5f68d9a7fb0031fe748fb2c547674ee89a735ea,https://furman.campuslabs.com/engage/legacy/organization/www-furman-edu-academics-militaryscience-Pages-def/DocumentLibrary/view/2256530,2023-08-10T12:16:09,application/octet-stream; charset=utf-8,Mission_Statement.docx
www-furman-edu-academics-militaryscience-pages-def,2386627,Constitution/Bylaws,constitution,2024,data/orgs/www-furman-edu-academics-militaryscience-pages-def/documents/2024/constitution_constitutionbylaws_2386627.pdf,771f7ed93af0176dfa13df5c4ee3af3761b52067d6294327ed9ffa58b9314ed7,https://furman.campuslabs.com/engage/legacy/organization/www-furman-edu-academics-militaryscience-Pages-def/DocumentLibrary/view/2386627,2024-09-03T08:24:41,application/octet-stream; charset=utf-8,Vision.pdf
www-furman-edu-academics-militaryscience-pages-def,2547829,Constitution/Bylaws,constitution,2025,data/orgs/www-furman-edu-academics-militaryscience-pages-def/documents/2025/constitution_constitutionbylaws_2547829.docx,d9ff0076c8146375b416b773f5f68d9a7fb0031fe748fb2c547674ee89a735ea,https://furman.campuslabs.com/engage/legacy/organization/www-furman-edu-academics-militaryscience-Pages-def/DocumentLibrary/view/2547829,2025-09-17T12:03:22,application/octet-stream; charset=utf-8,Mission_Statement.docx
furman-university-arts-and-crafts,2437347,Constitution/Bylaws,constitution,2025,data/orgs/furman-university-arts-and-crafts/documents/2025/constitution_constitutionbylaws_2437347.pdf,1fc2c127a255594f7706ac7af7e006db389b1929c3b7688c9d10c9c241bf4069,https://furman.campuslabs.com/engage/legacy/organization/Furman-University-Arts-and-Crafts/DocumentLibrary/view/2437347,2025-03-29T16:43:46,application/octet-stream; charset=utf-8,Furman_University_Art__Craft_Constitution_and_Bylaws.pdf
furman-university-arts-and-crafts,2499818,Constitution/Bylaws,constitution,2025,data/orgs/furman-university-arts-and-crafts/documents/2025/constitution_constitutionbylaws_2499818.pdf,88c95ab8bd6f0738d5bd5a9d0fa6f2a773924d23812daf219f72973bc53d97b9,https://furman.campuslabs.com/engage/legacy/organization/Furman-University-Arts-and-Crafts/DocumentLibrary/view/2499818,2025-08-14T23:08:51,application/octet-stream; charset=utf-8,Furman_University_Art__Craft_Constitution_and_Bylaws_2526.pdf
asia,2499245,ASIA_Club_Constitution-25-26.docx,constitution,2025,data/orgs/asia/documents/2025/constitution_asia_club_constitution-25-26docx_2499245.docx,e1bd5c6ff16c6da342d162281776f244a1d3767d856b8e8bd56c96e6f795e11a,https://furman.campuslabs.com/engage/legacy/organization/asia/DocumentLibrary/view/2499245,2025-09-15T22:13:46,application/octet-stream; charset=utf-8,ASIA_Club_Constitution-25-26.docx
asia,2499819,Constitution/Bylaws,constitution,2025,data/orgs/asia/documents/2025/constitution_constitutionbylaws_2499819.docx,79569869483b1f191dcd72ff2a22a1bf89c0cfac2e4be340aad2fa5e16231504,https://furman.campuslabs.com/engage/legacy/organization/asia/DocumentLibrary/view/2499819,2025-08-28T10:56:26,application/octet-stream; charset=utf-8,ASIA_Club_Constitution-24-25.docx
asia,689995,Constitution/Bylaws,constitution,2018,data/orgs/asia/documents/2018/constitution_constitutionbylaws_689995.doc,0aa52cf3548e947c0445fef6be052397012d6bdc33828cdf799d94f0cb61422e,https://furman.campuslabs.com/engage/legacy/organization/asia/DocumentLibrary/view/689995,2018-01-08T18:27:14,application/octet-stream; charset=utf-8,ASIA_Club_Constitution-2-2.doc
asia,761203,Constitution/Bylaws,constitution,2018,data/orgs/asia/documents/2018/constitution_constitutionbylaws_761203.doc,91c541f2ca582edac9fe1d1291912dc29ec50746281a6ece78c7f3bb71f2ee76,https://furman.campuslabs.com/engage/legacy/organization/asia/DocumentLibrary/view/761203,2018-04-27T11:35:31,application/octet-stream; charset=utf-8,ASIA_Club_Constitution-2.doc
asia,1442607,Constitution/Bylaws,constitution,2019,data/orgs/asia/documents/2019/constitution_constitutionbylaws_1442607.doc,0aa52cf3548e947c0445fef6be052397012d6bdc33828cdf799d94f0cb61422e,https://furman.campuslabs.com/engage/legacy/organization/asia/DocumentLibrary/view/1442607,2019-04-30T20:15:07,application/octet-stream; charset=utf-8,ASIA_Club_Constitution-2-2.doc
asia,1792380,Constitution/Bylaws,constitution,2020,data/orgs/asia/documents/2020/constitution_constitutionbylaws_1792380.doc,223e2a7ceb501b899943fd087d8e0ba86a2c0ea50e7bf99d6bd18f40db941eab,https://furman.campuslabs.com/engage/legacy/organization/asia/DocumentLibrary/view/1792380,2020-08-19T17:07:47,application/octet-stream; charset=utf-8,ASIA_Club_Constitution-2-2.doc
asia,1974876,Constitution/Bylaws,constitution,2021,data/orgs/asia/documents/2021/constitution_constitutionbylaws_1974876.doc,9d3a045cf5d1b7a8dc337ad2c78d2f87e2db376c08fcbf2cdc079cd958aceb74,https://furman.campuslabs.com/engage/legacy/organization/asia/DocumentLibrary/view/1974876,2021-08-30T13:56:14,application/octet-stream; charset=utf-8,ASIA_Club_Constitution-2-2.doc
asia,2101263,Constitution/Bylaws,constitution,2022,data/orgs/asia/documents/2022/constitution_constitutionbylaws_2101263.doc,750e918ab98569ebcc5e184c09f259b379e413f57f2d9c2f61577fe44c337cc6,https://furman.campuslabs.com/engage/legacy/organization/asia/DocumentLibrary/view/2101263,2022-08-16T15:36:02,application/octet-stream; charset=utf-8,ASIA_Club_Constitution-22-23.doc
asia,2256627,Constitution/Bylaws,constitution,2023,data/orgs/asia/documents/2023/constitution_constitutionbylaws_2256627.docx,f7078f358ed28381cc3219dda491979621896bf73e8ecbc41b943197010d226d,https://furman.campuslabs.com/engage/legacy/organization/asia/DocumentLibrary/view/2256627,2023-08-21T23:32:53,application/octet-stream; charset=utf-8,ASIA_Club_Constitution-23-24.docx
asia,2386628,Constitution/Bylaws,constitution,2024,data/orgs/asia/documents/2024/constitution_constitutionbylaws_2386628.docx,79569869483b1f191dcd72ff2a22a1bf89c0cfac2e4be340aad2fa5e16231504,https://furman.campuslabs.com/engage/legacy/organization/asia/DocumentLibrary/view/2386628,2024-08-27T12:19:23,application/octet-stream; charset=utf-8,ASIA_Club_Constitution-24-25.docx
furmanuniversitybeeclub,2487459,Constitution 25-26.docx.pdf,constitution,2025,data/orgs/furmanuniversitybeeclub/documents/2025/constitution_constitution_25-26docxpdf_2487459.pdf,9250673b9d4386f7646a2c9b331112a25f8e4cef016f48e570d4d3684df00d94,https://furman.campuslabs.com/engage/legacy/organization/FurmanUniversityBeeClub/DocumentLibrary/view/2487459,2025-08-28T16:12:32,application/octet-stream; charset=utf-8,Constitution_25-26.docx.pdf
furmanuniversitybeeclub,2499820,Constitution/Bylaws,constitution,2025,data/orgs/furmanuniversitybeeclub/documents/2025/constitution_constitutionbylaws_2499820.pdf,2c7ca7da6f16f681023957e49a381855f708b875c582ee5e15192a0f2f7987a7,https://furman.campuslabs.com/engage/legacy/organization/FurmanUniversityBeeClub/DocumentLibrary/view/2499820,2025-08-26T15:52:40,application/octet-stream; charset=utf-8,FURMAN_UNIVERSITY_BEE_AND_POLLINATOR_CLUB_CONSTITUTION.docx.pdf
furmanuniversitybeeclub,1536747,Constitution/Bylaws,constitution,2019,data/orgs/furmanuniversitybeeclub/documents/2019/constitution_constitutionbylaws_1536747.docx,b5f3187f38110154f9a747168dcd4b5f8c2a85397e3139a03dbc3e6d74cd3bae,https://furman.campuslabs.com/engage/legacy/organization/FurmanUniversityBeeClub/DocumentLibrary/view/1536747,2019-09-20T17:12:41,application/octet-stream; charset=utf-8,FURMAN_UNIVERSITY_BEE_AND_POLLINATOR_CLUB_CONSTITUTION.docx
furmanuniversitybeeclub,2108286,Constitution/Bylaws,constitution,2022,data/orgs/furmanuniversitybeeclub/documents/2022/constitution_constitutionbylaws_2108286.docx,b5f3187f38110154f9a747168dcd4b5f8c2a85397e3139a03dbc3e6d74cd3bae,https://furman.campuslabs.com/engage/legacy/organization/FurmanUniversityBeeClub/DocumentLibrary/view/2108286,2022-09-06T16:54:07,application/octet-stream; charset=utf-8,FURMAN_UNIVERSITY_BEE_AND_POLLINATOR_CLUB_CONSTITUTION_(1).docx
furmanuniversitybeeclub,2256531,Constitution/Bylaws,constitution,2023,data/orgs/furmanuniversitybeeclub/documents/2023/constitution_constitutionbylaws_2256531.docx,20295fc4592e0a0c05a26bc9cef4f2080187f62cbe6253e27eb516a3346b316d,https://furman.campuslabs.com/engage/legacy/organization/FurmanUniversityBeeClub/DocumentLibrary/view/2256531,2023-08-10T18:00:07,application/octet-stream; charset=utf-8,FURMAN_UNIVERSITY_BEE_AND_POLLINATOR_CLUB_CONSTITUTION_2023-2024.docx
furmanuniversitybeeclub,2386629,Constitution/Bylaws,constitution,2024,data/orgs/furmanuniversitybeeclub/documents/2024/constitution_constitutionbylaws_2386629.docx,20295fc4592e0a0c05a26bc9cef4f2080187f62cbe6253e27eb516a3346b316d,https://furman.campuslabs.com/engage/legacy/organization/FurmanUniversityBeeClub/DocumentLibrary/view/2386629,2024-08-11T15:16:00,application/octet-stream; charset=utf-8,Copy_of_FURMAN_UNIVERSITY_BEE_AND_POLLINATOR_CLUB_CONSTITUTION_2023-2024.docx
furmanuniversitybeeclub,2177360,FUBC Constitution/Bylaws 2023-2024.docx,constitution,2023,data/orgs/furmanuniversitybeeclub/documents/2023/constitution_fubc_constitutionbylaws_2023-2024docx_2177360.docx,20295fc4592e0a0c05a26bc9cef4f2080187f62cbe6253e27eb516a3346b316d,https://furman.campuslabs.com/engage/legacy/organization/FurmanUniversityBeeClub/DocumentLibrary/view/2177360,2023-03-22T22:01:10,application/octet-stream; charset=utf-8,FURMAN_UNIVERSITY_BEE_AND_POLLINATOR_CLUB_CONSTITUTION_2023-2024.docx
fucarclub,2287462,2024 Constitution,constitution,2024,data/orgs/fucarclub/documents/2024/constitution_2024_constitution_2287462.pdf,b2e22832cb1bd002aa96806be6d4ed43c3c21adafec89f213badf26cebc43474,https://furman.campuslabs.com/engage/legacy/organization/FUCarClub/DocumentLibrary/view/2287462,2024-01-18T20:39:54,application/octet-stream; charset=utf-8,Constitution.pdf
fucarclub,2386630,Constitution/Bylaws,constitution,2024,data/orgs/fucarclub/documents/2024/constitution_constitutionbylaws_2386630.pdf,b2e22832cb1bd002aa96806be6d4ed43c3c21adafec89f213badf26cebc43474,https://furman.campuslabs.com/engage/legacy/organization/FUCarClub/DocumentLibrary/view/2386630,2024-08-25T17:15:50,application/octet-stream; charset=utf-8,Constitution.pdf
fucarclub,2499821,Constitution/Bylaws,constitution,2025,data/orgs/fucarclub/documents/2025/constitution_constitutionbylaws_2499821.pdf,4235f6b74b569f8a329df1acd3d87e46660b7bb150336b01e867aa36fd10d07d,https://furman.campuslabs.com/engage/legacy/organization/FUCarClub/DocumentLibrary/view/2499821,2025-08-12T15:55:17,application/octet-stream; charset=utf-8,Constitution.pdf
fucarclub,2175362,Constitution/Bylaws,constitution,2023,data/orgs/fucarclub/documents/2023/constitution_constitutionbylaws_2175362.pdf,6c8f2e4043dde1ff7a54e990ce21596965819f7cda55ae282c450130880d07ce,https://furman.campuslabs.com/engage/legacy/organization/FUCarClub/DocumentLibrary/view/2175362,2023-03-02T19:41:40,application/octet-stream; charset=utf-8,Constitution.pdf
fucarclub,2256532,Constitution/Bylaws,constitution,2023,data/orgs/fucarclub/documents/2023/constitution_constitutionbylaws_2256532.pdf,0360de0ca0bd65aa99d2d08c5b21eb24f1efeb256c2cf9b5e5b2a80b88a1ace7,https://furman.campuslabs.com/engage/legacy/organization/FUCarClub/DocumentLibrary/view/2256532,2023-08-24T10:42:51,application/octet-stream; charset=utf-8,Constitution.pdf
furman-university-chapter-of-ducks-unlimited,697337,Constitution/Bylaws,constitution,2018,data/orgs/furman-university-chapter-of-ducks-unlimited/documents/2018/constitution_constitutionbylaws_697337.docx,7fb8bc5c135ae5ae25a9071605e01791be5942924a9ff296878076ca7f80db89,https://furman.campuslabs.com/engage/legacy/organization/furman-university-chapter-of-ducks-unlimited/DocumentLibrary/view/697337,2018-01-25T22:44:32,application/octet-stream; charset=utf-8,Furman_Ducks_Unlimited_Bylaws.docx
furman-university-chapter-of-ducks-unlimited,752940,Constitution/Bylaws,constitution,2018,data/orgs/furman-university-chapter-of-ducks-unlimited/documents/2018/constitution_constitutionbylaws_752940.docx,57e4b4497b732ab987db4a41aaf82f3597b76be6a47b1a90af770b9762e9287f,https://furman.campuslabs.com/engage/legacy/organization/furman-university-chapter-of-ducks-unlimited/DocumentLibrary/view/752940,2018-04-13T13:44:50,application/octet-stream; charset=utf-8,Furman_Ducks_Unlimited_Bylaws.docx
furman-university-chapter-of-ducks-unlimited,1211578,Constitution/Bylaws,constitution,2019,data/orgs/furman-university-chapter-of-ducks-unlimited/documents/2019/constitution_constitutionbylaws_1211578.docx,06768d9b95fa82299b73ca4bb64d184f77bb2a3dddbbc513e3fd90ea091a6e8a,https://furman.campuslabs.com/engage/legacy/organization/furman-university-chapter-of-ducks-unlimited/DocumentLibrary/view/1211578,2019-05-10T13:14:57,application/octet-stream; charset=utf-8,Furman_DU_Constitution.docx
furman-university-chapter-of-ducks-unlimited,1974031,Constitution/Bylaws,constitution,2021,data/orgs/furman-university-chapter-of-ducks-unlimited/documents/2021/constitution_constitutionbylaws_1974031.pdf,8ea44bec8eab6ce6ad23cbd4482f20369586f1f06adcd2e436acf608698cb1ed,https://furman.campuslabs.com/engage/legacy/organization/furman-university-chapter-of-ducks-unlimited/DocumentLibrary/view/1974031,2021-09-03T08:34:03,application/octet-stream; charset=utf-8,Furman_Ducks_Unlimited_.pdf
furman-university-chapter-of-ducks-unlimited,2106120,Constitution/Bylaws,constitution,2022,data/orgs/furman-university-chapter-of-ducks-unlimited/documents/2022/constitution_constitutionbylaws_2106120.pdf,8ea44bec8eab6ce6ad23cbd4482f20369586f1f06adcd2e436acf608698cb1ed,https://furman.campuslabs.com/engage/legacy/organization/furman-university-chapter-of-ducks-unlimited/DocumentLibrary/view/2106120,2022-08-24T15:59:26,application/octet-stream; charset=utf-8,Furman_Ducks_Unlimited_.pdf
furman-university-chapter-of-ducks-unlimited,2256533,Constitution/Bylaws,constitution,2023,data/orgs/furman-university-chapter-of-ducks-unlimited/documents/2023/constitution_constitutionbylaws_2256533.docx,21362d816e1f0f0bec8f7c1e596f26eac889e123e499da56c00dc2a34c1238dd,https://furman.campuslabs.com/engage/legacy/organization/furman-university-chapter-of-ducks-unlimited/DocumentLibrary/view/2256533,2023-08-09T10:44:43,application/octet-stream; charset=utf-8,Furman_University_Ducks_Unlimited_Chapter_Bylaws.docx
furman-university-chapter-of-ducks-unlimited,2398654,Constitution/Bylaws,constitution,2024,data/orgs/furman-university-chapter-of-ducks-unlimited/documents/2024/constitution_constitutionbylaws_2398654.docx,21362d816e1f0f0bec8f7c1e596f26eac889e123e499da56c00dc2a34c1238dd,https://furman.campuslabs.com/engage/legacy/organization/furman-university-chapter-of-ducks-unlimited/DocumentLibrary/view/2398654,2024-10-24T14:51:40,application/octet-stream; charset=utf-8,Furman_University_Ducks_Unlimited_Chapter_Bylaws.docx
furman-university-chapter-of-ducks-unlimited,2499822,Constitution/Bylaws,constitution,2025,data/orgs/furman-university-chapter-of-ducks-unlimited/documents/2025/constitution_constitutionbylaws_2499822.docx,86d4c56a5df30bc6283e07dcce6151319d70f7ce54e92cce066f9ab10c8d9ae7,https://furman.campuslabs.com/engage/legacy/organization/furman-university-chapter-of-ducks-unlimited/DocumentLibrary/view/2499822,2025-08-14T11:34:11,application/octet-stream; charset=utf-8,Furman_University_Ducks_Unlimited_Chapter_Bylaws.docx
furman-university-chinese-student-association,697134,Constitution/Bylaws,constitution,2018,data/orgs/furman-university-chinese-student-association/documents/2018/constitution_constitutionbylaws_697134.doc,37331ffafc28ba19cb23b78bc16e1c2f6b94da01c91e3b2a24f4cba0f70c1947,https://furman.campuslabs.com/engage/legacy/organization/furman-university-chinese-student-association/DocumentLibrary/view/697134,2018-01-24T16:15:11,application/octet-stream; charset=utf-8,CSA_WorkingConstitution.doc
furman-university-chinese-student-association,2386631,Constitution/Bylaws,constitution,2024,data/orgs/furman-university-chinese-student-association/documents/2024/constitution_constitutionbylaws_2386631.pdf,fbf1cbbfa22de091047bd229b621276986a7fddaf450b51e877b5febbd712c30,https://furman.campuslabs.com/engage/legacy/organization/furman-university-chinese-student-association/DocumentLibrary/view/2386631,2024-08-10T08:27:58,application/octet-stream; charset=utf-8,CSA_Constitution_24-25.pdf
furman-university-chinese-student-association,2499823,Constitution/Bylaws,constitution,2025,data/orgs/furman-university-chinese-student-association/documents/2025/constitution_constitutionbylaws_2499823.docx,244c22caf39c7b734fd1a9a97a03f74f2116a84f9e87ae7a903c1950e903dda0,https://furman.campuslabs.com/engage/legacy/organization/furman-university-chinese-student-association/DocumentLibrary/view/2499823,2025-09-09T19:04:49,application/octet-stream; charset=utf-8,CSA_Constitution_25-26.docx
furman-university-chinese-student-association,1442603,Constitution/Bylaws,constitution,2019,data/orgs/furman-university-chinese-student-association/documents/2019/constitution_constitutionbylaws_1442603.docx,8d2598d2c5136350f6233d74d2d10b0cfec750684088611eb03e16f0649b502d,https://furman.campuslabs.com/engage/legacy/organization/furman-university-chinese-student-association/DocumentLibrary/view/1442603,2019-04-14T14:47:12,application/octet-stream; charset=utf-8,CSA_Constitution_19-20.docx
furman-university-chinese-student-association,1792354,Constitution/Bylaws,constitution,2020,data/orgs/furman-university-chinese-student-association/documents/2020/constitution_constitutionbylaws_1792354.docx,8df78d8c873e6d1748d6862a6b8aac9721921910c787cf8e9430be1afe75c2ec,https://furman.campuslabs.com/engage/legacy/organization/furman-university-chinese-student-association/DocumentLibrary/view/1792354,2020-08-23T16:30:26,application/octet-stream; charset=utf-8,CSA_Constitution_20-21.docx
furman-university-chinese-student-association,1967177,Constitution/Bylaws,constitution,2021,data/orgs/furman-university-chinese-student-association/documents/2021/constitution_constitutionbylaws_1967177.docx,8df78d8c873e6d1748d6862a6b8aac9721921910c787cf8e9430be1afe75c2ec,https://furman.campuslabs.com/engage/legacy/organization/furman-university-chinese-student-association/DocumentLibrary/view/1967177,2021-08-25T12:51:34,application/octet-stream; charset=utf-8,CSA_Constitution_21-22.docx
furman-university-chinese-student-association,2100623,Constitution/Bylaws,constitution,2022,data/orgs/furman-university-chinese-student-association/documents/2022/constitution_constitutionbylaws_2100623.pdf,97f3e29143bc450e76db4e4ac96034ad4d1c422dbfc0bce95a57c7205524f932,https://furman.campuslabs.com/engage/legacy/organization/furman-university-chinese-student-association/DocumentLibrary/view/2100623,2022-08-12T17:17:36,application/octet-stream; charset=utf-8,CSA_Constitution_22-23.pdf
furman-university-chinese-student-association,2256534,Constitution/Bylaws,constitution,2023,data/orgs/furman-university-chinese-student-association/documents/2023/constitution_constitutionbylaws_2256534.pdf,61c9129a63545a6c2ee2a5c0a1b8d49ef9db08121958bb66d90a2c18e6f461dc,https://furman.campuslabs.com/engage/legacy/organization/furman-university-chinese-student-association/DocumentLibrary/view/2256534,2023-08-08T14:44:15,application/octet-stream; charset=utf-8,CSA_Constitution_23-24.pdf
furman-university-chinese-student-association,704052,CSA Constitution 17-18.docx,constitution,2018,data/orgs/furman-university-chinese-student-association/documents/2018/constitution_csa_constitution_17-18docx_704052.docx,9b999fd20eb2a89d9ccee888ea68ea411916b705655402e67d2387274cb22fc8,https://furman.campuslabs.com/engage/legacy/organization/furman-university-chinese-student-association/DocumentLibrary/view/704052,2018-02-12T14:58:44,application/octet-stream; charset=utf-8,CSA_Constitution_17-18.docx
furman-university-chinese-student-association,2322170,CSA Constitution 24-25.docx,constitution,2024,data/orgs/furman-university-chinese-student-association/documents/2024/constitution_csa_constitution_24-25docx_2322170.docx,1049744936f8f5d0e405b3299560cd9d015ddf0f3c874f63f314d00c2d8fddca,https://furman.campuslabs.com/engage/legacy/organization/furman-university-chinese-student-association/DocumentLibrary/view/2322170,2024-05-04T00:09:23,application/octet-stream; charset=utf-8,CSA_Constitution_24-25.docx
furman-running-club,693462,Constitution.docx,constitution,2018,data/orgs/furman-running-club/documents/2018/constitution_constitutiondocx_693462.docx,47579a3d28e6a54d81aa1cc37b136995a0f565c3b71bf76b9b7e4b1fcd37bb8d,https://furman.campuslabs.com/engage/legacy/organization/furman-running-club/DocumentLibrary/view/693462,2018-01-17T15:36:17,application/octet-stream; charset=utf-8,Constitution_of_the_Furman_Running_Club.docx
furman-running-club,694483,Constitution/Bylaws,constitution,2018,data/orgs/furman-running-club/documents/2018/constitution_constitutionbylaws_694483.docx,47579a3d28e6a54d81aa1cc37b136995a0f565c3b71bf76b9b7e4b1fcd37bb8d,https://furman.campuslabs.com/engage/legacy/organization/furman-running-club/DocumentLibrary/view/694483,2018-01-07T18:53:00,application/octet-stream; charset=utf-8,Constitution_of_the_Furman_Running_Club.docx
furman-running-club,775060,Constitution/Bylaws,constitution,2018,data/orgs/furman-running-club/documents/2018/constitution_constitutionbylaws_775060.docx,8e399e5f7639c16befc12e75dfcf6116cbad773fd96171c514fd016c119641f0,https://furman.campuslabs.com/engage/legacy/organization/furman-running-club/DocumentLibrary/view/775060,2018-05-04T16:37:13,application/octet-stream; charset=utf-8,Constitution_of_the_Furman_Running_Club.docx
furman-running-club,1107709,Constitution/Bylaws,constitution,2019,data/orgs/furman-running-club/documents/2019/constitution_constitutionbylaws_1107709.docx,e5ecd5ff1b58b508aa116f8b13030accf813d522d41edbf2b34529bc6437d8cb,https://furman.campuslabs.com/engage/legacy/organization/furman-running-club/DocumentLibrary/view/1107709,2019-04-16T15:07:31,application/octet-stream; charset=utf-8,Furman_Running_Club_Constitution_2019.docx
furman-running-club,1793935,Constitution/Bylaws,constitution,2020,data/orgs/furman-running-club/documents/2020/constitution_constitutionbylaws_1793935.docx,6188616c65efee694b55f5b78dad1007b070b19f56e63c8f8ed3560f5a1df58f,https://furman.campuslabs.com/engage/legacy/organization/furman-running-club/DocumentLibrary/view/1793935,2020-08-25T12:59:14,application/octet-stream; charset=utf-8,Furman_Running_Club_Constitution_2020.docx
furman-running-club,1967236,Constitution/Bylaws,constitution,2021,data/orgs/furman-running-club/documents/2021/constitution_constitutionbylaws_1967236.docx,6188616c65efee694b55f5b78dad1007b070b19f56e63c8f8ed3560f5a1df58f,https://furman.campuslabs.com/engage/legacy/organization/furman-running-club/DocumentLibrary/view/1967236,2021-08-29T16:23:01,application/octet-stream; charset=utf-8,Furman_Running_Club_Constitution_2020_(2).docx
furman-running-club,2102397,Constitution/Bylaws,constitution,2022,data/orgs/furman-running-club/documents/2022/constitution_constitutionbylaws_2102397.docx,e5ecd5ff1b58b508aa116f8b13030accf813d522d41edbf2b34529bc6437d8cb,https://furman.campuslabs.com/engage/legacy/organization/furman-running-club/DocumentLibrary/view/2102397,2022-08-19T17:23:05,application/octet-stream; charset=utf-8,Furman_Running_Club_Constitution_2019.docx
furman-running-club,2256538,Constitution/Bylaws,constitution,2023,data/orgs/furman-running-club/documents/2023/constitution_constitutionbylaws_2256538.pdf,fcec306871331d79974a8d57c21deb96a3648c9eb1eae9e238c4fe5244a5eca7,https://furman.campuslabs.com/engage/legacy/organization/furman-running-club/DocumentLibrary/view/2256538,2023-08-10T11:55:42,application/octet-stream; charset=utf-8,Furman_Running_Club_Constitution_2023.docx.pdf
furman-running-club,2386634,Constitution/Bylaws,constitution,2024,data/orgs/furman-running-club/documents/2024/constitution_constitutionbylaws_2386634.pdf,fcec306871331d79974a8d57c21deb96a3648c9eb1eae9e238c4fe5244a5eca7,https://furman.campuslabs.com/engage/legacy/organization/furman-running-club/DocumentLibrary/view/2386634,2024-08-21T06:00:50,application/octet-stream; charset=utf-8,Furman_Running_Club_Constitution_2023.docx.pdf
furman-running-club,2499824,Constitution/Bylaws,constitution,2025,data/orgs/furman-running-club/documents/2025/constitution_constitutionbylaws_2499824.docx,a372a5a4c58a7796be5bd21a1be118e866494c1ec0491592aa4a2f12db9efe52,https://furman.campuslabs.com/engage/legacy/organization/furman-running-club/DocumentLibrary/view/2499824,2025-08-11T13:23:14,application/octet-stream; charset=utf-8,Run_Club_Constitution_2025.docx
furman-running-club,987416,Constitution_of_the_Furman_Running_Club - Fall 2018.docx,constitution,2018,data/orgs/furman-running-club/documents/2018/constitution_constitution_of_the_furman_running_club_-_fall_2018docx_987416.docx,b62530f7798a62fa2aa3f055a9db106cd954b1e8c27252d12ae23ed618ad3bc6,https://furman.campuslabs.com/engage/legacy/organization/furman-running-club/DocumentLibrary/view/987416,2018-10-06T13:18:19,application/octet-stream; charset=utf-8,Constitution_of_the_Furman_Running_Club_-_Fall_2018.docx
furman-university-club-baseball,697359,Constitution/Bylaws,constitution,2018,data/orgs/furman-university-club-baseball/documents/2018/constitution_constitutionbylaws_697359.docx,b88b42991bd701d6481a726872ade790661d562e5aae11da7ca7f9f7952a8146,https://furman.campuslabs.com/engage/legacy/organization/furman-university-club-baseball/DocumentLibrary/view/697359,2018-01-25T23:27:50,application/octet-stream; charset=utf-8,Furman_Club_Baseball_ByLaws.docx
furman-university-club-baseball,2256535,Constitution/Bylaws,constitution,2023,data/orgs/furman-university-club-baseball/documents/2023/constitution_constitutionbylaws_2256535.pdf,a68cdec42dd90d7de04af07a02eeb1895fc607bb4a3b542063b8a8327d360a34,https://furman.campuslabs.com/engage/legacy/organization/furman-university-club-baseball/DocumentLibrary/view/2256535,2023-08-08T18:02:43,application/octet-stream; charset=utf-8,Club_Baseball_Consitution.pdf
furman-university-club-baseball,2386632,Constitution/Bylaws,constitution,2024,data/orgs/furman-university-club-baseball/documents/2024/constitution_constitutionbylaws_2386632.pdf,a68cdec42dd90d7de04af07a02eeb1895fc607bb4a3b542063b8a8327d360a34,https://furman.campuslabs.com/engage/legacy/organization/furman-university-club-baseball/DocumentLibrary/view/2386632,2024-08-09T23:39:59,application/octet-stream; charset=utf-8,Club_Baseball_Consitution.pdf
furman-university-club-baseball,2499825,Constitution/Bylaws,constitution,2025,data/orgs/furman-university-club-baseball/documents/2025/constitution_constitutionbylaws_2499825.pdf,a68cdec42dd90d7de04af07a02eeb1895fc607bb4a3b542063b8a8327d360a34,https://furman.campuslabs.com/engage/legacy/organization/furman-university-club-baseball/DocumentLibrary/view/2499825,2025-08-11T10:31:59,application/octet-stream; charset=utf-8,Club_Baseball_Consitution.pdf
furman-university-club-golf,941815,Constitution/Bylaws,constitution,2018,data/orgs/furman-university-club-golf/documents/2018/constitution_constitutionbylaws_941815.bin,5c98c95e7968d900da8b727342cc6d489cc3566bbffdcbea696ae81dbb4ab98b,https://furman.campuslabs.com/engage/legacy/organization/furman-university-club-golf/DocumentLibrary/view/941815,2018-07-10T13:13:01,application/octet-stream; charset=utf-8,
furman-university-club-golf,1793934,Constitution/Bylaws,constitution,2020,data/orgs/furman-university-club-golf/documents/2020/constitution_constitutionbylaws_1793934.pdf,92946281a05e23b02618508c87f2b0f6d5d3bbfc13408ae6fb047100d4d44a68,https://furman.campuslabs.com/engage/legacy/organization/furman-university-club-golf/DocumentLibrary/view/1793934,2020-08-25T15:23:08,application/octet-stream; charset=utf-8,Furman_Men's_Club_Golf_Constitution_(1).pdf
furman-university-club-golf,1968028,Constitution/Bylaws,constitution,2021,data/orgs/furman-university-club-golf/documents/2021/constitution_constitutionbylaws_1968028.pdf,92946281a05e23b02618508c87f2b0f6d5d3bbfc13408ae6fb047100d4d44a68,https://furman.campuslabs.com/engage/legacy/organization/furman-university-club-golf/DocumentLibrary/view/1968028,2021-08-16T17:06:43,application/octet-stream; charset=utf-8,Furman_Men's_Club_Golf_Constitution_(1).pdf
furman-university-club-golf,2102402,Constitution/Bylaws,constitution,2022,data/orgs/furman-university-club-golf/documents/2022/constitution_constitutionbylaws_2102402.pdf,92946281a05e23b02618508c87f2b0f6d5d3bbfc13408ae6fb047100d4d44a68,https://furman.campuslabs.com/engage/legacy/organization/furman-university-club-golf/DocumentLibrary/view/2102402,2022-08-25T16:03:26,application/octet-stream; charset=utf-8,Furman_Men's_Club_Golf_Constitution_(1).pdf
furman-university-club-golf,2256536,Constitution/Bylaws,constitution,2023,data/orgs/furman-university-club-golf/documents/2023/constitution_constitutionbylaws_2256536.docx,575d2dc634a9d1c6f60eff284be0caf9c320aa8b1ad872e892cacd67104c7e43,https://furman.campuslabs.com/engage/legacy/organization/furman-university-club-golf/DocumentLibrary/view/2256536,2023-08-24T13:47:14,application/octet-stream; charset=utf-8,Club_Golf_Code_of_Conduct.docx
furman-university-club-golf,2386633,Constitution/Bylaws,constitution,2024,data/orgs/furman-university-club-golf/documents/2024/constitution_constitutionbylaws_2386633.pdf,c7a876bd6d3572a6c4fedcaaaeea989647d768a813c8cb402d34c50b4b0b4b10,https://furman.campuslabs.com/engage/legacy/organization/furman-university-club-golf/DocumentLibrary/view/2386633,2024-08-12T10:56:49,application/octet-stream; charset=utf-8,Club_GOlf_Bylaws.pdf
furman-university-club-golf,2499826,Constitution/Bylaws,constitution,2025,data/orgs/furman-university-club-golf/documents/2025/constitution_constitutionbylaws_2499826.pdf,c7a876bd6d3572a6c4fedcaaaeea989647d768a813c8cb402d34c50b4b0b4b10,https://furman.campuslabs.com/engage/legacy/organization/furman-university-club-golf/DocumentLibrary/view/2499826,2025-09-09T16:35:48,application/octet-stream; charset=utf-8,Club_GOlf_Bylaws.pdf
furman-university-club-golf,1103157,Furman Men's Club Golf Constitution-2.pdf,constitution,2019,data/orgs/furman-university-club-golf/documents/2019/constitution_furman_mens_club_golf_constitution-2pdf_1103157.pdf,13caae19a5ec837992899709a06605431effd3564a02051a811db0d1d0a79c39,https://furman.campuslabs.com/engage/legacy/organization/furman-university-club-golf/DocumentLibrary/view/1103157,2019-04-25T20:09:37,application/octet-stream; charset=utf-8,Furman_Men's_Club_Golf_Constitution-2.pdf
furman-club-swim-team,700257,Constitution/Bylaws,constitution,2018,data/orgs/furman-club-swim-team/documents/2018/constitution_constitutionbylaws_700257.docx,a0633b6a6ceda7cd539df01eb470895b140f2bc680f6024b1068c1a4a5d2d092,https://furman.campuslabs.com/engage/legacy/organization/furman-club-swim-team/DocumentLibrary/view/700257,2018-01-29T19:57:10,application/octet-stream; charset=utf-8,Club_Swimming_Constitution.docx
furman-club-swim-team,761206,Constitution/Bylaws,constitution,2018,data/orgs/furman-club-swim-team/documents/2018/constitution_constitutionbylaws_761206.docx,4a81e0890bd2bfd6a08d13c8f1c92c9b4bf76604e27280dde08e93ee2c6dc2e3,https://furman.campuslabs.com/engage/legacy/organization/furman-club-swim-team/DocumentLibrary/view/761206,2018-04-26T17:30:20,application/octet-stream; charset=utf-8,Club_Swimming_Constitution-2.docx
furman-club-swim-team,1107656,Constitution/Bylaws,constitution,2019,data/orgs/furman-club-swim-team/documents/2019/constitution_constitutionbylaws_1107656.docx,e70a7d972d1820589ae0f3753c74ef12ebee04a836dc957942e26168fd53fbdf,https://furman.campuslabs.com/engage/legacy/organization/furman-club-swim-team/DocumentLibrary/view/1107656,2019-03-31T21:37:11,application/octet-stream; charset=utf-8,Club_Swim_Constitution.docx
furman-club-swim-team,1792338,Constitution/Bylaws,constitution,2020,data/orgs/furman-club-swim-team/documents/2020/constitution_constitutionbylaws_1792338.docx,e70a7d972d1820589ae0f3753c74ef12ebee04a836dc957942e26168fd53fbdf,https://furman.campuslabs.com/engage/legacy/organization/furman-club-swim-team/DocumentLibrary/view/1792338,2020-08-18T18:32:19,application/octet-stream; charset=utf-8,Club_Swim_Constitution.docx
furman-club-swim-team,1969282,Constitution/Bylaws,constitution,2021,data/orgs/furman-club-swim-team/documents/2021/constitution_constitutionbylaws_1969282.docx,e70a7d972d1820589ae0f3753c74ef12ebee04a836dc957942e26168fd53fbdf,https://furman.campuslabs.com/engage/legacy/organization/furman-club-swim-team/DocumentLibrary/view/1969282,2021-08-24T13:10:54,application/octet-stream; charset=utf-8,Club_Swim_Constitution.docx
furman-club-swim-team,2102392,Constitution/Bylaws,constitution,2022,data/orgs/furman-club-swim-team/documents/2022/constitution_constitutionbylaws_2102392.docx,e70a7d972d1820589ae0f3753c74ef12ebee04a836dc957942e26168fd53fbdf,https://furman.campuslabs.com/engage/legacy/organization/furman-club-swim-team/DocumentLibrary/view/2102392,2022-08-19T14:04:58,application/octet-stream; charset=utf-8,Club_Swim_Constitution.docx
furman-club-swim-team,2256504,Constitution/Bylaws,constitution,2023,data/orgs/furman-club-swim-team/documents/2023/constitution_constitutionbylaws_2256504.docx,e70a7d972d1820589ae0f3753c74ef12ebee04a836dc957942e26168fd53fbdf,https://furman.campuslabs.com/engage/legacy/organization/furman-club-swim-team/DocumentLibrary/view/2256504,2023-08-08T16:35:49,application/octet-stream; charset=utf-8,Club_Swim_Constitution.docx
furman-club-swim-team,2386635,Constitution/Bylaws,constitution,2024,data/orgs/furman-club-swim-team/documents/2024/constitution_constitutionbylaws_2386635.pdf,d522625ffd0606c2b8cf662fb26a3f1209a697f991a538955dc499b9a231f914,https://furman.campuslabs.com/engage/legacy/organization/furman-club-swim-team/DocumentLibrary/view/2386635,2024-08-12T13:18:14,application/octet-stream; charset=utf-8,Constitution_Bylaws.pdf
furman-club-swim-team,2499827,Constitution/Bylaws,constitution,2025,data/orgs/furman-club-swim-team/documents/2025/constitution_constitutionbylaws_2499827.pdf,591547dce25fe92db878a393a9f4d3e591c5d8bec386ba92e6901aaeb5e8b006,https://furman.campuslabs.com/engage/legacy/organization/furman-club-swim-team/DocumentLibrary/view/2499827,2025-08-29T15:40:31,application/octet-stream; charset=utf-8,Club_Swim_Constitution.pdf
furman-university-club-tennis,694484,Constitution/Bylaws,constitution,2018,data/orgs/furman-university-club-tennis/documents/2018/constitution_constitutionbylaws_694484.docx,365c73f8fb227b8afe784c1ffd1c4f31ee5b20329932fe5596db306adf83c276,https://furman.campuslabs.com/engage/legacy/organization/furman-university-club-tennis/DocumentLibrary/view/694484,2018-01-10T17:42:59,application/octet-stream; charset=utf-8,Constitution.docx
furman-university-club-tennis,1107711,Constitution/Bylaws,constitution,2019,data/orgs/furman-university-club-tennis/documents/2019/constitution_constitutionbylaws_1107711.docx,f0caf46154c15e061969430db4fd324447ca8c261a920bc5fe1f03801790131d,https://furman.campuslabs.com/engage/legacy/organization/furman-university-club-tennis/DocumentLibrary/view/1107711,2019-04-17T10:53:33,application/octet-stream; charset=utf-8,Furman_University_Club_Tennis_Constitiution.docx
furman-university-club-tennis,1792355,Constitution/Bylaws,constitution,2020,data/orgs/furman-university-club-tennis/documents/2020/constitution_constitutionbylaws_1792355.docx,f0caf46154c15e061969430db4fd324447ca8c261a920bc5fe1f03801790131d,https://furman.campuslabs.com/engage/legacy/organization/furman-university-club-tennis/DocumentLibrary/view/1792355,2020-08-23T19:03:20,application/octet-stream; charset=utf-8,Furman_University_Club_Tennis_Constitiution.docx
furman-university-club-tennis,1977392,Constitution/Bylaws,constitution,2021,data/orgs/furman-university-club-tennis/documents/2021/constitution_constitutionbylaws_1977392.docx,f0caf46154c15e061969430db4fd324447ca8c261a920bc5fe1f03801790131d,https://furman.campuslabs.com/engage/legacy/organization/furman-university-club-tennis/DocumentLibrary/view/1977392,2021-08-16T10:17:09,application/octet-stream; charset=utf-8,Furman_University_Club_Tennis_Constitiution.docx
furman-university-club-tennis,2102391,Constitution/Bylaws,constitution,2022,data/orgs/furman-university-club-tennis/documents/2022/constitution_constitutionbylaws_2102391.docx,f0caf46154c15e061969430db4fd324447ca8c261a920bc5fe1f03801790131d,https://furman.campuslabs.com/engage/legacy/organization/furman-university-club-tennis/DocumentLibrary/view/2102391,2022-08-15T21:35:11,application/octet-stream; charset=utf-8,Furman_University_Club_Tennis_Constitiution.docx
furman-university-club-tennis,2256539,Constitution/Bylaws,constitution,2023,data/orgs/furman-university-club-tennis/documents/2023/constitution_constitutionbylaws_2256539.docx,f0caf46154c15e061969430db4fd324447ca8c261a920bc5fe1f03801790131d,https://furman.campuslabs.com/engage/legacy/organization/furman-university-club-tennis/DocumentLibrary/view/2256539,2023-08-08T14:21:06,application/octet-stream; charset=utf-8,Furman_University_Club_Tennis_Constitiution.docx
furman-university-club-tennis,2386636,Constitution/Bylaws,constitution,2024,data/orgs/furman-university-club-tennis/documents/2024/constitution_constitutionbylaws_2386636.docx,0ac1a2403543f422278441d57ce75183b0b38af1b3c87b1b2f0fe79980ac8227,https://furman.campuslabs.com/engage/legacy/organization/furman-university-club-tennis/DocumentLibrary/view/2386636,2024-08-26T14:10:00,application/octet-stream; charset=utf-8,Furman_University_Club_Tennis_Constitiution_2024.docx
furman-university-club-tennis,2499829,Constitution/Bylaws,constitution,2025,data/orgs/furman-university-club-tennis/documents/2025/constitution_constitutionbylaws_2499829.docx,0ac1a2403543f422278441d57ce75183b0b38af1b3c87b1b2f0fe79980ac8227,https://furman.campuslabs.com/engage/legacy/organization/furman-university-club-tennis/DocumentLibrary/view/2499829,2025-08-27T16:27:04,application/octet-stream; charset=utf-8,Furman_University_Club_Tennis_Constitiution_2024.docx
fu-cryptology,1888518,Constitution/Bylaws,constitution,2021,data/orgs/fu-cryptology/documents/2021/constitution_constitutionbylaws_1888518.pdf,a1fb1717fc726402eede0196a185fe3e920f58caf4707780cc77cad11fd4f4fe,https://furman.campuslabs.com/engage/legacy/organization/fu-cryptology/DocumentLibrary/view/1888518,2021-02-19T22:20:51,application/octet-stream; charset=utf-8,Furman_University_Cryptology_Club_(1).pdf
fu-cryptology,1967241,Constitution/Bylaws,constitution,2021,data/orgs/fu-cryptology/documents/2021/constitution_constitutionbylaws_1967241.pdf,201f87d4217be3a1dfb575f46eed7ed135a2159b0759214f7487c6100bfdf362,https://furman.campuslabs.com/engage/legacy/organization/fu-cryptology/DocumentLibrary/view/1967241,2021-08-10T18:05:32,application/octet-stream; charset=utf-8,Constitution.pdf
fu-cryptology,2100624,Constitution/Bylaws,constitution,2022,data/orgs/fu-cryptology/documents/2022/constitution_constitutionbylaws_2100624.pdf,ddf2c6f980bf972fb3c546e1fefee8fa3cfe6363bd2ffe4e081909904945b371,https://furman.campuslabs.com/engage/legacy/organization/fu-cryptology/DocumentLibrary/view/2100624,2022-08-14T12:04:41,application/octet-stream; charset=utf-8,Furman_University_Cryptology_Club.pdf
fu-cryptology,2499830,Constitution/Bylaws,constitution,2025,data/orgs/fu-cryptology/documents/2025/constitution_constitutionbylaws_2499830.docx,23bab5f0f1ce9497ce6d9447f47cee244701c30e1d485ca75dd5909ec6c72cfb,https://furman.campuslabs.com/engage/legacy/organization/fu-cryptology/DocumentLibrary/view/2499830,2025-08-13T16:08:41,application/octet-stream; charset=utf-8,Cryptology_Club_Constitution_and_Bylaws_2025-2026.docx
fu-cryptology,2433373,Cryptology Club Constitution and Bylaws 2024-2025.docx,constitution,2025,data/orgs/fu-cryptology/documents/2025/constitution_cryptology_club_constitution_and_bylaws_2024-2025docx_2433373.docx,4fff208a3a99b0e7cf5691b1c3fa4496412b31257ca9ae4d6c952dcd5e442408,https://furman.campuslabs.com/engage/legacy/organization/fu-cryptology/DocumentLibrary/view/2433373,2025-03-27T16:20:49,application/octet-stream; charset=utf-8,Cryptology_Club_Constitution_and_Bylaws_2024-2025.docx
furman-university-cycling-team,700256,Constitution/Bylaws,constitution,2018,data/orgs/furman-university-cycling-team/documents/2018/constitution_constitutionbylaws_700256.docx,203e4ef142ae13c83eb0ef1301c30a32478e7c4114e0779006ff04d6ff8b481e,https://furman.campuslabs.com/engage/legacy/organization/furman-university-cycling-team/DocumentLibrary/view/700256,2018-01-29T09:57:18,application/octet-stream; charset=utf-8,Furman_Cycling_Team_Constitution.docx
furman-university-cycling-team,941821,Constitution/Bylaws,constitution,2018,data/orgs/furman-university-cycling-team/documents/2018/constitution_constitutionbylaws_941821.docx,2b1b96b193089ac4ad98af205c0330ad010d3f74420e776c468d763bfc1f3f82,https://furman.campuslabs.com/engage/legacy/organization/furman-university-cycling-team/DocumentLibrary/view/941821,2018-07-29T17:38:17,application/octet-stream; charset=utf-8,Furman_Cycling_Team_Constitution_'18.docx
furman-university-cycling-team,1107712,Constitution/Bylaws,constitution,2019,data/orgs/furman-university-cycling-team/documents/2019/constitution_constitutionbylaws_1107712.docx,66f7bcd04a26d50a18b871288b7df1fb7788ff4b64f4125bd1b4c181495f2c1f,https://furman.campuslabs.com/engage/legacy/organization/furman-university-cycling-team/DocumentLibrary/view/1107712,2019-04-11T14:17:28,application/octet-stream; charset=utf-8,Furman_Cycling_Team_Constitution_2019.docx
furman-university-cycling-team,1792357,Constitution/Bylaws,constitution,2020,data/orgs/furman-university-cycling-team/documents/2020/constitution_constitutionbylaws_1792357.docx,dce1d7ecc9c8f08c032cf232722e2f356235bc83d2ea0c8f596259a7846d2956,https://furman.campuslabs.com/engage/legacy/organization/furman-university-cycling-team/DocumentLibrary/view/1792357,2020-08-20T16:39:58,application/octet-stream; charset=utf-8,Furman_Cycling_Team_Constitution_'20_-_Copy.docx
furman-university-cycling-team,1977393,Constitution/Bylaws,constitution,2021,data/orgs/furman-university-cycling-team/documents/2021/constitution_constitutionbylaws_1977393.docx,df1f7936164ab06004c14492da91e5bba61e62b63b2d7dc2d84ea01a928e3144,https://furman.campuslabs.com/engage/legacy/organization/furman-university-cycling-team/DocumentLibrary/view/1977393,2021-09-03T12:42:59,application/octet-stream; charset=utf-8,Cycling_Constitution.docx
furman-university-cycling-team,2102408,Constitution/Bylaws,constitution,2022,data/orgs/furman-university-cycling-team/documents/2022/constitution_constitutionbylaws_2102408.docx,df1f7936164ab06004c14492da91e5bba61e62b63b2d7dc2d84ea01a928e3144,https://furman.campuslabs.com/engage/legacy/organization/furman-university-cycling-team/DocumentLibrary/view/2102408,2022-08-09T06:10:35,application/octet-stream; charset=utf-8,Cycling_Constitution.docx
furman-university-cycling-team,2256540,Constitution/Bylaws,constitution,2023,data/orgs/furman-university-cycling-team/documents/2023/constitution_constitutionbylaws_2256540.docx,203e4ef142ae13c83eb0ef1301c30a32478e7c4114e0779006ff04d6ff8b481e,https://furman.campuslabs.com/engage/legacy/organization/furman-university-cycling-team/DocumentLibrary/view/2256540,2023-08-28T14:30:09,application/octet-stream; charset=utf-8,Furman_Cycling_Team_Constitution.docx
furman-university-cycling-team,2386637,Constitution/Bylaws,constitution,2024,data/orgs/furman-university-cycling-team/documents/2024/constitution_constitutionbylaws_2386637.docx,502a3fbcf9a67ce82b9fe15a04614881233b8364d8d825c3c5856214c7f100ac,https://furman.campuslabs.com/engage/legacy/organization/furman-university-cycling-team/DocumentLibrary/view/2386637,2024-08-09T17:48:02,application/octet-stream; charset=utf-8,Furman_Cycling_Team_Constitution_2024.docx
furman-university-cycling-team,2499831,Constitution/Bylaws,constitution,2025,data/orgs/furman-university-cycling-team/documents/2025/constitution_constitutionbylaws_2499831.docx,df1f7936164ab06004c14492da91e5bba61e62b63b2d7dc2d84ea01a928e3144,https://furman.campuslabs.com/engage/legacy/organization/furman-university-cycling-team/DocumentLibrary/view/2499831,2025-08-23T17:16:34,application/octet-stream; charset=utf-8,Cycling_Constitution.docx
furman-university-dance-club,695041,Constitution/Bylaws,constitution,2018,data/orgs/furman-university-dance-club/documents/2018/constitution_constitutionbylaws_695041.docx,a07e17d794fc7c286d47dcfef3f616adff6c72b2a0640704342551888993c63e,https://furman.campuslabs.com/engage/legacy/organization/furman-university-dance-club/DocumentLibrary/view/695041,2018-01-21T15:04:52,application/octet-stream; charset=utf-8,DANCE_CLUB_CONSTITUTION.docx
furman-university-dance-club,752951,Constitution/Bylaws,constitution,2018,data/orgs/furman-university-dance-club/documents/2018/constitution_constitutionbylaws_752951.pdf,547de9ff187054ce5dddfb04b451d0f28c0f2df50252faa9ec6966e734938468,https://furman.campuslabs.com/engage/legacy/organization/furman-university-dance-club/DocumentLibrary/view/752951,2018-04-12T18:32:43,application/octet-stream; charset=utf-8,DANCE_CLUB_CONSTITUTION.pdf
furman-university-dance-club,1094349,Constitution/Bylaws,constitution,2019,data/orgs/furman-university-dance-club/documents/2019/constitution_constitutionbylaws_1094349.pdf,547de9ff187054ce5dddfb04b451d0f28c0f2df50252faa9ec6966e734938468,https://furman.campuslabs.com/engage/legacy/organization/furman-university-dance-club/DocumentLibrary/view/1094349,2019-04-15T17:09:44,application/octet-stream; charset=utf-8,DANCE_CLUB_CONSTITUTION.pdf
furman-university-dance-club,1792358,Constitution/Bylaws,constitution,2020,data/orgs/furman-university-dance-club/documents/2020/constitution_constitutionbylaws_1792358.pdf,547de9ff187054ce5dddfb04b451d0f28c0f2df50252faa9ec6966e734938468,https://furman.campuslabs.com/engage/legacy/organization/furman-university-dance-club/DocumentLibrary/view/1792358,2020-08-24T08:59:51,application/octet-stream; charset=utf-8,DANCE_CLUB_CONSTITUTION.pdf
furman-university-dance-club,1967208,Constitution/Bylaws,constitution,2021,data/orgs/furman-university-dance-club/documents/2021/constitution_constitutionbylaws_1967208.pdf,547de9ff187054ce5dddfb04b451d0f28c0f2df50252faa9ec6966e734938468,https://furman.campuslabs.com/engage/legacy/organization/furman-university-dance-club/DocumentLibrary/view/1967208,2021-08-29T16:58:58,application/octet-stream; charset=utf-8,DANCE_CLUB_CONSTITUTION.pdf
furman-university-dance-club,2100625,Constitution/Bylaws,constitution,2022,data/orgs/furman-university-dance-club/documents/2022/constitution_constitutionbylaws_2100625.pdf,547de9ff187054ce5dddfb04b451d0f28c0f2df50252faa9ec6966e734938468,https://furman.campuslabs.com/engage/legacy/organization/furman-university-dance-club/DocumentLibrary/view/2100625,2022-08-17T11:42:18,application/octet-stream; charset=utf-8,DANCE_CLUB_CONSTITUTION.pdf
furman-university-dance-club,2256541,Constitution/Bylaws,constitution,2023,data/orgs/furman-university-dance-club/documents/2023/constitution_constitutionbylaws_2256541.pdf,547de9ff187054ce5dddfb04b451d0f28c0f2df50252faa9ec6966e734938468,https://furman.campuslabs.com/engage/legacy/organization/furman-university-dance-club/DocumentLibrary/view/2256541,2023-08-10T20:14:49,application/octet-stream; charset=utf-8,DANCE_CLUB_CONSTITUTION.pdf
furman-university-dance-club,2386638,Constitution/Bylaws,constitution,2024,data/orgs/furman-university-dance-club/documents/2024/constitution_constitutionbylaws_2386638.pdf,fc510d4c8e922b1ad45b22e71c2056d94f70613f2976888560f6224843c5eb36,https://furman.campuslabs.com/engage/legacy/organization/furman-university-dance-club/DocumentLibrary/view/2386638,2024-08-12T17:47:39,application/octet-stream; charset=utf-8,DANCE_CLUB_CONSTITUTION_2024-25.pdf
furman-university-dance-club,2499832,Constitution/Bylaws,constitution,2025,data/orgs/furman-university-dance-club/documents/2025/constitution_constitutionbylaws_2499832.pdf,547de9ff187054ce5dddfb04b451d0f28c0f2df50252faa9ec6966e734938468,https://furman.campuslabs.com/engage/legacy/organization/furman-university-dance-club/DocumentLibrary/view/2499832,2025-08-08T16:42:45,application/octet-stream; charset=utf-8,DANCE_CLUB_CONSTITUTION.pdf
furman-university-dance-club,2315152,DANCE_CLUB_CONSTITUTION 2023-24.pdf,constitution,2024,data/orgs/furman-university-dance-club/documents/2024/constitution_dance_club_constitution_2023-24pdf_2315152.pdf,65134ddb8415bc1cf17d39004651e9e1551cb339ea3dcb734c8b126ffd6d7ad1,https://furman.campuslabs.com/engage/legacy/organization/furman-university-dance-club/DocumentLibrary/view/2315152,2024-04-16T13:06:41,application/octet-stream; charset=utf-8,DANCE_CLUB_CONSTITUTION_2023-24.pdf
data_science,2176363,Constitution/Bylaws,constitution,2023,data/orgs/data_science/documents/2023/constitution_constitutionbylaws_2176363.pdf,bf1080e7da717abe882878eccf232fc22a5da0d3e60b1170405c8e30000aa712,https://furman.campuslabs.com/engage/legacy/organization/data_science/DocumentLibrary/view/2176363,2023-03-15T19:04:11,application/octet-stream; charset=utf-8,Constitution-2.pdf
data_science,2256562,Constitution/Bylaws,constitution,2023,data/orgs/data_science/documents/2023/constitution_constitutionbylaws_2256562.pdf,5bba6ddcaaa226b21f8e85398161c7a7349cae4ba59c4fe2a9c7ecd09f0cb0e7,https://furman.campuslabs.com/engage/legacy/organization/data_science/DocumentLibrary/view/2256562,2023-08-12T18:18:51,application/octet-stream; charset=utf-8,Constitution.pdf
data_science,2386661,Constitution/Bylaws,constitution,2024,data/orgs/data_science/documents/2024/constitution_constitutionbylaws_2386661.pdf,5bba6ddcaaa226b21f8e85398161c7a7349cae4ba59c4fe2a9c7ecd09f0cb0e7,https://furman.campuslabs.com/engage/legacy/organization/data_science/DocumentLibrary/view/2386661,2024-08-22T21:19:08,application/octet-stream; charset=utf-8,Constitution_(1).pdf
data_science,2499833,Constitution/Bylaws,constitution,2025,data/orgs/data_science/documents/2025/constitution_constitutionbylaws_2499833.pdf,5bba6ddcaaa226b21f8e85398161c7a7349cae4ba59c4fe2a9c7ecd09f0cb0e7,https://furman.campuslabs.com/engage/legacy/organization/data_science/DocumentLibrary/view/2499833,2025-08-28T10:52:06,application/octet-stream; charset=utf-8,Constitution_(1).pdf
fudg,2317931,Constitution/Bylaws,constitution,2024,data/orgs/fudg/documents/2024/constitution_constitutionbylaws_2317931.pdf,ef049912b5d641b78cf6e9f27bf1043c323ead66ded5cad14bbc181bed17dbb1,https://furman.campuslabs.com/engage/legacy/organization/FUDG/DocumentLibrary/view/2317931,2024-04-19T14:05:20,application/octet-stream; charset=utf-8,Furman_Disc_Golf_Constitution-March_2024.pdf
fudg,2386639,Constitution/Bylaws,constitution,2024,data/orgs/fudg/documents/2024/constitution_constitutionbylaws_2386639.pdf,991ba45b5bbb9d2d81217c38750f429c4a26eca78dcc841df4b6826aff847d5c,https://furman.campuslabs.com/engage/legacy/organization/FUDG/DocumentLibrary/view/2386639,2024-08-13T15:35:33,application/octet-stream; charset=utf-8,Furman_Disc_Golf_Constitution-2.pdf
fudg,2499834,Constitution/Bylaws,constitution,2025,data/orgs/fudg/documents/2025/constitution_constitutionbylaws_2499834.pdf,56351884533e1fafdc5ac9131263b18173ddfaa756e5c025497e6d6eac8022a6,https://furman.campuslabs.com/engage/legacy/organization/FUDG/DocumentLibrary/view/2499834,2025-08-27T12:43:00,application/octet-stream; charset=utf-8,2026.pdf
fudg,2411959,Furman University Disc Golf Constitution .pdf,constitution,2025,data/orgs/fudg/documents/2025/constitution_furman_university_disc_golf_constitution_pdf_2411959.pdf,dd6dbb034b7168d42afbe2028c3ff9c2d4f2364f05a0c1aa612a61835b99b6dd,https://furman.campuslabs.com/engage/legacy/organization/FUDG/DocumentLibrary/view/2411959,2025-01-12T17:06:55,application/octet-stream; charset=utf-8,Furman_University_Disc_Golf_Constitution_.pdf
fu-east-european-eurasian-student-association,2437343,Constitution/Bylaws,constitution,2025,data/orgs/fu-east-european-eurasian-student-association/documents/2025/constitution_constitutionbylaws_2437343.pdf,a77c8636e8f8b8b536e6299c5c3e7c45ce917dbf3297ae7851304d61ab511b52,https://furman.campuslabs.com/engage/legacy/organization/FU-East-European-Eurasian-Student-Association/DocumentLibrary/view/2437343,2025-03-30T18:52:26,application/octet-stream; charset=utf-8,Constitution.pdf
fu-east-european-eurasian-student-association,2499835,Constitution/Bylaws,constitution,2025,data/orgs/fu-east-european-eurasian-student-association/documents/2025/constitution_constitutionbylaws_2499835.pdf,a77c8636e8f8b8b536e6299c5c3e7c45ce917dbf3297ae7851304d61ab511b52,https://furman.campuslabs.com/engage/legacy/organization/FU-East-European-Eurasian-Student-Association/DocumentLibrary/view/2499835,2025-08-27T16:34:26,application/octet-stream; charset=utf-8,Constitution.pdf
engineering,2273890,Constitution/Bylaws,constitution,2023,data/orgs/engineering/documents/2023/constitution_constitutionbylaws_2273890.docx,c81d4f969184ee9c7e3ab7dff0a2acb44f038f7b642772df4b60f320e0bcf775,https://furman.campuslabs.com/engage/legacy/organization/Engineering/DocumentLibrary/view/2273890,2023-11-01T17:05:02,application/octet-stream; charset=utf-8,FUEC_constitution.docx
engineering,2386640,Constitution/Bylaws,constitution,2024,data/orgs/engineering/documents/2024/constitution_constitutionbylaws_2386640.pdf,1e74350e221547e1954e7acbeaf26aa2a2c5685d8c2b526b9e8376890c7e006a,https://furman.campuslabs.com/engage/legacy/organization/Engineering/DocumentLibrary/view/2386640,2024-08-16T18:20:54,application/octet-stream; charset=utf-8,FUEC_constitution.pdf
engineering,2499836,Constitution/Bylaws,constitution,2025,data/orgs/engineering/documents/2025/constitution_constitutionbylaws_2499836.pdf,1e74350e221547e1954e7acbeaf26aa2a2c5685d8c2b526b9e8376890c7e006a,https://furman.campuslabs.com/engage/legacy/organization/Engineering/DocumentLibrary/view/2499836,2025-08-25T16:31:12,application/octet-stream; charset=utf-8,FUEC_constitution.pdf
furman-university-equestrian-team,2322018,Constitution.docx,constitution,2024,data/orgs/furman-university-equestrian-team/documents/2024/constitution_constitutiondocx_2322018.docx,deb3b96a098b3e9f815c84495c9e1b2f78705db530d243bf28a3ae65cf166c75,https://furman.campuslabs.com/engage/legacy/organization/furman-university-equestrian-team/DocumentLibrary/view/2322018,2024-05-03T15:30:21,application/octet-stream; charset=utf-8,Constitution.docx
furman-university-equestrian-team,2386641,Constitution/Bylaws,constitution,2024,data/orgs/furman-university-equestrian-team/documents/2024/constitution_constitutionbylaws_2386641.docx,deb3b96a098b3e9f815c84495c9e1b2f78705db530d243bf28a3ae65cf166c75,https://furman.campuslabs.com/engage/legacy/organization/furman-university-equestrian-team/DocumentLibrary/view/2386641,2024-08-14T19:40:33,application/octet-stream; charset=utf-8,Constitution.docx
furman-university-equestrian-team,2499837,Constitution/Bylaws,constitution,2025,data/orgs/furman-university-equestrian-team/documents/2025/constitution_constitutionbylaws_2499837.docx,deb3b96a098b3e9f815c84495c9e1b2f78705db530d243bf28a3ae65cf166c75,https://furman.campuslabs.com/engage/legacy/organization/furman-university-equestrian-team/DocumentLibrary/view/2499837,2025-08-27T15:19:31,application/octet-stream; charset=utf-8,Constitution_(2).docx
furman-university-equestrian-team,694485,Constitution/Bylaws,constitution,2018,data/orgs/furman-university-equestrian-team/documents/2018/constitution_constitutionbylaws_694485.pdf,0002d05120ea035aae2292623fcb9e2f2c8358911c51dbc6dedf40b1ebf4e6b9,https://furman.campuslabs.com/engage/legacy/organization/furman-university-equestrian-team/DocumentLibrary/view/694485,2018-01-16T16:06:49,application/octet-stream; charset=utf-8,NEW_Constitution.pdf
furman-university-equestrian-team,783329,Constitution/Bylaws,constitution,2018,data/orgs/furman-university-equestrian-team/documents/2018/constitution_constitutionbylaws_783329.pdf,794863f170cafd309ffc844049ebca85399cfca1805e79a3aef4168f271ec6ee,https://furman.campuslabs.com/engage/legacy/organization/furman-university-equestrian-team/DocumentLibrary/view/783329,2018-05-21T09:42:05,application/octet-stream; charset=utf-8,NEW_Constitution.pdf
furman-university-equestrian-team,1107713,Constitution/Bylaws,constitution,2019,data/orgs/furman-university-equestrian-team/documents/2019/constitution_constitutionbylaws_1107713.pdf,81a02e39c6cb5ba20ee92ed62907d40f8c682a46283dbb2b61349601f9af8477,https://furman.campuslabs.com/engage/legacy/organization/furman-university-equestrian-team/DocumentLibrary/view/1107713,2019-04-09T13:51:17,application/octet-stream; charset=utf-8,FUET_Constitution_2019.pdf
furman-university-equestrian-team,1802084,Constitution/Bylaws,constitution,2020,data/orgs/furman-university-equestrian-team/documents/2020/constitution_constitutionbylaws_1802084.docx,2a198613de8e468c0133ba79bb9f0bd370fdbb3accd0cca94182256aef09fd8a,https://furman.campuslabs.com/engage/legacy/organization/furman-university-equestrian-team/DocumentLibrary/view/1802084,2020-08-31T09:54:53,application/octet-stream; charset=utf-8,Constitution_2020.docx
furman-university-equestrian-team,1968535,Constitution/Bylaws,constitution,2021,data/orgs/furman-university-equestrian-team/documents/2021/constitution_constitutionbylaws_1968535.pdf,239e3c7b0691c37db5697b3dfc4a18d1f6da96fa8069e50dfe596766942d6693,https://furman.campuslabs.com/engage/legacy/organization/furman-university-equestrian-team/DocumentLibrary/view/1968535,2021-08-13T15:48:49,application/octet-stream; charset=utf-8,Constitution_2020.pdf
furman-university-equestrian-team,2107519,Constitution/Bylaws,constitution,2022,data/orgs/furman-university-equestrian-team/documents/2022/constitution_constitutionbylaws_2107519.pdf,2d9bc242d9aee1f1a96dde44fc1d919765b26fb8cdf8c1ff7f4c2e171a2148bd,https://furman.campuslabs.com/engage/legacy/organization/furman-university-equestrian-team/DocumentLibrary/view/2107519,2022-08-24T17:26:24,application/octet-stream; charset=utf-8,Constitution.pdf
furman-university-equestrian-team,2256542,Constitution/Bylaws,constitution,2023,data/orgs/furman-university-equestrian-team/documents/2023/constitution_constitutionbylaws_2256542.pdf,16e0179cb4dbb25ada745f9d63aae3a992da9cc48ba30d60cc191031fad96802,https://furman.campuslabs.com/engage/legacy/organization/furman-university-equestrian-team/DocumentLibrary/view/2256542,2023-08-10T10:01:42,application/octet-stream; charset=utf-8,2022-2023_Constitution.pdf
fufs,2401928,Constitution/Bylaws,constitution,2024,data/orgs/fufs/documents/2024/constitution_constitutionbylaws_2401928.pdf,027265a1b4226fd0419001c5a949a2a726b1a126688edefdc36b2416ab090d4f,https://furman.campuslabs.com/engage/legacy/organization/fufs/DocumentLibrary/view/2401928,2024-11-01T18:01:58,application/octet-stream; charset=utf-8,Fashion_Club_Constitution__Bylaws.pdf
fufs,2499838,Constitution/Bylaws,constitution,2025,data/orgs/fufs/documents/2025/constitution_constitutionbylaws_2499838.pdf,027265a1b4226fd0419001c5a949a2a726b1a126688edefdc36b2416ab090d4f,https://furman.campuslabs.com/engage/legacy/organization/fufs/DocumentLibrary/view/2499838,2025-08-29T15:36:51,application/octet-stream; charset=utf-8,Fashion_Club_Constitution__Bylaws.pdf
furmanfilmclub,2400352,Constitution/Bylaws,constitution,2024,data/orgs/furmanfilmclub/documents/2024/constitution_constitutionbylaws_2400352.pdf,396aaa50e33a02c69f36c3524a4d2a51ac120fe7fb554e114d7b00b5c651d47c,https://furman.campuslabs.com/engage/legacy/organization/furmanfilmclub/DocumentLibrary/view/2400352,2024-11-03T21:06:42,application/octet-stream; charset=utf-8,Furman_University_Film_Club_Constitution_and_Bylaws.pdf
furmanfilmclub,2499839,Constitution/Bylaws,constitution,2025,data/orgs/furmanfilmclub/documents/2025/constitution_constitutionbylaws_2499839.pdf,4a3d899ade4e3fe0fa0bbef0ad138d94c031f8303034f82ded25e2877160d52c,https://furman.campuslabs.com/engage/legacy/organization/furmanfilmclub/DocumentLibrary/view/2499839,2025-08-25T11:30:04,application/octet-stream; charset=utf-8,Furman_University_Film_Club_Constitution_and_Bylaws_(1).pdf
fishandfly,1888524,Constitution/Bylaws,constitution,2021,data/orgs/fishandfly/documents/2021/constitution_constitutionbylaws_1888524.pdf,6c5e13e16f03897e87db82028e636d0385dcef4851cd62eba4aa6093d1bb7982,https://furman.campuslabs.com/engage/legacy/organization/fishandfly/DocumentLibrary/view/1888524,2021-03-01T16:28:22,application/octet-stream; charset=utf-8,Furman_University_Fly_Fishing_Club_-_Constitution.pdf
fishandfly,1967220,Constitution/Bylaws,constitution,2021,data/orgs/fishandfly/documents/2021/constitution_constitutionbylaws_1967220.pdf,6c5e13e16f03897e87db82028e636d0385dcef4851cd62eba4aa6093d1bb7982,https://furman.campuslabs.com/engage/legacy/organization/fishandfly/DocumentLibrary/view/1967220,2021-08-19T17:16:07,application/octet-stream; charset=utf-8,Furman_University_Fly_Fishing_Club_-_Constitution.pdf
fishandfly,2100627,Constitution/Bylaws,constitution,2022,data/orgs/fishandfly/documents/2022/constitution_constitutionbylaws_2100627.docx,08ea95a9728226715a98c5c36e9e0ce6f2502cc9d9ca8ae1e3f678d821afcefe,https://furman.campuslabs.com/engage/legacy/organization/fishandfly/DocumentLibrary/view/2100627,2022-08-19T18:29:42,application/octet-stream; charset=utf-8,FU_FFC_Constitution.docx
fishandfly,2256543,Constitution/Bylaws,constitution,2023,data/orgs/fishandfly/documents/2023/constitution_constitutionbylaws_2256543.pdf,6c5e13e16f03897e87db82028e636d0385dcef4851cd62eba4aa6093d1bb7982,https://furman.campuslabs.com/engage/legacy/organization/fishandfly/DocumentLibrary/view/2256543,2023-09-04T21:36:10,application/octet-stream; charset=utf-8,FUFFC_-_Constitution.pdf
fishandfly,2386642,Constitution/Bylaws,constitution,2024,data/orgs/fishandfly/documents/2024/constitution_constitutionbylaws_2386642.pdf,6c5e13e16f03897e87db82028e636d0385dcef4851cd62eba4aa6093d1bb7982,https://furman.campuslabs.com/engage/legacy/organization/fishandfly/DocumentLibrary/view/2386642,2024-08-27T08:31:19,application/octet-stream; charset=utf-8,FUFFC_-_Constitution.pdf
fishandfly,2499840,Constitution/Bylaws,constitution,2025,data/orgs/fishandfly/documents/2025/constitution_constitutionbylaws_2499840.pdf,6c5e13e16f03897e87db82028e636d0385dcef4851cd62eba4aa6093d1bb7982,https://furman.campuslabs.com/engage/legacy/organization/fishandfly/DocumentLibrary/view/2499840,2025-08-25T19:57:01,application/octet-stream; charset=utf-8,FUFFC_-_Constitution.pdf
furman-futones,690148,Constitution/Bylaws,constitution,2018,data/orgs/furman-futones/documents/2018/constitution_constitutionbylaws_690148.docx,6dd86afbf7fef5d4c7926c9288c4cfe854127001e8543ceecd5629a04f500919,https://furman.campuslabs.com/engage/legacy/organization/furman-futones/DocumentLibrary/view/690148,2018-01-08T14:15:11,application/octet-stream; charset=utf-8,FUtones_ByLaws.docx
furman-futones,759557,Constitution/Bylaws,constitution,2018,data/orgs/furman-futones/documents/2018/constitution_constitutionbylaws_759557.docx,6dd86afbf7fef5d4c7926c9288c4cfe854127001e8543ceecd5629a04f500919,https://furman.campuslabs.com/engage/legacy/organization/furman-futones/DocumentLibrary/view/759557,2018-04-22T11:29:06,application/octet-stream; charset=utf-8,FUtones_ByLaws.docx
furman-futones,1084196,Constitution/Bylaws,constitution,2019,data/orgs/furman-futones/documents/2019/constitution_constitutionbylaws_1084196.docx,6dd86afbf7fef5d4c7926c9288c4cfe854127001e8543ceecd5629a04f500919,https://furman.campuslabs.com/engage/legacy/organization/furman-futones/DocumentLibrary/view/1084196,2019-03-26T21:14:29,application/octet-stream; charset=utf-8,FUtones_ByLaws_(2).docx
furman-futones,1792360,Constitution/Bylaws,constitution,2020,data/orgs/furman-futones/documents/2020/constitution_constitutionbylaws_1792360.docx,2d18aeeeee45043a9675d53ce9bc5228c0305ebfec697f20ae00de45fa61eb94,https://furman.campuslabs.com/engage/legacy/organization/furman-futones/DocumentLibrary/view/1792360,2020-08-21T13:26:54,application/octet-stream; charset=utf-8,FUtones_ByLaws.docx
furman-futones,1969289,Constitution/Bylaws,constitution,2021,data/orgs/furman-futones/documents/2021/constitution_constitutionbylaws_1969289.pdf,c8672ffd90704c2cc68ce4e7975cdcd54dd7764b971720f4703e2518286a25d8,https://furman.campuslabs.com/engage/legacy/organization/furman-futones/DocumentLibrary/view/1969289,2021-08-29T11:12:51,application/octet-stream; charset=utf-8,FUtones_ByLaws_(1).pdf
furman-futones,2107165,Constitution/Bylaws,constitution,2022,data/orgs/furman-futones/documents/2022/constitution_constitutionbylaws_2107165.docx,b3eb984e6b4330fc9a186794012e64ed7364176557d0af829e2d5fef11baf7ba,https://furman.campuslabs.com/engage/legacy/organization/furman-futones/DocumentLibrary/view/2107165,2022-08-15T14:51:15,application/octet-stream; charset=utf-8,FUtones_ByLaws_.docx
furman-futones,2256544,Constitution/Bylaws,constitution,2023,data/orgs/furman-futones/documents/2023/constitution_constitutionbylaws_2256544.docx,b3eb984e6b4330fc9a186794012e64ed7364176557d0af829e2d5fef11baf7ba,https://furman.campuslabs.com/engage/legacy/organization/furman-futones/DocumentLibrary/view/2256544,2023-08-23T15:29:10,application/octet-stream; charset=utf-8,FUtones_ByLaws_.docx
furman-futones,2386643,Constitution/Bylaws,constitution,2024,data/orgs/furman-futones/documents/2024/constitution_constitutionbylaws_2386643.docx,89522bfbf8a8c707223f3c3651ecbcdc61c5631b06479fd1e4de0e2230627caf,https://furman.campuslabs.com/engage/legacy/organization/furman-futones/DocumentLibrary/view/2386643,2024-08-13T13:25:05,application/octet-stream; charset=utf-8,FUtones_ByLaws_.docx
furman-futones,2499841,Constitution/Bylaws,constitution,2025,data/orgs/furman-futones/documents/2025/constitution_constitutionbylaws_2499841.docx,89522bfbf8a8c707223f3c3651ecbcdc61c5631b06479fd1e4de0e2230627caf,https://furman.campuslabs.com/engage/legacy/organization/furman-futones/DocumentLibrary/view/2499841,2025-08-18T14:28:31,application/octet-stream; charset=utf-8,FUtones_ByLaws_.docx
fugha,2401929,Constitution/Bylaws,constitution,2024,data/orgs/fugha/documents/2024/constitution_constitutionbylaws_2401929.pdf,2ea4bff08d51bcd1544e5bac2b0352c76d04621b243870a6db08619eea3ba857,https://furman.campuslabs.com/engage/legacy/organization/fugha/DocumentLibrary/view/2401929,2024-11-11T00:11:09,application/octet-stream; charset=utf-8,Furman_Global_Health_Alliance_Club_Constitution.pdf
fugha,2499842,Constitution/Bylaws,constitution,2025,data/orgs/fugha/documents/2025/constitution_constitutionbylaws_2499842.pdf,3e39b04976d17ad3e9eccf2bfcb04b445e2a3ae3605cacf99bfdc699d4b576dc,https://furman.campuslabs.com/engage/legacy/organization/fugha/DocumentLibrary/view/2499842,2025-08-17T15:07:32,application/octet-stream; charset=utf-8,Furman_Global_Health_Alliance_Club_Constitution-3.pdf
fugha,2487084,Furman Global Health Alliance Club Constitution 2025-2026.pdf,constitution,2025,data/orgs/fugha/documents/2025/constitution_furman_global_health_alliance_club_constitution_2025-2026pdf_2487084.pdf,3e39b04976d17ad3e9eccf2bfcb04b445e2a3ae3605cacf99bfdc699d4b576dc,https://furman.campuslabs.com/engage/legacy/organization/fugha/DocumentLibrary/view/2487084,2025-08-28T12:17:01,application/octet-stream; charset=utf-8,Furman_Global_Health_Alliance_Club_Constitution.pdf
furman-university-gospel-ensemble,697363,Constitution/Bylaws,constitution,2018,data/orgs/furman-university-gospel-ensemble/documents/2018/constitution_constitutionbylaws_697363.doc,b6a837d4c59bebaafad26081c4d38f4a0fb870370f6692fc2e72ae97af3aa790,https://furman.campuslabs.com/engage/legacy/organization/furman-university-gospel-ensemble/DocumentLibrary/view/697363,2018-01-23T12:24:58,application/octet-stream; charset=utf-8,FUGE_Constitution_2017.doc
furman-university-gospel-ensemble,775052,Constitution/Bylaws,constitution,2018,data/orgs/furman-university-gospel-ensemble/documents/2018/constitution_constitutionbylaws_775052.doc,b6a837d4c59bebaafad26081c4d38f4a0fb870370f6692fc2e72ae97af3aa790,https://furman.campuslabs.com/engage/legacy/organization/furman-university-gospel-ensemble/DocumentLibrary/view/775052,2018-05-07T15:07:22,application/octet-stream; charset=utf-8,FUGE_Constitution_2017.doc
furman-university-gospel-ensemble,1442609,Constitution/Bylaws,constitution,2019,data/orgs/furman-university-gospel-ensemble/documents/2019/constitution_constitutionbylaws_1442609.doc,13f7e38b315ab523c6935523ea6e8ffc53d5431c614c73cbfac699bab2f62169,https://furman.campuslabs.com/engage/legacy/organization/furman-university-gospel-ensemble/DocumentLibrary/view/1442609,2019-04-30T16:39:30,application/octet-stream; charset=utf-8,FUGE_Constitution_2019.doc
furman-university-gospel-ensemble,1792361,Constitution/Bylaws,constitution,2020,data/orgs/furman-university-gospel-ensemble/documents/2020/constitution_constitutionbylaws_1792361.pdf,fc2a8d2c4311b5e0994f9dd067fde72dcd50d2d28aafba69ed24a2e0c6c4c533,https://furman.campuslabs.com/engage/legacy/organization/furman-university-gospel-ensemble/DocumentLibrary/view/1792361,2020-08-22T14:33:14,application/octet-stream; charset=utf-8,FUGE_Constitution_2019.pdf
furman-university-gospel-ensemble,1970395,Constitution/Bylaws,constitution,2021,data/orgs/furman-university-gospel-ensemble/documents/2021/constitution_constitutionbylaws_1970395.pdf,fc2a8d2c4311b5e0994f9dd067fde72dcd50d2d28aafba69ed24a2e0c6c4c533,https://furman.campuslabs.com/engage/legacy/organization/furman-university-gospel-ensemble/DocumentLibrary/view/1970395,2021-08-12T15:00:37,application/octet-stream; charset=utf-8,FUGE_Constitution_2019.pdf
furman-university-gospel-ensemble,2100628,Constitution/Bylaws,constitution,2022,data/orgs/furman-university-gospel-ensemble/documents/2022/constitution_constitutionbylaws_2100628.pdf,fc2a8d2c4311b5e0994f9dd067fde72dcd50d2d28aafba69ed24a2e0c6c4c533,https://furman.campuslabs.com/engage/legacy/organization/furman-university-gospel-ensemble/DocumentLibrary/view/2100628,2022-08-15T22:44:05,application/octet-stream; charset=utf-8,FUGE_Constitution.pdf
furman-university-gospel-ensemble,2256545,Constitution/Bylaws,constitution,2023,data/orgs/furman-university-gospel-ensemble/documents/2023/constitution_constitutionbylaws_2256545.pdf,47f02752b1c6e250c477e5174628723ad3705f4fb8bd3466eec5209a3909b628,https://furman.campuslabs.com/engage/legacy/organization/furman-university-gospel-ensemble/DocumentLibrary/view/2256545,2023-08-21T14:24:53,application/octet-stream; charset=utf-8,FUGE_Constitution_2023.pdf
furman-university-gospel-ensemble,2386644,Constitution/Bylaws,constitution,2024,data/orgs/furman-university-gospel-ensemble/documents/2024/constitution_constitutionbylaws_2386644.docx,d808f72243201feefbbb02c7397d971c97f97a2293302eafcb86d1d7dde05e55,https://furman.campuslabs.com/engage/legacy/organization/furman-university-gospel-ensemble/DocumentLibrary/view/2386644,2024-08-26T15:59:56,application/octet-stream; charset=utf-8,FUGE_Constitution_2024-2025.docx
furman-university-gospel-ensemble,2499843,Constitution/Bylaws,constitution,2025,data/orgs/furman-university-gospel-ensemble/documents/2025/constitution_constitutionbylaws_2499843.docx,9e019558812a65a34b919e6a46a7711bfbd62f593db0c7f1618ba5b34567bed5,https://furman.campuslabs.com/engage/legacy/organization/furman-university-gospel-ensemble/DocumentLibrary/view/2499843,2025-08-25T11:40:07,application/octet-stream; charset=utf-8,FUGE_Constitution_2025-2026.docx
furman-university-gospel-ensemble,2494516,FUGE_Constitution_2025-2026.docx,constitution,2025,data/orgs/furman-university-gospel-ensemble/documents/2025/constitution_fuge_constitution_2025-2026docx_2494516.docx,9e019558812a65a34b919e6a46a7711bfbd62f593db0c7f1618ba5b34567bed5,https://furman.campuslabs.com/engage/legacy/organization/furman-university-gospel-ensemble/DocumentLibrary/view/2494516,2025-09-09T00:17:58,application/octet-stream; charset=utf-8,FUGE_Constitution_2025-2026.docx
grillclub,1917767,Constitution/Bylaws,constitution,2021,data/orgs/grillclub/documents/2021/constitution_constitutionbylaws_1917767.pdf,9ab8dbfcef1712024c6f708a4906379fe6876499ae03826c5f1f87b2c29d1343,https://furman.campuslabs.com/engage/legacy/organization/GRILLCLUB/DocumentLibrary/view/1917767,2021-05-10T12:22:08,application/octet-stream; charset=utf-8,Grill_Club_Constitution.pdf
grillclub,1967923,Constitution/Bylaws,constitution,2021,data/orgs/grillclub/documents/2021/constitution_constitutionbylaws_1967923.pdf,1519d4243d1642023a2efa9a9699367a815314fa5e49167c50302b84a7014415,https://furman.campuslabs.com/engage/legacy/organization/GRILLCLUB/DocumentLibrary/view/1967923,2021-08-16T20:06:09,application/octet-stream; charset=utf-8,Grill_Club_Constitution.pdf
grillclub,2101261,Constitution/Bylaws,constitution,2022,data/orgs/grillclub/documents/2022/constitution_constitutionbylaws_2101261.docx,278e0bb5edd3dcd38985ac48123bb4a53de430f517332b287ba6a894576b5dcd,https://furman.campuslabs.com/engage/legacy/organization/GRILLCLUB/DocumentLibrary/view/2101261,2022-08-08T12:51:33,application/octet-stream; charset=utf-8,Grill_Club_Bylaws_(Spring_2022).docx
grillclub,2256546,Constitution/Bylaws,constitution,2023,data/orgs/grillclub/documents/2023/constitution_constitutionbylaws_2256546.docx,791a9c53b3dd335223645cd38d0dd7a7399e9dd62c096c828231c039a00174d2,https://furman.campuslabs.com/engage/legacy/organization/GRILLCLUB/DocumentLibrary/view/2256546,2023-08-09T18:44:18,application/octet-stream; charset=utf-8,Grill_Club_Bylaws_(Fall_2023).docx
grillclub,2386645,Constitution/Bylaws,constitution,2024,data/orgs/grillclub/documents/2024/constitution_constitutionbylaws_2386645.docx,134d86d6f633a4068cf984a505952907b6ebbd936da45d9604c20575ac9bf7e2,https://furman.campuslabs.com/engage/legacy/organization/GRILLCLUB/DocumentLibrary/view/2386645,2024-08-14T15:28:46,application/octet-stream; charset=utf-8,Grill_Club_Bylaws_(Fall_2023).docx
grillclub,2499844,Constitution/Bylaws,constitution,2025,data/orgs/grillclub/documents/2025/constitution_constitutionbylaws_2499844.docx,791a9c53b3dd335223645cd38d0dd7a7399e9dd62c096c828231c039a00174d2,https://furman.campuslabs.com/engage/legacy/organization/GRILLCLUB/DocumentLibrary/view/2499844,2025-08-09T10:34:11,application/octet-stream; charset=utf-8,Grill_Club_Bylaws_(Fall_2023)_(1).docx
grillclub,2484486,FUGC Constitution.pdf,constitution,2025,data/orgs/grillclub/documents/2025/constitution_fugc_constitutionpdf_2484486.pdf,41c492a9daef2e2a9efd61d893dc18df44a6c6fcae7de510e2a4e9ad3439e61f,https://furman.campuslabs.com/engage/legacy/organization/GRILLCLUB/DocumentLibrary/view/2484486,2025-08-25T15:34:21,application/octet-stream; charset=utf-8,FUGC_Constitution.pdf
fu-health-majors-club,2276972,Constitution and Bylaws of Furman University’s Health Majors Club.pdf,constitution,2023,data/orgs/fu-health-majors-club/documents/2023/constitution_constitution_and_bylaws_of_furman_universitys_health_majors_clubpdf_2276972.bin,34fb1ef84ee09e2cc23c097b152697bb7a1f04bb1ad7497678d259ba78e1f7f7,https://furman.campuslabs.com/engage/legacy/organization/fu-health-majors-club/DocumentLibrary/view/2276972,2023-11-28T09:46:02,application/octet-stream; charset=utf-8,
fu-health-majors-club,2386646,Constitution/Bylaws,constitution,2024,data/orgs/fu-health-majors-club/documents/2024/constitution_constitutionbylaws_2386646.pdf,9d1f8380eb79260727e2e375f60307426b8ace09a0654f25abca28a9111feb69,https://furman.campuslabs.com/engage/legacy/organization/fu-health-majors-club/DocumentLibrary/view/2386646,2024-08-16T16:56:28,application/octet-stream; charset=utf-8,Constitution__Bylaws_(24-25).pdf
fu-health-majors-club,2499845,Constitution/Bylaws,constitution,2025,data/orgs/fu-health-majors-club/documents/2025/constitution_constitutionbylaws_2499845.pdf,8d78baca615cf5c9425f5fd73599e68b88dbd11901767553290d52c0d68247ed,https://furman.campuslabs.com/engage/legacy/organization/fu-health-majors-club/DocumentLibrary/view/2499845,2025-08-25T20:50:29,application/octet-stream; charset=utf-8,constitution_bylaws_for_FU_health_majors_club.pdf
fu-health-majors-club,1084671,Constitution/Bylaws,constitution,2019,data/orgs/fu-health-majors-club/documents/2019/constitution_constitutionbylaws_1084671.docx,62c06f8dc64b971b2844fccf35f5a7d650c62d65a3230b5741878047f57b0ebb,https://furman.campuslabs.com/engage/legacy/organization/fu-health-majors-club/DocumentLibrary/view/1084671,2019-03-26T14:14:40,application/octet-stream; charset=utf-8,Constitution_for_Furman_University_Health_Sciences_Majors_Club_.docx
fu-health-majors-club,1792299,Constitution/Bylaws,constitution,2020,data/orgs/fu-health-majors-club/documents/2020/constitution_constitutionbylaws_1792299.docx,3e5c98029e2f6f6396796bee1057b324852a211406880fe5b4b363238a00af7e,https://furman.campuslabs.com/engage/legacy/organization/fu-health-majors-club/DocumentLibrary/view/1792299,2020-08-20T11:19:44,application/octet-stream; charset=utf-8,Constitution_for_Furman_University_Health_Sciences_Majors_Club_-2020.docx
fu-health-majors-club,1968079,Constitution/Bylaws,constitution,2021,data/orgs/fu-health-majors-club/documents/2021/constitution_constitutionbylaws_1968079.docx,94dadf9b9952ad570893595f56f1ee29c99a6949daecd0a99ff5adfb0749e6ef,https://furman.campuslabs.com/engage/legacy/organization/fu-health-majors-club/DocumentLibrary/view/1968079,2021-08-12T08:42:15,application/octet-stream; charset=utf-8,Constitution_for_Furman_University_Health_Sciences_Majors_Club_-2021.docx
fu-health-majors-club,2100635,Constitution/Bylaws,constitution,2022,data/orgs/fu-health-majors-club/documents/2022/constitution_constitutionbylaws_2100635.docx,8d576186f97980170075fac33c93aba545c98b88a62ba11d7bd8aa7f38d2581f,https://furman.campuslabs.com/engage/legacy/organization/fu-health-majors-club/DocumentLibrary/view/2100635,2022-08-22T09:37:03,application/octet-stream; charset=utf-8,Constitution_for_Furman_University_Health_Sciences_Majors_Club_-2022.docx
fu-health-majors-club,2256647,Constitution/Bylaws,constitution,2023,data/orgs/fu-health-majors-club/documents/2023/constitution_constitutionbylaws_2256647.docx,d8501bcb83ac2b753b213092a5b863e16accc15278b9f1620564882e5b5385ed,https://furman.campuslabs.com/engage/legacy/organization/fu-health-majors-club/DocumentLibrary/view/2256647,2023-09-12T14:02:03,application/octet-stream; charset=utf-8,Constitution_for_Furman_University_Health_Sciences_Majors_Club_.docx
fu_hosa,2401930,Constitution/Bylaws,constitution,2024,data/orgs/fu_hosa/documents/2024/constitution_constitutionbylaws_2401930.pdf,14d5a7f2dbdcf2c52b626acd49d08b912e7d69cd2ee5fd244eab6fdc0e5a2af6,https://furman.campuslabs.com/engage/legacy/organization/fu_hosa/DocumentLibrary/view/2401930,2024-11-04T21:31:18,application/octet-stream; charset=utf-8,HOSA_Constitution_and_Bylaws_(2).pdf
fu_hosa,2499846,Constitution/Bylaws,constitution,2025,data/orgs/fu_hosa/documents/2025/constitution_constitutionbylaws_2499846.pdf,14d5a7f2dbdcf2c52b626acd49d08b912e7d69cd2ee5fd244eab6fdc0e5a2af6,https://furman.campuslabs.com/engage/legacy/organization/fu_hosa/DocumentLibrary/view/2499846,2025-08-25T16:47:54,application/octet-stream; charset=utf-8,HOSA_Constitution_and_Bylaws_(2).pdf
furman-university-international-student-associatio,688727,Constitution/Bylaws,constitution,2017,data/orgs/furman-university-international-student-associatio/documents/2017/constitution_constitutionbylaws_688727.doc,0c30a9d93d5bd3019bc9c951238366dd120666ed2bd634a9f55428cec6f70305,https://furman.campuslabs.com/engage/legacy/organization/furman-university-international-student-associatio/DocumentLibrary/view/688727,2017-12-25T12:34:34,application/octet-stream; charset=utf-8,Constitution.doc
furman-university-international-student-associatio,775064,Constitution/Bylaws,constitution,2018,data/orgs/furman-university-international-student-associatio/documents/2018/constitution_constitutionbylaws_775064.docx,cd19e7bb7ab3cf6bd36b3ce41d5d58ae6d967d04e2a1472297293a4fa68799cf,https://furman.campuslabs.com/engage/legacy/organization/furman-university-international-student-associatio/DocumentLibrary/view/775064,2018-05-07T22:14:33,application/octet-stream; charset=utf-8,FUISA_Constitution.docx
furman-university-international-student-associatio,1792362,Constitution/Bylaws,constitution,2020,data/orgs/furman-university-international-student-associatio/documents/2020/constitution_constitutionbylaws_1792362.docx,3abed1626c89620674d9f2d3e87d09e428aa45c3b7f833492aafcd9b869e7c9a,https://furman.campuslabs.com/engage/legacy/organization/furman-university-international-student-associatio/DocumentLibrary/view/1792362,2020-08-24T21:03:18,application/octet-stream; charset=utf-8,FUISA_Constitution.docx
furman-university-international-student-associatio,1968539,Constitution/Bylaws,constitution,2021,data/orgs/furman-university-international-student-associatio/documents/2021/constitution_constitutionbylaws_1968539.docx,3abed1626c89620674d9f2d3e87d09e428aa45c3b7f833492aafcd9b869e7c9a,https://furman.campuslabs.com/engage/legacy/organization/furman-university-international-student-associatio/DocumentLibrary/view/1968539,2021-08-30T14:01:04,application/octet-stream; charset=utf-8,FUISA_Constitution.docx
furman-university-international-student-associatio,2109427,Constitution/Bylaws,constitution,2022,data/orgs/furman-university-international-student-associatio/documents/2022/constitution_constitutionbylaws_2109427.docx,bf0a96a55fd776ec1b62ec1b6b138b2ad587ce8c249dfa76c98872560034d0b5,https://furman.campuslabs.com/engage/legacy/organization/furman-university-international-student-associatio/DocumentLibrary/view/2109427,2022-08-16T15:03:24,application/octet-stream; charset=utf-8,FUISA_Constitution_22-23.docx
furman-university-international-student-associatio,2256550,Constitution/Bylaws,constitution,2023,data/orgs/furman-university-international-student-associatio/documents/2023/constitution_constitutionbylaws_2256550.docx,bf0a96a55fd776ec1b62ec1b6b138b2ad587ce8c249dfa76c98872560034d0b5,https://furman.campuslabs.com/engage/legacy/organization/furman-university-international-student-associatio/DocumentLibrary/view/2256550,2023-08-22T12:54:57,application/octet-stream; charset=utf-8,FUISA_Constitution_23-24.docx
furman-university-international-student-associatio,2386647,Constitution/Bylaws,constitution,2024,data/orgs/furman-university-international-student-associatio/documents/2024/constitution_constitutionbylaws_2386647.docx,de83a7f861f986f059118716cf99b055235a8760657e0681b86288503b32d334,https://furman.campuslabs.com/engage/legacy/organization/furman-university-international-student-associatio/DocumentLibrary/view/2386647,2024-08-14T10:57:51,application/octet-stream; charset=utf-8,FUISA_Constitution_24-25.docx
furman-university-international-student-associatio,2499847,Constitution/Bylaws,constitution,2025,data/orgs/furman-university-international-student-associatio/documents/2025/constitution_constitutionbylaws_2499847.doc,0c30a9d93d5bd3019bc9c951238366dd120666ed2bd634a9f55428cec6f70305,https://furman.campuslabs.com/engage/legacy/organization/furman-university-international-student-associatio/DocumentLibrary/view/2499847,2025-08-28T18:56:13,application/octet-stream; charset=utf-8,Constitution.doc
furman-university-investment-club,2114063,Constitution/Bylaws,constitution,2022,data/orgs/furman-university-investment-club/documents/2022/constitution_constitutionbylaws_2114063.pdf,cdaef8bced389bdc683b04e433af7782708aa963882398e324a30b702a050b3a,https://furman.campuslabs.com/engage/legacy/organization/furman-university-investment-club/DocumentLibrary/view/2114063,2022-08-09T22:38:49,application/octet-stream; charset=utf-8,FUIC_2022_Bylaws.pdf
furman-university-investment-club,2256551,Constitution/Bylaws,constitution,2023,data/orgs/furman-university-investment-club/documents/2023/constitution_constitutionbylaws_2256551.pdf,cdaef8bced389bdc683b04e433af7782708aa963882398e324a30b702a050b3a,https://furman.campuslabs.com/engage/legacy/organization/furman-university-investment-club/DocumentLibrary/view/2256551,2023-08-13T14:09:35,application/octet-stream; charset=utf-8,FUIC_2023_Bylaws.pdf
furman-university-investment-club,2386648,Constitution/Bylaws,constitution,2024,data/orgs/furman-university-investment-club/documents/2024/constitution_constitutionbylaws_2386648.docx,4714593b56355cb90b8695edb4fdae37504835301a0dd057ea8e2ff9b919907d,https://furman.campuslabs.com/engage/legacy/organization/furman-university-investment-club/DocumentLibrary/view/2386648,2024-09-02T22:08:52,application/octet-stream; charset=utf-8,Investment_Club_-_By_Laws.docx
furman-university-investment-club,2499848,Constitution/Bylaws,constitution,2025,data/orgs/furman-university-investment-club/documents/2025/constitution_constitutionbylaws_2499848.docx,b3d96d6a3639c6232bcfd3030e184ce93029afb787b1705f235e2c341a86d4ae,https://furman.campuslabs.com/engage/legacy/organization/furman-university-investment-club/DocumentLibrary/view/2499848,2025-08-10T14:57:02,application/octet-stream; charset=utf-8,Investment_Club_-_By_Laws_(1).docx
furman-university-investment-club,697341,Constitution/Bylaws,constitution,2018,data/orgs/furman-university-investment-club/documents/2018/constitution_constitutionbylaws_697341.pdf,cdaef8bced389bdc683b04e433af7782708aa963882398e324a30b702a050b3a,https://furman.campuslabs.com/engage/legacy/organization/furman-university-investment-club/DocumentLibrary/view/697341,2018-01-22T16:06:33,application/octet-stream; charset=utf-8,FUIC_2017-2018_Investment_Policy_Statement.pdf
furman-university-investment-club,752964,Constitution/Bylaws,constitution,2018,data/orgs/furman-university-investment-club/documents/2018/constitution_constitutionbylaws_752964.pdf,cdaef8bced389bdc683b04e433af7782708aa963882398e324a30b702a050b3a,https://furman.campuslabs.com/engage/legacy/organization/furman-university-investment-club/DocumentLibrary/view/752964,2018-04-11T09:18:00,application/octet-stream; charset=utf-8,FUIC_2017-2018_Investment_Policy_Statement.pdf
furman-university-investment-club,1793936,Constitution/Bylaws,constitution,2020,data/orgs/furman-university-investment-club/documents/2020/constitution_constitutionbylaws_1793936.pdf,cdaef8bced389bdc683b04e433af7782708aa963882398e324a30b702a050b3a,https://furman.campuslabs.com/engage/legacy/organization/furman-university-investment-club/DocumentLibrary/view/1793936,2020-08-25T13:55:11,application/octet-stream; charset=utf-8,FUIC_2017-2018_Investment_Policy_Statement.pdf
furman-university-investment-club,1976158,Constitution/Bylaws,constitution,2021,data/orgs/furman-university-investment-club/documents/2021/constitution_constitutionbylaws_1976158.pdf,cdaef8bced389bdc683b04e433af7782708aa963882398e324a30b702a050b3a,https://furman.campuslabs.com/engage/legacy/organization/furman-university-investment-club/DocumentLibrary/view/1976158,2021-08-09T10:30:35,application/octet-stream; charset=utf-8,FUIC_2021_Investment_Policy_Statement.pdf
furman-university-jazz-ensemble,690147,Constitution/Bylaws,constitution,2017,data/orgs/furman-university-jazz-ensemble/documents/2017/constitution_constitutionbylaws_690147.pdf,fac5cdeb96a7c68524a6f1b17d6cae43123363aae496541cce2bb34a49d1d839,https://furman.campuslabs.com/engage/legacy/organization/furman-university-jazz-ensemble/DocumentLibrary/view/690147,2017-12-22T14:49:49,application/octet-stream; charset=utf-8,BylawsandConstitution.pdf
furman-university-jazz-ensemble,752965,Constitution/Bylaws,constitution,2018,data/orgs/furman-university-jazz-ensemble/documents/2018/constitution_constitutionbylaws_752965.pdf,48c8913aaee39094479175f8c1767acd979833125ff36604f09dc22db8495900,https://furman.campuslabs.com/engage/legacy/organization/furman-university-jazz-ensemble/DocumentLibrary/view/752965,2018-04-12T09:54:33,application/octet-stream; charset=utf-8,FU_JE_Constitution.pdf
furman-university-jazz-ensemble,1084198,Constitution/Bylaws,constitution,2019,data/orgs/furman-university-jazz-ensemble/documents/2019/constitution_constitutionbylaws_1084198.pdf,ae37fc958ae934e5ff619a2dd86f8746e94836666a265ee45893fbd4b62834d0,https://furman.campuslabs.com/engage/legacy/organization/furman-university-jazz-ensemble/DocumentLibrary/view/1084198,2019-03-28T16:17:15,application/octet-stream; charset=utf-8,FU_JE_Constitution.pdf
furman-university-jazz-ensemble,1792363,Constitution/Bylaws,constitution,2020,data/orgs/furman-university-jazz-ensemble/documents/2020/constitution_constitutionbylaws_1792363.pdf,ae37fc958ae934e5ff619a2dd86f8746e94836666a265ee45893fbd4b62834d0,https://furman.campuslabs.com/engage/legacy/organization/furman-university-jazz-ensemble/DocumentLibrary/view/1792363,2020-08-23T12:08:44,application/octet-stream; charset=utf-8,FU_JE_Constitution.pdf
furman-university-jazz-ensemble,1967233,Constitution/Bylaws,constitution,2021,data/orgs/furman-university-jazz-ensemble/documents/2021/constitution_constitutionbylaws_1967233.pdf,ae37fc958ae934e5ff619a2dd86f8746e94836666a265ee45893fbd4b62834d0,https://furman.campuslabs.com/engage/legacy/organization/furman-university-jazz-ensemble/DocumentLibrary/view/1967233,2021-08-18T13:09:48,application/octet-stream; charset=utf-8,FU_JE_Constitution.pdf
furman-university-jazz-ensemble,2101267,Constitution/Bylaws,constitution,2022,data/orgs/furman-university-jazz-ensemble/documents/2022/constitution_constitutionbylaws_2101267.pdf,9ec6dc1aa3753146605fb7a615c05ae69240779f3bcfb01319ceb945aa360d2a,https://furman.campuslabs.com/engage/legacy/organization/furman-university-jazz-ensemble/DocumentLibrary/view/2101267,2022-08-26T13:58:16,application/octet-stream; charset=utf-8,FU_JE_Constitution_copy.pdf
furman-university-jazz-ensemble,2256552,Constitution/Bylaws,constitution,2023,data/orgs/furman-university-jazz-ensemble/documents/2023/constitution_constitutionbylaws_2256552.doc,9aa476de3f3917e8fad181ba166ca835e193f25373bbf8c1a02e6873ba269f90,https://furman.campuslabs.com/engage/legacy/organization/furman-university-jazz-ensemble/DocumentLibrary/view/2256552,2023-08-18T12:55:09,application/octet-stream; charset=utf-8,FU_JE_Constitution_REVISED_2023.doc
furman-university-jazz-ensemble,2386649,Constitution/Bylaws,constitution,2024,data/orgs/furman-university-jazz-ensemble/documents/2024/constitution_constitutionbylaws_2386649.pdf,d241378d5e96c68de2d46c4c6a60e36c1a3221ef654c24be1b1e643ad7adb98e,https://furman.campuslabs.com/engage/legacy/organization/furman-university-jazz-ensemble/DocumentLibrary/view/2386649,2024-08-26T09:08:08,application/octet-stream; charset=utf-8,FU_JE_Constitution_REVISED_2024.pdf
furman-university-jazz-ensemble,2499849,Constitution/Bylaws,constitution,2025,data/orgs/furman-university-jazz-ensemble/documents/2025/constitution_constitutionbylaws_2499849.docx,6cfffcec49253c19836701c04112dabdf4dccfeaf61fb7ac4ff30b3bcc4b43c9,https://furman.campuslabs.com/engage/legacy/organization/furman-university-jazz-ensemble/DocumentLibrary/view/2499849,2025-08-26T14:17:07,application/octet-stream; charset=utf-8,FU_JE_Constitution_REVISED_2025.docx
furman-university-jazz-ensemble,2175472,FU JE Constitution REVISED 2023.pdf,constitution,2023,data/orgs/furman-university-jazz-ensemble/documents/2023/constitution_fu_je_constitution_revised_2023pdf_2175472.pdf,a894fddefa332bc896469db9a3eeee773acffc2fc3ed37986a6dc720bb5879f0,https://furman.campuslabs.com/engage/legacy/organization/furman-university-jazz-ensemble/DocumentLibrary/view/2175472,2023-03-15T13:42:32,application/octet-stream; charset=utf-8,FU_JE_Constitution_REVISED_2023.pdf
linguisticsclub,2317930,Constitution/Bylaws,constitution,2024,data/orgs/linguisticsclub/documents/2024/constitution_constitutionbylaws_2317930.docx,8571dec852b12083db1e84a4047e0dd6a52da528436a7abb94bb209672cf3866,https://furman.campuslabs.com/engage/legacy/organization/linguisticsclub/DocumentLibrary/view/2317930,2024-04-21T23:20:29,application/octet-stream; charset=utf-8,FULC_Constitution_-_Revised_4.08.24.docx
linguisticsclub,2386650,Constitution/Bylaws,constitution,2024,data/orgs/linguisticsclub/documents/2024/constitution_constitutionbylaws_2386650.docx,1cda4d8a6db0e543fe388548e9a384fef1340f2788e9a936070afe9d7392c050,https://furman.campuslabs.com/engage/legacy/organization/linguisticsclub/DocumentLibrary/view/2386650,2024-08-26T20:20:37,application/octet-stream; charset=utf-8,FULC_Constitution_-_Revised_8.26.24.docx
linguisticsclub,2499850,Constitution/Bylaws,constitution,2025,data/orgs/linguisticsclub/documents/2025/constitution_constitutionbylaws_2499850.docx,d21dce30724466e0d207f458404f90451674109b3cd2b88b60fa17c6352805a7,https://furman.campuslabs.com/engage/legacy/organization/linguisticsclub/DocumentLibrary/view/2499850,2025-08-27T22:36:33,application/octet-stream; charset=utf-8,FULC_Constitution_-_Revised_8.26.25.docx
furman-univeristy-men-s-rugby,695039,Constitution/Bylaws,constitution,2018,data/orgs/furman-univeristy-men-s-rugby/documents/2018/constitution_constitutionbylaws_695039.pdf,e4fa29260067fea76a82bbe1c8107f72f03b6bc38d348ffb372b1ef2acbe6332,https://furman.campuslabs.com/engage/legacy/organization/furman-univeristy-men-s-rugby/DocumentLibrary/view/695039,2018-01-21T10:26:10,application/octet-stream; charset=utf-8,Consitution_P1.pdf
furman-univeristy-men-s-rugby,837589,Constitution/Bylaws,constitution,2018,data/orgs/furman-univeristy-men-s-rugby/documents/2018/constitution_constitutionbylaws_837589.pdf,bf1f6b04c84900fc237e3575f364e02b8d0193759146737894371bf6bdf9dd0e,https://furman.campuslabs.com/engage/legacy/organization/furman-univeristy-men-s-rugby/DocumentLibrary/view/837589,2018-05-22T11:13:06,application/octet-stream; charset=utf-8,Constitution.pdf
furman-univeristy-men-s-rugby,1107715,Constitution/Bylaws,constitution,2019,data/orgs/furman-univeristy-men-s-rugby/documents/2019/constitution_constitutionbylaws_1107715.pdf,f5b3b2244aa222e7ddbc604a4fc8a2e7e0af8aa17d7dbd9a56ea9257569780e4,https://furman.campuslabs.com/engage/legacy/organization/furman-univeristy-men-s-rugby/DocumentLibrary/view/1107715,2019-04-17T09:30:50,application/octet-stream; charset=utf-8,Constitution2019Final.pdf
furman-univeristy-men-s-rugby,1486334,Constitution/Bylaws,constitution,2019,data/orgs/furman-univeristy-men-s-rugby/documents/2019/constitution_constitutionbylaws_1486334.docx,86584fbb139a1f3665a8ac7881e72b4162c9a0b0dff8081c2b64bf2509050db4,https://furman.campuslabs.com/engage/legacy/organization/furman-univeristy-men-s-rugby/DocumentLibrary/view/1486334,2019-09-10T16:39:56,application/octet-stream; charset=utf-8,FURugbyConstitution2019.docx
furman-univeristy-men-s-rugby,1792364,Constitution/Bylaws,constitution,2020,data/orgs/furman-univeristy-men-s-rugby/documents/2020/constitution_constitutionbylaws_1792364.docx,86584fbb139a1f3665a8ac7881e72b4162c9a0b0dff8081c2b64bf2509050db4,https://furman.campuslabs.com/engage/legacy/organization/furman-univeristy-men-s-rugby/DocumentLibrary/view/1792364,2020-08-24T13:38:34,application/octet-stream; charset=utf-8,FURugbyConstitution2019.docx
furman-univeristy-men-s-rugby,1968217,Constitution/Bylaws,constitution,2021,data/orgs/furman-univeristy-men-s-rugby/documents/2021/constitution_constitutionbylaws_1968217.docx,8d32bc5713d430c51245532233e60dbe9dc83a6e6c1466d57cadb3b4c3ddce88,https://furman.campuslabs.com/engage/legacy/organization/furman-univeristy-men-s-rugby/DocumentLibrary/view/1968217,2021-08-27T10:33:05,application/octet-stream; charset=utf-8,FURugbyConstitution2021.docx
furman-univeristy-men-s-rugby,2103569,Constitution/Bylaws,constitution,2022,data/orgs/furman-univeristy-men-s-rugby/documents/2022/constitution_constitutionbylaws_2103569.pdf,0c7ff57915efe088c692e9e397fe9c28ab323dac9ae0af9b084e5b32e3d4eb31,https://furman.campuslabs.com/engage/legacy/organization/furman-univeristy-men-s-rugby/DocumentLibrary/view/2103569,2022-08-21T14:31:10,application/octet-stream; charset=utf-8,SportsClubConstitution.pdf
furman-univeristy-men-s-rugby,2256553,Constitution/Bylaws,constitution,2023,data/orgs/furman-univeristy-men-s-rugby/documents/2023/constitution_constitutionbylaws_2256553.pdf,0c7ff57915efe088c692e9e397fe9c28ab323dac9ae0af9b084e5b32e3d4eb31,https://furman.campuslabs.com/engage/legacy/organization/furman-univeristy-men-s-rugby/DocumentLibrary/view/2256553,2023-08-21T14:20:52,application/octet-stream; charset=utf-8,SportsClubConstitution.pdf
furman-univeristy-men-s-rugby,2386651,Constitution/Bylaws,constitution,2024,data/orgs/furman-univeristy-men-s-rugby/documents/2024/constitution_constitutionbylaws_2386651.pdf,0c7ff57915efe088c692e9e397fe9c28ab323dac9ae0af9b084e5b32e3d4eb31,https://furman.campuslabs.com/engage/legacy/organization/furman-univeristy-men-s-rugby/DocumentLibrary/view/2386651,2024-08-12T11:14:03,application/octet-stream; charset=utf-8,SportsClubConstitution.pdf
furman-univeristy-men-s-rugby,2499851,Constitution/Bylaws,constitution,2025,data/orgs/furman-univeristy-men-s-rugby/documents/2025/constitution_constitutionbylaws_2499851.pdf,0c7ff57915efe088c692e9e397fe9c28ab323dac9ae0af9b084e5b32e3d4eb31,https://furman.campuslabs.com/engage/legacy/organization/furman-univeristy-men-s-rugby/DocumentLibrary/view/2499851,2025-08-10T13:36:44,application/octet-stream; charset=utf-8,SportsClubConstitution_(1).pdf
syncdin,2273892,Constitution/Bylaws,constitution,2023,data/orgs/syncdin/documents/2023/constitution_constitutionbylaws_2273892.bin,71c79764348d8db1c1bfa2398aa5f4e798eced928786a03ad5114d55bfeafce4,https://furman.campuslabs.com/engage/legacy/organization/SyncDin/DocumentLibrary/view/2273892,2023-11-07T13:03:58,application/octet-stream; charset=utf-8,
syncdin,2386652,Constitution/Bylaws,constitution,2024,data/orgs/syncdin/documents/2024/constitution_constitutionbylaws_2386652.bin,6e984cd89dafb938ec74276709529348d92293e7517424ffdace1a5cc75a96b1,https://furman.campuslabs.com/engage/legacy/organization/SyncDin/DocumentLibrary/view/2386652,2024-08-30T12:12:23,application/octet-stream; charset=utf-8,
syncdin,2499852,Constitution/Bylaws,constitution,2025,data/orgs/syncdin/documents/2025/constitution_constitutionbylaws_2499852.bin,6e984cd89dafb938ec74276709529348d92293e7517424ffdace1a5cc75a96b1,https://furman.campuslabs.com/engage/legacy/organization/SyncDin/DocumentLibrary/view/2499852,2025-09-10T10:47:55,application/octet-stream; charset=utf-8,
fumun,2437348,Constitution/Bylaws,constitution,2025,data/orgs/fumun/documents/2025/constitution_constitutionbylaws_2437348.pdf,50ff6b3b4c38dbba4a37d9ed7068fde9bfd28f5fcbd43439e50c092cf0993b96,https://furman.campuslabs.com/engage/legacy/organization/fumun/DocumentLibrary/view/2437348,2025-03-27T12:34:08,application/octet-stream; charset=utf-8,FU_MUN_Constitution.pdf
fumun,2499853,Constitution/Bylaws,constitution,2025,data/orgs/fumun/documents/2025/constitution_constitutionbylaws_2499853.pdf,048292740c02e015d03bffe81d47d771556e78437b7533beec1ca50f469a0693,https://furman.campuslabs.com/engage/legacy/organization/fumun/DocumentLibrary/view/2499853,2025-08-20T12:54:06,application/octet-stream; charset=utf-8,FU_MUN_Constitution_(1).pdf
musiccompositionsociety,2437349,Constitution/Bylaws,constitution,2025,data/orgs/musiccompositionsociety/documents/2025/constitution_constitutionbylaws_2437349.pdf,f79e71e2515532698ff66124610c95a558b38124e5a64d68ac20e1d554d6cfdc,https://furman.campuslabs.com/engage/legacy/organization/musiccompositionsociety/DocumentLibrary/view/2437349,2025-03-26T21:54:50,application/octet-stream; charset=utf-8,Music_Composition_Society_Constitution__Bylaws_3_26.pdf
musiccompositionsociety,2499854,Constitution/Bylaws,constitution,2025,data/orgs/musiccompositionsociety/documents/2025/constitution_constitutionbylaws_2499854.pdf,459fbd73bfd35d7d6a80530c736dfe0a20755b66bda3e805bd7a908cc561e9b7,https://furman.campuslabs.com/engage/legacy/organization/musiccompositionsociety/DocumentLibrary/view/2499854,2025-08-12T11:26:19,application/octet-stream; charset=utf-8,Music_Composition_Society_Constitution__Bylaws_3_26.pdf
func,1442610,Constitution/Bylaws,constitution,2019,data/orgs/func/documents/2019/constitution_constitutionbylaws_1442610.docx,6dd58ca6248f4516d8f5b5dc60b2319c261e736776252660de9957f98cfe598e,https://furman.campuslabs.com/engage/legacy/organization/func/DocumentLibrary/view/1442610,2019-03-14T10:40:56,application/octet-stream; charset=utf-8,FUNC_Constitution.docx
func,1792365,Constitution/Bylaws,constitution,2020,data/orgs/func/documents/2020/constitution_constitutionbylaws_1792365.docx,3fe22f27cc862b553c42754b2ea9d9ff59bc6b9134c18489fa769662991a1d73,https://furman.campuslabs.com/engage/legacy/organization/func/DocumentLibrary/view/1792365,2020-08-18T16:54:31,application/octet-stream; charset=utf-8,FUNC_Constitution.docx
func,1979672,Constitution/Bylaws,constitution,2021,data/orgs/func/documents/2021/constitution_constitutionbylaws_1979672.docx,6b856b444e44b41a5802c7ac7f2bfca59df3450b1d20e36d80b6a6136377bb28,https://furman.campuslabs.com/engage/legacy/organization/func/DocumentLibrary/view/1979672,2021-08-23T11:47:15,application/octet-stream; charset=utf-8,FUNC_Constitution.docx
func,2103565,Constitution/Bylaws,constitution,2022,data/orgs/func/documents/2022/constitution_constitutionbylaws_2103565.docx,ea226cac94754d73232d4f118078cf70edc4ed087c8319df6f857c7bddcac23c,https://furman.campuslabs.com/engage/legacy/organization/func/DocumentLibrary/view/2103565,2022-08-30T21:27:46,application/octet-stream; charset=utf-8,FUNC_Constitution_copy.docx
func,2256554,Constitution/Bylaws,constitution,2023,data/orgs/func/documents/2023/constitution_constitutionbylaws_2256554.pdf,5a0faf6ca7c8950e1a82b5cdfa56007ced736be8e2779571f80acaba23920fa6,https://furman.campuslabs.com/engage/legacy/organization/func/DocumentLibrary/view/2256554,2023-08-27T17:56:51,application/octet-stream; charset=utf-8,FUNC_Constitution_copy.pdf
func,2398655,Constitution/Bylaws,constitution,2024,data/orgs/func/documents/2024/constitution_constitutionbylaws_2398655.pdf,1f6a16338a7119797a694f62a44a2021b76f928a3e00c4c12c397bc345706158,https://furman.campuslabs.com/engage/legacy/organization/func/DocumentLibrary/view/2398655,2024-10-23T15:14:45,application/octet-stream; charset=utf-8,FUNC_by_laws.pdf
func,2499855,Constitution/Bylaws,constitution,2025,data/orgs/func/documents/2025/constitution_constitutionbylaws_2499855.docx,40d44cf9bcf89f742adb61716ddca8052bc8cfda5e75c33e99867ba4e385a6b4,https://furman.campuslabs.com/engage/legacy/organization/func/DocumentLibrary/view/2499855,2025-08-12T13:33:21,application/octet-stream; charset=utf-8,FUNC_by_laws.docx
func,1085301,FUNC Constitution,constitution,2019,data/orgs/func/documents/2019/constitution_func_constitution_1085301.docx,6dd58ca6248f4516d8f5b5dc60b2319c261e736776252660de9957f98cfe598e,https://furman.campuslabs.com/engage/legacy/organization/func/DocumentLibrary/view/1085301,2019-04-05T18:28:48,application/octet-stream; charset=utf-8,FUNC_Constitution.docx
func-radio,1793949,Constitution/Bylaws,constitution,2020,data/orgs/func-radio/documents/2020/constitution_constitutionbylaws_1793949.docx,35e267a73b98ef617a75e0cf3b1dc67ad76b8b24d830b1b9127f242efc94c24b,https://furman.campuslabs.com/engage/legacy/organization/func-radio/DocumentLibrary/view/1793949,2020-08-25T14:26:07,application/octet-stream; charset=utf-8,WPLS_constitution.docx
func-radio,2386653,Constitution/Bylaws,constitution,2024,data/orgs/func-radio/documents/2024/constitution_constitutionbylaws_2386653.docx,aad12e8ff89802b50bbc5cccbeda54c643f53eb844cbd889694602fa246ed869,https://furman.campuslabs.com/engage/legacy/organization/func-radio/DocumentLibrary/view/2386653,2024-08-28T20:14:37,application/octet-stream; charset=utf-8,FUNC_Constitution-2.docx
func-radio,2499856,Constitution/Bylaws,constitution,2025,data/orgs/func-radio/documents/2025/constitution_constitutionbylaws_2499856.docx,4d87656a48b2f848435510b6c755bbf40344a8c7ba3f688c9e748573e9355f24,https://furman.campuslabs.com/engage/legacy/organization/func-radio/DocumentLibrary/view/2499856,2025-08-13T13:23:22,application/octet-stream; charset=utf-8,FUNC_Constitution-2_(1).docx
spirituallife,695989,Constitution/Bylaws,constitution,2018,data/orgs/spirituallife/documents/2018/constitution_constitutionbylaws_695989.pdf,f751e80e050e055f057c7d8ebf1c0b8a6fc2a228c35da73af38f19b9a906930c,https://furman.campuslabs.com/engage/legacy/organization/spirituallife/DocumentLibrary/view/695989,2018-01-22T10:32:41,application/octet-stream; charset=utf-8,Spiritual_Life_Mission_Statement.pdf
furman-university-outdoors-club,689100,Constitution/Bylaws,constitution,2017,data/orgs/furman-university-outdoors-club/documents/2017/constitution_constitutionbylaws_689100.docx,aa58e28f0504c254af38ce3cf9802ad88d9342bb6a485c85cd233ef8440226d9,https://furman.campuslabs.com/engage/legacy/organization/furman-university-outdoors-club/DocumentLibrary/view/689100,2017-12-21T17:43:12,application/octet-stream; charset=utf-8,NEW_FUOC_Constitution.docx
furman-university-outdoors-club,752967,Constitution/Bylaws,constitution,2018,data/orgs/furman-university-outdoors-club/documents/2018/constitution_constitutionbylaws_752967.docx,f2d218499464364891ed93bc54551390cca23451c893525e958732824292c6df,https://furman.campuslabs.com/engage/legacy/organization/furman-university-outdoors-club/DocumentLibrary/view/752967,2018-04-13T14:17:07,application/octet-stream; charset=utf-8,NEW_FUOC_Constitution.docx
furman-university-outdoors-club,752968,Constitution/Bylaws,constitution,2018,data/orgs/furman-university-outdoors-club/documents/2018/constitution_constitutionbylaws_752968.docx,f2d218499464364891ed93bc54551390cca23451c893525e958732824292c6df,https://furman.campuslabs.com/engage/legacy/organization/furman-university-outdoors-club/DocumentLibrary/view/752968,2018-04-13T14:17:07,application/octet-stream; charset=utf-8,NEW_FUOC_Constitution.docx
furman-university-outdoors-club,1084204,Constitution/Bylaws,constitution,2019,data/orgs/furman-university-outdoors-club/documents/2019/constitution_constitutionbylaws_1084204.doc,1bce02cfb30570f78220456be67dc0a441fe7fdff03ea520fb9e70947e1d7046,https://furman.campuslabs.com/engage/legacy/organization/furman-university-outdoors-club/DocumentLibrary/view/1084204,2019-04-01T10:41:53,application/octet-stream; charset=utf-8,FUOC_Constitution_2.14.15.doc
furman-university-outdoors-club,1084205,Constitution/Bylaws,constitution,2019,data/orgs/furman-university-outdoors-club/documents/2019/constitution_constitutionbylaws_1084205.doc,1bce02cfb30570f78220456be67dc0a441fe7fdff03ea520fb9e70947e1d7046,https://furman.campuslabs.com/engage/legacy/organization/furman-university-outdoors-club/DocumentLibrary/view/1084205,2019-04-01T10:41:53,application/octet-stream; charset=utf-8,FUOC_Constitution_2.14.15.doc
furman-university-outdoors-club,1792366,Constitution/Bylaws,constitution,2020,data/orgs/furman-university-outdoors-club/documents/2020/constitution_constitutionbylaws_1792366.docx,9e87f7dfb66a6502ab9aa66e2b6f52ec19a2e74cbc60d54766c4e57a9cbd191b,https://furman.campuslabs.com/engage/legacy/organization/furman-university-outdoors-club/DocumentLibrary/view/1792366,2020-08-23T13:53:53,application/octet-stream; charset=utf-8,FUOC_Constitution.docx
furman-university-outdoors-club,1967252,Constitution/Bylaws,constitution,2021,data/orgs/furman-university-outdoors-club/documents/2021/constitution_constitutionbylaws_1967252.doc,15c4aa1c8af8469c6615395f269c8388aae500b61080849e11b5e9083f75e9b1,https://furman.campuslabs.com/engage/legacy/organization/furman-university-outdoors-club/DocumentLibrary/view/1967252,2021-08-11T23:01:28,application/octet-stream; charset=utf-8,FUOC_Constitution_Last_Updated_01_12_2021.doc
furman-university-outdoors-club,2100630,Constitution/Bylaws,constitution,2022,data/orgs/furman-university-outdoors-club/documents/2022/constitution_constitutionbylaws_2100630.pdf,70f8abd7bf391e3d797dad771c03ed62658a9cc2e647d827872c1adb06475eb1,https://furman.campuslabs.com/engage/legacy/organization/furman-university-outdoors-club/DocumentLibrary/view/2100630,2022-08-21T21:14:28,application/octet-stream; charset=utf-8,Constitucion_Bylaws.pdf
furman-university-outdoors-club,2256555,Constitution/Bylaws,constitution,2023,data/orgs/furman-university-outdoors-club/documents/2023/constitution_constitutionbylaws_2256555.pdf,51deacfea9045b8383a3d7c7e55fb80aab76a7c45bc0884b252b93ea6b68098f,https://furman.campuslabs.com/engage/legacy/organization/furman-university-outdoors-club/DocumentLibrary/view/2256555,2023-08-13T18:00:27,application/octet-stream; charset=utf-8,Constitution_of_the_Furman_University_Outdoor_Club.pdf
furman-university-outdoors-club,2386654,Constitution/Bylaws,constitution,2024,data/orgs/furman-university-outdoors-club/documents/2024/constitution_constitutionbylaws_2386654.pdf,51deacfea9045b8383a3d7c7e55fb80aab76a7c45bc0884b252b93ea6b68098f,https://furman.campuslabs.com/engage/legacy/organization/furman-university-outdoors-club/DocumentLibrary/view/2386654,2024-08-12T15:07:30,application/octet-stream; charset=utf-8,Constitution_of_the_Furman_University_Outdoor_Club.pdf
furman-university-outdoors-club,2499857,Constitution/Bylaws,constitution,2025,data/orgs/furman-university-outdoors-club/documents/2025/constitution_constitutionbylaws_2499857.pdf,51deacfea9045b8383a3d7c7e55fb80aab76a7c45bc0884b252b93ea6b68098f,https://furman.campuslabs.com/engage/legacy/organization/furman-university-outdoors-club/DocumentLibrary/view/2499857,2025-08-22T23:30:45,application/octet-stream; charset=utf-8,Constitution_of_the_Furman_University_Outdoor_Club.pdf
furman-university-outdoors-club,1808563,Final FUOC Consitution/Bylaws.doc,constitution,2020,data/orgs/furman-university-outdoors-club/documents/2020/constitution_final_fuoc_consitutionbylawsdoc_1808563.doc,d7417bc367cfb03d4f8fbdf9e734443c23cf9240002bfa2805f1604c126860cf,https://furman.campuslabs.com/engage/legacy/organization/furman-university-outdoors-club/DocumentLibrary/view/1808563,2020-09-06T14:51:05,application/octet-stream; charset=utf-8,Final_FUOC_Consitution.doc
pauper-players,2011600,Constitution & Bylaws Fall 2021.docx,constitution,2021,data/orgs/pauper-players/documents/2021/constitution_constitution_bylaws_fall_2021docx_2011600.docx,a69e1a65e74d2d4f1d4c23cf87ee52ab56d712926a7f90b68a0e8f2379b4f841,https://furman.campuslabs.com/engage/legacy/organization/pauper-players/DocumentLibrary/view/2011600,2021-11-21T12:16:47,application/octet-stream; charset=utf-8,Constitution__Bylaws_Fall_2021.docx
pauper-players,2102462,Constitution/Bylaws,constitution,2022,data/orgs/pauper-players/documents/2022/constitution_constitutionbylaws_2102462.pdf,e34743a304532d5cedf276fd58027d7404e9bec0698b15e5f75b98efb4a02ae6,https://furman.campuslabs.com/engage/legacy/organization/pauper-players/DocumentLibrary/view/2102462,2022-08-09T22:11:21,application/octet-stream; charset=utf-8,Constitution__Bylaws_Fall_2021.pdf
pauper-players,2256556,Constitution/Bylaws,constitution,2023,data/orgs/pauper-players/documents/2023/constitution_constitutionbylaws_2256556.pdf,e34743a304532d5cedf276fd58027d7404e9bec0698b15e5f75b98efb4a02ae6,https://furman.campuslabs.com/engage/legacy/organization/pauper-players/DocumentLibrary/view/2256556,2023-08-21T18:01:05,application/octet-stream; charset=utf-8,Constitution__Bylaws_Fall_2021.pdf
pauper-players,2386655,Constitution/Bylaws,constitution,2024,data/orgs/pauper-players/documents/2024/constitution_constitutionbylaws_2386655.pdf,d4245235c8832043b3df55e64170aae3f85eb3d0f5173d27bfd8a931f7147e55,https://furman.campuslabs.com/engage/legacy/organization/pauper-players/DocumentLibrary/view/2386655,2024-08-17T21:11:28,application/octet-stream; charset=utf-8,Furman_Pauper_Players_Constitution.docx.pdf
pauper-players,2499858,Constitution/Bylaws,constitution,2025,data/orgs/pauper-players/documents/2025/constitution_constitutionbylaws_2499858.pdf,d4245235c8832043b3df55e64170aae3f85eb3d0f5173d27bfd8a931f7147e55,https://furman.campuslabs.com/engage/legacy/organization/pauper-players/DocumentLibrary/view/2499858,2025-08-15T13:10:50,application/octet-stream; charset=utf-8,Furman_Pauper_Players_Constitution.docx.pdf
pauper-players,688779,Constitution/Bylaws,constitution,2017,data/orgs/pauper-players/documents/2017/constitution_constitutionbylaws_688779.pdf,330306f2ffade2f511a3c7fe982de4c9c9c59b683f8f540eda205f463e47109b,https://furman.campuslabs.com/engage/legacy/organization/pauper-players/DocumentLibrary/view/688779,2017-12-21T20:51:44,application/octet-stream; charset=utf-8,Constitution.pdf
pauper-players,752971,Constitution/Bylaws,constitution,2018,data/orgs/pauper-players/documents/2018/constitution_constitutionbylaws_752971.pdf,330306f2ffade2f511a3c7fe982de4c9c9c59b683f8f540eda205f463e47109b,https://furman.campuslabs.com/engage/legacy/organization/pauper-players/DocumentLibrary/view/752971,2018-04-06T17:39:50,application/octet-stream; charset=utf-8,Constitution.pdf
pauper-players,1084206,Constitution/Bylaws,constitution,2019,data/orgs/pauper-players/documents/2019/constitution_constitutionbylaws_1084206.pdf,9eb5d20b7aae83458ee993e7502ba7bc7d57293c76dc6543b4c0c9322f9fbad8,https://furman.campuslabs.com/engage/legacy/organization/pauper-players/DocumentLibrary/view/1084206,2019-03-31T15:11:39,application/octet-stream; charset=utf-8,Bylaws_and_Constitution.pdf
pauper-players,1793937,Constitution/Bylaws,constitution,2020,data/orgs/pauper-players/documents/2020/constitution_constitutionbylaws_1793937.pdf,b2b825be403c7a3975e75b9fa9578980bf794ce3b5b67d9e3e5fe3cfc7e8b171,https://furman.campuslabs.com/engage/legacy/organization/pauper-players/DocumentLibrary/view/1793937,2020-08-25T12:53:40,application/octet-stream; charset=utf-8,Bylaws.pdf
pauper-players,1967253,Constitution/Bylaws,constitution,2021,data/orgs/pauper-players/documents/2021/constitution_constitutionbylaws_1967253.pdf,54d803764466800426f00b8aeacc94043b15ed35728d4eeea8dd76b71bb1e174,https://furman.campuslabs.com/engage/legacy/organization/pauper-players/DocumentLibrary/view/1967253,2021-08-08T20:45:12,application/octet-stream; charset=utf-8,Constitution__Bylaws.pdf
furman-university-philosophy-club,1948547,2021-22 Constitution/Bylaws,constitution,2021,data/orgs/furman-university-philosophy-club/documents/2021/constitution_2021-22_constitutionbylaws_1948547.docx,3ace968e687bf0e6ae4d704442942863e6139da8a69c5d2e92c35a555202f4a2,https://furman.campuslabs.com/engage/legacy/organization/furman-university-philosophy-club/DocumentLibrary/view/1948547,2021-08-08T21:31:51,application/octet-stream; charset=utf-8,Philosophy_Club_Constitution__(1).docx
furman-university-philosophy-club,1967266,Constitution/Bylaws,constitution,2021,data/orgs/furman-university-philosophy-club/documents/2021/constitution_constitutionbylaws_1967266.docx,8a7e5a2b03867151a7c81648eb13c1e5a767951b68617ff7af6601b033f57058,https://furman.campuslabs.com/engage/legacy/organization/furman-university-philosophy-club/DocumentLibrary/view/1967266,2021-08-08T21:27:32,application/octet-stream; charset=utf-8,Kant.docx
furman-university-philosophy-club,2100631,Constitution/Bylaws,constitution,2022,data/orgs/furman-university-philosophy-club/documents/2022/constitution_constitutionbylaws_2100631.docx,1d75b30037b3c2f8449ea2d3fac0235e8acea23ae6880476655c5d28875fee34,https://furman.campuslabs.com/engage/legacy/organization/furman-university-philosophy-club/DocumentLibrary/view/2100631,2022-08-12T16:07:27,application/octet-stream; charset=utf-8,Philosophy_Club_Constitution-22-23.docx
furman-university-philosophy-club,2256557,Constitution/Bylaws,constitution,2023,data/orgs/furman-university-philosophy-club/documents/2023/constitution_constitutionbylaws_2256557.docx,568d4e99a10e2ef154b4417fe1b2ccf692709081b33910f41771a9a97d0c77d8,https://furman.campuslabs.com/engage/legacy/organization/furman-university-philosophy-club/DocumentLibrary/view/2256557,2023-08-20T14:16:57,application/octet-stream; charset=utf-8,Philosophy_Club_Constitution.docx
furman-university-philosophy-club,2386656,Constitution/Bylaws,constitution,2024,data/orgs/furman-university-philosophy-club/documents/2024/constitution_constitutionbylaws_2386656.docx,568d4e99a10e2ef154b4417fe1b2ccf692709081b33910f41771a9a97d0c77d8,https://furman.campuslabs.com/engage/legacy/organization/furman-university-philosophy-club/DocumentLibrary/view/2386656,2024-08-12T14:19:00,application/octet-stream; charset=utf-8,Philosophy_Club_Constitution_(1).docx
furman-university-philosophy-club,694456,Constitution/Bylaws,constitution,2018,data/orgs/furman-university-philosophy-club/documents/2018/constitution_constitutionbylaws_694456.doc,e80a04ccf7bf3cbf178c54ad97f07c6bd990fdbca778544d59a7883798b93e45,https://furman.campuslabs.com/engage/legacy/organization/furman-university-philosophy-club/DocumentLibrary/view/694456,2018-01-17T09:11:47,application/octet-stream; charset=utf-8,Philosophy_Club_Constitution_-_2018.doc
furman-university-philosophy-club,759558,Constitution/Bylaws,constitution,2018,data/orgs/furman-university-philosophy-club/documents/2018/constitution_constitutionbylaws_759558.docx,61410868953475503c5c4c06f619bef1c6a0980e9de40330886f30cf3bb72e96,https://furman.campuslabs.com/engage/legacy/organization/furman-university-philosophy-club/DocumentLibrary/view/759558,2018-04-17T13:56:36,application/octet-stream; charset=utf-8,Philosophy_Club_Constitution_.docx
furman-university-philosophy-club,1084207,Constitution/Bylaws,constitution,2019,data/orgs/furman-university-philosophy-club/documents/2019/constitution_constitutionbylaws_1084207.docx,6c9fd348069385f24eca13e39dc79315aed7ea1ae7f87d01c787790a8541cc1c,https://furman.campuslabs.com/engage/legacy/organization/furman-university-philosophy-club/DocumentLibrary/view/1084207,2019-03-31T12:40:48,application/octet-stream; charset=utf-8,Philosophy_Club_Constitution_.docx
furman-university-philosophy-club,1792367,Constitution/Bylaws,constitution,2020,data/orgs/furman-university-philosophy-club/documents/2020/constitution_constitutionbylaws_1792367.docx,6951f977a349d518605ca9cd2b4c0efb65f78ad1dd3ee110a95e50108f0a4469,https://furman.campuslabs.com/engage/legacy/organization/furman-university-philosophy-club/DocumentLibrary/view/1792367,2020-08-17T17:38:13,application/octet-stream; charset=utf-8,Philosophy_Club_Constitution_.docx
furman-university-philosophy-club,2499859,Constitution/Bylaws,constitution,2025,data/orgs/furman-university-philosophy-club/documents/2025/constitution_constitutionbylaws_2499859.docx,844c4a708f16cf11f759b62d4f1849a51bf211debbef525ee2a016c307fc1d8f,https://furman.campuslabs.com/engage/legacy/organization/furman-university-philosophy-club/DocumentLibrary/view/2499859,2025-08-16T20:18:14,application/octet-stream; charset=utf-8,Philosophy_Club_Constitution_(1).docx
furman-university-philosophy-club,2478439,Philosophy Club Constitution.docx,constitution,2025,data/orgs/furman-university-philosophy-club/documents/2025/constitution_philosophy_club_constitutiondocx_2478439.docx,080b1b482a7bf56e79a0b85336ac8527b8a167fa68197f4691f0353bca820ab8,https://furman.campuslabs.com/engage/legacy/organization/furman-university-philosophy-club/DocumentLibrary/view/2478439,2025-08-16T20:35:39,application/octet-stream; charset=utf-8,Philosophy_Club_Constitution.docx
fupa,2442503,Constitution/Bylaws,constitution,2025,data/orgs/fupa/documents/2025/constitution_constitutionbylaws_2442503.pdf,b593565608c3358db0ee94c08c92270bf542ecefc35c67bc5561cf38003af791,https://furman.campuslabs.com/engage/legacy/organization/FUPA/DocumentLibrary/view/2442503,2025-04-13T17:47:10,application/octet-stream; charset=utf-8,Furman_University_Ping_Pong_Association_Constitution_Bylaws.pdf
fupa,2499860,Constitution/Bylaws,constitution,2025,data/orgs/fupa/documents/2025/constitution_constitutionbylaws_2499860.pdf,b593565608c3358db0ee94c08c92270bf542ecefc35c67bc5561cf38003af791,https://furman.campuslabs.com/engage/legacy/organization/FUPA/DocumentLibrary/view/2499860,2025-09-09T13:05:47,application/octet-stream; charset=utf-8,Furman_University_Ping_Pong_Association_Constitution_Bylaws.pdf
fupdc,1082478,Constitution/Bylaws,constitution,2019,data/orgs/fupdc/documents/2019/constitution_constitutionbylaws_1082478.pdf,5c90bcc71035b67c348cca84e42b8b537c7ab4071db5202f08078aff84c5b0a8,https://furman.campuslabs.com/engage/legacy/organization/fupdc/DocumentLibrary/view/1082478,2019-03-31T18:46:26,application/octet-stream; charset=utf-8,FUPDC_Constitution.pdf
fupdc,1084231,Constitution/Bylaws,constitution,2019,data/orgs/fupdc/documents/2019/constitution_constitutionbylaws_1084231.docx,6c426f68139796434b099fa808c59d90c0d3c55a3eba392a8ae5a4b9e6c1aa52,https://furman.campuslabs.com/engage/legacy/organization/fupdc/DocumentLibrary/view/1084231,2019-04-02T12:13:53,application/octet-stream; charset=utf-8,FUPDC_Constitution.docx
fupdc,1792368,Constitution/Bylaws,constitution,2020,data/orgs/fupdc/documents/2020/constitution_constitutionbylaws_1792368.docx,6c426f68139796434b099fa808c59d90c0d3c55a3eba392a8ae5a4b9e6c1aa52,https://furman.campuslabs.com/engage/legacy/organization/fupdc/DocumentLibrary/view/1792368,2020-08-18T16:42:34,application/octet-stream; charset=utf-8,FUPDC_Constitution.docx
fupdc,1967915,Constitution/Bylaws,constitution,2021,data/orgs/fupdc/documents/2021/constitution_constitutionbylaws_1967915.docx,c2b12bbf9c9ceec4f56dcff3fb20b3619d0b02df03ee1f91be67b0f7cf6a6a8d,https://furman.campuslabs.com/engage/legacy/organization/fupdc/DocumentLibrary/view/1967915,2021-08-20T11:41:08,application/octet-stream; charset=utf-8,FUPDC_Constitution.docx
fupdc,2103567,Constitution/Bylaws,constitution,2022,data/orgs/fupdc/documents/2022/constitution_constitutionbylaws_2103567.docx,7fa0dfd67a4f994b7165a7a6ae2d3b324dd82dc0c018e8f23acb9851dee4edf9,https://furman.campuslabs.com/engage/legacy/organization/fupdc/DocumentLibrary/view/2103567,2022-08-30T18:10:18,application/octet-stream; charset=utf-8,Predental_Bylaws.docx
fupdc,2256559,Constitution/Bylaws,constitution,2023,data/orgs/fupdc/documents/2023/constitution_constitutionbylaws_2256559.docx,357fa7a2d744f18d4135300f4bed7bc0c040fcf0fb903289343f537ea1ef503b,https://furman.campuslabs.com/engage/legacy/organization/fupdc/DocumentLibrary/view/2256559,2023-08-21T10:55:36,application/octet-stream; charset=utf-8,Pre-Dental_Club_Constitution.docx
fupdc,2398656,Constitution/Bylaws,constitution,2024,data/orgs/fupdc/documents/2024/constitution_constitutionbylaws_2398656.docx,357fa7a2d744f18d4135300f4bed7bc0c040fcf0fb903289343f537ea1ef503b,https://furman.campuslabs.com/engage/legacy/organization/fupdc/DocumentLibrary/view/2398656,2024-10-25T16:21:14,application/octet-stream; charset=utf-8,Pre-Dental_Club_Constitution.docx
fupdc,2499861,Constitution/Bylaws,constitution,2025,data/orgs/fupdc/documents/2025/constitution_constitutionbylaws_2499861.docx,357fa7a2d744f18d4135300f4bed7bc0c040fcf0fb903289343f537ea1ef503b,https://furman.campuslabs.com/engage/legacy/organization/fupdc/DocumentLibrary/view/2499861,2025-09-11T20:07:14,application/octet-stream; charset=utf-8,Pre-Dental_Club_Constitution.docx
fupdc,2103082,Pre-Dental Club Constitution.docx,constitution,2022,data/orgs/fupdc/documents/2022/constitution_pre-dental_club_constitutiondocx_2103082.docx,357fa7a2d744f18d4135300f4bed7bc0c040fcf0fb903289343f537ea1ef503b,https://furman.campuslabs.com/engage/legacy/organization/fupdc/DocumentLibrary/view/2103082,2022-08-30T18:17:42,application/octet-stream; charset=utf-8,Pre-Dental_Club_Constitution.docx
furman-university-responders,2386657,Constitution/Bylaws,constitution,2024,data/orgs/furman-university-responders/documents/2024/constitution_constitutionbylaws_2386657.docx,946c5a526d92524f8d24feab93337f36cf2e5ae629a2961d026fde230799b2d0,https://furman.campuslabs.com/engage/legacy/organization/furman-university-responders/DocumentLibrary/view/2386657,2024-08-10T09:06:13,application/octet-stream; charset=utf-8,FU_Responders_Club_Bylaws_2024-2025.docx
furman-university-responders,2499862,Constitution/Bylaws,constitution,2025,data/orgs/furman-university-responders/documents/2025/constitution_constitutionbylaws_2499862.pdf,d5e510b824a969a9249e3462055af7db6f36091a710cafe1ed14497b78e2efac,https://furman.campuslabs.com/engage/legacy/organization/furman-university-responders/DocumentLibrary/view/2499862,2025-08-27T13:35:49,application/octet-stream; charset=utf-8,FU_Responders_Club_Bylaws_2024-2025.pdf
furman-university-responders,694471,Constitution/Bylaws,constitution,2018,data/orgs/furman-university-responders/documents/2018/constitution_constitutionbylaws_694471.bin,06605b63e8d3790a87301f2955a2a901f52136a8a80ef029007c3514c9d04269,https://furman.campuslabs.com/engage/legacy/organization/furman-university-responders/DocumentLibrary/view/694471,2018-01-12T15:58:52,application/octet-stream; charset=utf-8,
furman-university-responders,752973,Constitution/Bylaws,constitution,2018,data/orgs/furman-university-responders/documents/2018/constitution_constitutionbylaws_752973.pdf,a29a5c0fd3feff969c8f9e275a1e369f2baac6cba43589e49ad94aa83419a9ed,https://furman.campuslabs.com/engage/legacy/organization/furman-university-responders/DocumentLibrary/view/752973,2018-04-08T13:11:12,application/octet-stream; charset=utf-8,Constitution_and_Bylaws.pdf
furman-university-responders,1084261,Constitution/Bylaws,constitution,2019,data/orgs/furman-university-responders/documents/2019/constitution_constitutionbylaws_1084261.pdf,a29a5c0fd3feff969c8f9e275a1e369f2baac6cba43589e49ad94aa83419a9ed,https://furman.campuslabs.com/engage/legacy/organization/furman-university-responders/DocumentLibrary/view/1084261,2019-03-28T19:41:18,application/octet-stream; charset=utf-8,Constitution_and_Bylaws.pdf
furman-university-responders,1793938,Constitution/Bylaws,constitution,2020,data/orgs/furman-university-responders/documents/2020/constitution_constitutionbylaws_1793938.docx,f75d7acf49fc39a3ff77b3deeb2338abdec82225e8b16f30d54cb8a5329d6066,https://furman.campuslabs.com/engage/legacy/organization/furman-university-responders/DocumentLibrary/view/1793938,2020-08-25T12:50:13,application/octet-stream; charset=utf-8,FUR_Bylaws.docx
furman-university-responders,1967916,Constitution/Bylaws,constitution,2021,data/orgs/furman-university-responders/documents/2021/constitution_constitutionbylaws_1967916.docx,a253704c1d4cf42aab7e523bf117f6088ea0aff43111b3a3af9e491828cb2298,https://furman.campuslabs.com/engage/legacy/organization/furman-university-responders/DocumentLibrary/view/1967916,2021-08-09T10:01:22,application/octet-stream; charset=utf-8,FU_Responders_Club_Bylaws_2021-2022.docx
furman-university-responders,2106128,Constitution/Bylaws,constitution,2022,data/orgs/furman-university-responders/documents/2022/constitution_constitutionbylaws_2106128.docx,68b403b4fead30e0a7272673c39572ffaf8b8f2e522e2a80015d0390e77165a2,https://furman.campuslabs.com/engage/legacy/organization/furman-university-responders/DocumentLibrary/view/2106128,2022-08-31T22:51:05,application/octet-stream; charset=utf-8,FU_Responders_Club_Bylaws_2022-23.docx
furman-university-responders,2256646,Constitution/Bylaws,constitution,2023,data/orgs/furman-university-responders/documents/2023/constitution_constitutionbylaws_2256646.docx,68b403b4fead30e0a7272673c39572ffaf8b8f2e522e2a80015d0390e77165a2,https://furman.campuslabs.com/engage/legacy/organization/furman-university-responders/DocumentLibrary/view/2256646,2023-09-05T23:00:10,application/octet-stream; charset=utf-8,FU_Responders_Club_Bylaws_2022-23.docx
furman-university-responders,2263040,FU Responders Bylaws 2023-2024,constitution,2023,data/orgs/furman-university-responders/documents/2023/constitution_fu_responders_bylaws_2023-2024_2263040.docx,c9a0bc0f28e2299433c78f09e31711be0c1b14f5888977bdf002c4f59f05f922,https://furman.campuslabs.com/engage/legacy/organization/furman-university-responders/DocumentLibrary/view/2263040,2023-10-18T20:00:01,application/octet-stream; charset=utf-8,FU_Responders_Club_Bylaws_2023-2024.docx
furman-university-responders,1881379,FU Responders Club Bylaws 2021-2022.docx,constitution,2021,data/orgs/furman-university-responders/documents/2021/constitution_fu_responders_club_bylaws_2021-2022docx_1881379.docx,a253704c1d4cf42aab7e523bf117f6088ea0aff43111b3a3af9e491828cb2298,https://furman.campuslabs.com/engage/legacy/organization/furman-university-responders/DocumentLibrary/view/1881379,2021-02-15T11:02:51,application/octet-stream; charset=utf-8,FU_Responders_Club_Bylaws_2021-2022.docx
furman-university-responders,2263997,FU Responders Club Bylaws 2023-2024 (Updated V.2).docx,constitution,2023,data/orgs/furman-university-responders/documents/2023/constitution_fu_responders_club_bylaws_2023-2024_updated_v2docx_2263997.docx,13cfa311ec4ffb1adc71c71f7f7a31954135fed3d5085b729d75a7e183c66e43,https://furman.campuslabs.com/engage/legacy/organization/furman-university-responders/DocumentLibrary/view/2263997,2023-10-20T22:42:37,application/octet-stream; charset=utf-8,FU_Responders_Club_Bylaws_2023-2024_(Updated_V.2).docx
furman-university-responders,2306763,FU Responders Club Bylaws 2024-2025.docx,constitution,2024,data/orgs/furman-university-responders/documents/2024/constitution_fu_responders_club_bylaws_2024-2025docx_2306763.docx,db36505768c61ee421d42c220c383157e88cb748ecf65eb0f6027b7a626a4a9a,https://furman.campuslabs.com/engage/legacy/organization/furman-university-responders/DocumentLibrary/view/2306763,2024-03-19T19:05:17,application/octet-stream; charset=utf-8,FU_Responders_Club_Bylaws_2024-2025.docx
climbingclub,2231909,Constitution/Bylaws,constitution,2023,data/orgs/climbingclub/documents/2023/constitution_constitutionbylaws_2231909.pdf,1e7f69538a634207b7cf28aa2ee01ca190a10f82fe21b3511ee4a501ba690102,https://furman.campuslabs.com/engage/legacy/organization/climbingclub/DocumentLibrary/view/2231909,2023-08-28T10:54:57,application/octet-stream; charset=utf-8,Climbing_Club_Constitution.pdf
climbingclub,2386658,Constitution/Bylaws,constitution,2024,data/orgs/climbingclub/documents/2024/constitution_constitutionbylaws_2386658.pdf,1e7f69538a634207b7cf28aa2ee01ca190a10f82fe21b3511ee4a501ba690102,https://furman.campuslabs.com/engage/legacy/organization/climbingclub/DocumentLibrary/view/2386658,2024-08-12T17:36:39,application/octet-stream; charset=utf-8,Climbing_Club_Constitution_(1).pdf
climbingclub,2499863,Constitution/Bylaws,constitution,2025,data/orgs/climbingclub/documents/2025/constitution_constitutionbylaws_2499863.pdf,1e7f69538a634207b7cf28aa2ee01ca190a10f82fe21b3511ee4a501ba690102,https://furman.campuslabs.com/engage/legacy/organization/climbingclub/DocumentLibrary/view/2499863,2025-08-27T09:26:06,application/octet-stream; charset=utf-8,Climbing_Club_Constitution.pdf
furmansingers,951889,Constitution/Bylaws,constitution,2018,data/orgs/furmansingers/documents/2018/constitution_constitutionbylaws_951889.pdf,12626a5a170973f72506b7ca0f71ee64c04dd1cfd749619509606df9cc71ea5c,https://furman.campuslabs.com/engage/legacy/organization/furmansingers/DocumentLibrary/view/951889,2018-08-16T16:51:46,application/octet-stream; charset=utf-8,Placement_Information_Fall_2018.pdf
fusds,2146668,Constitution/Bylaws,constitution,2022,data/orgs/fusds/documents/2022/constitution_constitutionbylaws_2146668.pdf,d64216673c81711abcbdb4c195d828f6f2bec6e846c2773070f34d857d434980,https://furman.campuslabs.com/engage/legacy/organization/FUSDS/DocumentLibrary/view/2146668,2022-11-17T12:24:36,application/octet-stream; charset=utf-8,Furman_Multicultural_Dance_Society_Constitution.pdf
fusds,2176366,Constitution/Bylaws,constitution,2023,data/orgs/fusds/documents/2023/constitution_constitutionbylaws_2176366.pdf,d64216673c81711abcbdb4c195d828f6f2bec6e846c2773070f34d857d434980,https://furman.campuslabs.com/engage/legacy/organization/FUSDS/DocumentLibrary/view/2176366,2023-03-19T22:32:17,application/octet-stream; charset=utf-8,Furman_Multicultural_Dance_Society_Constitution.pdf
fusds,2256560,Constitution/Bylaws,constitution,2023,data/orgs/fusds/documents/2023/constitution_constitutionbylaws_2256560.pdf,b98daccbbfee6eb402f79e120ef51ca5aa7b4adeb932e16052680c1ff9acc4e1,https://furman.campuslabs.com/engage/legacy/organization/FUSDS/DocumentLibrary/view/2256560,2023-08-08T18:54:25,application/octet-stream; charset=utf-8,Furman_Social_Dance_Society.pdf
fusds,2386659,Constitution/Bylaws,constitution,2024,data/orgs/fusds/documents/2024/constitution_constitutionbylaws_2386659.pdf,2da1b81269017ad6168a22322da4b588e3a46e0888617051bae12a85ef10f9ec,https://furman.campuslabs.com/engage/legacy/organization/FUSDS/DocumentLibrary/view/2386659,2024-09-05T22:04:27,application/octet-stream; charset=utf-8,Furman_Social_Dance_Society_2024.pdf
fusds,2499864,Constitution/Bylaws,constitution,2025,data/orgs/fusds/documents/2025/constitution_constitutionbylaws_2499864.pdf,b98daccbbfee6eb402f79e120ef51ca5aa7b4adeb932e16052680c1ff9acc4e1,https://furman.campuslabs.com/engage/legacy/organization/FUSDS/DocumentLibrary/view/2499864,2025-08-12T21:54:16,application/octet-stream; charset=utf-8,Furman_Social_Dance_Society_Bylaws.pdf
fusds,2312384,Furman Social Dance Society 2024.pdf,other,2024,data/orgs/fusds/documents/2024/other_furman_social_dance_society_2024pdf_2312384.pdf,2da1b81269017ad6168a22322da4b588e3a46e0888617051bae12a85ef10f9ec,https://furman.campuslabs.com/engage/legacy/organization/FUSDS/DocumentLibrary/view/2312384,2024-04-08T21:54:26,application/octet-stream; charset=utf-8,Furman_Social_Dance_Society_2024.pdf
furman-university-student-activities-board,752976,Constitution/Bylaws,constitution,2018,data/orgs/furman-university-student-activities-board/documents/2018/constitution_constitutionbylaws_752976.docx,ef9f49ed7734e54290ec1c95a2f969f4615221b244367b03a51e4e30917c53a2,https://furman.campuslabs.com/engage/legacy/organization/furman-university-student-activities-board/DocumentLibrary/view/752976,2018-04-12T23:41:52,application/octet-stream; charset=utf-8,Constitution_of_the_Furman_University_Student_Activities_Board_New.docx
furman-university-student-activities-board,1084652,Constitution/Bylaws,constitution,2019,data/orgs/furman-university-student-activities-board/documents/2019/constitution_constitutionbylaws_1084652.pdf,f825a20beb268bb96e519c38d1039bd91bf538de0951855d116116cbe4faa524,https://furman.campuslabs.com/engage/legacy/organization/furman-university-student-activities-board/DocumentLibrary/view/1084652,2019-04-01T19:02:41,application/octet-stream; charset=utf-8,FUSAB_Constitution_Spring2019-final.pdf
furman-university-student-activities-board,2101689,Constitution/Bylaws,constitution,2022,data/orgs/furman-university-student-activities-board/documents/2022/constitution_constitutionbylaws_2101689.pdf,b9dc7d29dd57d6a3ea5bfb2baf699fc30712e405a836882c355f488946f8978a,https://furman.campuslabs.com/engage/legacy/organization/furman-university-student-activities-board/DocumentLibrary/view/2101689,2022-08-17T12:28:39,application/octet-stream; charset=utf-8,FUSAB_Constitution_2021.docx.pdf
furman-university-student-activities-board,2256561,Constitution/Bylaws,constitution,2023,data/orgs/furman-university-student-activities-board/documents/2023/constitution_constitutionbylaws_2256561.pdf,4ff0e8e59371988a1bfbe9627f69385a61ec201967b66287838fef75b37d152a,https://furman.campuslabs.com/engage/legacy/organization/furman-university-student-activities-board/DocumentLibrary/view/2256561,2023-08-21T08:55:45,application/octet-stream; charset=utf-8,THE_FUSAB_CONSTITUTION__MARCH_2023.pdf
furman-university-student-activities-board,2386660,Constitution/Bylaws,constitution,2024,data/orgs/furman-university-student-activities-board/documents/2024/constitution_constitutionbylaws_2386660.docx,1c4316ca02c954669d0030b908688b05717603fded804d7848a8ada16bae53cc,https://furman.campuslabs.com/engage/legacy/organization/furman-university-student-activities-board/DocumentLibrary/view/2386660,2024-08-15T10:36:54,application/octet-stream; charset=utf-8,FUSAB_Constitution.docx
furman-university-student-activities-board,2499865,Constitution/Bylaws,constitution,2025,data/orgs/furman-university-student-activities-board/documents/2025/constitution_constitutionbylaws_2499865.pdf,92c0260d613685a487bc81bb5350e1e56f0994b11507354c23175111729e4d0e,https://furman.campuslabs.com/engage/legacy/organization/furman-university-student-activities-board/DocumentLibrary/view/2499865,2025-08-11T11:59:22,application/octet-stream; charset=utf-8,Copy_of_Constitution_of_the_Furman_University_Student_Activities_Board_2.09.pdf
furman-university-student-activities-board,1792295,Constitution/Bylaws,constitution,2020,data/orgs/furman-university-student-activities-board/documents/2020/constitution_constitutionbylaws_1792295.docx,7a3ce33b7c6e494669d2e1c909db0eef2e46457cf04ab44675d9de7c78407519,https://furman.campuslabs.com/engage/legacy/organization/furman-university-student-activities-board/DocumentLibrary/view/1792295,2020-08-17T22:43:27,application/octet-stream; charset=utf-8,FUSAB_Constitution-final-Fall19[5155].docx
furman-university-student-activities-board,1967919,Constitution/Bylaws,constitution,2021,data/orgs/furman-university-student-activities-board/documents/2021/constitution_constitutionbylaws_1967919.pdf,ea0df3c316096565d50a240c92d6f7d3fe01760ffef6d7b3e558a51a0046ea0e,https://furman.campuslabs.com/engage/legacy/organization/furman-university-student-activities-board/DocumentLibrary/view/1967919,2021-08-24T10:20:59,application/octet-stream; charset=utf-8,Constitution_of_the_Furman_University_Student_Activities_Board_New.pdf
furman-university-student-activities-board,694460,Constitution/Bylaws,constitution,2018,data/orgs/furman-university-student-activities-board/documents/2018/constitution_constitutionbylaws_694460.docx,caca8be0c8703470377748ec1acae2bd721d42b4a261bbecbf29b8a5c92416e4,https://furman.campuslabs.com/engage/legacy/organization/furman-university-student-activities-board/DocumentLibrary/view/694460,2018-01-11T13:31:25,application/octet-stream; charset=utf-8,Constitution_of_the_Furman_University_Student_Activities_Board_(1).docx
furman-university-student-activities-board,2004351,Constitution/Bylaws 2021,constitution,2021,data/orgs/furman-university-student-activities-board/documents/2021/constitution_constitutionbylaws_2021_2004351.docx,a55199d8ff30429d0523e0e4b71b9e7d4eeefb0bff63dc828fbb3e2d8f923d4d,https://furman.campuslabs.com/engage/legacy/organization/furman-university-student-activities-board/DocumentLibrary/view/2004351,2021-11-03T18:45:27,application/octet-stream; charset=utf-8,FUSAB_Constitution_2021.docx
furman-university-student-activities-board,1538159,FUSAB_Constitution-final-Fall19.docx,constitution,2019,data/orgs/furman-university-student-activities-board/documents/2019/constitution_fusab_constitution-final-fall19docx_1538159.docx,43d5ed3b5f2b45f2a3855be27c89bc910756988204338165f81f14995c03d16a,https://furman.campuslabs.com/engage/legacy/organization/furman-university-student-activities-board/DocumentLibrary/view/1538159,2019-10-30T15:02:56,application/octet-stream; charset=utf-8,FUSAB_Constitution-final-Fall19.docx
furman-university-student-activities-board,2410218,Professional Services Contract.docx,other,2025,data/orgs/furman-university-student-activities-board/documents/2025/other_professional_services_contractdocx_2410218.docx,bbdfe4b7e6434db168e2bdf286dd09d16b678722d1cb2cba7d9d2fafdee6f9d7,https://furman.campuslabs.com/engage/legacy/organization/furman-university-student-activities-board/DocumentLibrary/view/2410218,2025-01-02T17:22:27,application/octet-stream; charset=utf-8,Professional_Services_Contract_(1).docx
fusea,1967920,Constitution/Bylaws,constitution,2021,data/orgs/fusea/documents/2021/constitution_constitutionbylaws_1967920.docx,f489e57898710518a928fb1618910f08ad02ffe40a892770638b6d114aef0a4d,https://furman.campuslabs.com/engage/legacy/organization/FUSEA/DocumentLibrary/view/1967920,2021-08-27T11:18:06,application/octet-stream; charset=utf-8,FUSEA_Constitution_.docx
fusea,2100632,Constitution/Bylaws,constitution,2022,data/orgs/fusea/documents/2022/constitution_constitutionbylaws_2100632.pdf,95f9effe0b203344a57b6e6bad498c03613e82120584fae4fe4cae0ad56b2214,https://furman.campuslabs.com/engage/legacy/organization/FUSEA/DocumentLibrary/view/2100632,2022-08-08T22:50:48,application/octet-stream; charset=utf-8,FUSEA_Roles.pdf
fusea,2256563,Constitution/Bylaws,constitution,2023,data/orgs/fusea/documents/2023/constitution_constitutionbylaws_2256563.docx,280f4a149950759f565313b7bda7685b84f57967bf3c8a5414fed3c7bf5e8d8a,https://furman.campuslabs.com/engage/legacy/organization/FUSEA/DocumentLibrary/view/2256563,2023-08-16T13:17:54,application/octet-stream; charset=utf-8,FUSEA_Constitution_.docx
fusea,2386662,Constitution/Bylaws,constitution,2024,data/orgs/fusea/documents/2024/constitution_constitutionbylaws_2386662.pdf,ffaeba4ff703b26c44153a4ee593f4c55c482dfd801780c07fe9405f708c46f3,https://furman.campuslabs.com/engage/legacy/organization/FUSEA/DocumentLibrary/view/2386662,2024-08-30T10:03:53,application/octet-stream; charset=utf-8,FUSEA.pdf
fusea,1888519,Constitution/Bylaws,constitution,2021,data/orgs/fusea/documents/2021/constitution_constitutionbylaws_1888519.docx,bfc9d7e073e4136a6caa6169e9883a2f57d82c0b4372e568b34d4d99ffee7fc1,https://furman.campuslabs.com/engage/legacy/organization/FUSEA/DocumentLibrary/view/1888519,2021-02-10T14:12:00,application/octet-stream; charset=utf-8,FUSEA_Constitution_.docx
fusea,1888878,FUSEA Constitution and Bylaws (Updated) .docx,constitution,2021,data/orgs/fusea/documents/2021/constitution_fusea_constitution_and_bylaws_updated_docx_1888878.docx,f489e57898710518a928fb1618910f08ad02ffe40a892770638b6d114aef0a4d,https://furman.campuslabs.com/engage/legacy/organization/FUSEA/DocumentLibrary/view/1888878,2021-03-04T16:42:26,application/octet-stream; charset=utf-8,FUSEA_Constitution_.docx
fuwie,2256651,Constitution/Bylaws,constitution,2023,data/orgs/fuwie/documents/2023/constitution_constitutionbylaws_2256651.docx,b998865f5d058c92449bc655ad7d5a57e0fcf38e1d829dcd21cb47e0999470e4,https://furman.campuslabs.com/engage/legacy/organization/FUWIE/DocumentLibrary/view/2256651,2023-03-20T12:30:27,application/octet-stream; charset=utf-8,FUWIE_2023_Constitution.docx
fuwie,2386664,Constitution/Bylaws,constitution,2024,data/orgs/fuwie/documents/2024/constitution_constitutionbylaws_2386664.docx,b998865f5d058c92449bc655ad7d5a57e0fcf38e1d829dcd21cb47e0999470e4,https://furman.campuslabs.com/engage/legacy/organization/FUWIE/DocumentLibrary/view/2386664,2024-08-28T14:03:51,application/octet-stream; charset=utf-8,FUWIE_2023_Constitution.docx
fuwie,2499866,Constitution/Bylaws,constitution,2025,data/orgs/fuwie/documents/2025/constitution_constitutionbylaws_2499866.docx,e6e730988a95c4d7d0dbf69680965ff7cdc5e4f1ef4f251b04ff36302d089e40,https://furman.campuslabs.com/engage/legacy/organization/FUWIE/DocumentLibrary/view/2499866,2025-08-25T15:43:54,application/octet-stream; charset=utf-8,FUWIE_Constitution.docx
fvsa,2317929,Constitution/Bylaws,constitution,2024,data/orgs/fvsa/documents/2024/constitution_constitutionbylaws_2317929.docx,e3b0c44298fc1c149afbf4c8996fb92427ae41e4649b934ca495991b7852b855,https://furman.campuslabs.com/engage/legacy/organization/fvsa/DocumentLibrary/view/2317929,2024-04-23T17:29:08,application/octet-stream; charset=utf-8,Furman_Vietnamese_Student_Association_Constitution.docx
fvsa,2386665,Constitution/Bylaws,constitution,2024,data/orgs/fvsa/documents/2024/constitution_constitutionbylaws_2386665.docx,5d6fd21533ba2da1e2ab62e264dcbba295a9eef57f4bc1a3466b8d9bd643afc6,https://furman.campuslabs.com/engage/legacy/organization/fvsa/DocumentLibrary/view/2386665,2024-08-23T10:11:21,application/octet-stream; charset=utf-8,Bylaws.docx
fvsa,2499867,Constitution/Bylaws,constitution,2025,data/orgs/fvsa/documents/2025/constitution_constitutionbylaws_2499867.docx,5d6fd21533ba2da1e2ab62e264dcbba295a9eef57f4bc1a3466b8d9bd643afc6,https://furman.campuslabs.com/engage/legacy/organization/fvsa/DocumentLibrary/view/2499867,2025-08-25T14:02:23,application/octet-stream; charset=utf-8,Bylaws.docx
fvsa,2421356,FVSA Organization Roster.csv,other,2025,data/orgs/fvsa/documents/2025/other_fvsa_organization_rostercsv_2421356.csv,535d96353073c0db2925857003eebbda02330d67dd5a46674bcd9908f765ac0b,https://furman.campuslabs.com/engage/legacy/organization/fvsa/DocumentLibrary/view/2421356,2025-02-11T13:53:59,application/octet-stream; charset=utf-8,FVSA_Organization_Roster.csv
fvsa,2499959,FVSA Roster 2025-2026.csv,other,2025,data/orgs/fvsa/documents/2025/other_fvsa_roster_2025-2026csv_2499959.csv,be158b26377f216b9b23bf36d5a940af4e3d6e0d81535f33e263d6848ff85297,https://furman.campuslabs.com/engage/legacy/organization/fvsa/DocumentLibrary/view/2499959,2025-09-16T14:52:16,application/octet-stream; charset=utf-8,OrganizationRoster.csv
furman-wesley-fellowship,759573,Constitution/Bylaws,constitution,2018,data/orgs/furman-wesley-fellowship/documents/2018/constitution_constitutionbylaws_759573.docx,b8c8be4ea26976a5e326caf825c01147feef786693cd4aec4b6c988ef9f7bf95,https://furman.campuslabs.com/engage/legacy/organization/furman-wesley-fellowship/DocumentLibrary/view/759573,2018-04-16T12:47:21,application/octet-stream; charset=utf-8,Wesley_Constitution_and_Bylaws___updated_2018_03_25.docx
furman-wesley-fellowship,1094975,Constitution/Bylaws,constitution,2019,data/orgs/furman-wesley-fellowship/documents/2019/constitution_constitutionbylaws_1094975.doc,3f3699af49a8bc2b76b4422781dfae5f7dc90af691a135a0a7ef20270caa4681,https://furman.campuslabs.com/engage/legacy/organization/furman-wesley-fellowship/DocumentLibrary/view/1094975,2019-04-17T11:49:15,application/octet-stream; charset=utf-8,Wesley_Constitution_and_Bylaws.doc
furman-wesley-fellowship,1792296,Constitution/Bylaws,constitution,2020,data/orgs/furman-wesley-fellowship/documents/2020/constitution_constitutionbylaws_1792296.docx,0ab5bcd877f81c2a1425be6f02f6084f12ee481fb20d7a0c696575c67ae3ab62,https://furman.campuslabs.com/engage/legacy/organization/furman-wesley-fellowship/DocumentLibrary/view/1792296,2020-08-20T10:52:40,application/octet-stream; charset=utf-8,Wesley_Constitution_and_Bylaws___updated_2018_03_25.docx
furman-wesley-fellowship,1967922,Constitution/Bylaws,constitution,2021,data/orgs/furman-wesley-fellowship/documents/2021/constitution_constitutionbylaws_1967922.docx,0ab5bcd877f81c2a1425be6f02f6084f12ee481fb20d7a0c696575c67ae3ab62,https://furman.campuslabs.com/engage/legacy/organization/furman-wesley-fellowship/DocumentLibrary/view/1967922,2021-08-10T10:20:28,application/octet-stream; charset=utf-8,Wesley_Constitution_and_Bylaws___updated_2018_03_25.docx
furman-wesley-fellowship,2100633,Constitution/Bylaws,constitution,2022,data/orgs/furman-wesley-fellowship/documents/2022/constitution_constitutionbylaws_2100633.docx,0ab5bcd877f81c2a1425be6f02f6084f12ee481fb20d7a0c696575c67ae3ab62,https://furman.campuslabs.com/engage/legacy/organization/furman-wesley-fellowship/DocumentLibrary/view/2100633,2022-08-09T16:56:48,application/octet-stream; charset=utf-8,Wesley_Constitution_and_Bylaws___updated_2018_03_25.docx
furman-wesley-fellowship,2256564,Constitution/Bylaws,constitution,2023,data/orgs/furman-wesley-fellowship/documents/2023/constitution_constitutionbylaws_2256564.docx,118b57dd7b421e159dd2e8ce17862add8b9a29a3cd0714416820da7c6a6328a9,https://furman.campuslabs.com/engage/legacy/organization/furman-wesley-fellowship/DocumentLibrary/view/2256564,2023-08-09T16:45:02,application/octet-stream; charset=utf-8,Wesley_Constitution_and_Bylaws___updated.docx
furman-wesley-fellowship,2386666,Constitution/Bylaws,constitution,2024,data/orgs/furman-wesley-fellowship/documents/2024/constitution_constitutionbylaws_2386666.docx,118b57dd7b421e159dd2e8ce17862add8b9a29a3cd0714416820da7c6a6328a9,https://furman.campuslabs.com/engage/legacy/organization/furman-wesley-fellowship/DocumentLibrary/view/2386666,2024-08-12T16:11:41,application/octet-stream; charset=utf-8,Wesley_Constitution_and_Bylaws___updated.docx
furman-wesley-fellowship,694476,Constitution/Bylaws,constitution,2017,data/orgs/furman-wesley-fellowship/documents/2017/constitution_constitutionbylaws_694476.doc,3f3699af49a8bc2b76b4422781dfae5f7dc90af691a135a0a7ef20270caa4681,https://furman.campuslabs.com/engage/legacy/organization/furman-wesley-fellowship/DocumentLibrary/view/694476,2017-12-26T09:21:25,application/octet-stream; charset=utf-8,Wesley_Constitution_and_Bylaws.doc
furman-wesley-fellowship,2499868,Constitution/Bylaws,constitution,2025,data/orgs/furman-wesley-fellowship/documents/2025/constitution_constitutionbylaws_2499868.docx,118b57dd7b421e159dd2e8ce17862add8b9a29a3cd0714416820da7c6a6328a9,https://furman.campuslabs.com/engage/legacy/organization/furman-wesley-fellowship/DocumentLibrary/view/2499868,2025-08-11T12:53:01,application/octet-stream; charset=utf-8,Wesley_Constitution_and_Bylaws___updated_(1).docx
furman-wesley-fellowship,2484542,Wesley Constitution and Bylaws _ updated 2025_08_25,constitution,2025,data/orgs/furman-wesley-fellowship/documents/2025/constitution_wesley_constitution_and_bylaws___updated_2025_08_25_2484542.docx,a2fce494bd10b42e682ba4d4fce045bf31fc09af3291920c1f5c83d755632423,https://furman.campuslabs.com/engage/legacy/organization/furman-wesley-fellowship/DocumentLibrary/view/2484542,2025-08-25T16:16:39,application/octet-stream; charset=utf-8,Wesley_Constitution_and_Bylaws___updated_2025_08_25.docx
fwib,2324519,Constitution/Bylaws,constitution,2024,data/orgs/fwib/documents/2024/constitution_constitutionbylaws_2324519.docx,046ec2d82823694f12c82330b7eaae49ae55cbcabcb758c624ae99558be7c073,https://furman.campuslabs.com/engage/legacy/organization/FWIB/DocumentLibrary/view/2324519,2024-05-10T11:40:53,application/octet-stream; charset=utf-8,Updated_4-22-24_FUWIB_Constitution_and_Bylaws.docx
fwib,2386663,Constitution/Bylaws,constitution,2024,data/orgs/fwib/documents/2024/constitution_constitutionbylaws_2386663.pdf,bc0b7901313b290450865bfd9c8a3a3a6dc3425e5c9293e54517bb3935868e77,https://furman.campuslabs.com/engage/legacy/organization/FWIB/DocumentLibrary/view/2386663,2024-08-16T20:49:47,application/octet-stream; charset=utf-8,Updated_4-22-24_FUWIB_Constitution_and_Bylaws.pdf
fwib,2499869,Constitution/Bylaws,constitution,2025,data/orgs/fwib/documents/2025/constitution_constitutionbylaws_2499869.pdf,bc0b7901313b290450865bfd9c8a3a3a6dc3425e5c9293e54517bb3935868e77,https://furman.campuslabs.com/engage/legacy/organization/FWIB/DocumentLibrary/view/2499869,2025-08-28T14:13:10,application/octet-stream; charset=utf-8,Updated_4-22-24_FUWIB_Constitution_and_Bylaws.pdf
furman-women-s-club-soccer,694487,Constitution/Bylaws,constitution,2017,data/orgs/furman-women-s-club-soccer/documents/2017/constitution_constitutionbylaws_694487.pdf,b9012355cb749b4146bf5042fd8a842a449a9a32a7cf1bed6885f82f54be5ec1,https://furman.campuslabs.com/engage/legacy/organization/furman-women-s-club-soccer/DocumentLibrary/view/694487,2017-12-21T12:56:06,application/octet-stream; charset=utf-8,Code_of_Conduct.docx.pdf
furman-women-s-club-soccer,761208,Constitution/Bylaws,constitution,2018,data/orgs/furman-women-s-club-soccer/documents/2018/constitution_constitutionbylaws_761208.pdf,b9012355cb749b4146bf5042fd8a842a449a9a32a7cf1bed6885f82f54be5ec1,https://furman.campuslabs.com/engage/legacy/organization/furman-women-s-club-soccer/DocumentLibrary/view/761208,2018-04-27T00:16:04,application/octet-stream; charset=utf-8,Code_of_Conduct.docx.pdf
furman-women-s-club-soccer,1107717,Constitution/Bylaws,constitution,2019,data/orgs/furman-women-s-club-soccer/documents/2019/constitution_constitutionbylaws_1107717.bin,ad7cb21735066ccc29ceb0073658c6074402562ff0ca53ef67c466531d172354,https://furman.campuslabs.com/engage/legacy/organization/furman-women-s-club-soccer/DocumentLibrary/view/1107717,2019-04-15T22:09:42,application/octet-stream; charset=utf-8,
furman-women-s-club-soccer,1792298,Constitution/Bylaws,constitution,2020,data/orgs/furman-women-s-club-soccer/documents/2020/constitution_constitutionbylaws_1792298.bin,cc36bb1a236a67601c5b92f83377f83a5701b01c70dbd6f342e7eedb81250806,https://furman.campuslabs.com/engage/legacy/organization/furman-women-s-club-soccer/DocumentLibrary/view/1792298,2020-08-21T15:46:09,application/octet-stream; charset=utf-8,
furman-women-s-club-soccer,1971814,Constitution/Bylaws,constitution,2021,data/orgs/furman-women-s-club-soccer/documents/2021/constitution_constitutionbylaws_1971814.bin,1a04c176d35e31419676f803c3aa4fa3318085821a211953f5833e7fd578c784,https://furman.campuslabs.com/engage/legacy/organization/furman-women-s-club-soccer/DocumentLibrary/view/1971814,2021-08-12T12:11:02,application/octet-stream; charset=utf-8,
furman-women-s-club-soccer,2102393,Constitution/Bylaws,constitution,2022,data/orgs/furman-women-s-club-soccer/documents/2022/constitution_constitutionbylaws_2102393.bin,85c281ddefd8db557f1b3f4c346b6dd38b90217103cb9735a8b7f68b7b24dc5f,https://furman.campuslabs.com/engage/legacy/organization/furman-women-s-club-soccer/DocumentLibrary/view/2102393,2022-08-14T14:21:35,application/octet-stream; charset=utf-8,
furman-women-s-club-soccer,2256566,Constitution/Bylaws,constitution,2023,data/orgs/furman-women-s-club-soccer/documents/2023/constitution_constitutionbylaws_2256566.bin,4872b0300f102a14ae744a0de38017ff73745f73e48669b8f30809e8e01d874c,https://furman.campuslabs.com/engage/legacy/organization/furman-women-s-club-soccer/DocumentLibrary/view/2256566,2023-08-21T16:24:55,application/octet-stream; charset=utf-8,
furman-women-s-club-soccer,2386667,Constitution/Bylaws,constitution,2024,data/orgs/furman-women-s-club-soccer/documents/2024/constitution_constitutionbylaws_2386667.bin,4872b0300f102a14ae744a0de38017ff73745f73e48669b8f30809e8e01d874c,https://furman.campuslabs.com/engage/legacy/organization/furman-women-s-club-soccer/DocumentLibrary/view/2386667,2024-08-13T23:46:47,application/octet-stream; charset=utf-8,
furman-women-s-club-soccer,2499870,Constitution/Bylaws,constitution,2025,data/orgs/furman-women-s-club-soccer/documents/2025/constitution_constitutionbylaws_2499870.bin,cc36bb1a236a67601c5b92f83377f83a5701b01c70dbd6f342e7eedb81250806,https://furman.campuslabs.com/engage/legacy/organization/furman-women-s-club-soccer/DocumentLibrary/view/2499870,2025-08-22T22:31:50,application/octet-stream; charset=utf-8,
womenrugby,2401931,Constitution/Bylaws,constitution,2024,data/orgs/womenrugby/documents/2024/constitution_constitutionbylaws_2401931.docx,c790230f9606ee1c0af4b17fd3bda6d43f8dd520fc43e0b5ff975adce86ad056,https://furman.campuslabs.com/engage/legacy/organization/womenrugby/DocumentLibrary/view/2401931,2024-11-10T20:56:02,application/octet-stream; charset=utf-8,RugbyWomensClubConstitution.docx
womenrugby,2499871,Constitution/Bylaws,constitution,2025,data/orgs/womenrugby/documents/2025/constitution_constitutionbylaws_2499871.docx,c790230f9606ee1c0af4b17fd3bda6d43f8dd520fc43e0b5ff975adce86ad056,https://furman.campuslabs.com/engage/legacy/organization/womenrugby/DocumentLibrary/view/2499871,2025-08-12T14:38:01,application/octet-stream; charset=utf-8,RugbyWomensClubConstitution_(1).docx
ydsa,2176367,Constitution/Bylaws,constitution,2023,data/orgs/ydsa/documents/2023/constitution_constitutionbylaws_2176367.pdf,ee0b52eb6591a5accc020de2e028414d5e2da1b3725da2afc488fee0ce53c349,https://furman.campuslabs.com/engage/legacy/organization/ydsa/DocumentLibrary/view/2176367,2023-03-15T18:08:20,application/octet-stream; charset=utf-8,FU-YDSA_Constitution_(1).pdf
ydsa,2256567,Constitution/Bylaws,constitution,2023,data/orgs/ydsa/documents/2023/constitution_constitutionbylaws_2256567.pdf,f016dca8697d20ae51258e990c25139f6928cb046e834241595259ea8541d0fb,https://furman.campuslabs.com/engage/legacy/organization/ydsa/DocumentLibrary/view/2256567,2023-08-25T17:19:21,application/octet-stream; charset=utf-8,FU-YDSA_Constitution.pdf
ydsa,2386668,Constitution/Bylaws,constitution,2024,data/orgs/ydsa/documents/2024/constitution_constitutionbylaws_2386668.docx,a9c1cc8823f92dc169737b5b502ea63d31f9cdcaa68f8d323f17a3912f3cea10,https://furman.campuslabs.com/engage/legacy/organization/ydsa/DocumentLibrary/view/2386668,2024-08-22T12:55:18,application/octet-stream; charset=utf-8,FU-YDSA_Constitution.docx
ydsa,2499872,Constitution/Bylaws,constitution,2025,data/orgs/ydsa/documents/2025/constitution_constitutionbylaws_2499872.docx,7b3831fa747c7aed2d19c01125523fc913d57cb7dd812c41726e1a8e20fc936e,https://furman.campuslabs.com/engage/legacy/organization/ydsa/DocumentLibrary/view/2499872,2025-08-29T08:10:12,application/octet-stream; charset=utf-8,FU-YDSA_Constitution.docx
ydsa,2313509,FUYDSA Constitution/Bylaws 2024.pdf,constitution,2024,data/orgs/ydsa/documents/2024/constitution_fuydsa_constitutionbylaws_2024pdf_2313509.pdf,2d43aac19e47fe4dd37891c331a92a13ba28823bd2669c64ed39f7724ba200c9,https://furman.campuslabs.com/engage/legacy/organization/ydsa/DocumentLibrary/view/2313509,2024-04-11T16:30:39,application/octet-stream; charset=utf-8,FU-YDSA_Constitution_2024.pdf
gilpatrick,2141507,Constitution/Bylaws,constitution,2022,data/orgs/gilpatrick/documents/2022/constitution_constitutionbylaws_2141507.docx,1fd95db54fcd8241862406e0c192fc69303d7af18900f55e047d8858a4ecf72d,https://furman.campuslabs.com/engage/legacy/organization/gilpatrick/DocumentLibrary/view/2141507,2022-10-25T18:11:09,application/octet-stream; charset=utf-8,Gilpatrick_Constitution_(1).docx
gilpatrick,2256568,Constitution/Bylaws,constitution,2023,data/orgs/gilpatrick/documents/2023/constitution_constitutionbylaws_2256568.pdf,b9207f8c1bbce5bd2a2458d03536124249b800c9d3248a0d2058ac14a6c8aae5,https://furman.campuslabs.com/engage/legacy/organization/gilpatrick/DocumentLibrary/view/2256568,2023-08-15T20:25:35,application/octet-stream; charset=utf-8,Gilpatrick_Constitution.pdf
gilpatrick,2386669,Constitution/Bylaws,constitution,2024,data/orgs/gilpatrick/documents/2024/constitution_constitutionbylaws_2386669.pdf,b9207f8c1bbce5bd2a2458d03536124249b800c9d3248a0d2058ac14a6c8aae5,https://furman.campuslabs.com/engage/legacy/organization/gilpatrick/DocumentLibrary/view/2386669,2024-08-13T20:55:26,application/octet-stream; charset=utf-8,Gilpatrick_Constitution.pdf
gilpatrick,2499873,Constitution/Bylaws,constitution,2025,data/orgs/gilpatrick/documents/2025/constitution_constitutionbylaws_2499873.docx,1fd95db54fcd8241862406e0c192fc69303d7af18900f55e047d8858a4ecf72d,https://furman.campuslabs.com/engage/legacy/organization/gilpatrick/DocumentLibrary/view/2499873,2025-08-10T21:35:08,application/octet-stream; charset=utf-8,Gilpatrick_Constitution_(1).docx
gis_and_mapping_club,2535451,Constitution/Bylaws,constitution,2026,data/orgs/gis_and_mapping_club/documents/2026/constitution_constitutionbylaws_2535451.pdf,4d0e8692225d1effd9f355886403d427415ef11d69ef769b4d5d747eb31fc1df,https://furman.campuslabs.com/engage/legacy/organization/GIS_and_Mapping_Club/DocumentLibrary/view/2535451,2026-01-12T22:59:09,application/octet-stream; charset=utf-8,GIS_and_Mapping_Club_Constitution_and_Bylaws.pdf
furman_club_gymnastics,2437346,Constitution/Bylaws,constitution,2025,data/orgs/furman_club_gymnastics/documents/2025/constitution_constitutionbylaws_2437346.pdf,851276aa35482a2c5e4d29311b67ae5f0517425b0776f18ea27fff3abfd461f8,https://furman.campuslabs.com/engage/legacy/organization/furman_club_gymnastics/DocumentLibrary/view/2437346,2025-03-29T18:33:42,application/octet-stream; charset=utf-8,"Furman_University,_gymnastics_club_Constitution.pdf"
furman_club_gymnastics,2499874,Constitution/Bylaws,constitution,2025,data/orgs/furman_club_gymnastics/documents/2025/constitution_constitutionbylaws_2499874.pdf,74de8cbabbffc83de399c1d1146500999f9002d245adcda0f98cf5fc8cdc2b66,https://furman.campuslabs.com/engage/legacy/organization/furman_club_gymnastics/DocumentLibrary/view/2499874,2025-08-11T12:09:51,application/octet-stream; charset=utf-8,Student_Org_constitution_guidelines.pdf
h-rl-student-staff-members,2173095,2023 Summer Desk Assistant Job Description.pdf,other,2023,data/orgs/h-rl-student-staff-members/documents/2023/other_2023_summer_desk_assistant_job_descriptionpdf_2173095.pdf,8649398d3b619904ebf5f97619d80b1abf85ce2e62bd4613cdfa8ee3553e789e,https://furman.campuslabs.com/engage/legacy/organization/h-rl-student-staff-members/DocumentLibrary/view/2173095,2023-03-08T09:38:43,application/octet-stream; charset=utf-8,2023_Summer_Desk_Assistant_Job_Description.pdf
h-rl-student-staff-members,2056401,Residence Hall Closing Instructions Flyer- Spring 2022.pdf,other,2022,data/orgs/h-rl-student-staff-members/documents/2022/other_residence_hall_closing_instructions_flyer-_spring_2022pdf_2056401.pdf,64c7bda87406f171d6d1505aa299101eb9233abdae9f012f5c3b1285f393ad9e,https://furman.campuslabs.com/engage/legacy/organization/h-rl-student-staff-members/DocumentLibrary/view/2056401,2022-04-21T15:13:11,application/octet-stream; charset=utf-8,Residence_Hall_Closing_Instructions_Flyer-_Spring_2022.pdf
h-rl-student-staff-members,2173086,Summer Assistant Area Coordinator 2023.pdf,other,2023,data/orgs/h-rl-student-staff-members/documents/2023/other_summer_assistant_area_coordinator_2023pdf_2173086.pdf,58fc4be8fc927b17547637af1c1181bb89642f0dfeeddcdf72bd156c8ba5ce1d,https://furman.campuslabs.com/engage/legacy/organization/h-rl-student-staff-members/DocumentLibrary/view/2173086,2023-03-08T09:20:25,application/octet-stream; charset=utf-8,Summer_Assistant_Area_Coordinator_2023.pdf
h-rl-student-staff-members,2173085,Summer Resident Assistant 2023.pdf,other,2023,data/orgs/h-rl-student-staff-members/documents/2023/other_summer_resident_assistant_2023pdf_2173085.pdf,3b7950b3042f132b47c9ead10acfb35bea9d31116781ac24985a63e035600268,https://furman.campuslabs.com/engage/legacy/organization/h-rl-student-staff-members/DocumentLibrary/view/2173085,2023-03-08T09:20:13,application/octet-stream; charset=utf-8,Summer_Resident_Assistant_2023.pdf
hackedin,2319098,Constitution/Bylaws,constitution,2024,data/orgs/hackedin/documents/2024/constitution_constitutionbylaws_2319098.docx,4678139d378a14cdd319ec2bb2c51dc8db4895d3beb0b7a9c972f42641355e4c,https://furman.campuslabs.com/engage/legacy/organization/hackedin/DocumentLibrary/view/2319098,2024-04-24T15:54:56,application/octet-stream; charset=utf-8,HackeDin_Constitution.docx
hackedin,2386670,Constitution/Bylaws,constitution,2024,data/orgs/hackedin/documents/2024/constitution_constitutionbylaws_2386670.docx,4678139d378a14cdd319ec2bb2c51dc8db4895d3beb0b7a9c972f42641355e4c,https://furman.campuslabs.com/engage/legacy/organization/hackedin/DocumentLibrary/view/2386670,2024-08-22T11:27:54,application/octet-stream; charset=utf-8,HackeDin_Constitution.docx
hispanic-outreach-and-latinx-awareness,2500170,25-26 Constitution/Bylaws.pdf,constitution,2025,data/orgs/hispanic-outreach-and-latinx-awareness/documents/2025/constitution_25-26_constitutionbylawspdf_2500170.pdf,efeb6b62823ae714a4038370b2ffa41f84fa491f666f3231eef77e87b8d65d0e,https://furman.campuslabs.com/engage/legacy/organization/hispanic-outreach-and-latinx-awareness/DocumentLibrary/view/2500170,2025-09-16T18:49:04,application/octet-stream; charset=utf-8,HOLA_2025-2026_Constitution.pdf
hispanic-outreach-and-latinx-awareness,2256571,Constitution/Bylaws,constitution,2023,data/orgs/hispanic-outreach-and-latinx-awareness/documents/2023/constitution_constitutionbylaws_2256571.pdf,33b27e340c69d58d64950dde2b910274297d45e9b0f009f5e351f41c1fb9d324,https://furman.campuslabs.com/engage/legacy/organization/hispanic-outreach-and-latinx-awareness/DocumentLibrary/view/2256571,2023-08-10T23:08:18,application/octet-stream; charset=utf-8,HOLA_Constitution_2023-2024_(1).pdf
hispanic-outreach-and-latinx-awareness,2386671,Constitution/Bylaws,constitution,2024,data/orgs/hispanic-outreach-and-latinx-awareness/documents/2024/constitution_constitutionbylaws_2386671.docx,29c6d8110c299948bcabd04fe1a9715d113c2dfd12bdff6b51f22e5a0ff1dffd,https://furman.campuslabs.com/engage/legacy/organization/hispanic-outreach-and-latinx-awareness/DocumentLibrary/view/2386671,2024-08-25T17:46:53,application/octet-stream; charset=utf-8,HOLA_2024-2025_Constitution.docx
hispanic-outreach-and-latinx-awareness,2499875,Constitution/Bylaws,constitution,2025,data/orgs/hispanic-outreach-and-latinx-awareness/documents/2025/constitution_constitutionbylaws_2499875.pdf,e79f43277c431ec5179becefd9068fbc8b6c5d5f47c5f03580607888d1b32579,https://furman.campuslabs.com/engage/legacy/organization/hispanic-outreach-and-latinx-awareness/DocumentLibrary/view/2499875,2025-08-25T15:12:37,application/octet-stream; charset=utf-8,HOLA_2024-2025_Constitution.pdf
hispanic-outreach-and-latinx-awareness,688728,Constitution/Bylaws,constitution,2017,data/orgs/hispanic-outreach-and-latinx-awareness/documents/2017/constitution_constitutionbylaws_688728.pdf,7adf28f620d51267cfd98cd5f2569ecff7d7020780aacbdcd83bb1e7407dd4eb,https://furman.campuslabs.com/engage/legacy/organization/hispanic-outreach-and-latinx-awareness/DocumentLibrary/view/688728,2017-12-21T15:32:27,application/octet-stream; charset=utf-8,Final_Hispanic_Outreach_and_LantinX_Awareness_Constitution.pdf
hispanic-outreach-and-latinx-awareness,1442604,Constitution/Bylaws,constitution,2019,data/orgs/hispanic-outreach-and-latinx-awareness/documents/2019/constitution_constitutionbylaws_1442604.docx,a82ae2b608bf11cfbdaaa900e4fce13531d226d509492a8e8eff4220dfc486ed,https://furman.campuslabs.com/engage/legacy/organization/hispanic-outreach-and-latinx-awareness/DocumentLibrary/view/1442604,2019-04-26T17:38:49,application/octet-stream; charset=utf-8,HOLA_Constitution_.docx
hispanic-outreach-and-latinx-awareness,1792300,Constitution/Bylaws,constitution,2020,data/orgs/hispanic-outreach-and-latinx-awareness/documents/2020/constitution_constitutionbylaws_1792300.docx,a0925b137bb2e9a244e6320a6ecb3cd213d42e2c56e2217c50c73bc1bb35f085,https://furman.campuslabs.com/engage/legacy/organization/hispanic-outreach-and-latinx-awareness/DocumentLibrary/view/1792300,2020-08-22T15:25:37,application/octet-stream; charset=utf-8,Revised_HOLA_Constitution.docx
hispanic-outreach-and-latinx-awareness,1972518,Constitution/Bylaws,constitution,2021,data/orgs/hispanic-outreach-and-latinx-awareness/documents/2021/constitution_constitutionbylaws_1972518.pdf,1aeac73a00859fb9d7ed562afad7b362e5de650fee29571aa1305cf05dbc1686,https://furman.campuslabs.com/engage/legacy/organization/hispanic-outreach-and-latinx-awareness/DocumentLibrary/view/1972518,2021-08-25T16:35:05,application/octet-stream; charset=utf-8,HOLA_Constitution_2021-2022.pdf
hispanic-outreach-and-latinx-awareness,2119766,Constitution/Bylaws,constitution,2022,data/orgs/hispanic-outreach-and-latinx-awareness/documents/2022/constitution_constitutionbylaws_2119766.pdf,1aeac73a00859fb9d7ed562afad7b362e5de650fee29571aa1305cf05dbc1686,https://furman.campuslabs.com/engage/legacy/organization/hispanic-outreach-and-latinx-awareness/DocumentLibrary/view/2119766,2022-08-30T21:32:23,application/octet-stream; charset=utf-8,HOLA_Constitution_2022-2023.pdf
hispanic-outreach-and-latinx-awareness,2223589,HOLA_Constitution_2023-2024 (1).pdf,constitution,2023,data/orgs/hispanic-outreach-and-latinx-awareness/documents/2023/constitution_hola_constitution_2023-2024_1pdf_2223589.pdf,33b27e340c69d58d64950dde2b910274297d45e9b0f009f5e351f41c1fb9d324,https://furman.campuslabs.com/engage/legacy/organization/hispanic-outreach-and-latinx-awareness/DocumentLibrary/view/2223589,2023-08-11T00:04:37,application/octet-stream; charset=utf-8,HOLA_Constitution_2023-2024_(1).pdf
improvable-cause,1968533,Constitution/Bylaws,constitution,2021,data/orgs/improvable-cause/documents/2021/constitution_constitutionbylaws_1968533.docx,11ec1770035b679967f0ad7725f4f3ec47a9ebc09a718e179bb0df67bbfebe17,https://furman.campuslabs.com/engage/legacy/organization/improvable-cause/DocumentLibrary/view/1968533,2021-08-10T12:20:57,application/octet-stream; charset=utf-8,improvable_cause.docx
improvable-cause,2101501,Constitution/Bylaws,constitution,2022,data/orgs/improvable-cause/documents/2022/constitution_constitutionbylaws_2101501.docx,11ec1770035b679967f0ad7725f4f3ec47a9ebc09a718e179bb0df67bbfebe17,https://furman.campuslabs.com/engage/legacy/organization/improvable-cause/DocumentLibrary/view/2101501,2022-08-09T11:57:32,application/octet-stream; charset=utf-8,improvable_cause.docx
improvable-cause,690154,Constitution/Bylaws,constitution,2018,data/orgs/improvable-cause/documents/2018/constitution_constitutionbylaws_690154.pdf,5032be9d13e5453602ae7fa922f4f406c91497319612d70a2107ebad65dd250e,https://furman.campuslabs.com/engage/legacy/organization/improvable-cause/DocumentLibrary/view/690154,2018-01-08T22:11:41,application/octet-stream; charset=utf-8,Constitution_of_Improvable_Cause.pdf
improvable-cause,775046,Constitution/Bylaws,constitution,2018,data/orgs/improvable-cause/documents/2018/constitution_constitutionbylaws_775046.pdf,5032be9d13e5453602ae7fa922f4f406c91497319612d70a2107ebad65dd250e,https://furman.campuslabs.com/engage/legacy/organization/improvable-cause/DocumentLibrary/view/775046,2018-05-07T14:05:11,application/octet-stream; charset=utf-8,Constitution_of_Improvable_Cause.pdf
improvable-cause,1091472,Constitution/Bylaws,constitution,2019,data/orgs/improvable-cause/documents/2019/constitution_constitutionbylaws_1091472.pdf,5032be9d13e5453602ae7fa922f4f406c91497319612d70a2107ebad65dd250e,https://furman.campuslabs.com/engage/legacy/organization/improvable-cause/DocumentLibrary/view/1091472,2019-04-10T19:02:17,application/octet-stream; charset=utf-8,Constitution_of_Improvable_Cause.pdf
improvable-cause,1792301,Constitution/Bylaws,constitution,2020,data/orgs/improvable-cause/documents/2020/constitution_constitutionbylaws_1792301.pdf,5032be9d13e5453602ae7fa922f4f406c91497319612d70a2107ebad65dd250e,https://furman.campuslabs.com/engage/legacy/organization/improvable-cause/DocumentLibrary/view/1792301,2020-08-24T16:21:57,application/octet-stream; charset=utf-8,Constitution_of_Improvable_Cause.pdf
improvable-cause,2256572,Constitution/Bylaws,constitution,2023,data/orgs/improvable-cause/documents/2023/constitution_constitutionbylaws_2256572.docx,b1f7c311739b7bd76e5e7b3dd568b3868e4b1eec40af4ddfc76cf0d244597350,https://furman.campuslabs.com/engage/legacy/organization/improvable-cause/DocumentLibrary/view/2256572,2023-08-09T11:36:19,application/octet-stream; charset=utf-8,improvable_cause_constitution.docx
improvable-cause,2386672,Constitution/Bylaws,constitution,2024,data/orgs/improvable-cause/documents/2024/constitution_constitutionbylaws_2386672.docx,ee485066183218b292346248dc6c144e9730d19d7b80a4bf05ce09ba78f8004c,https://furman.campuslabs.com/engage/legacy/organization/improvable-cause/DocumentLibrary/view/2386672,2024-08-10T15:18:49,application/octet-stream; charset=utf-8,Improv!able_Cause_Constitution_(Updated_August_2024).docx
improvable-cause,2499876,Constitution/Bylaws,constitution,2025,data/orgs/improvable-cause/documents/2025/constitution_constitutionbylaws_2499876.pdf,08e0d862b44f18ef1b46fb0a64021c3655c08b7c165f781d7b993e2494bdeda0,https://furman.campuslabs.com/engage/legacy/organization/improvable-cause/DocumentLibrary/view/2499876,2025-08-29T08:48:55,application/octet-stream; charset=utf-8,Improv!able_Cause_Constitution.pdf
improvable-cause,2181734,Constitution/Bylaws (Updated April 2023),constitution,2023,data/orgs/improvable-cause/documents/2023/constitution_constitutionbylaws_updated_april_2023_2181734.docx,b1f7c311739b7bd76e5e7b3dd568b3868e4b1eec40af4ddfc76cf0d244597350,https://furman.campuslabs.com/engage/legacy/organization/improvable-cause/DocumentLibrary/view/2181734,2023-04-06T11:39:31,application/octet-stream; charset=utf-8,improvable_cause_constitution.docx
iach,697369,Constitution/Bylaws,constitution,2018,data/orgs/iach/documents/2018/constitution_constitutionbylaws_697369.docx,1457979f21c50add48d78d962e68a52bc699c35fc89bd08b54e1bc4bcbfa48cb,https://furman.campuslabs.com/engage/legacy/organization/IACH/DocumentLibrary/view/697369,2018-01-26T11:43:27,application/octet-stream; charset=utf-8,blank.docx
interfraternity-council,716072,Constitution/Bylaws,constitution,2018,data/orgs/interfraternity-council/documents/2018/constitution_constitutionbylaws_716072.docx,d9eed1dee2b0b8686b65fa143a9ee34785c1f406e0ba14dc91a3206dca89e1ce,https://furman.campuslabs.com/engage/legacy/organization/interfraternity-council/DocumentLibrary/view/716072,2018-02-27T13:41:35,application/octet-stream; charset=utf-8,IFC_Constitution__Bylaws.docx
interfraternity-council,1793939,Constitution/Bylaws,constitution,2020,data/orgs/interfraternity-council/documents/2020/constitution_constitutionbylaws_1793939.pdf,704519e28f0688e895d37936593724e4a06ab82f34a76b7dca31912044b75871,https://furman.campuslabs.com/engage/legacy/organization/interfraternity-council/DocumentLibrary/view/1793939,2020-08-25T21:57:03,application/octet-stream; charset=utf-8,Bylaws.pdf
interfraternity-council,1967930,Constitution/Bylaws,constitution,2021,data/orgs/interfraternity-council/documents/2021/constitution_constitutionbylaws_1967930.pdf,704519e28f0688e895d37936593724e4a06ab82f34a76b7dca31912044b75871,https://furman.campuslabs.com/engage/legacy/organization/interfraternity-council/DocumentLibrary/view/1967930,2021-08-12T13:15:36,application/octet-stream; charset=utf-8,IFC_ConstitutionBylaws_(1).pdf
interfraternity-council,2102432,Constitution/Bylaws,constitution,2022,data/orgs/interfraternity-council/documents/2022/constitution_constitutionbylaws_2102432.pdf,704519e28f0688e895d37936593724e4a06ab82f34a76b7dca31912044b75871,https://furman.campuslabs.com/engage/legacy/organization/interfraternity-council/DocumentLibrary/view/2102432,2022-08-14T22:21:42,application/octet-stream; charset=utf-8,IFC_ConstitutionBylaws_(1)_(5).pdf
interfraternity-council,2143941,Constitution/Bylaws,constitution,2022,data/orgs/interfraternity-council/documents/2022/constitution_constitutionbylaws_2143941.docx,50406e0a6b4ba2bbbaab9ec23b54a4acf622cccfabd1ed699ba540e626df5c70,https://furman.campuslabs.com/engage/legacy/organization/interfraternity-council/DocumentLibrary/view/2143941,2022-11-08T18:32:10,application/octet-stream; charset=utf-8,Constitution__Bylaws.docx
interfraternity-council,2256573,Constitution/Bylaws,constitution,2023,data/orgs/interfraternity-council/documents/2023/constitution_constitutionbylaws_2256573.docx,1b3ec17b74937a7bab5f0ed36a42a4d9cbe25fcae3978156060f94e8995d74fd,https://furman.campuslabs.com/engage/legacy/organization/interfraternity-council/DocumentLibrary/view/2256573,2023-08-17T11:06:45,application/octet-stream; charset=utf-8,IFC_Bylaws__Constitution_4_23_2023[40].docx
interfraternity-council,2386673,Constitution/Bylaws,constitution,2024,data/orgs/interfraternity-council/documents/2024/constitution_constitutionbylaws_2386673.docx,e871efd918b34cb9e1348bb5307c266d6472ea8f3910d9e790c862ae0aae6d03,https://furman.campuslabs.com/engage/legacy/organization/interfraternity-council/DocumentLibrary/view/2386673,2024-08-21T00:01:20,application/octet-stream; charset=utf-8,IFC_Constitution_10_25_23.docx
interfraternity-council,2499877,Constitution/Bylaws,constitution,2025,data/orgs/interfraternity-council/documents/2025/constitution_constitutionbylaws_2499877.docx,8effcc9731cd89f8ce1fbd8000241502f946e7abd24ac4fa80c4c5149028aea1,https://furman.campuslabs.com/engage/legacy/organization/interfraternity-council/DocumentLibrary/view/2499877,2025-09-02T12:31:27,application/octet-stream; charset=utf-8,IFC_Constitution_Final.docx
interfraternity-council,2266138,IFC Constitution Bylaws 2023,constitution,2023,data/orgs/interfraternity-council/documents/2023/constitution_ifc_constitution_bylaws_2023_2266138.pdf,bfb0963cbd6d77d2a18c9cb21b2db412ef18c51586165ab1083ffa9e0c5f58df,https://furman.campuslabs.com/engage/legacy/organization/interfraternity-council/DocumentLibrary/view/2266138,2023-10-26T12:50:29,application/octet-stream; charset=utf-8,IFC_Constitution_10_25_23.pdf
internationalstudents,1483732,Constitution/Bylaws,constitution,2019,data/orgs/internationalstudents/documents/2019/constitution_constitutionbylaws_1483732.docx,9a790059a43900fd279d7e42aa03824c5c67c11056b24e8a7666508c9d525fdb,https://furman.campuslabs.com/engage/legacy/organization/internationalstudents/DocumentLibrary/view/1483732,2019-09-09T11:05:57,application/octet-stream; charset=utf-8,International_Students_at_Furman.docx
jewish-student-association-of-furman,694477,Constitution/Bylaws,constitution,2018,data/orgs/jewish-student-association-of-furman/documents/2018/constitution_constitutionbylaws_694477.docx,623255239a347479e4b00fe04fa6329f60790eeaf7b210ba12d1978f0b9ac966,https://furman.campuslabs.com/engage/legacy/organization/jewish-student-association-of-furman/DocumentLibrary/view/694477,2018-01-12T13:01:24,application/octet-stream; charset=utf-8,Constitution_and_Bylaws_(actual).docx
jewish-student-association-of-furman,759579,Constitution/Bylaws,constitution,2018,data/orgs/jewish-student-association-of-furman/documents/2018/constitution_constitutionbylaws_759579.docx,623255239a347479e4b00fe04fa6329f60790eeaf7b210ba12d1978f0b9ac966,https://furman.campuslabs.com/engage/legacy/organization/jewish-student-association-of-furman/DocumentLibrary/view/759579,2018-04-15T15:17:34,application/octet-stream; charset=utf-8,Constitution_and_Bylaws_(actual).docx
jewish-student-association-of-furman,1094988,Constitution/Bylaws,constitution,2019,data/orgs/jewish-student-association-of-furman/documents/2019/constitution_constitutionbylaws_1094988.docx,623255239a347479e4b00fe04fa6329f60790eeaf7b210ba12d1978f0b9ac966,https://furman.campuslabs.com/engage/legacy/organization/jewish-student-association-of-furman/DocumentLibrary/view/1094988,2019-04-10T10:25:43,application/octet-stream; charset=utf-8,Constitution_and_Bylaws_(actual).docx
jewish-student-association-of-furman,1792302,Constitution/Bylaws,constitution,2020,data/orgs/jewish-student-association-of-furman/documents/2020/constitution_constitutionbylaws_1792302.docx,fa126a2591325ca8033e4a7b36aa6554c5cc5a406a708169c63162423a63a069,https://furman.campuslabs.com/engage/legacy/organization/jewish-student-association-of-furman/DocumentLibrary/view/1792302,2020-08-22T14:02:21,application/octet-stream; charset=utf-8,Constitution_and_Bylaws_(actual).docx
jewish-student-association-of-furman,1969980,Constitution/Bylaws,constitution,2021,data/orgs/jewish-student-association-of-furman/documents/2021/constitution_constitutionbylaws_1969980.docx,fa126a2591325ca8033e4a7b36aa6554c5cc5a406a708169c63162423a63a069,https://furman.campuslabs.com/engage/legacy/organization/jewish-student-association-of-furman/DocumentLibrary/view/1969980,2021-08-10T12:17:15,application/octet-stream; charset=utf-8,Constitution_and_Bylaws_(actual)_(1).docx
jewish-student-association-of-furman,2102425,Constitution/Bylaws,constitution,2022,data/orgs/jewish-student-association-of-furman/documents/2022/constitution_constitutionbylaws_2102425.docx,0fe18e969992415664285091026198c2b75bdff71c521bcbc6ab5b3795d58dfe,https://furman.campuslabs.com/engage/legacy/organization/jewish-student-association-of-furman/DocumentLibrary/view/2102425,2022-08-12T16:14:43,application/octet-stream; charset=utf-8,JSA_constitution_and_bylaws.docx
jewish-student-association-of-furman,2256574,Constitution/Bylaws,constitution,2023,data/orgs/jewish-student-association-of-furman/documents/2023/constitution_constitutionbylaws_2256574.docx,b066ffc0da00da4179c19d4143560af5ae92e32c184d0a03280258613159311b,https://furman.campuslabs.com/engage/legacy/organization/jewish-student-association-of-furman/DocumentLibrary/view/2256574,2023-08-21T23:21:36,application/octet-stream; charset=utf-8,JSA_constitution_and_bylaws.docx
jewish-student-association-of-furman,2386674,Constitution/Bylaws,constitution,2024,data/orgs/jewish-student-association-of-furman/documents/2024/constitution_constitutionbylaws_2386674.docx,b066ffc0da00da4179c19d4143560af5ae92e32c184d0a03280258613159311b,https://furman.campuslabs.com/engage/legacy/organization/jewish-student-association-of-furman/DocumentLibrary/view/2386674,2024-08-26T09:53:20,application/octet-stream; charset=utf-8,JSA_constitution_and_bylaws(5).docx
jewish-student-association-of-furman,2499878,Constitution/Bylaws,constitution,2025,data/orgs/jewish-student-association-of-furman/documents/2025/constitution_constitutionbylaws_2499878.docx,fcbd9b470c58f18d95c3b7cd5137649a2be223bec322acae607f59f657e61c18,https://furman.campuslabs.com/engage/legacy/organization/jewish-student-association-of-furman/DocumentLibrary/view/2499878,2025-08-10T12:59:53,application/octet-stream; charset=utf-8,Constitution_for_Jewish_Student_Association.docx
jewish-student-association-of-furman,2101199,JSA constitution and bylaws.docx,constitution,2022,data/orgs/jewish-student-association-of-furman/documents/2022/constitution_jsa_constitution_and_bylawsdocx_2101199.docx,b066ffc0da00da4179c19d4143560af5ae92e32c184d0a03280258613159311b,https://furman.campuslabs.com/engage/legacy/organization/jewish-student-association-of-furman/DocumentLibrary/view/2101199,2022-08-28T11:42:19,application/octet-stream; charset=utf-8,JSA_constitution_and_bylaws.docx
kappa-alpha-psi-fraternity-inc,2106125,Constitution/Bylaws,constitution,2022,data/orgs/kappa-alpha-psi-fraternity-inc/documents/2022/constitution_constitutionbylaws_2106125.docx,2f54809d109b8e9cf1703f0cd0c2bc3fb944430abac598122f8d5829591e1459,https://furman.campuslabs.com/engage/legacy/organization/kappa-alpha-psi-fraternity-inc/DocumentLibrary/view/2106125,2022-08-10T09:29:41,application/octet-stream; charset=utf-8,Bylaws_Xi_Omega.docx
kappa-alpha-psi-fraternity-inc,2256642,Constitution/Bylaws,constitution,2023,data/orgs/kappa-alpha-psi-fraternity-inc/documents/2023/constitution_constitutionbylaws_2256642.docx,2f54809d109b8e9cf1703f0cd0c2bc3fb944430abac598122f8d5829591e1459,https://furman.campuslabs.com/engage/legacy/organization/kappa-alpha-psi-fraternity-inc/DocumentLibrary/view/2256642,2023-08-11T10:57:17,application/octet-stream; charset=utf-8,Bylaws_Xi_Omega.docx
kappa-alpha-psi-fraternity-inc,2386727,Constitution/Bylaws,constitution,2024,data/orgs/kappa-alpha-psi-fraternity-inc/documents/2024/constitution_constitutionbylaws_2386727.pdf,c73185538763dce62cb804b3b9a727ab521c24a6f2007e8a861014ed16312bbb,https://furman.campuslabs.com/engage/legacy/organization/kappa-alpha-psi-fraternity-inc/DocumentLibrary/view/2386727,2024-08-25T19:44:41,application/octet-stream; charset=utf-8,Bylaws_Xi_Omega.pdf
kappa-alpha-psi-fraternity-inc,2499879,Constitution/Bylaws,constitution,2025,data/orgs/kappa-alpha-psi-fraternity-inc/documents/2025/constitution_constitutionbylaws_2499879.pdf,4c9ae136b7e9fc19a9ab06e1d81c9528432a1de8706d068a2544e7975cfce2e2,https://furman.campuslabs.com/engage/legacy/organization/kappa-alpha-psi-fraternity-inc/DocumentLibrary/view/2499879,2025-08-25T10:06:52,application/octet-stream; charset=utf-8,Bylaws_Xi_Omega.pdf
kappa-delta,2068790,Bylaws & Standing Rules 2022.docx.pdf,constitution,2022,data/orgs/kappa-delta/documents/2022/constitution_bylaws_standing_rules_2022docxpdf_2068790.pdf,456fd82722467e6b7980c1b4a44671ecf66d4e2236578533d29ea2595dba96a2,https://furman.campuslabs.com/engage/legacy/organization/kappa-delta/DocumentLibrary/view/2068790,2022-05-23T11:55:03,application/octet-stream; charset=utf-8,Bylaws__Standing_Rules_2022.docx.pdf
kappa-delta,2106123,Constitution/Bylaws,constitution,2022,data/orgs/kappa-delta/documents/2022/constitution_constitutionbylaws_2106123.pdf,633fdfd6ba0cfae09a6ad4eef0f337ec36ec979ea00351ee95cf6642b4b3c9ec,https://furman.campuslabs.com/engage/legacy/organization/kappa-delta/DocumentLibrary/view/2106123,2022-08-08T19:10:37,application/octet-stream; charset=utf-8,Bylaws__Standing_Rules_2022.docx.pdf
kappa-delta,2256575,Constitution/Bylaws,constitution,2023,data/orgs/kappa-delta/documents/2023/constitution_constitutionbylaws_2256575.pdf,4aa2289cc3cb304d90cebf861c0428598ebff17c4013ae102821f62519e1440e,https://furman.campuslabs.com/engage/legacy/organization/kappa-delta/DocumentLibrary/view/2256575,2023-08-09T20:21:14,application/octet-stream; charset=utf-8,Bylaws__Standing_Rules_2023.docx.pdf
kappa-delta,2386675,Constitution/Bylaws,constitution,2024,data/orgs/kappa-delta/documents/2024/constitution_constitutionbylaws_2386675.docx,b380d4d3d2e7cde9712faffe8bd915b5022263db103670a9c89f91f71eccc25e,https://furman.campuslabs.com/engage/legacy/organization/kappa-delta/DocumentLibrary/view/2386675,2024-08-12T20:50:10,application/octet-stream; charset=utf-8,Zeta_Pi_Bylaws_2024_(1).docx
kappa-delta,2499880,Constitution/Bylaws,constitution,2025,data/orgs/kappa-delta/documents/2025/constitution_constitutionbylaws_2499880.pdf,9d6ff2b5d8186c938a54adacb630b5692e31f059726f0d6bcddaf7699d355a45,https://furman.campuslabs.com/engage/legacy/organization/kappa-delta/DocumentLibrary/view/2499880,2025-08-10T13:13:47,application/octet-stream; charset=utf-8,Zeta_Pi_Standing_Rulse_2024.pdf
kappa-delta,698901,Constitution/Bylaws,constitution,2018,data/orgs/kappa-delta/documents/2018/constitution_constitutionbylaws_698901.doc,29b40a0e3267e8077b5cc6321df6934931028efd337332f4a8f56bd3696c01b0,https://furman.campuslabs.com/engage/legacy/organization/kappa-delta/DocumentLibrary/view/698901,2018-01-23T22:17:33,application/octet-stream; charset=utf-8,Zeta_Pi_Bylaws_2016.doc
kappa-delta,1792303,Constitution/Bylaws,constitution,2020,data/orgs/kappa-delta/documents/2020/constitution_constitutionbylaws_1792303.pdf,775afa15380910cd4162a78287f4b78a2109963d39c02df2e410be52cd9a932e,https://furman.campuslabs.com/engage/legacy/organization/kappa-delta/DocumentLibrary/view/1792303,2020-08-19T11:56:40,application/octet-stream; charset=utf-8,Zeta_Pi_Bylaws_2019.pdf
kappa-delta,1971485,Constitution/Bylaws,constitution,2021,data/orgs/kappa-delta/documents/2021/constitution_constitutionbylaws_1971485.pdf,775afa15380910cd4162a78287f4b78a2109963d39c02df2e410be52cd9a932e,https://furman.campuslabs.com/engage/legacy/organization/kappa-delta/DocumentLibrary/view/1971485,2021-08-25T22:56:02,application/octet-stream; charset=utf-8,Zeta_Pi_Bylaws_2019.pdf
kuffed,2401932,Constitution/Bylaws,constitution,2024,data/orgs/kuffed/documents/2024/constitution_constitutionbylaws_2401932.docx,a8fb6ad4686e5d3b7a02f022d93f6a8e848902adb530c6c7b672e7977dada52b,https://furman.campuslabs.com/engage/legacy/organization/kuffed/DocumentLibrary/view/2401932,2024-11-13T17:47:52,application/octet-stream; charset=utf-8,KUFFED_Constitution.docx
kuffed,2499881,Constitution/Bylaws,constitution,2025,data/orgs/kuffed/documents/2025/constitution_constitutionbylaws_2499881.docx,a8fb6ad4686e5d3b7a02f022d93f6a8e848902adb530c6c7b672e7977dada52b,https://furman.campuslabs.com/engage/legacy/organization/kuffed/DocumentLibrary/view/2499881,2025-09-03T15:02:27,application/octet-stream; charset=utf-8,KUFFED_Constitution.docx
men-s-club-basketball,690193,2017-18 Constitution.doc,constitution,2018,data/orgs/men-s-club-basketball/documents/2018/constitution_2017-18_constitutiondoc_690193.doc,ed13e0f9ec5b12322da28c5a4022b935cb5741a576c549ea58d3cce8eb56d63d,https://furman.campuslabs.com/engage/legacy/organization/men-s-club-basketball/DocumentLibrary/view/690193,2018-01-10T17:48:50,application/octet-stream; charset=utf-8,Constitution.doc
men-s-club-basketball,690191,Constitution.doc,constitution,2018,data/orgs/men-s-club-basketball/documents/2018/constitution_constitutiondoc_690191.doc,8eb926e19c76b8ff55117c850976e03d9ef407ba48199033660f6c1c26a0db90,https://furman.campuslabs.com/engage/legacy/organization/men-s-club-basketball/DocumentLibrary/view/690191,2018-01-10T17:47:45,application/octet-stream; charset=utf-8,Constitution.doc
men-s-club-basketball,694488,Constitution/Bylaws,constitution,2018,data/orgs/men-s-club-basketball/documents/2018/constitution_constitutionbylaws_694488.docx,59506a6a93fafe39065fb157d7a2b8d7253e4eebf083bd6502fc4383bcc1ea9f,https://furman.campuslabs.com/engage/legacy/organization/men-s-club-basketball/DocumentLibrary/view/694488,2018-01-10T16:37:40,application/octet-stream; charset=utf-8,Club_Basketball_Constitution.docx
men-s-club-basketball,775061,Constitution/Bylaws,constitution,2018,data/orgs/men-s-club-basketball/documents/2018/constitution_constitutionbylaws_775061.doc,2c082e9d745c9f336f1c3d8ba17b70785f53ba74794befff1b5072c8c30b8081,https://furman.campuslabs.com/engage/legacy/organization/men-s-club-basketball/DocumentLibrary/view/775061,2018-05-04T12:05:58,application/octet-stream; charset=utf-8,Constitution.doc
men-s-club-basketball,1107719,Constitution/Bylaws,constitution,2019,data/orgs/men-s-club-basketball/documents/2019/constitution_constitutionbylaws_1107719.docx,415988694ed9a705a4d4daf09e971f29773527716938a24fc9650d9d395132b8,https://furman.campuslabs.com/engage/legacy/organization/men-s-club-basketball/DocumentLibrary/view/1107719,2019-04-14T22:29:13,application/octet-stream; charset=utf-8,Furman_University_Club_Basketball_Constitution_-_Updated_04.14.19.docx
men-s-club-basketball,1792305,Constitution/Bylaws,constitution,2020,data/orgs/men-s-club-basketball/documents/2020/constitution_constitutionbylaws_1792305.docx,415988694ed9a705a4d4daf09e971f29773527716938a24fc9650d9d395132b8,https://furman.campuslabs.com/engage/legacy/organization/men-s-club-basketball/DocumentLibrary/view/1792305,2020-08-20T12:26:59,application/octet-stream; charset=utf-8,Furman_University_Club_Basketball_Constitution_-_Updated_04.14.19.docx
men-s-club-basketball,1971815,Constitution/Bylaws,constitution,2021,data/orgs/men-s-club-basketball/documents/2021/constitution_constitutionbylaws_1971815.docx,3d5b7d694f24230ea1577d6d6322742af04ff115856b01e238139bd04f134c78,https://furman.campuslabs.com/engage/legacy/organization/men-s-club-basketball/DocumentLibrary/view/1971815,2021-08-09T09:27:58,application/octet-stream; charset=utf-8,Furman_University_Club_Basketball_Constitution.docx
men-s-club-basketball,2100636,Constitution/Bylaws,constitution,2022,data/orgs/men-s-club-basketball/documents/2022/constitution_constitutionbylaws_2100636.docx,1b4b6af35a561a939fdb3d205d3769b96b6a2ce8fb4a8d63fa85d8e277b3e7e7,https://furman.campuslabs.com/engage/legacy/organization/men-s-club-basketball/DocumentLibrary/view/2100636,2022-08-10T10:48:13,application/octet-stream; charset=utf-8,Furman_University_Club_Basketball_Constitution.docx
men-s-club-basketball,2256577,Constitution/Bylaws,constitution,2023,data/orgs/men-s-club-basketball/documents/2023/constitution_constitutionbylaws_2256577.docx,56338f9b506d6a6c35d9ce18390c2963262cf0684b9edeedb74ca0891378bfe0,https://furman.campuslabs.com/engage/legacy/organization/men-s-club-basketball/DocumentLibrary/view/2256577,2023-08-20T15:44:40,application/octet-stream; charset=utf-8,Furman_University_Club_Basketball_Constitution.docx
men-s-club-basketball,2386676,Constitution/Bylaws,constitution,2024,data/orgs/men-s-club-basketball/documents/2024/constitution_constitutionbylaws_2386676.docx,8c886c92133bd268058843bf24f1fbea2846dfd59b366dbb3f9bc8c9368ed468,https://furman.campuslabs.com/engage/legacy/organization/men-s-club-basketball/DocumentLibrary/view/2386676,2024-08-28T18:42:56,application/octet-stream; charset=utf-8,Furman_University_Club_Basketball_Constitution_24-25.docx
men-s-club-basketball,2499882,Constitution/Bylaws,constitution,2025,data/orgs/men-s-club-basketball/documents/2025/constitution_constitutionbylaws_2499882.docx,bebfc4e8f4bd57f6228ef9ca5841b8ac43c241252734572d68218fddc209cddd,https://furman.campuslabs.com/engage/legacy/organization/men-s-club-basketball/DocumentLibrary/view/2499882,2025-09-10T13:02:19,application/octet-stream; charset=utf-8,Furman_University_Club_Basketball_Constitution_24-25.docx
mere-christianity-forum,700264,Constitution/Bylaws,constitution,2018,data/orgs/mere-christianity-forum/documents/2018/constitution_constitutionbylaws_700264.doc,708a128b1a8001417524228404aedf9344f96a156dc3038615e66f68c22c5a8d,https://furman.campuslabs.com/engage/legacy/organization/mere-christianity-forum/DocumentLibrary/view/700264,2018-01-29T23:28:47,application/octet-stream; charset=utf-8,Constitution_of_the_Mere_Christianity_Forum_2017-2018_(1).doc
mere-christianity-forum,759584,Constitution/Bylaws,constitution,2018,data/orgs/mere-christianity-forum/documents/2018/constitution_constitutionbylaws_759584.doc,f68e9ba36d3dc7ccce6705b7ecf2de289ee6a7387a3c9a32a816ed6b87ed0e9a,https://furman.campuslabs.com/engage/legacy/organization/mere-christianity-forum/DocumentLibrary/view/759584,2018-04-12T15:56:06,application/octet-stream; charset=utf-8,Constitution_of_the_Mere_Christianity_Forum_2017-2018_(1).doc
mere-christianity-forum,1792306,Constitution/Bylaws,constitution,2020,data/orgs/mere-christianity-forum/documents/2020/constitution_constitutionbylaws_1792306.pdf,c99f1297320d41a5c1eeab360d37feac8fb46545040239c396c1ccb1c76f3f04,https://furman.campuslabs.com/engage/legacy/organization/mere-christianity-forum/DocumentLibrary/view/1792306,2020-08-21T12:18:22,application/octet-stream; charset=utf-8,MCF_Constitution_2020-2021.pdf
mere-christianity-forum,1967931,Constitution/Bylaws,constitution,2021,data/orgs/mere-christianity-forum/documents/2021/constitution_constitutionbylaws_1967931.pdf,8764c1d42786b3ceb56a183042a37b5557f0a0ff8bccb2d618efb039998a9179,https://furman.campuslabs.com/engage/legacy/organization/mere-christianity-forum/DocumentLibrary/view/1967931,2021-08-10T13:35:59,application/octet-stream; charset=utf-8,MCF_Constitution_2021-2022.pdf
mere-christianity-forum,2101378,Constitution/Bylaws,constitution,2022,data/orgs/mere-christianity-forum/documents/2022/constitution_constitutionbylaws_2101378.pdf,b43c33d905156240a3c46995e12a1566bc09d5a825f146db53f4f0648a33906e,https://furman.campuslabs.com/engage/legacy/organization/mere-christianity-forum/DocumentLibrary/view/2101378,2022-08-23T11:31:10,application/octet-stream; charset=utf-8,MCF_Constitution_2022-2023.pdf
mere-christianity-forum,2256578,Constitution/Bylaws,constitution,2023,data/orgs/mere-christianity-forum/documents/2023/constitution_constitutionbylaws_2256578.pdf,a6becd0d09665cbc6154d686c05d59c72c308a48b53f17b08354b791be6fe6b8,https://furman.campuslabs.com/engage/legacy/organization/mere-christianity-forum/DocumentLibrary/view/2256578,2023-08-10T12:09:27,application/octet-stream; charset=utf-8,MCF_Constitution_2023-2024.pdf
mere-christianity-forum,2386677,Constitution/Bylaws,constitution,2024,data/orgs/mere-christianity-forum/documents/2024/constitution_constitutionbylaws_2386677.pdf,effc6c493c0e9eae27f0a6eeba5f3a54e19140d9547c63ba8b42f58255163e45,https://furman.campuslabs.com/engage/legacy/organization/mere-christianity-forum/DocumentLibrary/view/2386677,2024-08-18T16:38:26,application/octet-stream; charset=utf-8,MCF_Constitution_2024-2025.pdf
mere-christianity-forum,2499883,Constitution/Bylaws,constitution,2025,data/orgs/mere-christianity-forum/documents/2025/constitution_constitutionbylaws_2499883.pdf,c6671613d9c7513c3bee1400bebcbbe5045acc1e8546e1423a747526e059a8b8,https://furman.campuslabs.com/engage/legacy/organization/mere-christianity-forum/DocumentLibrary/view/2499883,2025-08-17T16:34:51,application/octet-stream; charset=utf-8,MCF_Constitution_2025-2026.pdf
paladinmocktrial,697345,Constitution/Bylaws,constitution,2018,data/orgs/paladinmocktrial/documents/2018/constitution_constitutionbylaws_697345.doc,d03bc2fdc750ef9c31775b917e6523d87234c8f1a28218c76aa7fd0dac2e8aa9,https://furman.campuslabs.com/engage/legacy/organization/paladinmocktrial/DocumentLibrary/view/697345,2018-01-25T12:33:59,application/octet-stream; charset=utf-8,Mock_Trial_Constitution.doc
paladinmocktrial,752986,Constitution/Bylaws,constitution,2018,data/orgs/paladinmocktrial/documents/2018/constitution_constitutionbylaws_752986.doc,d03bc2fdc750ef9c31775b917e6523d87234c8f1a28218c76aa7fd0dac2e8aa9,https://furman.campuslabs.com/engage/legacy/organization/paladinmocktrial/DocumentLibrary/view/752986,2018-04-12T16:07:41,application/octet-stream; charset=utf-8,Mock_Trial_Constitution.doc
paladinmocktrial,1084680,Constitution/Bylaws,constitution,2019,data/orgs/paladinmocktrial/documents/2019/constitution_constitutionbylaws_1084680.doc,a6ae7db4452f496b6b500b1ecc530cc7ece2733d7a2a64391128671d8e824edd,https://furman.campuslabs.com/engage/legacy/organization/paladinmocktrial/DocumentLibrary/view/1084680,2019-03-28T14:49:32,application/octet-stream; charset=utf-8,Mock_Trial_Constitution.doc
paladinmocktrial,1792308,Constitution/Bylaws,constitution,2020,data/orgs/paladinmocktrial/documents/2020/constitution_constitutionbylaws_1792308.doc,20f2e6fcc61b47212eb805a68b8bd51c2303338986706f816f74c8bea6afbaad,https://furman.campuslabs.com/engage/legacy/organization/paladinmocktrial/DocumentLibrary/view/1792308,2020-08-24T16:08:48,application/octet-stream; charset=utf-8,Mock_Trial_Constitution_8_24_2020.doc
paladinmocktrial,1967182,Constitution/Bylaws,constitution,2021,data/orgs/paladinmocktrial/documents/2021/constitution_constitutionbylaws_1967182.doc,20f2e6fcc61b47212eb805a68b8bd51c2303338986706f816f74c8bea6afbaad,https://furman.campuslabs.com/engage/legacy/organization/paladinmocktrial/DocumentLibrary/view/1967182,2021-08-12T08:07:20,application/octet-stream; charset=utf-8,Mock_Trial_Constitution_8_24_2020.doc
paladinmocktrial,2101387,Constitution/Bylaws,constitution,2022,data/orgs/paladinmocktrial/documents/2022/constitution_constitutionbylaws_2101387.doc,20f2e6fcc61b47212eb805a68b8bd51c2303338986706f816f74c8bea6afbaad,https://furman.campuslabs.com/engage/legacy/organization/paladinmocktrial/DocumentLibrary/view/2101387,2022-08-08T18:30:47,application/octet-stream; charset=utf-8,Mock_Trial_Constitution_8_24_2020_(1).doc
paladinmocktrial,2256579,Constitution/Bylaws,constitution,2023,data/orgs/paladinmocktrial/documents/2023/constitution_constitutionbylaws_2256579.doc,20f2e6fcc61b47212eb805a68b8bd51c2303338986706f816f74c8bea6afbaad,https://furman.campuslabs.com/engage/legacy/organization/paladinmocktrial/DocumentLibrary/view/2256579,2023-08-10T19:25:20,application/octet-stream; charset=utf-8,Mock_Trial_Constitution_8_24_2020_(1).doc
paladinmocktrial,2386678,Constitution/Bylaws,constitution,2024,data/orgs/paladinmocktrial/documents/2024/constitution_constitutionbylaws_2386678.doc,20f2e6fcc61b47212eb805a68b8bd51c2303338986706f816f74c8bea6afbaad,https://furman.campuslabs.com/engage/legacy/organization/paladinmocktrial/DocumentLibrary/view/2386678,2024-08-23T19:05:34,application/octet-stream; charset=utf-8,Mock_Trial_Constitution_8_24_2020.doc
paladinmocktrial,2499884,Constitution/Bylaws,constitution,2025,data/orgs/paladinmocktrial/documents/2025/constitution_constitutionbylaws_2499884.pdf,77af6ceb48adee5e3a5bec992a0f20c5f2d895657f388d4385ce6c90366e92df,https://furman.campuslabs.com/engage/legacy/organization/paladinmocktrial/DocumentLibrary/view/2499884,2025-08-19T18:26:09,application/octet-stream; charset=utf-8,Mock_Trial_Constitution_6_2025.pdf
paladinmocktrial,2485604,Mock_Trial_Constitution_6_2025.docx.pdf,constitution,2025,data/orgs/paladinmocktrial/documents/2025/constitution_mock_trial_constitution_6_2025docxpdf_2485604.pdf,63b78a43ba019a96b5c6d4f01de8df1226df4de8ef676e2ff5cd470ea3ae593c,https://furman.campuslabs.com/engage/legacy/organization/paladinmocktrial/DocumentLibrary/view/2485604,2025-08-26T17:55:39,application/octet-stream; charset=utf-8,Mock_Trial_Constitution_6_2025.docx.pdf
morgansmessage,2031289,Constitution/Bylaws,constitution,2022,data/orgs/morgansmessage/documents/2022/constitution_constitutionbylaws_2031289.docx,606da5694346ca69fbb13908b41f5bac982741f86b4bec9521150e3ea9c88cb3,https://furman.campuslabs.com/engage/legacy/organization/morgansmessage/DocumentLibrary/view/2031289,2022-02-04T20:12:01,application/octet-stream; charset=utf-8,Constitutions_and_By-laws.docx
morgansmessage,2101709,Constitution/Bylaws,constitution,2022,data/orgs/morgansmessage/documents/2022/constitution_constitutionbylaws_2101709.pdf,32a5a8a2277a113316966675fd54884984b2344f421771c6aebf9e9376460c81,https://furman.campuslabs.com/engage/legacy/organization/morgansmessage/DocumentLibrary/view/2101709,2022-08-08T18:03:57,application/octet-stream; charset=utf-8,Morgan's_Message_Constitutions_and_By-Laws.pdf
morgansmessage,2256580,Constitution/Bylaws,constitution,2023,data/orgs/morgansmessage/documents/2023/constitution_constitutionbylaws_2256580.pdf,ee1d5f2a33db8e5dbf08c8e37f8935201e3f484bbf74311212300e6586d577e6,https://furman.campuslabs.com/engage/legacy/organization/morgansmessage/DocumentLibrary/view/2256580,2023-08-09T15:36:35,application/octet-stream; charset=utf-8,DOC-365089A1.pdf
morgansmessage,2386679,Constitution/Bylaws,constitution,2024,data/orgs/morgansmessage/documents/2024/constitution_constitutionbylaws_2386679.docx,606da5694346ca69fbb13908b41f5bac982741f86b4bec9521150e3ea9c88cb3,https://furman.campuslabs.com/engage/legacy/organization/morgansmessage/DocumentLibrary/view/2386679,2024-08-14T12:09:23,application/octet-stream; charset=utf-8,Constitutions_and_By-laws.docx
morgansmessage,2499885,Constitution/Bylaws,constitution,2025,data/orgs/morgansmessage/documents/2025/constitution_constitutionbylaws_2499885.docx,606da5694346ca69fbb13908b41f5bac982741f86b4bec9521150e3ea9c88cb3,https://furman.campuslabs.com/engage/legacy/organization/morgansmessage/DocumentLibrary/view/2499885,2025-08-11T10:40:42,application/octet-stream; charset=utf-8,Constitutions_and_By-laws.docx
morgansmessage,2312581,Constitutions_and_By-laws.docx,constitution,2024,data/orgs/morgansmessage/documents/2024/constitution_constitutions_and_by-lawsdocx_2312581.docx,606da5694346ca69fbb13908b41f5bac982741f86b4bec9521150e3ea9c88cb3,https://furman.campuslabs.com/engage/legacy/organization/morgansmessage/DocumentLibrary/view/2312581,2024-04-09T13:47:48,application/octet-stream; charset=utf-8,Constitutions_and_By-laws.docx
mst,2273894,Constitution/Bylaws,constitution,2023,data/orgs/mst/documents/2023/constitution_constitutionbylaws_2273894.docx,5b4a809610f0b5f0130794103ac4e325528f14d6d64aa677a2e6df49e2e8cb73,https://furman.campuslabs.com/engage/legacy/organization/MST/DocumentLibrary/view/2273894,2023-11-01T20:39:57,application/octet-stream; charset=utf-8,Achilles_Heels.docx
mst,2386680,Constitution/Bylaws,constitution,2024,data/orgs/mst/documents/2024/constitution_constitutionbylaws_2386680.docx,5b4a809610f0b5f0130794103ac4e325528f14d6d64aa677a2e6df49e2e8cb73,https://furman.campuslabs.com/engage/legacy/organization/MST/DocumentLibrary/view/2386680,2024-08-10T15:22:16,application/octet-stream; charset=utf-8,MST_COnstitution.docx
mst,2499886,Constitution/Bylaws,constitution,2025,data/orgs/mst/documents/2025/constitution_constitutionbylaws_2499886.docx,5b4a809610f0b5f0130794103ac4e325528f14d6d64aa677a2e6df49e2e8cb73,https://furman.campuslabs.com/engage/legacy/organization/MST/DocumentLibrary/view/2499886,2025-08-08T21:22:01,application/octet-stream; charset=utf-8,MST_COnstitution.docx
maps,1084678,Constitution/Bylaws,constitution,2019,data/orgs/maps/documents/2019/constitution_constitutionbylaws_1084678.pdf,19917de64761165c28f1dc2003d34bd74e4b2d51905d957ea5c0e67fcfcedf5f,https://furman.campuslabs.com/engage/legacy/organization/maps/DocumentLibrary/view/1084678,2019-04-01T15:18:12,application/octet-stream; charset=utf-8,National_level_MAPS_Constitution_10-11.pdf
maps,1792307,Constitution/Bylaws,constitution,2020,data/orgs/maps/documents/2020/constitution_constitutionbylaws_1792307.pdf,19917de64761165c28f1dc2003d34bd74e4b2d51905d957ea5c0e67fcfcedf5f,https://furman.campuslabs.com/engage/legacy/organization/maps/DocumentLibrary/view/1792307,2020-08-23T12:06:05,application/octet-stream; charset=utf-8,National_level_MAPS_Constitution_10-11.pdf
maps,1967258,Constitution/Bylaws,constitution,2021,data/orgs/maps/documents/2021/constitution_constitutionbylaws_1967258.pdf,19917de64761165c28f1dc2003d34bd74e4b2d51905d957ea5c0e67fcfcedf5f,https://furman.campuslabs.com/engage/legacy/organization/maps/DocumentLibrary/view/1967258,2021-08-09T23:18:04,application/octet-stream; charset=utf-8,National_level_MAPS_Constitution_10-11.pdf
maps,2100727,Constitution/Bylaws,constitution,2022,data/orgs/maps/documents/2022/constitution_constitutionbylaws_2100727.pdf,19917de64761165c28f1dc2003d34bd74e4b2d51905d957ea5c0e67fcfcedf5f,https://furman.campuslabs.com/engage/legacy/organization/maps/DocumentLibrary/view/2100727,2022-08-23T23:03:36,application/octet-stream; charset=utf-8,National_level_MAPS_Constitution_10-11.pdf
maps,2256581,Constitution/Bylaws,constitution,2023,data/orgs/maps/documents/2023/constitution_constitutionbylaws_2256581.pdf,19917de64761165c28f1dc2003d34bd74e4b2d51905d957ea5c0e67fcfcedf5f,https://furman.campuslabs.com/engage/legacy/organization/maps/DocumentLibrary/view/2256581,2023-08-24T16:32:18,application/octet-stream; charset=utf-8,National_level_MAPS_Constitution_10-11.pdf
maps,2386681,Constitution/Bylaws,constitution,2024,data/orgs/maps/documents/2024/constitution_constitutionbylaws_2386681.pdf,bcc907cc3cee964af43a08294097038480670e02e19db1b80842406a3d8770f0,https://furman.campuslabs.com/engage/legacy/organization/maps/DocumentLibrary/view/2386681,2024-08-28T21:33:32,application/octet-stream; charset=utf-8,MAPS_Constitution_August_2024.pdf
maps,2499887,Constitution/Bylaws,constitution,2025,data/orgs/maps/documents/2025/constitution_constitutionbylaws_2499887.docx,269f18ca05b076faf561481de91271f367a39cddf3b8bd351d3675be2d0b7abe,https://furman.campuslabs.com/engage/legacy/organization/maps/DocumentLibrary/view/2499887,2025-08-29T15:29:23,application/octet-stream; charset=utf-8,MAPS_Constitution_August_2025.docx
maps,699358,Constitution/Bylaws,constitution,2018,data/orgs/maps/documents/2018/constitution_constitutionbylaws_699358.pdf,19917de64761165c28f1dc2003d34bd74e4b2d51905d957ea5c0e67fcfcedf5f,https://furman.campuslabs.com/engage/legacy/organization/maps/DocumentLibrary/view/699358,2018-01-16T13:19:14,application/octet-stream; charset=utf-8,National_level_MAPS_Constitution_10-11.pdf
maps,759559,Constitution/Bylaws,constitution,2018,data/orgs/maps/documents/2018/constitution_constitutionbylaws_759559.pdf,19917de64761165c28f1dc2003d34bd74e4b2d51905d957ea5c0e67fcfcedf5f,https://furman.campuslabs.com/engage/legacy/organization/maps/DocumentLibrary/view/759559,2018-04-13T14:51:10,application/octet-stream; charset=utf-8,National_level_MAPS_Constitution_10-11.pdf
maps,1003429,Successful Interview MAPS.docx,other,2018,data/orgs/maps/documents/2018/other_successful_interview_mapsdocx_1003429.docx,77c43346ac5ebd3b15d4e9922b8722c0b368eedbcc7aaf7327ade5c4993c66e4,https://furman.campuslabs.com/engage/legacy/organization/maps/DocumentLibrary/view/1003429,2018-11-07T19:07:52,application/octet-stream; charset=utf-8,Successful_Interview_MAPS.docx
muslim-student-association,759585,Constitution/Bylaws,constitution,2018,data/orgs/muslim-student-association/documents/2018/constitution_constitutionbylaws_759585.doc,2fdd58a80e33e9bb13a47934228cda4ef78ba6c2572efe61ea00ad9b4151f872,https://furman.campuslabs.com/engage/legacy/organization/muslim-student-association/DocumentLibrary/view/759585,2018-04-13T13:44:00,application/octet-stream; charset=utf-8,MSA.doc
muslim-student-association,1095003,Constitution/Bylaws,constitution,2019,data/orgs/muslim-student-association/documents/2019/constitution_constitutionbylaws_1095003.doc,2fdd58a80e33e9bb13a47934228cda4ef78ba6c2572efe61ea00ad9b4151f872,https://furman.campuslabs.com/engage/legacy/organization/muslim-student-association/DocumentLibrary/view/1095003,2019-04-17T13:58:53,application/octet-stream; charset=utf-8,MSA.doc
muslim-student-association,1792309,Constitution/Bylaws,constitution,2020,data/orgs/muslim-student-association/documents/2020/constitution_constitutionbylaws_1792309.doc,2fdd58a80e33e9bb13a47934228cda4ef78ba6c2572efe61ea00ad9b4151f872,https://furman.campuslabs.com/engage/legacy/organization/muslim-student-association/DocumentLibrary/view/1792309,2020-08-24T13:18:58,application/octet-stream; charset=utf-8,MSA_(1).doc
muslim-student-association,2101468,Constitution/Bylaws,constitution,2022,data/orgs/muslim-student-association/documents/2022/constitution_constitutionbylaws_2101468.doc,2fdd58a80e33e9bb13a47934228cda4ef78ba6c2572efe61ea00ad9b4151f872,https://furman.campuslabs.com/engage/legacy/organization/muslim-student-association/DocumentLibrary/view/2101468,2022-08-26T07:17:03,application/octet-stream; charset=utf-8,MSA_(1).doc
muslim-student-association,2256582,Constitution/Bylaws,constitution,2023,data/orgs/muslim-student-association/documents/2023/constitution_constitutionbylaws_2256582.doc,2fdd58a80e33e9bb13a47934228cda4ef78ba6c2572efe61ea00ad9b4151f872,https://furman.campuslabs.com/engage/legacy/organization/muslim-student-association/DocumentLibrary/view/2256582,2023-08-15T00:30:12,application/octet-stream; charset=utf-8,MSA_(1).doc
muslim-student-association,2386682,Constitution/Bylaws,constitution,2024,data/orgs/muslim-student-association/documents/2024/constitution_constitutionbylaws_2386682.doc,2fdd58a80e33e9bb13a47934228cda4ef78ba6c2572efe61ea00ad9b4151f872,https://furman.campuslabs.com/engage/legacy/organization/muslim-student-association/DocumentLibrary/view/2386682,2024-08-23T22:59:28,application/octet-stream; charset=utf-8,MSA_(1).doc
muslim-student-association,2499888,Constitution/Bylaws,constitution,2025,data/orgs/muslim-student-association/documents/2025/constitution_constitutionbylaws_2499888.doc,4883cff8a2bd6569015e6b2dcec88cd50397d6cf1803aaab65c1ecd4391d8a3b,https://furman.campuslabs.com/engage/legacy/organization/muslim-student-association/DocumentLibrary/view/2499888,2025-08-11T13:20:00,application/octet-stream; charset=utf-8,MSA_(1).doc
national-association-for-music-education,694461,Constitution/Bylaws,constitution,2018,data/orgs/national-association-for-music-education/documents/2018/constitution_constitutionbylaws_694461.pdf,e8e9bce06d1d0c8194da9b911a56873f4a61cf68bbcd6d1968577bfadc9c8cb8,https://furman.campuslabs.com/engage/legacy/organization/national-association-for-music-education/DocumentLibrary/view/694461,2018-01-18T15:15:20,application/octet-stream; charset=utf-8,NAfME_Constitution2FBylaws_(as_of_12-9-17).pdf
national-association-for-music-education,752988,Constitution/Bylaws,constitution,2018,data/orgs/national-association-for-music-education/documents/2018/constitution_constitutionbylaws_752988.pdf,e8e9bce06d1d0c8194da9b911a56873f4a61cf68bbcd6d1968577bfadc9c8cb8,https://furman.campuslabs.com/engage/legacy/organization/national-association-for-music-education/DocumentLibrary/view/752988,2018-04-03T16:49:05,application/octet-stream; charset=utf-8,NAfME_Constitution2FBylaws_(as_of_12-9-17).pdf
national-association-for-music-education,1091473,Constitution/Bylaws,constitution,2019,data/orgs/national-association-for-music-education/documents/2019/constitution_constitutionbylaws_1091473.docx,aeaba32a8755bcc7107502b9d3582ee02748b73623be659125e0b32be6bccd4b,https://furman.campuslabs.com/engage/legacy/organization/national-association-for-music-education/DocumentLibrary/view/1091473,2019-04-09T13:38:56,application/octet-stream; charset=utf-8,NAfME_Constitution_Bylaws_(as_of_03-28-19).docx
national-association-for-music-education,1792310,Constitution/Bylaws,constitution,2020,data/orgs/national-association-for-music-education/documents/2020/constitution_constitutionbylaws_1792310.docx,68cb1eb5733a964a4cacb96705923d87e1388e4f83cc680ce74215321b3e8a36,https://furman.campuslabs.com/engage/legacy/organization/national-association-for-music-education/DocumentLibrary/view/1792310,2020-08-23T20:19:38,application/octet-stream; charset=utf-8,NAfME_Constitution_Bylaws_(as_of_1-28-2020).docx
national-association-for-music-education,1967184,Constitution/Bylaws,constitution,2021,data/orgs/national-association-for-music-education/documents/2021/constitution_constitutionbylaws_1967184.pdf,267de2be2ab2f1187f0e3a42add93f7fe61d26702d5e6a9f02851b464b883db8,https://furman.campuslabs.com/engage/legacy/organization/national-association-for-music-education/DocumentLibrary/view/1967184,2021-08-08T21:13:18,application/octet-stream; charset=utf-8,NAfME_Constitution_Bylaws_(as_of_3-4-2021).pdf
national-association-for-music-education,2102426,Constitution/Bylaws,constitution,2022,data/orgs/national-association-for-music-education/documents/2022/constitution_constitutionbylaws_2102426.pdf,cc369e5cda85c8e462ec0e8e5fcfcc7d3043a63b2ffc6b2326f487e9074f2b3e,https://furman.campuslabs.com/engage/legacy/organization/national-association-for-music-education/DocumentLibrary/view/2102426,2022-08-26T07:52:26,application/octet-stream; charset=utf-8,NAfME_Constitution_Bylaws.pdf
national-association-for-music-education,2256583,Constitution/Bylaws,constitution,2023,data/orgs/national-association-for-music-education/documents/2023/constitution_constitutionbylaws_2256583.pdf,cc369e5cda85c8e462ec0e8e5fcfcc7d3043a63b2ffc6b2326f487e9074f2b3e,https://furman.campuslabs.com/engage/legacy/organization/national-association-for-music-education/DocumentLibrary/view/2256583,2023-08-21T14:36:52,application/octet-stream; charset=utf-8,NAfME_Constitution_Bylaws.pdf
national-association-for-music-education,2386683,Constitution/Bylaws,constitution,2024,data/orgs/national-association-for-music-education/documents/2024/constitution_constitutionbylaws_2386683.pdf,7b4094656af5c3584a315372d6fbb40b100c340b4ddac33b5bcb215652f68638,https://furman.campuslabs.com/engage/legacy/organization/national-association-for-music-education/DocumentLibrary/view/2386683,2024-08-12T08:46:36,application/octet-stream; charset=utf-8,Bylaws.pdf
national-association-for-music-education,2499889,Constitution/Bylaws,constitution,2025,data/orgs/national-association-for-music-education/documents/2025/constitution_constitutionbylaws_2499889.pdf,b05b7088b458285749fde1a64e46bd06c855a6f16d0694bd697e40c4b7f1f837,https://furman.campuslabs.com/engage/legacy/organization/national-association-for-music-education/DocumentLibrary/view/2499889,2025-08-13T22:02:05,application/octet-stream; charset=utf-8,NAfME_Constitution_Bylaws.pdf
national-association-for-music-education,1889089,NAfME Constitution_Bylaws (as of 3-4-2021).docx,constitution,2021,data/orgs/national-association-for-music-education/documents/2021/constitution_nafme_constitution_bylaws_as_of_3-4-2021docx_1889089.docx,56d8736bfd091c738832015b8122a0219e08fdbe0bed8a7357403f3fa363f929,https://furman.campuslabs.com/engage/legacy/organization/national-association-for-music-education/DocumentLibrary/view/1889089,2021-03-04T22:59:29,application/octet-stream; charset=utf-8,NAfME_Constitution_Bylaws_(as_of_3-4-2021).docx
national-association-for-music-education,2553174,NAfME Constitution_Bylaws (Updated March 2026).pdf,constitution,2026,data/orgs/national-association-for-music-education/documents/2026/constitution_nafme_constitution_bylaws_updated_march_2026pdf_2553174.pdf,6fa75a8d2bf7fa525187276f9b068a7ca39bb1445016d825fc5d21515fe10786,https://furman.campuslabs.com/engage/legacy/organization/national-association-for-music-education/DocumentLibrary/view/2553174,2026-03-16T11:55:01,application/octet-stream; charset=utf-8,NAfME_Constitution_Bylaws_(Updated_March_2026).pdf
furmannaacp,690771,Constitution/Bylaws,constitution,2018,data/orgs/furmannaacp/documents/2018/constitution_constitutionbylaws_690771.doc,cc9c522a17581228ce79f3d0288ef634a3dca2391d5cce48408cc17e73b2b980,https://furman.campuslabs.com/engage/legacy/organization/furmannaacp/DocumentLibrary/view/690771,2018-01-12T16:45:48,application/octet-stream; charset=utf-8,NAACP_Constitution_(Updated_November_2017).doc
furmannaacp,837585,Constitution/Bylaws,constitution,2018,data/orgs/furmannaacp/documents/2018/constitution_constitutionbylaws_837585.doc,b3ecad916d91fdbe6e19f9f9d281401bc9d15d944edf65ba486cc2d3517a52fb,https://furman.campuslabs.com/engage/legacy/organization/furmannaacp/DocumentLibrary/view/837585,2018-05-22T13:23:03,application/octet-stream; charset=utf-8,NAACP_Constitution_(Updated_November_2017).doc
furmannaacp,1792311,Constitution/Bylaws,constitution,2020,data/orgs/furmannaacp/documents/2020/constitution_constitutionbylaws_1792311.doc,b3ecad916d91fdbe6e19f9f9d281401bc9d15d944edf65ba486cc2d3517a52fb,https://furman.campuslabs.com/engage/legacy/organization/furmannaacp/DocumentLibrary/view/1792311,2020-08-24T14:55:07,application/octet-stream; charset=utf-8,NAACP_Constitution_(Updated_November_2017).doc
furmannaacp,1969288,Constitution/Bylaws,constitution,2021,data/orgs/furmannaacp/documents/2021/constitution_constitutionbylaws_1969288.doc,b3ecad916d91fdbe6e19f9f9d281401bc9d15d944edf65ba486cc2d3517a52fb,https://furman.campuslabs.com/engage/legacy/organization/furmannaacp/DocumentLibrary/view/1969288,2021-08-22T10:23:58,application/octet-stream; charset=utf-8,NAACP_Constitution_(Updated_November_2017).doc
furmannaacp,2100637,Constitution/Bylaws,constitution,2022,data/orgs/furmannaacp/documents/2022/constitution_constitutionbylaws_2100637.pdf,b53d5ebcdc18141b3bed3156f410fec3f28c647b767b5324bb512afa17f76f01,https://furman.campuslabs.com/engage/legacy/organization/furmannaacp/DocumentLibrary/view/2100637,2022-08-25T16:12:11,application/octet-stream; charset=utf-8,NAACP_Constitution.pdf
furmannaacp,2256584,Constitution/Bylaws,constitution,2023,data/orgs/furmannaacp/documents/2023/constitution_constitutionbylaws_2256584.pdf,b53d5ebcdc18141b3bed3156f410fec3f28c647b767b5324bb512afa17f76f01,https://furman.campuslabs.com/engage/legacy/organization/furmannaacp/DocumentLibrary/view/2256584,2023-08-11T10:50:10,application/octet-stream; charset=utf-8,NAACP_Constitution.pdf
furmannaacp,2386684,Constitution/Bylaws,constitution,2024,data/orgs/furmannaacp/documents/2024/constitution_constitutionbylaws_2386684.pdf,b53d5ebcdc18141b3bed3156f410fec3f28c647b767b5324bb512afa17f76f01,https://furman.campuslabs.com/engage/legacy/organization/furmannaacp/DocumentLibrary/view/2386684,2024-08-10T14:21:07,application/octet-stream; charset=utf-8,NAACP_Constitution.pdf
furmannaacp,2499890,Constitution/Bylaws,constitution,2025,data/orgs/furmannaacp/documents/2025/constitution_constitutionbylaws_2499890.pdf,b53d5ebcdc18141b3bed3156f410fec3f28c647b767b5324bb512afa17f76f01,https://furman.campuslabs.com/engage/legacy/organization/furmannaacp/DocumentLibrary/view/2499890,2025-08-19T23:34:17,application/octet-stream; charset=utf-8,NAACP_Constitution.pdf
naia,1793787,Constitution/Bylaws,constitution,2020,data/orgs/naia/documents/2020/constitution_constitutionbylaws_1793787.docx,14af42bc2c0fd79f8f1db6c598e5912bfdbd3004c93b763cb357a3d94bd9afb9,https://furman.campuslabs.com/engage/legacy/organization/naia/DocumentLibrary/view/1793787,2020-08-25T16:03:09,application/octet-stream; charset=utf-8,Native_American_and_Indigenous_Peoples_Association_Constitution_2020.docx
naia,1969981,Constitution/Bylaws,constitution,2021,data/orgs/naia/documents/2021/constitution_constitutionbylaws_1969981.docx,14af42bc2c0fd79f8f1db6c598e5912bfdbd3004c93b763cb357a3d94bd9afb9,https://furman.campuslabs.com/engage/legacy/organization/naia/DocumentLibrary/view/1969981,2021-08-26T11:00:39,application/octet-stream; charset=utf-8,Native_American_and_Indigenous_Peoples_Association_Constitution_2020.docx
naia,2103276,Constitution/Bylaws,constitution,2022,data/orgs/naia/documents/2022/constitution_constitutionbylaws_2103276.docx,14af42bc2c0fd79f8f1db6c598e5912bfdbd3004c93b763cb357a3d94bd9afb9,https://furman.campuslabs.com/engage/legacy/organization/naia/DocumentLibrary/view/2103276,2022-08-23T17:37:22,application/octet-stream; charset=utf-8,Native_American_and_Indigenous_Peoples_Association_Constitution_2022.docx
naia,2256585,Constitution/Bylaws,constitution,2023,data/orgs/naia/documents/2023/constitution_constitutionbylaws_2256585.pdf,99c892e07fd8123857e68001761bdd036d7524488cfbdf13cc4c36cb7356d365,https://furman.campuslabs.com/engage/legacy/organization/naia/DocumentLibrary/view/2256585,2023-08-08T16:16:47,application/octet-stream; charset=utf-8,Untitled_document-2.pdf
naia,2386685,Constitution/Bylaws,constitution,2024,data/orgs/naia/documents/2024/constitution_constitutionbylaws_2386685.pdf,a97d3b818e16dcf442465b0cc89d7aa2e67d076dbd7f47f81cb4ec922ca525bd,https://furman.campuslabs.com/engage/legacy/organization/naia/DocumentLibrary/view/2386685,2024-08-10T12:14:24,application/octet-stream; charset=utf-8,NAIA_Constitution_2024-2025.pdf
naia,2498029,Constitution/Bylaws,constitution,2025,data/orgs/naia/documents/2025/constitution_constitutionbylaws_2498029.pdf,3c3006b7554f9fd3b7548619058142bcc8b74be9fd681b0602eef2c4ff800891,https://furman.campuslabs.com/engage/legacy/organization/naia/DocumentLibrary/view/2498029,2025-09-13T17:10:23,application/octet-stream; charset=utf-8,NATIVE_AMERICAN_AND_INDIGENOUS_PEOPLES_STUDENT_ASSOCIATION_FURMAN_UNIVERSITY_CONSTITUTION_2025.pdf
naia,2499891,Constitution/Bylaws,constitution,2025,data/orgs/naia/documents/2025/constitution_constitutionbylaws_2499891.pdf,3c3006b7554f9fd3b7548619058142bcc8b74be9fd681b0602eef2c4ff800891,https://furman.campuslabs.com/engage/legacy/organization/naia/DocumentLibrary/view/2499891,2025-08-11T12:26:29,application/octet-stream; charset=utf-8,NATIVE_AMERICAN_AND_INDIGENOUS_PEOPLES_STUDENT_ASSOCIATION_FURMAN_UNIVERSITY_CONSTITUTION_2025.pdf
of-mice-and-furmen-book-club,2171835,2022-2023 Of Mice and Furmen Constitution and Bylaws.docx,constitution,2023,data/orgs/of-mice-and-furmen-book-club/documents/2023/constitution_2022-2023_of_mice_and_furmen_constitution_and_bylawsdocx_2171835.docx,3f154a9d2b84b839cefadeb485b47eea4d7f120a04c1494261396ded93f93093,https://furman.campuslabs.com/engage/legacy/organization/of-mice-and-furmen-book-club/DocumentLibrary/view/2171835,2023-03-02T23:12:21,application/octet-stream; charset=utf-8,2022-2023_Of_Mice_and_Furmen_Constitution_and_Bylaws.docx
of-mice-and-furmen-book-club,747221,Constitution/Bylaws,constitution,2018,data/orgs/of-mice-and-furmen-book-club/documents/2018/constitution_constitutionbylaws_747221.pdf,bfd2f6cb54be8dc72cc05302b77f590127b2e088f6c128bc1ea08cb7c7689056,https://furman.campuslabs.com/engage/legacy/organization/of-mice-and-furmen-book-club/DocumentLibrary/view/747221,2018-04-04T12:32:07,application/octet-stream; charset=utf-8,Book_Club_Constitution.pdf
of-mice-and-furmen-book-club,1091474,Constitution/Bylaws,constitution,2019,data/orgs/of-mice-and-furmen-book-club/documents/2019/constitution_constitutionbylaws_1091474.pdf,bfd2f6cb54be8dc72cc05302b77f590127b2e088f6c128bc1ea08cb7c7689056,https://furman.campuslabs.com/engage/legacy/organization/of-mice-and-furmen-book-club/DocumentLibrary/view/1091474,2019-03-21T17:07:47,application/octet-stream; charset=utf-8,Book_Club_Constitution.pdf
of-mice-and-furmen-book-club,1792312,Constitution/Bylaws,constitution,2020,data/orgs/of-mice-and-furmen-book-club/documents/2020/constitution_constitutionbylaws_1792312.pdf,bfd2f6cb54be8dc72cc05302b77f590127b2e088f6c128bc1ea08cb7c7689056,https://furman.campuslabs.com/engage/legacy/organization/of-mice-and-furmen-book-club/DocumentLibrary/view/1792312,2020-08-22T10:04:37,application/octet-stream; charset=utf-8,Book_Club_Constitution.pdf
of-mice-and-furmen-book-club,1967933,Constitution/Bylaws,constitution,2021,data/orgs/of-mice-and-furmen-book-club/documents/2021/constitution_constitutionbylaws_1967933.pdf,bfd2f6cb54be8dc72cc05302b77f590127b2e088f6c128bc1ea08cb7c7689056,https://furman.campuslabs.com/engage/legacy/organization/of-mice-and-furmen-book-club/DocumentLibrary/view/1967933,2021-08-13T21:14:00,application/octet-stream; charset=utf-8,Book_Club_Constitution.pdf
of-mice-and-furmen-book-club,2100638,Constitution/Bylaws,constitution,2022,data/orgs/of-mice-and-furmen-book-club/documents/2022/constitution_constitutionbylaws_2100638.pdf,bfd2f6cb54be8dc72cc05302b77f590127b2e088f6c128bc1ea08cb7c7689056,https://furman.campuslabs.com/engage/legacy/organization/of-mice-and-furmen-book-club/DocumentLibrary/view/2100638,2022-08-24T14:28:51,application/octet-stream; charset=utf-8,Book_Club_Constitution_(1).pdf
of-mice-and-furmen-book-club,2256586,Constitution/Bylaws,constitution,2023,data/orgs/of-mice-and-furmen-book-club/documents/2023/constitution_constitutionbylaws_2256586.docx,3f154a9d2b84b839cefadeb485b47eea4d7f120a04c1494261396ded93f93093,https://furman.campuslabs.com/engage/legacy/organization/of-mice-and-furmen-book-club/DocumentLibrary/view/2256586,2023-08-25T14:39:26,application/octet-stream; charset=utf-8,2022-2023_Of_Mice_and_Furmen_Constitution_and_Bylaws.docx
of-mice-and-furmen-book-club,2386686,Constitution/Bylaws,constitution,2024,data/orgs/of-mice-and-furmen-book-club/documents/2024/constitution_constitutionbylaws_2386686.docx,4440c299e5874a3982424af6f6a834e1206f2d387c448a4cb34ce9a208cff920,https://furman.campuslabs.com/engage/legacy/organization/of-mice-and-furmen-book-club/DocumentLibrary/view/2386686,2024-08-14T23:33:22,application/octet-stream; charset=utf-8,2024-2025_Of_Mice_and_Furmen_Constitution_and_Bylaws.docx
of-mice-and-furmen-book-club,2499892,Constitution/Bylaws,constitution,2025,data/orgs/of-mice-and-furmen-book-club/documents/2025/constitution_constitutionbylaws_2499892.docx,d15f127e0f90a0413b22ca7179faa5b99b79d850f5f7e25b7ece5b32a7d15a5b,https://furman.campuslabs.com/engage/legacy/organization/of-mice-and-furmen-book-club/DocumentLibrary/view/2499892,2025-08-25T17:00:28,application/octet-stream; charset=utf-8,2025-2026_Of_Mice_and_Furmen_Constitution_and_Bylaws[58].docx
of-mice-and-furmen-book-club,694462,Constitution/Bylaws,constitution,2018,data/orgs/of-mice-and-furmen-book-club/documents/2018/constitution_constitutionbylaws_694462.pdf,bfd2f6cb54be8dc72cc05302b77f590127b2e088f6c128bc1ea08cb7c7689056,https://furman.campuslabs.com/engage/legacy/organization/of-mice-and-furmen-book-club/DocumentLibrary/view/694462,2018-01-16T16:01:03,application/octet-stream; charset=utf-8,Book_Club_Constitution.pdf
furmanuniversity,2517275,Credit Card Reader Confidentiality Agreement.docx,other,2025,data/orgs/furmanuniversity/documents/2025/other_credit_card_reader_confidentiality_agreementdocx_2517275.docx,76b65464e45bdd1d25d6ef119862d3862f8016b2b9d81d32321f670209f6bd28,https://furman.campuslabs.com/engage/legacy/organization/furmanuniversity/DocumentLibrary/view/2517275,2025-10-20T14:36:19,application/octet-stream; charset=utf-8,Credit_Card_Reader_Confidentiality_Agreement.docx
odk,2437342,Constitution/Bylaws,constitution,2025,data/orgs/odk/documents/2025/constitution_constitutionbylaws_2437342.pdf,21284aa1e16ae3aa8387eb05bde3aababe9e304e79d22519ed0ba0602badd1d0,https://furman.campuslabs.com/engage/legacy/organization/ODK/DocumentLibrary/view/2437342,2025-03-30T21:21:02,application/octet-stream; charset=utf-8,Furman_University_Circle_Bylaws_June_2023.pdf
odk,2499893,Constitution/Bylaws,constitution,2025,data/orgs/odk/documents/2025/constitution_constitutionbylaws_2499893.docx,059b07baaf94d700e0ea0eee541a7f897d316bd14cd549f852b5627e9e88fea0,https://furman.campuslabs.com/engage/legacy/organization/ODK/DocumentLibrary/view/2499893,2025-08-24T19:09:00,application/octet-stream; charset=utf-8,Furman_University_Circle_Bylaws_June_2023.docx
ondiscourse,2500015,Constitution/Bylaws,constitution,2025,data/orgs/ondiscourse/documents/2025/constitution_constitutionbylaws_2500015.pdf,96732073317a4cc5d4b1a86e9c6f12d826d3a7ab3404da19cc84202139f450e1,https://furman.campuslabs.com/engage/legacy/organization/OnDiscourse/DocumentLibrary/view/2500015,2025-09-16T15:20:17,application/octet-stream; charset=utf-8,On_Discourse.pdf
order-of-furman-theatre,2499894,Constitution/Bylaws,constitution,2025,data/orgs/order-of-furman-theatre/documents/2025/constitution_constitutionbylaws_2499894.docx,7d67e1906f9ef38f505d337d5c8b1b7ce300e1ef911401657f16b54f0672f5fe,https://furman.campuslabs.com/engage/legacy/organization/order-of-furman-theatre/DocumentLibrary/view/2499894,2025-08-09T12:18:20,application/octet-stream; charset=utf-8,OFT_Constitution_Bylaws.docx
order-of-furman-theatre,2386687,Constitution/Bylaws,constitution,2024,data/orgs/order-of-furman-theatre/documents/2024/constitution_constitutionbylaws_2386687.docx,a5e1e8f8fed8a61b3ae4766e650915b922e7ec10d1348117943df30f99d65f16,https://furman.campuslabs.com/engage/legacy/organization/order-of-furman-theatre/DocumentLibrary/view/2386687,2024-08-30T12:54:37,application/octet-stream; charset=utf-8,OFT_Constitution_Bylaws.docx
order-of-furman-theatre,697346,Constitution/Bylaws,constitution,2018,data/orgs/order-of-furman-theatre/documents/2018/constitution_constitutionbylaws_697346.doc,28a75836d981748fdc754e94611c6768dbd0e742d1a3f8789df3dfafe43e5acb,https://furman.campuslabs.com/engage/legacy/organization/order-of-furman-theatre/DocumentLibrary/view/697346,2018-01-24T14:13:18,application/octet-stream; charset=utf-8,OFT_Constitution.doc
order-of-furman-theatre,752990,Constitution/Bylaws,constitution,2018,data/orgs/order-of-furman-theatre/documents/2018/constitution_constitutionbylaws_752990.pdf,0241521d959f08b402987a59d813c8acea736d0953c3f1d0f3768b54db25c4b3,https://furman.campuslabs.com/engage/legacy/organization/order-of-furman-theatre/DocumentLibrary/view/752990,2018-04-11T19:57:02,application/octet-stream; charset=utf-8,OFT_Constitution.pdf
order-of-furman-theatre,1086451,Constitution/Bylaws,constitution,2019,data/orgs/order-of-furman-theatre/documents/2019/constitution_constitutionbylaws_1086451.docx,f78c5f0b2fa0cfef649a061b64237fc2dd8f53d8cac14347320cb2d2fef159ba,https://furman.campuslabs.com/engage/legacy/organization/order-of-furman-theatre/DocumentLibrary/view/1086451,2019-03-31T22:12:42,application/octet-stream; charset=utf-8,2020.docx
order-of-furman-theatre,1792313,Constitution/Bylaws,constitution,2020,data/orgs/order-of-furman-theatre/documents/2020/constitution_constitutionbylaws_1792313.docx,4c150faef1e03ae678ccc59bff8c1e03a533989b14dc624480b77ba10b22ba5f,https://furman.campuslabs.com/engage/legacy/organization/order-of-furman-theatre/DocumentLibrary/view/1792313,2020-08-18T00:34:47,application/octet-stream; charset=utf-8,OFT_Constitution_2019.docx
order-of-furman-theatre,1967278,Constitution/Bylaws,constitution,2021,data/orgs/order-of-furman-theatre/documents/2021/constitution_constitutionbylaws_1967278.docx,d5a1cc1fa38fa48266b4730de3bb5432e3ae149d5990733a9e8b72fca3bd7c9f,https://furman.campuslabs.com/engage/legacy/organization/order-of-furman-theatre/DocumentLibrary/view/1967278,2021-08-31T13:44:31,application/octet-stream; charset=utf-8,OFT_Constitution_Bylaws_2021.docx
order-of-furman-theatre,2100639,Constitution/Bylaws,constitution,2022,data/orgs/order-of-furman-theatre/documents/2022/constitution_constitutionbylaws_2100639.docx,d5a1cc1fa38fa48266b4730de3bb5432e3ae149d5990733a9e8b72fca3bd7c9f,https://furman.campuslabs.com/engage/legacy/organization/order-of-furman-theatre/DocumentLibrary/view/2100639,2022-08-25T16:48:22,application/octet-stream; charset=utf-8,OFT_Constitution_Bylaws_2022.docx
order-of-furman-theatre,2256587,Constitution/Bylaws,constitution,2023,data/orgs/order-of-furman-theatre/documents/2023/constitution_constitutionbylaws_2256587.docx,d5a1cc1fa38fa48266b4730de3bb5432e3ae149d5990733a9e8b72fca3bd7c9f,https://furman.campuslabs.com/engage/legacy/organization/order-of-furman-theatre/DocumentLibrary/view/2256587,2023-08-09T10:10:12,application/octet-stream; charset=utf-8,OFT_Constitution_Bylaws.docx
order-of-furman-theatre,2424588,Minutes 1 23 25.docx,other,2025,data/orgs/order-of-furman-theatre/documents/2025/other_minutes_1_23_25docx_2424588.docx,f5b6c0f1996405c9970242887200b0d28961bab0d506eadaece35357b8671a41,https://furman.campuslabs.com/engage/legacy/organization/order-of-furman-theatre/DocumentLibrary/view/2424588,2025-02-23T19:03:22,application/octet-stream; charset=utf-8,Minutes_1_23_25.docx
orthodox-christian-fellowship,694478,Constitution/Bylaws,constitution,2017,data/orgs/orthodox-christian-fellowship/documents/2017/constitution_constitutionbylaws_694478.doc,57c6a9cd22388c5546c91e3aa506d5776985f39e2a7ae194a357be7af42d244b,https://furman.campuslabs.com/engage/legacy/organization/orthodox-christian-fellowship/DocumentLibrary/view/694478,2017-12-21T16:51:54,application/octet-stream; charset=utf-8,OCF_Constitution_2015.doc
orthodox-christian-fellowship,759587,Constitution/Bylaws,constitution,2018,data/orgs/orthodox-christian-fellowship/documents/2018/constitution_constitutionbylaws_759587.doc,57c6a9cd22388c5546c91e3aa506d5776985f39e2a7ae194a357be7af42d244b,https://furman.campuslabs.com/engage/legacy/organization/orthodox-christian-fellowship/DocumentLibrary/view/759587,2018-04-24T16:14:47,application/octet-stream; charset=utf-8,OCF_Constitution_2015.doc
orthodox-christian-fellowship,1095025,Constitution/Bylaws,constitution,2019,data/orgs/orthodox-christian-fellowship/documents/2019/constitution_constitutionbylaws_1095025.doc,57c6a9cd22388c5546c91e3aa506d5776985f39e2a7ae194a357be7af42d244b,https://furman.campuslabs.com/engage/legacy/organization/orthodox-christian-fellowship/DocumentLibrary/view/1095025,2019-04-17T18:09:02,application/octet-stream; charset=utf-8,OCF_Constitution_2015_(1).doc
orthodox-christian-fellowship,2256588,Constitution/Bylaws,constitution,2023,data/orgs/orthodox-christian-fellowship/documents/2023/constitution_constitutionbylaws_2256588.doc,57c6a9cd22388c5546c91e3aa506d5776985f39e2a7ae194a357be7af42d244b,https://furman.campuslabs.com/engage/legacy/organization/orthodox-christian-fellowship/DocumentLibrary/view/2256588,2023-08-13T21:06:23,application/octet-stream; charset=utf-8,OCF_Constitution_2015_(1)_(1).doc
orthodox-christian-fellowship,2386688,Constitution/Bylaws,constitution,2024,data/orgs/orthodox-christian-fellowship/documents/2024/constitution_constitutionbylaws_2386688.docx,8e5b45e44c2cff6cacca80a063620da30de4018c077bed299e49348eb6cdfa9d,https://furman.campuslabs.com/engage/legacy/organization/orthodox-christian-fellowship/DocumentLibrary/view/2386688,2024-08-14T17:02:45,application/octet-stream; charset=utf-8,OCF_Constitution_ByLaws_2024.docx
orthodox-christian-fellowship,2499895,Constitution/Bylaws,constitution,2025,data/orgs/orthodox-christian-fellowship/documents/2025/constitution_constitutionbylaws_2499895.docx,6b515077fd011d5a375e2a5d0230535f2ba57eef309725c0c49287b808a1163e,https://furman.campuslabs.com/engage/legacy/organization/orthodox-christian-fellowship/DocumentLibrary/view/2499895,2025-08-14T15:35:41,application/octet-stream; charset=utf-8,OCF_Constitution_ByLaws_2025.docx
orthodox-christian-fellowship,2318475,OCF_Constitution 2024.docx,constitution,2024,data/orgs/orthodox-christian-fellowship/documents/2024/constitution_ocf_constitution_2024docx_2318475.docx,c7c29534e3f0093f930b9c8f3ead2187a3a70c9112641654028a0019bb1cc60c,https://furman.campuslabs.com/engage/legacy/organization/orthodox-christian-fellowship/DocumentLibrary/view/2318475,2024-04-25T09:30:52,application/octet-stream; charset=utf-8,OCF_Constitution_2024.docx
palacats,2324520,Constitution/Bylaws,constitution,2024,data/orgs/palacats/documents/2024/constitution_constitutionbylaws_2324520.docx,5f24491fb6d6b8e60d491b830c51bf53286fd41d380f16de35dcd6759ee7d9e8,https://furman.campuslabs.com/engage/legacy/organization/palacats/DocumentLibrary/view/2324520,2024-05-10T01:15:07,application/octet-stream; charset=utf-8,PALACATS_CONSTITUTION.docx
palacats,2386689,Constitution/Bylaws,constitution,2024,data/orgs/palacats/documents/2024/constitution_constitutionbylaws_2386689.pdf,34f38ec89b7183a5f0bd51b8f49458aa21da3bfca895af4c1c3f60e38a9893fe,https://furman.campuslabs.com/engage/legacy/organization/palacats/DocumentLibrary/view/2386689,2024-08-29T16:29:36,application/octet-stream; charset=utf-8,PALACATS_CONSTITUTION.pdf
palacats,2499896,Constitution/Bylaws,constitution,2025,data/orgs/palacats/documents/2025/constitution_constitutionbylaws_2499896.pdf,bc3e8e03b716e6a544aac085770ef6ead7b2182d07b15c682f583d8544887982,https://furman.campuslabs.com/engage/legacy/organization/palacats/DocumentLibrary/view/2499896,2025-08-29T13:56:44,application/octet-stream; charset=utf-8,PALACATS_CONSTITUTION_updated_Fall_2025.pdf
palacats,2488145,PALACATS CONSTITUTION_updated Fall 2025.pdf,constitution,2025,data/orgs/palacats/documents/2025/constitution_palacats_constitution_updated_fall_2025pdf_2488145.pdf,bc3e8e03b716e6a544aac085770ef6ead7b2182d07b15c682f583d8544887982,https://furman.campuslabs.com/engage/legacy/organization/palacats/DocumentLibrary/view/2488145,2025-08-29T14:05:22,application/octet-stream; charset=utf-8,PALACATS_CONSTITUTION_updated_Fall_2025.pdf
paladin-ink-furman-s-creative-writing-organization,695042,Constitution/Bylaws,constitution,2018,data/orgs/paladin-ink-furman-s-creative-writing-organization/documents/2018/constitution_constitutionbylaws_695042.pdf,20381be7780eec185d586aa4b8ff6e213806db2bd6a918fe93a907d9fc3b08f5,https://furman.campuslabs.com/engage/legacy/organization/paladin-ink-furman-s-creative-writing-organization/DocumentLibrary/view/695042,2018-01-22T10:52:27,application/octet-stream; charset=utf-8,Paladin_Ink_constitution.pdf
paladin-ink-furman-s-creative-writing-organization,1091479,Constitution/Bylaws,constitution,2019,data/orgs/paladin-ink-furman-s-creative-writing-organization/documents/2019/constitution_constitutionbylaws_1091479.docx,6482fb22f4185586d3d04c4c6403704dca52450feacda127ef86bac20a5bd7e1,https://furman.campuslabs.com/engage/legacy/organization/paladin-ink-furman-s-creative-writing-organization/DocumentLibrary/view/1091479,2019-04-11T13:27:15,application/octet-stream; charset=utf-8,Paladin_Ink_constitution_(2).docx
paladin-ink-furman-s-creative-writing-organization,1792314,Constitution/Bylaws,constitution,2020,data/orgs/paladin-ink-furman-s-creative-writing-organization/documents/2020/constitution_constitutionbylaws_1792314.docx,6482fb22f4185586d3d04c4c6403704dca52450feacda127ef86bac20a5bd7e1,https://furman.campuslabs.com/engage/legacy/organization/paladin-ink-furman-s-creative-writing-organization/DocumentLibrary/view/1792314,2020-08-24T10:45:28,application/octet-stream; charset=utf-8,Paladin_Ink_constitution_(2).docx
paladin-ink-furman-s-creative-writing-organization,1976006,Constitution/Bylaws,constitution,2021,data/orgs/paladin-ink-furman-s-creative-writing-organization/documents/2021/constitution_constitutionbylaws_1976006.pdf,20381be7780eec185d586aa4b8ff6e213806db2bd6a918fe93a907d9fc3b08f5,https://furman.campuslabs.com/engage/legacy/organization/paladin-ink-furman-s-creative-writing-organization/DocumentLibrary/view/1976006,2021-08-23T23:47:53,application/octet-stream; charset=utf-8,Paladin_Ink_constitution.pdf
paladin-ink-furman-s-creative-writing-organization,2106143,Constitution/Bylaws,constitution,2022,data/orgs/paladin-ink-furman-s-creative-writing-organization/documents/2022/constitution_constitutionbylaws_2106143.docx,29a18df375a979a55417a2fd25e6ed8c379ac4d5ee9aa97a46f37deef83da880,https://furman.campuslabs.com/engage/legacy/organization/paladin-ink-furman-s-creative-writing-organization/DocumentLibrary/view/2106143,2022-08-08T19:53:40,application/octet-stream; charset=utf-8,Paladin_Ink_Constitution.docx
paladin-ink-furman-s-creative-writing-organization,2256589,Constitution/Bylaws,constitution,2023,data/orgs/paladin-ink-furman-s-creative-writing-organization/documents/2023/constitution_constitutionbylaws_2256589.docx,0a50a60b1ba91d78ba3284f7a099b9aac3f1bee7f22eb08d5d14057c4067bf10,https://furman.campuslabs.com/engage/legacy/organization/paladin-ink-furman-s-creative-writing-organization/DocumentLibrary/view/2256589,2023-08-21T03:19:07,application/octet-stream; charset=utf-8,Paladin_Ink_constitution_(2).docx
paladin-ink-furman-s-creative-writing-organization,2386690,Constitution/Bylaws,constitution,2024,data/orgs/paladin-ink-furman-s-creative-writing-organization/documents/2024/constitution_constitutionbylaws_2386690.docx,37e85f91584478a81d00730163a82d73b46dcab7061d34a2da057dfe82491415,https://furman.campuslabs.com/engage/legacy/organization/paladin-ink-furman-s-creative-writing-organization/DocumentLibrary/view/2386690,2024-08-27T01:24:26,application/octet-stream; charset=utf-8,Paladin_Ink_Constitution.docx
paladin-ink-furman-s-creative-writing-organization,2499897,Constitution/Bylaws,constitution,2025,data/orgs/paladin-ink-furman-s-creative-writing-organization/documents/2025/constitution_constitutionbylaws_2499897.pdf,35176fe3847a83017f193efd93b9090ac7d7457ec973d28674aa6f06ed409677,https://furman.campuslabs.com/engage/legacy/organization/paladin-ink-furman-s-creative-writing-organization/DocumentLibrary/view/2499897,2025-08-12T11:01:34,application/octet-stream; charset=utf-8,Paladin_Ink_Constitution.docx.pdf
paladin-ink-furman-s-creative-writing-organization,694646,Paladin_Ink_constitution.pdf,constitution,2018,data/orgs/paladin-ink-furman-s-creative-writing-organization/documents/2018/constitution_paladin_ink_constitutionpdf_694646.pdf,20381be7780eec185d586aa4b8ff6e213806db2bd6a918fe93a907d9fc3b08f5,https://furman.campuslabs.com/engage/legacy/organization/paladin-ink-furman-s-creative-writing-organization/DocumentLibrary/view/694646,2018-01-22T10:15:10,application/octet-stream; charset=utf-8,Paladin_Ink_constitution.pdf
paladinmma,2141508,Constitution/Bylaws,constitution,2022,data/orgs/paladinmma/documents/2022/constitution_constitutionbylaws_2141508.docx,a753e498f72854adeffacd95df48a7fd7ed0a0b13fa4221e58833d0b94eab938,https://furman.campuslabs.com/engage/legacy/organization/PaladinMMA/DocumentLibrary/view/2141508,2022-10-31T12:02:29,application/octet-stream; charset=utf-8,Paladin_MMA_Consitution.docx
paladinmma,2256590,Constitution/Bylaws,constitution,2023,data/orgs/paladinmma/documents/2023/constitution_constitutionbylaws_2256590.docx,97ae0b503b17f545c1d497dad1d54ef9795ab1ea9cd3d632140bdddcc76451cb,https://furman.campuslabs.com/engage/legacy/organization/PaladinMMA/DocumentLibrary/view/2256590,2023-08-09T15:25:37,application/octet-stream; charset=utf-8,Paladin_MMA_Constitution[73].docx
paladinmma,2386691,Constitution/Bylaws,constitution,2024,data/orgs/paladinmma/documents/2024/constitution_constitutionbylaws_2386691.docx,97ae0b503b17f545c1d497dad1d54ef9795ab1ea9cd3d632140bdddcc76451cb,https://furman.campuslabs.com/engage/legacy/organization/PaladinMMA/DocumentLibrary/view/2386691,2024-08-13T13:57:39,application/octet-stream; charset=utf-8,Paladin_MMA_Constitution[73].docx
paladinmma,2499898,Constitution/Bylaws,constitution,2025,data/orgs/paladinmma/documents/2025/constitution_constitutionbylaws_2499898.docx,565e30f06959ae8845af91f5c0d12670100f7a70578f75c2e3b72fb1d8558f5e,https://furman.campuslabs.com/engage/legacy/organization/PaladinMMA/DocumentLibrary/view/2499898,2025-08-11T14:03:56,application/octet-stream; charset=utf-8,Paladin_MMA_Constitution_2025-2026.docx
paladinmma,2254721,Paladin_MMA_Consitution_Revised-2023.docx,constitution,2023,data/orgs/paladinmma/documents/2023/constitution_paladin_mma_consitution_revised-2023docx_2254721.docx,66adcf41f8c2dddc6a8c3957c16b967c2f7d8f0b23f69099f215fa75aafe1919,https://furman.campuslabs.com/engage/legacy/organization/PaladinMMA/DocumentLibrary/view/2254721,2023-10-01T16:13:31,application/octet-stream; charset=utf-8,Paladin_MMA_Consitution_Revised-2023.docx
paladinpeersupport,2112511,CONSTITUTION of Paladin Peer Support 2022-23.docx,constitution,2022,data/orgs/paladinpeersupport/documents/2022/constitution_constitution_of_paladin_peer_support_2022-23docx_2112511.docx,ec3bc2843ae3b89e0c9511efe4fdc36e05e3135e29674cd2614e3cd3ec977c76,https://furman.campuslabs.com/engage/legacy/organization/paladinpeersupport/DocumentLibrary/view/2112511,2022-09-13T14:39:28,application/octet-stream; charset=utf-8,CONSTITUTION_of_Paladin_Peer_Support_2022-23.docx
paladinpeersupport,2256591,Constitution/Bylaws,constitution,2023,data/orgs/paladinpeersupport/documents/2023/constitution_constitutionbylaws_2256591.docx,6c7ddb54a8add4ea3e0265a65ce7b75be1c72a69c251c2be88cf03fa7ba32a68,https://furman.campuslabs.com/engage/legacy/organization/paladinpeersupport/DocumentLibrary/view/2256591,2023-08-16T11:52:55,application/octet-stream; charset=utf-8,CONSTITUTION_of_Paladin_Peer_Support_2022-23.docx
paladinpeersupport,2386692,Constitution/Bylaws,constitution,2024,data/orgs/paladinpeersupport/documents/2024/constitution_constitutionbylaws_2386692.docx,6c7ddb54a8add4ea3e0265a65ce7b75be1c72a69c251c2be88cf03fa7ba32a68,https://furman.campuslabs.com/engage/legacy/organization/paladinpeersupport/DocumentLibrary/view/2386692,2024-08-16T18:47:41,application/octet-stream; charset=utf-8,CONSTITUTION_of_Paladin_Peer_Support_2022-23.docx
paladinpeersupport,2499899,Constitution/Bylaws,constitution,2025,data/orgs/paladinpeersupport/documents/2025/constitution_constitutionbylaws_2499899.docx,ec3bc2843ae3b89e0c9511efe4fdc36e05e3135e29674cd2614e3cd3ec977c76,https://furman.campuslabs.com/engage/legacy/organization/paladinpeersupport/DocumentLibrary/view/2499899,2025-08-17T12:13:34,application/octet-stream; charset=utf-8,CONSTITUTION_of_Paladin_Peer_Support_2022-23.docx
paladinpeersupport,1883742,Constitution/Bylaws,constitution,2021,data/orgs/paladinpeersupport/documents/2021/constitution_constitutionbylaws_1883742.docx,c967595be771ac7f092149b1466c65c98d370792c2cba84a960608961299179f,https://furman.campuslabs.com/engage/legacy/organization/paladinpeersupport/DocumentLibrary/view/1883742,2021-02-21T23:04:58,application/octet-stream; charset=utf-8,CONSTITUTION_of_Paladin_Peer_Support.docx
paladinpeersupport,1967262,Constitution/Bylaws,constitution,2021,data/orgs/paladinpeersupport/documents/2021/constitution_constitutionbylaws_1967262.docx,c967595be771ac7f092149b1466c65c98d370792c2cba84a960608961299179f,https://furman.campuslabs.com/engage/legacy/organization/paladinpeersupport/DocumentLibrary/view/1967262,2021-08-10T10:40:27,application/octet-stream; charset=utf-8,CONSTITUTION_of_Paladin_Peer_Support.docx
paladinpeersupport,2101397,Constitution/Bylaws,constitution,2022,data/orgs/paladinpeersupport/documents/2022/constitution_constitutionbylaws_2101397.docx,c967595be771ac7f092149b1466c65c98d370792c2cba84a960608961299179f,https://furman.campuslabs.com/engage/legacy/organization/paladinpeersupport/DocumentLibrary/view/2101397,2022-08-16T15:06:50,application/octet-stream; charset=utf-8,CONSTITUTION_of_Paladin_Peer_Support.docx
palamind,1985482,Constitution/Bylaws,constitution,2021,data/orgs/palamind/documents/2021/constitution_constitutionbylaws_1985482.docx,1b8c7a2986c1f0607a7ce0e80d5da7b0f421c4f8b930b067ab59d53127aef81c,https://furman.campuslabs.com/engage/legacy/organization/palamind/DocumentLibrary/view/1985482,2021-09-29T11:24:28,application/octet-stream; charset=utf-8,PalaMind_Constitution.docx
palamind,2100640,Constitution/Bylaws,constitution,2022,data/orgs/palamind/documents/2022/constitution_constitutionbylaws_2100640.docx,1b8c7a2986c1f0607a7ce0e80d5da7b0f421c4f8b930b067ab59d53127aef81c,https://furman.campuslabs.com/engage/legacy/organization/palamind/DocumentLibrary/view/2100640,2022-08-17T22:23:25,application/octet-stream; charset=utf-8,PalaMind_Constitution.docx
palamind,2256596,Constitution/Bylaws,constitution,2023,data/orgs/palamind/documents/2023/constitution_constitutionbylaws_2256596.docx,1b8c7a2986c1f0607a7ce0e80d5da7b0f421c4f8b930b067ab59d53127aef81c,https://furman.campuslabs.com/engage/legacy/organization/palamind/DocumentLibrary/view/2256596,2023-09-15T16:23:54,application/octet-stream; charset=utf-8,PalaMind_Constitution.docx
palamind,2386693,Constitution/Bylaws,constitution,2024,data/orgs/palamind/documents/2024/constitution_constitutionbylaws_2386693.docx,1b8c7a2986c1f0607a7ce0e80d5da7b0f421c4f8b930b067ab59d53127aef81c,https://furman.campuslabs.com/engage/legacy/organization/palamind/DocumentLibrary/view/2386693,2024-08-12T16:59:09,application/octet-stream; charset=utf-8,PalaMind_Constitution.docx
palamind,2499900,Constitution/Bylaws,constitution,2025,data/orgs/palamind/documents/2025/constitution_constitutionbylaws_2499900.docx,e9cadb024f53a14122d7dbea93bee115345178b3a40a52251bddc8682684dafb,https://furman.campuslabs.com/engage/legacy/organization/palamind/DocumentLibrary/view/2499900,2025-08-11T16:48:46,application/octet-stream; charset=utf-8,Palamind_Constitution_and_Bylaws_Aug_2025.docx
panhellenic-council,698004,Constitution/Bylaws,constitution,2018,data/orgs/panhellenic-council/documents/2018/constitution_constitutionbylaws_698004.docx,57d4414a8870b77cfcf9ba083fc39d3ea8b74076e7eb7f4c9d71479dd9545b16,https://furman.campuslabs.com/engage/legacy/organization/panhellenic-council/DocumentLibrary/view/698004,2018-01-25T22:41:31,application/octet-stream; charset=utf-8,Panhellenic_Bylaws_2016.docx
panhellenic-council,1792315,Constitution/Bylaws,constitution,2020,data/orgs/panhellenic-council/documents/2020/constitution_constitutionbylaws_1792315.pdf,2685d0c3904b1800b697a78ec56b614ea5e57ca70133422f1f64872235a0b85a,https://furman.campuslabs.com/engage/legacy/organization/panhellenic-council/DocumentLibrary/view/1792315,2020-08-18T17:32:47,application/octet-stream; charset=utf-8,Panhellenic_Bylaws_(update_as_of_Oct._2019).pdf
panhellenic-council,1967935,Constitution/Bylaws,constitution,2021,data/orgs/panhellenic-council/documents/2021/constitution_constitutionbylaws_1967935.pdf,49daea2b2c29628a6729f4b11236375dd0d9cac0178e515154e831ad9b96de60,https://furman.campuslabs.com/engage/legacy/organization/panhellenic-council/DocumentLibrary/view/1967935,2021-08-12T15:22:30,application/octet-stream; charset=utf-8,Panhellenic_Bylaws_(update_as_of_March_2020).pdf
panhellenic-council,2101394,Constitution/Bylaws,constitution,2022,data/orgs/panhellenic-council/documents/2022/constitution_constitutionbylaws_2101394.docx,b69cd0acd9a5b60d2145992a500cf7c9219c4d6db9d0ba282ee99f39c9a3c7e6,https://furman.campuslabs.com/engage/legacy/organization/panhellenic-council/DocumentLibrary/view/2101394,2022-08-08T12:04:45,application/octet-stream; charset=utf-8,Panhellenic_Bylaws_2022.docx
panhellenic-council,2256592,Constitution/Bylaws,constitution,2023,data/orgs/panhellenic-council/documents/2023/constitution_constitutionbylaws_2256592.pdf,c0f8ec6e609b8c8e31696d29cecc437112716b45b6a65c1a23d61beebdd82f13,https://furman.campuslabs.com/engage/legacy/organization/panhellenic-council/DocumentLibrary/view/2256592,2023-08-15T10:49:42,application/octet-stream; charset=utf-8,Panhellenic_Bylaws_2022.pdf
panhellenic-council,2386694,Constitution/Bylaws,constitution,2024,data/orgs/panhellenic-council/documents/2024/constitution_constitutionbylaws_2386694.pdf,f60cfb481c1b5465bbe983df9f0c955c5e5a3d61fe72597e9d04d26e8e784a6e,https://furman.campuslabs.com/engage/legacy/organization/panhellenic-council/DocumentLibrary/view/2386694,2024-08-16T11:41:51,application/octet-stream; charset=utf-8,2023_Furman_Panhellenic_Bylaws.pdf
panhellenic-council,2499901,Constitution/Bylaws,constitution,2025,data/orgs/panhellenic-council/documents/2025/constitution_constitutionbylaws_2499901.pdf,f60cfb481c1b5465bbe983df9f0c955c5e5a3d61fe72597e9d04d26e8e784a6e,https://furman.campuslabs.com/engage/legacy/organization/panhellenic-council/DocumentLibrary/view/2499901,2025-08-27T22:16:18,application/octet-stream; charset=utf-8,2023_Furman_Panhellenic_Bylaws.pdf
panhellenic-council,2535301,Panhellenic Bylaws - Nov. 2025.docx,constitution,2026,data/orgs/panhellenic-council/documents/2026/constitution_panhellenic_bylaws_-_nov_2025docx_2535301.docx,543b21d8dc3fca5be8fa523c520a0b339aa3f44d7d193e701cc46cca289b026d,https://furman.campuslabs.com/engage/legacy/organization/panhellenic-council/DocumentLibrary/view/2535301,2026-01-12T13:38:44,application/octet-stream; charset=utf-8,Panhellenic_Bylaws_-_Nov._2025.docx
panhellenic-council,1811551,Panhellenic Bylaws (update as of March 2020).pdf,constitution,2020,data/orgs/panhellenic-council/documents/2020/constitution_panhellenic_bylaws_update_as_of_march_2020pdf_1811551.pdf,6a96ce653d70df29fe58636a39c097e882de4b3529960faefe6456790447f3e0,https://furman.campuslabs.com/engage/legacy/organization/panhellenic-council/DocumentLibrary/view/1811551,2020-09-09T18:04:07,application/octet-stream; charset=utf-8,Panhellenic_Bylaws_(update_as_of_March_2020).pdf
panhellenic-council,1813287,Recruitment Counselor Guidelines 2020-2021.pdf,other,2020,data/orgs/panhellenic-council/documents/2020/other_recruitment_counselor_guidelines_2020-2021pdf_1813287.pdf,c738de30c5745689010c761a5840e93dbc6bfa045e53f7dd040376f342d145ec,https://furman.campuslabs.com/engage/legacy/organization/panhellenic-council/DocumentLibrary/view/1813287,2020-09-11T11:53:44,application/octet-stream; charset=utf-8,Recruitment_Counselor_Guidelines_2020-2021.pdf
panhellenic-council,1859836,Recruitment Rules 2020-2021 (2).pdf,other,2020,data/orgs/panhellenic-council/documents/2020/other_recruitment_rules_2020-2021_2pdf_1859836.pdf,9762787fa9adbd375f64d0e1c4fbb22e6ffd4e1d0eac0f644c200517ba96f938,https://furman.campuslabs.com/engage/legacy/organization/panhellenic-council/DocumentLibrary/view/1859836,2020-11-29T11:21:39,application/octet-stream; charset=utf-8,Recruitment_Rules_2020-2021_(2).pdf
phi-mu-alpha-gamma-eta,697364,Constitution/Bylaws,constitution,2018,data/orgs/phi-mu-alpha-gamma-eta/documents/2018/constitution_constitutionbylaws_697364.docx,6a5071772fb89a8d11e763d5583705c942b76067ad89c26e85af5779492009ee,https://furman.campuslabs.com/engage/legacy/organization/phi-mu-alpha-gamma-eta/DocumentLibrary/view/697364,2018-01-24T09:54:54,application/octet-stream; charset=utf-8,Official_Gamma_Eta_Bylaws_(last_revised_August_2017).docx
phi-mu-alpha-gamma-eta,1808273,Constitution/Bylaws,constitution,2020,data/orgs/phi-mu-alpha-gamma-eta/documents/2020/constitution_constitutionbylaws_1808273.pdf,19c63d0d401e451cf4b127221b84a2508100c940582da58e9d24265c7b6750a0,https://furman.campuslabs.com/engage/legacy/organization/phi-mu-alpha-gamma-eta/DocumentLibrary/view/1808273,2020-09-02T14:31:37,application/octet-stream; charset=utf-8,Official_Gamma_Eta_Bylaws_September_2019.pdf
phi-mu-alpha-gamma-eta,1967264,Constitution/Bylaws,constitution,2021,data/orgs/phi-mu-alpha-gamma-eta/documents/2021/constitution_constitutionbylaws_1967264.pdf,2637bbc0a73e1184d24906158bc940e58154b78d41e766b5804e84bcbc141a95,https://furman.campuslabs.com/engage/legacy/organization/phi-mu-alpha-gamma-eta/DocumentLibrary/view/1967264,2021-09-07T12:15:09,application/octet-stream; charset=utf-8,Sinfonia-National-Constitution-and-Bylaws-2018.pdf
phi-mu-alpha-gamma-eta,2100641,Constitution/Bylaws,constitution,2022,data/orgs/phi-mu-alpha-gamma-eta/documents/2022/constitution_constitutionbylaws_2100641.pdf,09076c5c6bce7745cee14811551e38f8faa776bc2042957ba1313e520dcaad89,https://furman.campuslabs.com/engage/legacy/organization/phi-mu-alpha-gamma-eta/DocumentLibrary/view/2100641,2022-08-22T11:39:27,application/octet-stream; charset=utf-8,Sept_2020_Official_Gamma_Eta_Bylaws.pdf
phi-mu-alpha-gamma-eta,2256605,Constitution/Bylaws,constitution,2023,data/orgs/phi-mu-alpha-gamma-eta/documents/2023/constitution_constitutionbylaws_2256605.docx,6a06b98b106561320d5a9989a0cdc007efd5f85040a8942b5afe29aee131ade5,https://furman.campuslabs.com/engage/legacy/organization/phi-mu-alpha-gamma-eta/DocumentLibrary/view/2256605,2023-08-24T22:21:19,application/octet-stream; charset=utf-8,Official_2023-2024_Bylaws.docx
phi-mu-alpha-gamma-eta,2386695,Constitution/Bylaws,constitution,2024,data/orgs/phi-mu-alpha-gamma-eta/documents/2024/constitution_constitutionbylaws_2386695.docx,1be8c4a326e804355daaae451d4c8f663a803644359e061582ca5469697bb93d,https://furman.campuslabs.com/engage/legacy/organization/phi-mu-alpha-gamma-eta/DocumentLibrary/view/2386695,2024-08-11T21:18:52,application/octet-stream; charset=utf-8,Official_2024-2025_Bylaws.docx
phi-mu-alpha-gamma-eta,2499902,Constitution/Bylaws,constitution,2025,data/orgs/phi-mu-alpha-gamma-eta/documents/2025/constitution_constitutionbylaws_2499902.docx,5bfe0cc74a23099509bd1e2fd2757b92d3211dfd29edb7eddb56825ea76f627d,https://furman.campuslabs.com/engage/legacy/organization/phi-mu-alpha-gamma-eta/DocumentLibrary/view/2499902,2025-08-24T16:09:38,application/octet-stream; charset=utf-8,Official_2023-2024_Bylaws.docx
phokus,690552,Advisor Expectations,constitution,2018,data/orgs/phokus/documents/2018/constitution_advisor_expectations_690552.pdf,e4faa062bd874fa5291899747d2236f3733adc27f8f0982d552c7eb1879f41cd,https://furman.campuslabs.com/engage/legacy/organization/phokus/DocumentLibrary/view/690552,2018-01-12T12:30:08,application/octet-stream; charset=utf-8,Advisor_Expectations_draft_-_Fall-signed.pdf
phokus,2228017,Constitution of PHOKUS 2023/24,constitution,2023,data/orgs/phokus/documents/2023/constitution_constitution_of_phokus_202324_2228017.pdf,ebe2476cc73f3e653810882adf788841e1a84ddb6cf5b89a3df67d47a7409e7b,https://furman.campuslabs.com/engage/legacy/organization/phokus/DocumentLibrary/view/2228017,2023-08-21T13:43:02,application/octet-stream; charset=utf-8,Constitution_of_PHOKUS.pdf
phokus,2256606,Constitution/Bylaws,constitution,2023,data/orgs/phokus/documents/2023/constitution_constitutionbylaws_2256606.pdf,ebe2476cc73f3e653810882adf788841e1a84ddb6cf5b89a3df67d47a7409e7b,https://furman.campuslabs.com/engage/legacy/organization/phokus/DocumentLibrary/view/2256606,2023-08-08T14:05:45,application/octet-stream; charset=utf-8,Constitution_of_PHOKUS.pdf
phokus,2386696,Constitution/Bylaws,constitution,2024,data/orgs/phokus/documents/2024/constitution_constitutionbylaws_2386696.pdf,ebe2476cc73f3e653810882adf788841e1a84ddb6cf5b89a3df67d47a7409e7b,https://furman.campuslabs.com/engage/legacy/organization/phokus/DocumentLibrary/view/2386696,2024-08-26T09:31:41,application/octet-stream; charset=utf-8,Constitution_of_PHOKUS.pdf
phokus,2499903,Constitution/Bylaws,constitution,2025,data/orgs/phokus/documents/2025/constitution_constitutionbylaws_2499903.pdf,ebe2476cc73f3e653810882adf788841e1a84ddb6cf5b89a3df67d47a7409e7b,https://furman.campuslabs.com/engage/legacy/organization/phokus/DocumentLibrary/view/2499903,2025-08-11T10:47:17,application/octet-stream; charset=utf-8,Constitution_of_PHOKUS_(2).pdf
phokus,1792316,Constitution/Bylaws,constitution,2020,data/orgs/phokus/documents/2020/constitution_constitutionbylaws_1792316.docx,f22f60c966b7ca9168945c22b5861a0355b992296952b6b33d8b33ca28ba8b0d,https://furman.campuslabs.com/engage/legacy/organization/phokus/DocumentLibrary/view/1792316,2020-08-21T11:00:10,application/octet-stream; charset=utf-8,PHOKUS_Constitution_2019-20.docx
phokus,1967938,Constitution/Bylaws,constitution,2021,data/orgs/phokus/documents/2021/constitution_constitutionbylaws_1967938.docx,e9c0c127a07d5931b4a844e36b56e9a9139849075377c61fca42adeaabc91cae,https://furman.campuslabs.com/engage/legacy/organization/phokus/DocumentLibrary/view/1967938,2021-08-24T10:20:28,application/octet-stream; charset=utf-8,PHOKUS_Constitution_2019-20.docx
phokus,2100642,Constitution/Bylaws,constitution,2022,data/orgs/phokus/documents/2022/constitution_constitutionbylaws_2100642.docx,e2d9809f11e395ac946e80fa063c5d6f0a1368ff4bc82ba59f24c6e1f7f09758,https://furman.campuslabs.com/engage/legacy/organization/phokus/DocumentLibrary/view/2100642,2022-08-08T17:12:06,application/octet-stream; charset=utf-8,PHOKUS_Constitution_2022-2023.docx
phokus,752994,Constitution/Bylaws,constitution,2018,data/orgs/phokus/documents/2018/constitution_constitutionbylaws_752994.pdf,ff1f2316fa2bb7164bb6a70062ecc9fbf77be15e43991b86035cf0d244d50d7f,https://furman.campuslabs.com/engage/legacy/organization/phokus/DocumentLibrary/view/752994,2018-04-11T08:43:17,application/octet-stream; charset=utf-8,Constitution_of_Promoting_Healthy_Options_Through_Knowledge.pdf
phokus,1084697,Constitution/Bylaws,constitution,2019,data/orgs/phokus/documents/2019/constitution_constitutionbylaws_1084697.docx,f22f60c966b7ca9168945c22b5861a0355b992296952b6b33d8b33ca28ba8b0d,https://furman.campuslabs.com/engage/legacy/organization/phokus/DocumentLibrary/view/1084697,2019-04-02T22:20:15,application/octet-stream; charset=utf-8,PHOKUS_Constitution_2019-20.docx
phokus,690143,Constitution/Bylaws,constitution,2018,data/orgs/phokus/documents/2018/constitution_constitutionbylaws_690143.docx,83caa60a2c262a4d3b47ed90a632524528f00c104a638ee4e1a07f77e1ec8f16,https://furman.campuslabs.com/engage/legacy/organization/phokus/DocumentLibrary/view/690143,2018-01-06T23:20:51,application/octet-stream; charset=utf-8,PHOKUS_Constitution_2016.docx
furmanpikapp-org,1640463,Constitution (updated Feb 2020).docx,constitution,2020,data/orgs/furmanpikapp-org/documents/2020/constitution_constitution_updated_feb_2020docx_1640463.docx,d8cc7f6ac753d84ac5103460370ace3bc7686fa2910e007f818f71e139628b09,https://furman.campuslabs.com/engage/legacy/organization/furmanpikapp-org/DocumentLibrary/view/1640463,2020-02-11T11:09:03,application/octet-stream; charset=utf-8,Constitution_(updated_Feb_2020).docx
furmanpikapp-org,1793942,Constitution/Bylaws,constitution,2020,data/orgs/furmanpikapp-org/documents/2020/constitution_constitutionbylaws_1793942.pdf,9cdf2688b8d6f1eee0685c8133b53b5b65d24d9ed07b739d34786fa925ac775a,https://furman.campuslabs.com/engage/legacy/organization/furmanpikapp-org/DocumentLibrary/view/1793942,2020-08-25T13:01:36,application/octet-stream; charset=utf-8,Constitution_(updated_Feb_2020).pdf
furmanpikapp-org,1971487,Constitution/Bylaws,constitution,2021,data/orgs/furmanpikapp-org/documents/2021/constitution_constitutionbylaws_1971487.docx,c783af60648b01620a1abccd3931b6f77622096ccf09b050bd84c57576182348,https://furman.campuslabs.com/engage/legacy/organization/furmanpikapp-org/DocumentLibrary/view/1971487,2021-08-23T22:49:11,application/octet-stream; charset=utf-8,Constitution_(updated_Feb_2021).docx
furmanpikapp-org,2101506,Constitution/Bylaws,constitution,2022,data/orgs/furmanpikapp-org/documents/2022/constitution_constitutionbylaws_2101506.pdf,7fb6cc6ba653fd37cb7f0ad5304ef364d7ddff66748ad1e04de2fb0608cfe1ca,https://furman.campuslabs.com/engage/legacy/organization/furmanpikapp-org/DocumentLibrary/view/2101506,2022-08-08T14:18:49,application/octet-stream; charset=utf-8,Constitution_(updated_Feb_2020).pdf
furmanpikapp-org,2256607,Constitution/Bylaws,constitution,2023,data/orgs/furmanpikapp-org/documents/2023/constitution_constitutionbylaws_2256607.pdf,2d0a0a76d490540e26a3f00d489eb7c84318fa7d1f59050842a2d62ada3f1488,https://furman.campuslabs.com/engage/legacy/organization/furmanpikapp-org/DocumentLibrary/view/2256607,2023-08-20T19:24:53,application/octet-stream; charset=utf-8,Copy_of_Constitution_undergoing_edits_(1_23).pdf
furmanpikapp-org,2386697,Constitution/Bylaws,constitution,2024,data/orgs/furmanpikapp-org/documents/2024/constitution_constitutionbylaws_2386697.docx,cb39286f51d78aa678786f2872ce11daf0fb6025933952b2e82ab44fe159c473,https://furman.campuslabs.com/engage/legacy/organization/furmanpikapp-org/DocumentLibrary/view/2386697,2024-08-09T18:09:08,application/octet-stream; charset=utf-8,Updated_Constitution_November_2023.docx
furmanpikapp-org,2499904,Constitution/Bylaws,constitution,2025,data/orgs/furmanpikapp-org/documents/2025/constitution_constitutionbylaws_2499904.pdf,d11541c1fea1edaecca6b0bf515f2c39b4b8e3e5ae4fc2c30203d412c3a171e0,https://furman.campuslabs.com/engage/legacy/organization/furmanpikapp-org/DocumentLibrary/view/2499904,2025-08-18T17:00:02,application/octet-stream; charset=utf-8,Updated_Constitution_November_2024.pdf
furmanpikapp-org,695133,Constitution/Bylaws,constitution,2018,data/orgs/furmanpikapp-org/documents/2018/constitution_constitutionbylaws_695133.doc,1dc01caad89e696acde4be4bf3e6fa7f60f45f12c6bb3bcc6b57638ae00ec62b,https://furman.campuslabs.com/engage/legacy/organization/furmanpikapp-org/DocumentLibrary/view/695133,2018-01-03T10:33:01,application/octet-stream; charset=utf-8,Constitution_(updated_November_2015).doc
furmanpikapp-org,2526369,Updated Constitution November 2025.docx,constitution,2025,data/orgs/furmanpikapp-org/documents/2025/constitution_updated_constitution_november_2025docx_2526369.docx,f230f3aab4b718a705bafb127aa4c8d3cc1003e5fe04e7013c030a259704a7f8,https://furman.campuslabs.com/engage/legacy/organization/furmanpikapp-org/DocumentLibrary/view/2526369,2025-11-16T17:47:39,application/octet-stream; charset=utf-8,Updated_Constitution_November_2025.docx
political-thought-club,738209,Advisor-Student Form 2017-2018,other,2018,data/orgs/political-thought-club/documents/2018/other_advisor-student_form_2017-2018_738209.pdf,b8413f9158e996b66f7ddb9b2c6577d44d8c116c6157330634901dbf3547bf72,https://furman.campuslabs.com/engage/legacy/organization/political-thought-club/DocumentLibrary/view/738209,2018-03-28T09:11:48,application/octet-stream; charset=utf-8,Advisor-Student_Form_2017-2018.pdf
political-thought-club,761201,Constitution/Bylaws,constitution,2018,data/orgs/political-thought-club/documents/2018/constitution_constitutionbylaws_761201.doc,a6b089ffee26926f000c5a9c4bc71e96d43852dd54bdf3ab2e6e5b239b38bb14,https://furman.campuslabs.com/engage/legacy/organization/political-thought-club/DocumentLibrary/view/761201,2018-04-27T14:44:07,application/octet-stream; charset=utf-8,Political_Thought_Club_Constitution_(1).doc
political-thought-club,1084695,Constitution/Bylaws,constitution,2019,data/orgs/political-thought-club/documents/2019/constitution_constitutionbylaws_1084695.doc,a6b089ffee26926f000c5a9c4bc71e96d43852dd54bdf3ab2e6e5b239b38bb14,https://furman.campuslabs.com/engage/legacy/organization/political-thought-club/DocumentLibrary/view/1084695,2019-03-19T11:09:56,application/octet-stream; charset=utf-8,Political_Thought_Club_Constitution_(1).doc
political-thought-club,1793943,Constitution/Bylaws,constitution,2020,data/orgs/political-thought-club/documents/2020/constitution_constitutionbylaws_1793943.doc,a6b089ffee26926f000c5a9c4bc71e96d43852dd54bdf3ab2e6e5b239b38bb14,https://furman.campuslabs.com/engage/legacy/organization/political-thought-club/DocumentLibrary/view/1793943,2020-08-25T13:24:16,application/octet-stream; charset=utf-8,Political_Thought_Club_Constitution_(1)_(1).doc
political-thought-club,1976125,Constitution/Bylaws,constitution,2021,data/orgs/political-thought-club/documents/2021/constitution_constitutionbylaws_1976125.doc,a6b089ffee26926f000c5a9c4bc71e96d43852dd54bdf3ab2e6e5b239b38bb14,https://furman.campuslabs.com/engage/legacy/organization/political-thought-club/DocumentLibrary/view/1976125,2021-08-09T23:30:27,application/octet-stream; charset=utf-8,Political_Thought_Club_Constitution.doc
political-thought-club,2107155,Constitution/Bylaws,constitution,2022,data/orgs/political-thought-club/documents/2022/constitution_constitutionbylaws_2107155.doc,a6b089ffee26926f000c5a9c4bc71e96d43852dd54bdf3ab2e6e5b239b38bb14,https://furman.campuslabs.com/engage/legacy/organization/political-thought-club/DocumentLibrary/view/2107155,2022-09-06T21:33:24,application/octet-stream; charset=utf-8,Political_Thought_Club_Constitution.doc
political-thought-club,2256608,Constitution/Bylaws,constitution,2023,data/orgs/political-thought-club/documents/2023/constitution_constitutionbylaws_2256608.doc,a6b089ffee26926f000c5a9c4bc71e96d43852dd54bdf3ab2e6e5b239b38bb14,https://furman.campuslabs.com/engage/legacy/organization/political-thought-club/DocumentLibrary/view/2256608,2023-09-05T16:31:25,application/octet-stream; charset=utf-8,Political_Thought_Club_Constitution_(2).doc
political-thought-club,2386698,Constitution/Bylaws,constitution,2024,data/orgs/political-thought-club/documents/2024/constitution_constitutionbylaws_2386698.pdf,d1d7b4e1654e8bd01c55a29653bdb32da57407b0d3697c497a65e3d113593bbf,https://furman.campuslabs.com/engage/legacy/organization/political-thought-club/DocumentLibrary/view/2386698,2024-08-29T22:38:59,application/octet-stream; charset=utf-8,PTC_Constitution.pdf
political-thought-club,2499905,Constitution/Bylaws,constitution,2025,data/orgs/political-thought-club/documents/2025/constitution_constitutionbylaws_2499905.pdf,d1d7b4e1654e8bd01c55a29653bdb32da57407b0d3697c497a65e3d113593bbf,https://furman.campuslabs.com/engage/legacy/organization/political-thought-club/DocumentLibrary/view/2499905,2025-08-28T12:27:42,application/octet-stream; charset=utf-8,PTC_Constitution.pdf
political-thought-club,697348,Constitution/Bylaws,constitution,2018,data/orgs/political-thought-club/documents/2018/constitution_constitutionbylaws_697348.doc,a6b089ffee26926f000c5a9c4bc71e96d43852dd54bdf3ab2e6e5b239b38bb14,https://furman.campuslabs.com/engage/legacy/organization/political-thought-club/DocumentLibrary/view/697348,2018-01-25T19:33:06,application/octet-stream; charset=utf-8,Political_Thought_Club_Constitution.doc
powerlifting-club,837590,Constitution/Bylaws,constitution,2018,data/orgs/powerlifting-club/documents/2018/constitution_constitutionbylaws_837590.docx,d389bf5fa674bd1a73c9febfba834c6f44e59d3840ded273968bc488c324bb33,https://furman.campuslabs.com/engage/legacy/organization/powerlifting-club/DocumentLibrary/view/837590,2018-05-24T16:31:29,application/octet-stream; charset=utf-8,Furman_Powerlifting_Constitution.docx
powerlifting-club,1107753,Constitution/Bylaws,constitution,2019,data/orgs/powerlifting-club/documents/2019/constitution_constitutionbylaws_1107753.docx,c8e43ade8a381b6620ff968ecbc67320aae1b83a71418e444c2af1d9c4e44942,https://furman.campuslabs.com/engage/legacy/organization/powerlifting-club/DocumentLibrary/view/1107753,2019-04-02T16:02:00,application/octet-stream; charset=utf-8,Current_Furman_Powerlifting_Constitution.docx
powerlifting-club,1792317,Constitution/Bylaws,constitution,2020,data/orgs/powerlifting-club/documents/2020/constitution_constitutionbylaws_1792317.docx,c8e43ade8a381b6620ff968ecbc67320aae1b83a71418e444c2af1d9c4e44942,https://furman.campuslabs.com/engage/legacy/organization/powerlifting-club/DocumentLibrary/view/1792317,2020-08-20T20:03:06,application/octet-stream; charset=utf-8,Current_Furman_Powerlifting_Constitution.docx
powerlifting-club,1968081,Constitution/Bylaws,constitution,2021,data/orgs/powerlifting-club/documents/2021/constitution_constitutionbylaws_1968081.docx,c8e43ade8a381b6620ff968ecbc67320aae1b83a71418e444c2af1d9c4e44942,https://furman.campuslabs.com/engage/legacy/organization/powerlifting-club/DocumentLibrary/view/1968081,2021-09-02T15:03:07,application/octet-stream; charset=utf-8,Current_Furman_Powerlifting_Constitution.docx
powerlifting-club,2102403,Constitution/Bylaws,constitution,2022,data/orgs/powerlifting-club/documents/2022/constitution_constitutionbylaws_2102403.docx,d389bf5fa674bd1a73c9febfba834c6f44e59d3840ded273968bc488c324bb33,https://furman.campuslabs.com/engage/legacy/organization/powerlifting-club/DocumentLibrary/view/2102403,2022-08-22T13:55:23,application/octet-stream; charset=utf-8,Furman_Powerlifting_Constitution.docx
powerlifting-club,2256609,Constitution/Bylaws,constitution,2023,data/orgs/powerlifting-club/documents/2023/constitution_constitutionbylaws_2256609.docx,d389bf5fa674bd1a73c9febfba834c6f44e59d3840ded273968bc488c324bb33,https://furman.campuslabs.com/engage/legacy/organization/powerlifting-club/DocumentLibrary/view/2256609,2023-08-09T20:10:59,application/octet-stream; charset=utf-8,Furman_Powerlifting_Constitution.docx
powerlifting-club,2386699,Constitution/Bylaws,constitution,2024,data/orgs/powerlifting-club/documents/2024/constitution_constitutionbylaws_2386699.docx,d389bf5fa674bd1a73c9febfba834c6f44e59d3840ded273968bc488c324bb33,https://furman.campuslabs.com/engage/legacy/organization/powerlifting-club/DocumentLibrary/view/2386699,2024-08-13T14:10:44,application/octet-stream; charset=utf-8,Furman_Powerlifting_Constitution.docx
powerlifting-club,2499906,Constitution/Bylaws,constitution,2025,data/orgs/powerlifting-club/documents/2025/constitution_constitutionbylaws_2499906.docx,d389bf5fa674bd1a73c9febfba834c6f44e59d3840ded273968bc488c324bb33,https://furman.campuslabs.com/engage/legacy/organization/powerlifting-club/DocumentLibrary/view/2499906,2025-08-08T17:05:30,application/octet-stream; charset=utf-8,Furman_Powerlifting_Constitution.docx
pre-law-society,694463,Constitution/Bylaws,constitution,2018,data/orgs/pre-law-society/documents/2018/constitution_constitutionbylaws_694463.pdf,914248a26137510a28f37f9e38e78543b2a31ca5b369b6bfb2b0b037cb11e6cf,https://furman.campuslabs.com/engage/legacy/organization/pre-law-society/DocumentLibrary/view/694463,2018-01-17T16:39:53,application/octet-stream; charset=utf-8,Pre-Law_Society_Constitution_PDF.pdf
pre-law-society,766730,Constitution/Bylaws,constitution,2018,data/orgs/pre-law-society/documents/2018/constitution_constitutionbylaws_766730.docx,c5f94a3a756a283a59fb89b911a0622bf206400f23888b7a18c6e8cbd2040a2d,https://furman.campuslabs.com/engage/legacy/organization/pre-law-society/DocumentLibrary/view/766730,2018-05-02T13:51:14,application/octet-stream; charset=utf-8,Pre-Law_Society_Constitution.docx
pre-law-society,1086455,Constitution/Bylaws,constitution,2019,data/orgs/pre-law-society/documents/2019/constitution_constitutionbylaws_1086455.docx,b1ad6306ffe2d55f3bf6551fbbde7051e1993c963c9665686f5968bb4ed5779d,https://furman.campuslabs.com/engage/legacy/organization/pre-law-society/DocumentLibrary/view/1086455,2019-03-31T14:02:40,application/octet-stream; charset=utf-8,PLSReRegistration2019.docx
pre-law-society,1792318,Constitution/Bylaws,constitution,2020,data/orgs/pre-law-society/documents/2020/constitution_constitutionbylaws_1792318.docx,0e16ab1289b7728c68631000094ecd017c73fb5ab0ce950bcba7b14644800bf1,https://furman.campuslabs.com/engage/legacy/organization/pre-law-society/DocumentLibrary/view/1792318,2020-08-21T12:12:52,application/octet-stream; charset=utf-8,PLSReRegistration2020.docx
pre-law-society,1967267,Constitution/Bylaws,constitution,2021,data/orgs/pre-law-society/documents/2021/constitution_constitutionbylaws_1967267.docx,406f1b95bdfeba8a5b9bf219d311563ff5be861cc2b342ca09f90b448e42c84a,https://furman.campuslabs.com/engage/legacy/organization/pre-law-society/DocumentLibrary/view/1967267,2021-08-09T16:50:50,application/octet-stream; charset=utf-8,PLSReRegistration2021.docx
pre-law-society,2100643,Constitution/Bylaws,constitution,2022,data/orgs/pre-law-society/documents/2022/constitution_constitutionbylaws_2100643.docx,ae7c77cb5f66325aafcd9b438bd35fb7b48af8542343c5d2d105aee21bcde659,https://furman.campuslabs.com/engage/legacy/organization/pre-law-society/DocumentLibrary/view/2100643,2022-08-10T18:04:00,application/octet-stream; charset=utf-8,PLSConstitution2022.docx
pre-law-society,2256610,Constitution/Bylaws,constitution,2023,data/orgs/pre-law-society/documents/2023/constitution_constitutionbylaws_2256610.docx,3c991af968d6a550d36a7f13716ce9ff1d4f281e05e37e1b7e10784a3ba55f41,https://furman.campuslabs.com/engage/legacy/organization/pre-law-society/DocumentLibrary/view/2256610,2023-08-21T12:19:26,application/octet-stream; charset=utf-8,PLSReRegistration2023.docx
pre-law-society,2386700,Constitution/Bylaws,constitution,2024,data/orgs/pre-law-society/documents/2024/constitution_constitutionbylaws_2386700.docx,395adf505a6230280f03e04deb32b1c1c26b16aac01c21d135edfc6c8b0ccc7b,https://furman.campuslabs.com/engage/legacy/organization/pre-law-society/DocumentLibrary/view/2386700,2024-08-27T18:25:39,application/octet-stream; charset=utf-8,PLS-Constitution-ByLaws-24024.docx
pre-law-society,2499907,Constitution/Bylaws,constitution,2025,data/orgs/pre-law-society/documents/2025/constitution_constitutionbylaws_2499907.pages,5812d83835e20d417b1dbb4c3ce49aa7f2d43856ba873e39392711991bd11e6e,https://furman.campuslabs.com/engage/legacy/organization/pre-law-society/DocumentLibrary/view/2499907,2025-08-24T19:57:17,application/octet-stream; charset=utf-8,PLS-Constitution-ByLaws-2025_copy.pages
psychology-club,2308450,2024-2025 Constitution/Bylaws.docx,constitution,2024,data/orgs/psychology-club/documents/2024/constitution_2024-2025_constitutionbylawsdocx_2308450.docx,8c6f9ce6a58d8b544b0ca037a23bc9f2a4235921f555274f839126a4da578cdb,https://furman.campuslabs.com/engage/legacy/organization/psychology-club/DocumentLibrary/view/2308450,2024-03-26T11:56:44,application/octet-stream; charset=utf-8,2024-2025_Constitution__Bylaws.docx
psychology-club,2437165,AMENDED 2025 - 2026 Constitution & Bylaws.docx,constitution,2025,data/orgs/psychology-club/documents/2025/constitution_amended_2025_-_2026_constitution_bylawsdocx_2437165.docx,c77c8dd063d6f34c32e9dcf3783346677f21f08679b33d39a822020498cc1482,https://furman.campuslabs.com/engage/legacy/organization/psychology-club/DocumentLibrary/view/2437165,2025-04-09T10:02:29,application/octet-stream; charset=utf-8,AMENDED_2025_-_2026_Constitution__Bylaws.docx
psychology-club,2386701,Constitution/Bylaws,constitution,2024,data/orgs/psychology-club/documents/2024/constitution_constitutionbylaws_2386701.pdf,64fef98e51f007745f08f64cd12be571a210c1b8f36447838499a96d6cee87d3,https://furman.campuslabs.com/engage/legacy/organization/psychology-club/DocumentLibrary/view/2386701,2024-08-13T21:51:25,application/octet-stream; charset=utf-8,2024-2025_Constitution__Bylaws.pdf
psychology-club,2499908,Constitution/Bylaws,constitution,2025,data/orgs/psychology-club/documents/2025/constitution_constitutionbylaws_2499908.docx,8d8b553a55304c019912d815d6909f85badb6d02f22d71bfdb6f1e59d0c3d80e,https://furman.campuslabs.com/engage/legacy/organization/psychology-club/DocumentLibrary/view/2499908,2025-08-10T10:31:00,application/octet-stream; charset=utf-8,OFFICIAL_Amended_25-26_Constitution_and_Bylaws.docx
psychology-club,690141,Constitution/Bylaws,constitution,2018,data/orgs/psychology-club/documents/2018/constitution_constitutionbylaws_690141.docx,140afa16e5e196a7d5e7ef1f0a74779a02cff063cb302ddf261375080b1771d5,https://furman.campuslabs.com/engage/legacy/organization/psychology-club/DocumentLibrary/view/690141,2018-01-10T15:07:22,application/octet-stream; charset=utf-8,Psychology_Club_Constitution.docx
psychology-club,752995,Constitution/Bylaws,constitution,2018,data/orgs/psychology-club/documents/2018/constitution_constitutionbylaws_752995.docx,140afa16e5e196a7d5e7ef1f0a74779a02cff063cb302ddf261375080b1771d5,https://furman.campuslabs.com/engage/legacy/organization/psychology-club/DocumentLibrary/view/752995,2018-04-09T10:24:26,application/octet-stream; charset=utf-8,Psychology_Club_Constitution.docx
psychology-club,1084699,Constitution/Bylaws,constitution,2019,data/orgs/psychology-club/documents/2019/constitution_constitutionbylaws_1084699.docx,90d1748ca550584078080dcb518904a157b20c397d173d22228183d95d2011d7,https://furman.campuslabs.com/engage/legacy/organization/psychology-club/DocumentLibrary/view/1084699,2019-03-24T13:16:31,application/octet-stream; charset=utf-8,Psychology_Club_Constitution.docx
psychology-club,1792369,Constitution/Bylaws,constitution,2020,data/orgs/psychology-club/documents/2020/constitution_constitutionbylaws_1792369.docx,2d06ef4a6558ae65c2aa369886db90c66bc92a094b1a166bd4edce683cfe641c,https://furman.campuslabs.com/engage/legacy/organization/psychology-club/DocumentLibrary/view/1792369,2020-08-20T16:48:36,application/octet-stream; charset=utf-8,Psychology_Club_Constitution_(1)_(1).docx
psychology-club,1967269,Constitution/Bylaws,constitution,2021,data/orgs/psychology-club/documents/2021/constitution_constitutionbylaws_1967269.docx,b6e0a68c25264ed3fa489d8054251e48b2ba9860e0af43114b43979f3331416a,https://furman.campuslabs.com/engage/legacy/organization/psychology-club/DocumentLibrary/view/1967269,2021-08-10T15:42:39,application/octet-stream; charset=utf-8,Psychology_Club_Constitution.3.18.19.kkb.docx
psychology-club,2100644,Constitution/Bylaws,constitution,2022,data/orgs/psychology-club/documents/2022/constitution_constitutionbylaws_2100644.docx,b6e0a68c25264ed3fa489d8054251e48b2ba9860e0af43114b43979f3331416a,https://furman.campuslabs.com/engage/legacy/organization/psychology-club/DocumentLibrary/view/2100644,2022-08-09T12:03:07,application/octet-stream; charset=utf-8,Psychology_Club_Constitution.3.18.19.kkb_(3).docx
psychology-club,2256611,Constitution/Bylaws,constitution,2023,data/orgs/psychology-club/documents/2023/constitution_constitutionbylaws_2256611.pdf,a268f699cd843d33ac8982610be0cf80c2d1e0c01e6d0b07bdfae88d1815a8b8,https://furman.campuslabs.com/engage/legacy/organization/psychology-club/DocumentLibrary/view/2256611,2023-08-10T08:57:50,application/octet-stream; charset=utf-8,Psych_Club_Activities.pdf
psychology-club,2455708,OFFICIAL Amended 25-26 Constitution and Bylaws.docx,constitution,2025,data/orgs/psychology-club/documents/2025/constitution_official_amended_25-26_constitution_and_bylawsdocx_2455708.docx,eb75ce6a6981ec0d889f7849dd021ab6dd0a968c2712b9c3cba80ca24cea518c,https://furman.campuslabs.com/engage/legacy/organization/psychology-club/DocumentLibrary/view/2455708,2025-06-02T10:56:18,application/octet-stream; charset=utf-8,OFFICIAL_Amended_25-26_Constitution_and_Bylaws.docx
reformed-university-fellowship,700265,Constitution/Bylaws,constitution,2018,data/orgs/reformed-university-fellowship/documents/2018/constitution_constitutionbylaws_700265.docx,4fc36b866d7e3f2d4d9c5bf1f9dee166565c4047958c1174622e85ec03e266f9,https://furman.campuslabs.com/engage/legacy/organization/reformed-university-fellowship/DocumentLibrary/view/700265,2018-01-26T21:22:09,application/octet-stream; charset=utf-8,RUF_Constitution_-_2018.docx
reformed-university-fellowship,759588,Constitution/Bylaws,constitution,2018,data/orgs/reformed-university-fellowship/documents/2018/constitution_constitutionbylaws_759588.pdf,7b5de29abb7dd72b0e12b2396f86213f14d21873ff259849577b6939153bdda4,https://furman.campuslabs.com/engage/legacy/organization/reformed-university-fellowship/DocumentLibrary/view/759588,2018-04-25T16:20:22,application/octet-stream; charset=utf-8,RUF_Constitution_-_2018.pdf
reformed-university-fellowship,1095027,Constitution/Bylaws,constitution,2019,data/orgs/reformed-university-fellowship/documents/2019/constitution_constitutionbylaws_1095027.pdf,5520cb69123cff616b4d9bb5ff8005012a2d377fcbb45b6ef4d98c5cf2a10691,https://furman.campuslabs.com/engage/legacy/organization/reformed-university-fellowship/DocumentLibrary/view/1095027,2019-04-12T18:59:12,application/octet-stream; charset=utf-8,RUF_Constitution_2019-2020.pdf
reformed-university-fellowship,1792370,Constitution/Bylaws,constitution,2020,data/orgs/reformed-university-fellowship/documents/2020/constitution_constitutionbylaws_1792370.pdf,a1c282f4c864b14a3049b2bdfd07876f70bb41fca0356116513b702529ecc6e3,https://furman.campuslabs.com/engage/legacy/organization/reformed-university-fellowship/DocumentLibrary/view/1792370,2020-08-23T18:17:04,application/octet-stream; charset=utf-8,RUF_Constitution_2020-21.pdf
reformed-university-fellowship,1967939,Constitution/Bylaws,constitution,2021,data/orgs/reformed-university-fellowship/documents/2021/constitution_constitutionbylaws_1967939.pdf,a1c282f4c864b14a3049b2bdfd07876f70bb41fca0356116513b702529ecc6e3,https://furman.campuslabs.com/engage/legacy/organization/reformed-university-fellowship/DocumentLibrary/view/1967939,2021-08-11T16:51:08,application/octet-stream; charset=utf-8,RUF_Constitution_2020-21.pdf
reformed-university-fellowship,2100645,Constitution/Bylaws,constitution,2022,data/orgs/reformed-university-fellowship/documents/2022/constitution_constitutionbylaws_2100645.pdf,a1c282f4c864b14a3049b2bdfd07876f70bb41fca0356116513b702529ecc6e3,https://furman.campuslabs.com/engage/legacy/organization/reformed-university-fellowship/DocumentLibrary/view/2100645,2022-08-17T13:25:24,application/octet-stream; charset=utf-8,RUF_Constitution_2022-23.pdf
reformed-university-fellowship,2256612,Constitution/Bylaws,constitution,2023,data/orgs/reformed-university-fellowship/documents/2023/constitution_constitutionbylaws_2256612.docx,5afcfa768d97be245636fb846572d53c1fb539d76c52a99076e6e7e3c02026f3,https://furman.campuslabs.com/engage/legacy/organization/reformed-university-fellowship/DocumentLibrary/view/2256612,2023-08-24T12:33:47,application/octet-stream; charset=utf-8,RUF_Constitution_2023-24.docx
reformed-university-fellowship,2386702,Constitution/Bylaws,constitution,2024,data/orgs/reformed-university-fellowship/documents/2024/constitution_constitutionbylaws_2386702.docx,5d59f53ed15c7a361c55be921b6102b1b4230f9b7210b37675067aa2c3275d3a,https://furman.campuslabs.com/engage/legacy/organization/reformed-university-fellowship/DocumentLibrary/view/2386702,2024-08-15T14:54:29,application/octet-stream; charset=utf-8,RUF_Constitution_2024-25.docx
reformed-university-fellowship,2499909,Constitution/Bylaws,constitution,2025,data/orgs/reformed-university-fellowship/documents/2025/constitution_constitutionbylaws_2499909.docx,5d59f53ed15c7a361c55be921b6102b1b4230f9b7210b37675067aa2c3275d3a,https://furman.campuslabs.com/engage/legacy/organization/reformed-university-fellowship/DocumentLibrary/view/2499909,2025-08-25T16:08:45,application/octet-stream; charset=utf-8,RUF_Constitution_2025-2026.docx
religious-council,2499910,Constitution/Bylaws,constitution,2025,data/orgs/religious-council/documents/2025/constitution_constitutionbylaws_2499910.docx,64708f31fa25fe5cfa6758c3dc931fc77466d9e710f617e0c16db24ce953bf3e,https://furman.campuslabs.com/engage/legacy/organization/religious-council/DocumentLibrary/view/2499910,2025-08-26T11:18:46,application/octet-stream; charset=utf-8,RC_Constituion_2024.docx
religious-council,2386703,Constitution/Bylaws,constitution,2024,data/orgs/religious-council/documents/2024/constitution_constitutionbylaws_2386703.docx,64708f31fa25fe5cfa6758c3dc931fc77466d9e710f617e0c16db24ce953bf3e,https://furman.campuslabs.com/engage/legacy/organization/religious-council/DocumentLibrary/view/2386703,2024-08-19T22:16:01,application/octet-stream; charset=utf-8,RC_Constituion_2024.docx
religious-council,695038,Constitution/Bylaws,constitution,2018,data/orgs/religious-council/documents/2018/constitution_constitutionbylaws_695038.pdf,9143fd26a95490e20b96746f66fe734dc2b301be74bdc7a3162d185a95d335e1,https://furman.campuslabs.com/engage/legacy/organization/religious-council/DocumentLibrary/view/695038,2018-01-21T16:49:56,application/octet-stream; charset=utf-8,RC_constitution_(Updated_4-22-13)_(1)_(1).pdf
religious-council,759589,Constitution/Bylaws,constitution,2018,data/orgs/religious-council/documents/2018/constitution_constitutionbylaws_759589.pdf,9143fd26a95490e20b96746f66fe734dc2b301be74bdc7a3162d185a95d335e1,https://furman.campuslabs.com/engage/legacy/organization/religious-council/DocumentLibrary/view/759589,2018-04-12T15:09:59,application/octet-stream; charset=utf-8,RC_constitution_(Updated_4-22-13)_(1)_(1).pdf
religious-council,1793946,Constitution/Bylaws,constitution,2020,data/orgs/religious-council/documents/2020/constitution_constitutionbylaws_1793946.pdf,9143fd26a95490e20b96746f66fe734dc2b301be74bdc7a3162d185a95d335e1,https://furman.campuslabs.com/engage/legacy/organization/religious-council/DocumentLibrary/view/1793946,2020-08-25T13:49:24,application/octet-stream; charset=utf-8,RC_constitution_(Updated_4-22-13)_(1)_(1).pdf
religious-council,1967940,Constitution/Bylaws,constitution,2021,data/orgs/religious-council/documents/2021/constitution_constitutionbylaws_1967940.pdf,9143fd26a95490e20b96746f66fe734dc2b301be74bdc7a3162d185a95d335e1,https://furman.campuslabs.com/engage/legacy/organization/religious-council/DocumentLibrary/view/1967940,2021-08-20T02:57:30,application/octet-stream; charset=utf-8,RC_Constitution.pdf
religious-council,2101461,Constitution/Bylaws,constitution,2022,data/orgs/religious-council/documents/2022/constitution_constitutionbylaws_2101461.pdf,9143fd26a95490e20b96746f66fe734dc2b301be74bdc7a3162d185a95d335e1,https://furman.campuslabs.com/engage/legacy/organization/religious-council/DocumentLibrary/view/2101461,2022-08-09T18:56:43,application/octet-stream; charset=utf-8,RC_Constitution.pdf
religious-council,2256613,Constitution/Bylaws,constitution,2023,data/orgs/religious-council/documents/2023/constitution_constitutionbylaws_2256613.docx,cd2e4af26e0f6164723773e61defe901f60777ee810c13c62d2d27469ceeeba6,https://furman.campuslabs.com/engage/legacy/organization/religious-council/DocumentLibrary/view/2256613,2023-08-16T12:48:45,application/octet-stream; charset=utf-8,2023-24_RC_Constitution.docx
religious-council,2313054,RC Constituion 2024.docx,constitution,2024,data/orgs/religious-council/documents/2024/constitution_rc_constituion_2024docx_2313054.docx,64708f31fa25fe5cfa6758c3dc931fc77466d9e710f617e0c16db24ce953bf3e,https://furman.campuslabs.com/engage/legacy/organization/religious-council/DocumentLibrary/view/2313054,2024-04-10T16:37:34,application/octet-stream; charset=utf-8,RC_Constituion_2024.docx
religious-council,2493897,Religious Council Purchasing Guide.pdf,other,2025,data/orgs/religious-council/documents/2025/other_religious_council_purchasing_guidepdf_2493897.pdf,acd6b577e0c89567d6e4cc11095837d8380f701865222d884b25ae18314645de,https://furman.campuslabs.com/engage/legacy/organization/religious-council/DocumentLibrary/view/2493897,2025-09-08T14:06:38,application/octet-stream; charset=utf-8,Religious_Council_Purchasing_Guidelines_(3).pdf
residential-life-council,694465,Constitution/Bylaws,constitution,2018,data/orgs/residential-life-council/documents/2018/constitution_constitutionbylaws_694465.docx,1f047a14ecaadfbb2e64509b75321f5bb32a843b72cc84adaf684a3dd4533ffd,https://furman.campuslabs.com/engage/legacy/organization/residential-life-council/DocumentLibrary/view/694465,2018-01-14T15:32:31,application/octet-stream; charset=utf-8,RLC_Constitution_2013.docx
residential-life-council,752998,Constitution/Bylaws,constitution,2018,data/orgs/residential-life-council/documents/2018/constitution_constitutionbylaws_752998.docx,c327d9c3367fecefe4b5ac83ae1d16061414ddc3bac79a6abd6e46f25828419a,https://furman.campuslabs.com/engage/legacy/organization/residential-life-council/DocumentLibrary/view/752998,2018-04-03T22:25:06,application/octet-stream; charset=utf-8,RLC_Constitution.docx
residential-life-council,1084700,Constitution/Bylaws,constitution,2019,data/orgs/residential-life-council/documents/2019/constitution_constitutionbylaws_1084700.docx,abf593fc44d6137738e93dacac9317353d4d622a54764f38db1e9f4db5907be8,https://furman.campuslabs.com/engage/legacy/organization/residential-life-council/DocumentLibrary/view/1084700,2019-03-25T17:43:18,application/octet-stream; charset=utf-8,RLC_constitution_2019_Final.docx
residential-life-council,1792372,Constitution/Bylaws,constitution,2020,data/orgs/residential-life-council/documents/2020/constitution_constitutionbylaws_1792372.docx,6befcb8fa24ce30111f09f155eab5f7337ed9427b4193677e191e2673f0d9cb8,https://furman.campuslabs.com/engage/legacy/organization/residential-life-council/DocumentLibrary/view/1792372,2020-08-20T14:25:40,application/octet-stream; charset=utf-8,RLC_Constitution_new.docx
residential-life-council,1967941,Constitution/Bylaws,constitution,2021,data/orgs/residential-life-council/documents/2021/constitution_constitutionbylaws_1967941.docx,586a52082d442c73f8cb20ddde4a07367d33c12c9ea0f352ad01fc711a84ec2f,https://furman.campuslabs.com/engage/legacy/organization/residential-life-council/DocumentLibrary/view/1967941,2021-08-23T11:06:50,application/octet-stream; charset=utf-8,RLC_Constitution_new.docx
residential-life-council,2102427,Constitution/Bylaws,constitution,2022,data/orgs/residential-life-council/documents/2022/constitution_constitutionbylaws_2102427.pdf,506ef07c441761d81f05387e825575c32503c6706ffc31b01415a26909b185f5,https://furman.campuslabs.com/engage/legacy/organization/residential-life-council/DocumentLibrary/view/2102427,2022-08-25T16:22:14,application/octet-stream; charset=utf-8,RESIDENTIAL_LIFE.pdf
residential-life-council,2256614,Constitution/Bylaws,constitution,2023,data/orgs/residential-life-council/documents/2023/constitution_constitutionbylaws_2256614.pdf,506ef07c441761d81f05387e825575c32503c6706ffc31b01415a26909b185f5,https://furman.campuslabs.com/engage/legacy/organization/residential-life-council/DocumentLibrary/view/2256614,2023-08-08T14:15:54,application/octet-stream; charset=utf-8,RESIDENTIAL_LIFE.pdf
residential-life-council,2386704,Constitution/Bylaws,constitution,2024,data/orgs/residential-life-council/documents/2024/constitution_constitutionbylaws_2386704.pdf,e86fe859762e8f9d0774d7897558641738041a149d25dfeac1606bb21cc318bf,https://furman.campuslabs.com/engage/legacy/organization/residential-life-council/DocumentLibrary/view/2386704,2024-08-17T20:20:21,application/octet-stream; charset=utf-8,RLC_Constitution_new_(1).pdf
residential-life-council,2499911,Constitution/Bylaws,constitution,2025,data/orgs/residential-life-council/documents/2025/constitution_constitutionbylaws_2499911.pdf,c6d1d1b617d0bcc73c2241a2dd1273531f88e1b9422fbadf5e09ded1ac49ab53,https://furman.campuslabs.com/engage/legacy/organization/residential-life-council/DocumentLibrary/view/2499911,2025-08-18T14:58:20,application/octet-stream; charset=utf-8,2025_CONSTITUTION_OF_THE_RESIDENTIAL_LIFE_COUNCIL_AT_FURMAN.pdf
residential-life-council,2316076,Constitution/Bylaws 2024,constitution,2024,data/orgs/residential-life-council/documents/2024/constitution_constitutionbylaws_2024_2316076.pdf,e86fe859762e8f9d0774d7897558641738041a149d25dfeac1606bb21cc318bf,https://furman.campuslabs.com/engage/legacy/organization/residential-life-council/DocumentLibrary/view/2316076,2024-04-18T13:32:17,application/octet-stream; charset=utf-8,RLC_Constitution_new_(1).pdf
residential-life-council,747846,Furman Student Organization Advisor Guidelines.pdf,constitution,2018,data/orgs/residential-life-council/documents/2018/constitution_furman_student_organization_advisor_guidelinespdf_747846.pdf,75fb8669c0e66331aec2095ed132e038ff0042c1c1816f57a65298c21c39666f,https://furman.campuslabs.com/engage/legacy/organization/residential-life-council/DocumentLibrary/view/747846,2018-04-13T14:41:53,application/octet-stream; charset=utf-8,Furman_Student_Organization_Advisor_Guidelines.pdf
roers-art-club,713142,Constitution/Bylaws,constitution,2018,data/orgs/roers-art-club/documents/2018/constitution_constitutionbylaws_713142.docx,cdac5193af57d132fa85b5d51a08c2187d66e273eca44b28aa835e83ff2d9f49,https://furman.campuslabs.com/engage/legacy/organization/roers-art-club/DocumentLibrary/view/713142,2018-01-29T19:38:34,application/octet-stream; charset=utf-8,Constitution_for_the_Artist_Entrepreneur_Society.docx
roers-art-club,753000,Constitution/Bylaws,constitution,2018,data/orgs/roers-art-club/documents/2018/constitution_constitutionbylaws_753000.docx,cdac5193af57d132fa85b5d51a08c2187d66e273eca44b28aa835e83ff2d9f49,https://furman.campuslabs.com/engage/legacy/organization/roers-art-club/DocumentLibrary/view/753000,2018-04-04T17:57:46,application/octet-stream; charset=utf-8,Constitution_for_the_Artist_Entrepreneur_Society.docx
roers-art-club,2386706,Constitution/Bylaws,constitution,2024,data/orgs/roers-art-club/documents/2024/constitution_constitutionbylaws_2386706.docx,0a787df9cbfda424ae93b3ff8452e286c62fe16cbb882dd811d924989cd0bd70,https://furman.campuslabs.com/engage/legacy/organization/roers-art-club/DocumentLibrary/view/2386706,2024-08-30T15:47:55,application/octet-stream; charset=utf-8,Roers_Constitution_and_Bylaws.docx
sexual-harassment-and-rape-prevention-committee,967812,Campus Diversity Title IX and Evidentiary Standards.pdf,other,2018,data/orgs/sexual-harassment-and-rape-prevention-committee/documents/2018/other_campus_diversity_title_ix_and_evidentiary_standardspdf_967812.pdf,7892ba6698612628c39d8a7b97f52be25f694b8930d83870a81c82301e1a6e23,https://furman.campuslabs.com/engage/legacy/organization/sexual-harassment-and-rape-prevention-committee/DocumentLibrary/view/967812,2018-09-14T15:47:04,application/octet-stream; charset=utf-8,Campus_Diversity_Title_IX_and_Evidentiary_Standards.pdf
sexual-harassment-and-rape-prevention-committee,1554689,SHARP Committee Minutes 10-31-19.docx,other,2019,data/orgs/sexual-harassment-and-rape-prevention-committee/documents/2019/other_sharp_committee_minutes_10-31-19docx_1554689.docx,5cc1f4b31810cdd0e8d3c2a08cb7657e228def34a9516cdd53efd4445f32b2f6,https://furman.campuslabs.com/engage/legacy/organization/sexual-harassment-and-rape-prevention-committee/DocumentLibrary/view/1554689,2019-11-13T14:34:24,application/octet-stream; charset=utf-8,SHARP_Committee_Minutes_10-31-19.docx
sexual-harassment-and-rape-prevention-committee,1636040,SHARP Committee Minutes 1-30-20 final.docx,other,2020,data/orgs/sexual-harassment-and-rape-prevention-committee/documents/2020/other_sharp_committee_minutes_1-30-20_finaldocx_1636040.docx,6a5b5d10918a60f8740ebac9ef3cb6857455ee6f94d97d3706da19be1ac7c699,https://furman.campuslabs.com/engage/legacy/organization/sexual-harassment-and-rape-prevention-committee/DocumentLibrary/view/1636040,2020-02-04T15:51:46,application/octet-stream; charset=utf-8,SHARP_Committee_Minutes_1-30-20_final.docx
sexual-harassment-and-rape-prevention-committee,705737,SHARP Committee Minutes 2-15-18.docx,constitution,2018,data/orgs/sexual-harassment-and-rape-prevention-committee/documents/2018/constitution_sharp_committee_minutes_2-15-18docx_705737.docx,7a837590eb13da8075b0ee57c64d189367c48c20acfece6d7314f872a38a325a,https://furman.campuslabs.com/engage/legacy/organization/sexual-harassment-and-rape-prevention-committee/DocumentLibrary/view/705737,2018-02-16T09:24:47,application/octet-stream; charset=utf-8,SHARP_Committee_Minutes_2-15-18.docx
sexual-harassment-and-rape-prevention-committee,1656168,SHARP RESEARCH Wake Forest.docx,other,2020,data/orgs/sexual-harassment-and-rape-prevention-committee/documents/2020/other_sharp_research_wake_forestdocx_1656168.docx,eb553e909daf0e41ece19e1f71c044d5100e588eb6d13b88b90f15607eedc2ff,https://furman.campuslabs.com/engage/legacy/organization/sexual-harassment-and-rape-prevention-committee/DocumentLibrary/view/1656168,2020-03-09T14:08:38,application/octet-stream; charset=utf-8,SHARP_RESEARCH_Wake_Forest.docx
safe,1102713,Constitution/Bylaws,constitution,2019,data/orgs/safe/documents/2019/constitution_constitutionbylaws_1102713.docx,a54416e365db4306950fdca2497fb3930f9a211eeeff81651ccfa52766631635,https://furman.campuslabs.com/engage/legacy/organization/SAFE/DocumentLibrary/view/1102713,2019-04-10T16:32:03,application/octet-stream; charset=utf-8,RR_Constitution_.docx
safe,1792371,Constitution/Bylaws,constitution,2020,data/orgs/safe/documents/2020/constitution_constitutionbylaws_1792371.docx,02859141245cccbbc3e82acc16e581ee977791a7a165dbfb7734bf4ebdba4014,https://furman.campuslabs.com/engage/legacy/organization/SAFE/DocumentLibrary/view/1792371,2020-08-20T09:02:52,application/octet-stream; charset=utf-8,RR_Constitution_ed._04.2020.docx
safe,1968219,Constitution/Bylaws,constitution,2021,data/orgs/safe/documents/2021/constitution_constitutionbylaws_1968219.docx,02859141245cccbbc3e82acc16e581ee977791a7a165dbfb7734bf4ebdba4014,https://furman.campuslabs.com/engage/legacy/organization/SAFE/DocumentLibrary/view/1968219,2021-08-24T17:51:19,application/octet-stream; charset=utf-8,RR_Constitution_ed._04.2020.docx
safe,2109517,Constitution/Bylaws,constitution,2022,data/orgs/safe/documents/2022/constitution_constitutionbylaws_2109517.docx,02859141245cccbbc3e82acc16e581ee977791a7a165dbfb7734bf4ebdba4014,https://furman.campuslabs.com/engage/legacy/organization/SAFE/DocumentLibrary/view/2109517,2022-08-12T12:40:46,application/octet-stream; charset=utf-8,RR_Constitution_ed._04.2020.docx
safe,2407874,Constitution/Bylaws,constitution,2024,data/orgs/safe/documents/2024/constitution_constitutionbylaws_2407874.docx,14524c297cc191ed8d47024c913f8e9b4a72ef7dfda19edd5f065d482374b179,https://furman.campuslabs.com/engage/legacy/organization/SAFE/DocumentLibrary/view/2407874,2024-12-09T19:50:33,application/octet-stream; charset=utf-8,SAFE_Constitution_12.3.24.docx
safe,2499912,Constitution/Bylaws,constitution,2025,data/orgs/safe/documents/2025/constitution_constitutionbylaws_2499912.docx,14524c297cc191ed8d47024c913f8e9b4a72ef7dfda19edd5f065d482374b179,https://furman.campuslabs.com/engage/legacy/organization/SAFE/DocumentLibrary/view/2499912,2025-08-12T19:00:26,application/octet-stream; charset=utf-8,SAFE_Constitution_12.3.24.docx
sigma-alpha-epsilon,1971488,Constitution/Bylaws,constitution,2021,data/orgs/sigma-alpha-epsilon/documents/2021/constitution_constitutionbylaws_1971488.docx,b464624cb5a12bdcf94ff7790c2165fc6c74ffe964417e60378cac16403e9a32,https://furman.campuslabs.com/engage/legacy/organization/sigma-alpha-epsilon/DocumentLibrary/view/1971488,2021-09-03T12:59:27,application/octet-stream; charset=utf-8,SAE_Bylaws.docx
sigma-alpha-epsilon,2106132,Constitution/Bylaws,constitution,2022,data/orgs/sigma-alpha-epsilon/documents/2022/constitution_constitutionbylaws_2106132.docx,b464624cb5a12bdcf94ff7790c2165fc6c74ffe964417e60378cac16403e9a32,https://furman.campuslabs.com/engage/legacy/organization/sigma-alpha-epsilon/DocumentLibrary/view/2106132,2022-08-30T16:36:27,application/octet-stream; charset=utf-8,SAE_Bylaws.docx
sigma-alpha-epsilon,2256616,Constitution/Bylaws,constitution,2023,data/orgs/sigma-alpha-epsilon/documents/2023/constitution_constitutionbylaws_2256616.docx,77235e20c71085865157adaca9334eb2532d26456d988e8600cf65a82ca6d09d,https://furman.campuslabs.com/engage/legacy/organization/sigma-alpha-epsilon/DocumentLibrary/view/2256616,2023-09-01T09:50:27,application/octet-stream; charset=utf-8,2017_Bylaws.docx
sigma-alpha-epsilon,2386707,Constitution/Bylaws,constitution,2024,data/orgs/sigma-alpha-epsilon/documents/2024/constitution_constitutionbylaws_2386707.docx,b464624cb5a12bdcf94ff7790c2165fc6c74ffe964417e60378cac16403e9a32,https://furman.campuslabs.com/engage/legacy/organization/sigma-alpha-epsilon/DocumentLibrary/view/2386707,2024-09-04T17:57:31,application/octet-stream; charset=utf-8,SAE_Bylaws_(1).docx
sigma-alpha-epsilon,2499913,Constitution/Bylaws,constitution,2025,data/orgs/sigma-alpha-epsilon/documents/2025/constitution_constitutionbylaws_2499913.docx,b464624cb5a12bdcf94ff7790c2165fc6c74ffe964417e60378cac16403e9a32,https://furman.campuslabs.com/engage/legacy/organization/sigma-alpha-epsilon/DocumentLibrary/view/2499913,2025-08-28T11:59:44,application/octet-stream; charset=utf-8,SAE_Bylaws_(1).docx
sigma-alpha-iota,952275,AdvisorAgreement.pdf,other,2018,data/orgs/sigma-alpha-iota/documents/2018/other_advisoragreementpdf_952275.pdf,3fb2f667d8f83b98dd21baede6c3e1cbc0421b3c30406d8003a34f21b4102f1b,https://furman.campuslabs.com/engage/legacy/organization/sigma-alpha-iota/DocumentLibrary/view/952275,2018-08-28T09:32:34,application/octet-stream; charset=utf-8,AdvisorAgreement.pdf
sigma-alpha-iota,952274,Constitution,constitution,2018,data/orgs/sigma-alpha-iota/documents/2018/constitution_constitution_952274.pdf,f3f7250b39cbdd5ef556c8d27bb8da329edf19c2cf8b15461b7237d9ef823f31,https://furman.campuslabs.com/engage/legacy/organization/sigma-alpha-iota/DocumentLibrary/view/952274,2018-08-28T09:32:16,application/octet-stream; charset=utf-8,Bylaws.pdf
sigma-alpha-iota,700259,Constitution/Bylaws,constitution,2018,data/orgs/sigma-alpha-iota/documents/2018/constitution_constitutionbylaws_700259.docx,035c0d3f57a867695be954a51c80e0b02d2cef7b0553a462a9f349b862a0f5a3,https://furman.campuslabs.com/engage/legacy/organization/sigma-alpha-iota/DocumentLibrary/view/700259,2018-01-31T15:30:05,application/octet-stream; charset=utf-8,2017_1102_Theta_Lambda_Review_B.docx
sigma-alpha-iota,1102841,Constitution/Bylaws,constitution,2019,data/orgs/sigma-alpha-iota/documents/2019/constitution_constitutionbylaws_1102841.pdf,1534bf4edb9631d2e3297ccc791eecb558dc0dc5716017e79557d4d7d358fdea,https://furman.campuslabs.com/engage/legacy/organization/sigma-alpha-iota/DocumentLibrary/view/1102841,2019-03-22T08:13:31,application/octet-stream; charset=utf-8,SAI_Bylaws.pdf
sigma-alpha-iota,1792374,Constitution/Bylaws,constitution,2020,data/orgs/sigma-alpha-iota/documents/2020/constitution_constitutionbylaws_1792374.docx,4400d7ef1c58c3b56db4b43e1819265d048a0dbb0451c28d41e1907082f34cb1,https://furman.campuslabs.com/engage/legacy/organization/sigma-alpha-iota/DocumentLibrary/view/1792374,2020-08-23T20:07:30,application/octet-stream; charset=utf-8,LCPM_2020_updated_version.docx
sigma-alpha-iota,1970394,Constitution/Bylaws,constitution,2021,data/orgs/sigma-alpha-iota/documents/2021/constitution_constitutionbylaws_1970394.docx,58ea60cfe418effc4cb0bab1416e9c116344e9812dc7b37de368c7a5fd15f8ef,https://furman.campuslabs.com/engage/legacy/organization/sigma-alpha-iota/DocumentLibrary/view/1970394,2021-08-27T14:03:15,application/octet-stream; charset=utf-8,SAI_Revised_Local_CPM.docx
sigma-alpha-iota,2100646,Constitution/Bylaws,constitution,2022,data/orgs/sigma-alpha-iota/documents/2022/constitution_constitutionbylaws_2100646.pdf,ceb4112441f23139ba8e70be1e0c122bca9acf963a6bb52b271b278e1176fbd1,https://furman.campuslabs.com/engage/legacy/organization/sigma-alpha-iota/DocumentLibrary/view/2100646,2022-08-08T12:56:20,application/octet-stream; charset=utf-8,CPM_sept_2020.pdf
sigma-alpha-iota,2256617,Constitution/Bylaws,constitution,2023,data/orgs/sigma-alpha-iota/documents/2023/constitution_constitutionbylaws_2256617.pdf,2800a67c01c3274cb13bffb38e55d6f18b8f3ee568e20dc0db03d4b3962a3c5d,https://furman.campuslabs.com/engage/legacy/organization/sigma-alpha-iota/DocumentLibrary/view/2256617,2023-08-24T18:13:48,application/octet-stream; charset=utf-8,Chapter_Procedures_Manual_'22.pdf
sigma-alpha-iota,2386708,Constitution/Bylaws,constitution,2024,data/orgs/sigma-alpha-iota/documents/2024/constitution_constitutionbylaws_2386708.pdf,b2d27f0206037449b389decd48bcfb104ef1b1fa5332cb4c97751681acf939d8,https://furman.campuslabs.com/engage/legacy/organization/sigma-alpha-iota/DocumentLibrary/view/2386708,2024-08-12T08:27:07,application/octet-stream; charset=utf-8,CPM22.pdf
sigma-alpha-iota,2499914,Constitution/Bylaws,constitution,2025,data/orgs/sigma-alpha-iota/documents/2025/constitution_constitutionbylaws_2499914.pdf,9f23416f5115d56377e0079285f83801a31cdab58b9ed8a0f455e69847edd9fd,https://furman.campuslabs.com/engage/legacy/organization/sigma-alpha-iota/DocumentLibrary/view/2499914,2025-08-24T15:32:56,application/octet-stream; charset=utf-8,Theta_Lambda__LCPM_2024_with_LOM_edits.docx.pdf
sigma-chi-iota-nu-chapter,837540,2018 Updated IN Bylaws.docx,constitution,2018,data/orgs/sigma-chi-iota-nu-chapter/documents/2018/constitution_2018_updated_in_bylawsdocx_837540.docx,f5e17d5687226aff65af7d2ee65428780e1c64a86e5837b349c90f641a1424ee,https://furman.campuslabs.com/engage/legacy/organization/sigma-chi-iota-nu-chapter/DocumentLibrary/view/837540,2018-06-19T16:21:24,application/octet-stream; charset=utf-8,2018_Updated_IN_Bylaws.docx
sigma-chi-iota-nu-chapter,1792375,Constitution/Bylaws,constitution,2020,data/orgs/sigma-chi-iota-nu-chapter/documents/2020/constitution_constitutionbylaws_1792375.docx,e1ab822c7dce2ada0f0e6961f48cc5350ab1518b8716df7f9c4b225d8e5dbb97,https://furman.campuslabs.com/engage/legacy/organization/sigma-chi-iota-nu-chapter/DocumentLibrary/view/1792375,2020-08-18T16:12:35,application/octet-stream; charset=utf-8,2019_Updated_IN_Bylaws_-_Copy.docx
sigma-chi-iota-nu-chapter,1971489,Constitution/Bylaws,constitution,2021,data/orgs/sigma-chi-iota-nu-chapter/documents/2021/constitution_constitutionbylaws_1971489.docx,2bede7d84151caf1f4d6aa826cdee2a82bb22e3cc988009f6a87eb3562d81585,https://furman.campuslabs.com/engage/legacy/organization/sigma-chi-iota-nu-chapter/DocumentLibrary/view/1971489,2021-08-23T14:53:53,application/octet-stream; charset=utf-8,2020_Bylaws_-_Iota_Nu.docx
sigma-chi-iota-nu-chapter,2100647,Constitution/Bylaws,constitution,2022,data/orgs/sigma-chi-iota-nu-chapter/documents/2022/constitution_constitutionbylaws_2100647.docx,b0c5c6766e699490562d78c19e249efe0ccc92adcb605c0301ba598177b137c7,https://furman.campuslabs.com/engage/legacy/organization/sigma-chi-iota-nu-chapter/DocumentLibrary/view/2100647,2022-08-25T16:02:44,application/octet-stream; charset=utf-8,2022-2023_bylaws.docx
sigma-chi-iota-nu-chapter,2256618,Constitution/Bylaws,constitution,2023,data/orgs/sigma-chi-iota-nu-chapter/documents/2023/constitution_constitutionbylaws_2256618.pdf,a035931808f108157e77626f0d8a7a0b26df3b195a5ce50926f2be262d621b41,https://furman.campuslabs.com/engage/legacy/organization/sigma-chi-iota-nu-chapter/DocumentLibrary/view/2256618,2023-08-25T17:35:02,application/octet-stream; charset=utf-8,2023-2024_Bylaws.docx.pdf
sigma-chi-iota-nu-chapter,2386709,Constitution/Bylaws,constitution,2024,data/orgs/sigma-chi-iota-nu-chapter/documents/2024/constitution_constitutionbylaws_2386709.pdf,da331999dd33f159653af10f2d70360ff42c397e8aa4ee1bb7df47b9e918131d,https://furman.campuslabs.com/engage/legacy/organization/sigma-chi-iota-nu-chapter/DocumentLibrary/view/2386709,2024-08-29T18:37:59,application/octet-stream; charset=utf-8,2023-2024_Bylaws.pdf
sigma-chi-iota-nu-chapter,2499915,Constitution/Bylaws,constitution,2025,data/orgs/sigma-chi-iota-nu-chapter/documents/2025/constitution_constitutionbylaws_2499915.pdf,da331999dd33f159653af10f2d70360ff42c397e8aa4ee1bb7df47b9e918131d,https://furman.campuslabs.com/engage/legacy/organization/sigma-chi-iota-nu-chapter/DocumentLibrary/view/2499915,2025-08-10T15:02:34,application/octet-stream; charset=utf-8,2023-2024_Bylaws.pdf
sigma-chi-iota-nu-chapter,694055,Constitution/Bylaws,constitution,2018,data/orgs/sigma-chi-iota-nu-chapter/documents/2018/constitution_constitutionbylaws_694055.pdf,5dc65ae771043c1fbdc17bc210617150e190d71419983c59d21b4a9b0e91670a,https://furman.campuslabs.com/engage/legacy/organization/sigma-chi-iota-nu-chapter/DocumentLibrary/view/694055,2018-01-18T22:11:13,application/octet-stream; charset=utf-8,the_governing_laws.pdf
sigmanu,2420755,Constitution/Bylaws,constitution,2025,data/orgs/sigmanu/documents/2025/constitution_constitutionbylaws_2420755.docx,50f68079cc71bfb25f2b86358ce710f3d4420bd135bbd27ef1e132105879d548,https://furman.campuslabs.com/engage/legacy/organization/SigmaNu/DocumentLibrary/view/2420755,2025-02-10T11:06:51,application/octet-stream; charset=utf-8,Sigma_Nu_Bylaws_Spring_2025.docx
sigmanu,2499916,Constitution/Bylaws,constitution,2025,data/orgs/sigmanu/documents/2025/constitution_constitutionbylaws_2499916.docx,50f68079cc71bfb25f2b86358ce710f3d4420bd135bbd27ef1e132105879d548,https://furman.campuslabs.com/engage/legacy/organization/SigmaNu/DocumentLibrary/view/2499916,2025-08-13T15:01:52,application/octet-stream; charset=utf-8,Sigma_Nu_Bylaws_Spring_2025.docx
sigmanu,698005,Constitution/Bylaws,constitution,2018,data/orgs/sigmanu/documents/2018/constitution_constitutionbylaws_698005.docx,016acf375b5cd0aa56c43afef0668bb0c1b7029d428645c08f66a7c8fc4f7751,https://furman.campuslabs.com/engage/legacy/organization/SigmaNu/DocumentLibrary/view/698005,2018-01-25T20:06:16,application/octet-stream; charset=utf-8,BYLAWS.docx
sigmanu,1792376,Constitution/Bylaws,constitution,2020,data/orgs/sigmanu/documents/2020/constitution_constitutionbylaws_1792376.docx,c1f80de087da00d62a7b615e0de56249f74fe791d24dbb53b33d42ecf480a30d,https://furman.campuslabs.com/engage/legacy/organization/SigmaNu/DocumentLibrary/view/1792376,2020-08-19T11:26:53,application/octet-stream; charset=utf-8,Sigma_Nu_Bylaws.docx
sigmanu,1971490,Constitution/Bylaws,constitution,2021,data/orgs/sigmanu/documents/2021/constitution_constitutionbylaws_1971490.pdf,7e7f0390e33a821451e9bc07f9f3316b8022be62b18a0179f2329c07fd66aef1,https://furman.campuslabs.com/engage/legacy/organization/SigmaNu/DocumentLibrary/view/1971490,2021-08-25T09:35:30,application/octet-stream; charset=utf-8,Chapter-Bylaws-Template.pdf
sigmanu,2106124,Constitution/Bylaws,constitution,2022,data/orgs/sigmanu/documents/2022/constitution_constitutionbylaws_2106124.docx,3c9ca8e4bc9d0b878b8f27cd96b7a6cd93682df0ade4c6cd103e974765a762ef,https://furman.campuslabs.com/engage/legacy/organization/SigmaNu/DocumentLibrary/view/2106124,2022-08-25T14:53:25,application/octet-stream; charset=utf-8,Sigma_Nu_Bylaws.docx
sigmanu,2256619,Constitution/Bylaws,constitution,2023,data/orgs/sigmanu/documents/2023/constitution_constitutionbylaws_2256619.docx,3c9ca8e4bc9d0b878b8f27cd96b7a6cd93682df0ade4c6cd103e974765a762ef,https://furman.campuslabs.com/engage/legacy/organization/SigmaNu/DocumentLibrary/view/2256619,2023-08-14T10:52:13,application/octet-stream; charset=utf-8,Sigma_Nu_Bylaws.docx
sigmanu,2386710,Constitution/Bylaws,constitution,2024,data/orgs/sigmanu/documents/2024/constitution_constitutionbylaws_2386710.docx,3c9ca8e4bc9d0b878b8f27cd96b7a6cd93682df0ade4c6cd103e974765a762ef,https://furman.campuslabs.com/engage/legacy/organization/SigmaNu/DocumentLibrary/view/2386710,2024-08-12T11:11:51,application/octet-stream; charset=utf-8,Sigma_Nu_Bylaws_(2).docx
sigmanu,2405751,Sigma_Nu_Bylaws_Winter_2024.docx,constitution,2024,data/orgs/sigmanu/documents/2024/constitution_sigma_nu_bylaws_winter_2024docx_2405751.docx,9f380172bb6294e6868de508e5ef55c8bb240a4cf42f7b3f35facd79983840d0,https://furman.campuslabs.com/engage/legacy/organization/SigmaNu/DocumentLibrary/view/2405751,2024-12-03T10:41:59,application/octet-stream; charset=utf-8,Sigma_Nu_Bylaws_Winter_2024.docx
sos,2175363,Constitution/Bylaws,constitution,2023,data/orgs/sos/documents/2023/constitution_constitutionbylaws_2175363.docx,02eb3963c7489b02ee5688448ce137a43e115726192d28ce78299357610d56c1,https://furman.campuslabs.com/engage/legacy/organization/sos/DocumentLibrary/view/2175363,2023-03-13T13:42:33,application/octet-stream; charset=utf-8,SINK_OR_SWIM_CONSTITUTION.docx
sos,2256620,Constitution/Bylaws,constitution,2023,data/orgs/sos/documents/2023/constitution_constitutionbylaws_2256620.docx,02eb3963c7489b02ee5688448ce137a43e115726192d28ce78299357610d56c1,https://furman.campuslabs.com/engage/legacy/organization/sos/DocumentLibrary/view/2256620,2023-08-20T14:01:17,application/octet-stream; charset=utf-8,SINK_OR_SWIM_CONSTITUTION.docx
sos,2386711,Constitution/Bylaws,constitution,2024,data/orgs/sos/documents/2024/constitution_constitutionbylaws_2386711.pdf,f80fa534d64468b0548e1d7dcdcb5a7fe79470e052c6f19b4dcf80c0a376a18c,https://furman.campuslabs.com/engage/legacy/organization/sos/DocumentLibrary/view/2386711,2024-08-21T13:27:38,application/octet-stream; charset=utf-8,SINK_OR_SWIM_CONSTITUTION.pdf
sos,2499917,Constitution/Bylaws,constitution,2025,data/orgs/sos/documents/2025/constitution_constitutionbylaws_2499917.docx,02eb3963c7489b02ee5688448ce137a43e115726192d28ce78299357610d56c1,https://furman.campuslabs.com/engage/legacy/organization/sos/DocumentLibrary/view/2499917,2025-08-18T14:55:38,application/octet-stream; charset=utf-8,SINK_OR_SWIM_CONSTITUTION.docx
society-of-physics-students,2514616,2025 Constitution,constitution,2025,data/orgs/society-of-physics-students/documents/2025/constitution_2025_constitution_2514616.pdf,da12d8f86246c4b4a68f62e7a8e74dae5f2bb225246756281ba256a3ab9b87d1,https://furman.campuslabs.com/engage/legacy/organization/society-of-physics-students/DocumentLibrary/view/2514616,2025-10-14T12:34:57,application/octet-stream; charset=utf-8,Constitution2025.pdf
society-of-physics-students,2386712,Constitution/Bylaws,constitution,2024,data/orgs/society-of-physics-students/documents/2024/constitution_constitutionbylaws_2386712.pdf,482675b0ed65fd50c560c6e0bfc0108d255550452e507f3a227fa5e9f6abf6c7,https://furman.campuslabs.com/engage/legacy/organization/society-of-physics-students/DocumentLibrary/view/2386712,2024-09-05T14:20:13,application/octet-stream; charset=utf-8,Constitution2024.pdf
society-of-physics-students,2499918,Constitution/Bylaws,constitution,2025,data/orgs/society-of-physics-students/documents/2025/constitution_constitutionbylaws_2499918.pdf,482675b0ed65fd50c560c6e0bfc0108d255550452e507f3a227fa5e9f6abf6c7,https://furman.campuslabs.com/engage/legacy/organization/society-of-physics-students/DocumentLibrary/view/2499918,2025-08-20T16:31:43,application/octet-stream; charset=utf-8,Constitution2025.pdf
society-of-physics-students,753003,Constitution/Bylaws,constitution,2018,data/orgs/society-of-physics-students/documents/2018/constitution_constitutionbylaws_753003.docx,ea5363eec3560c2ff3e63b51e333de699f82202ac9985ebef0e6887639aa7932,https://furman.campuslabs.com/engage/legacy/organization/society-of-physics-students/DocumentLibrary/view/753003,2018-04-13T11:33:11,application/octet-stream; charset=utf-8,Society_of_Physics_Students.docx
society-of-physics-students,753004,Constitution/Bylaws,constitution,2018,data/orgs/society-of-physics-students/documents/2018/constitution_constitutionbylaws_753004.docx,ea5363eec3560c2ff3e63b51e333de699f82202ac9985ebef0e6887639aa7932,https://furman.campuslabs.com/engage/legacy/organization/society-of-physics-students/DocumentLibrary/view/753004,2018-04-13T11:33:11,application/octet-stream; charset=utf-8,Society_of_Physics_Students.docx
society-of-physics-students,1084704,Constitution/Bylaws,constitution,2019,data/orgs/society-of-physics-students/documents/2019/constitution_constitutionbylaws_1084704.docx,7a6a5ee96d32cd783f275b5482b69d68ea803d3161f6e0232ddc66b8696401c1,https://furman.campuslabs.com/engage/legacy/organization/society-of-physics-students/DocumentLibrary/view/1084704,2019-03-29T13:54:09,application/octet-stream; charset=utf-8,Society_of_Physics_Students.docx
society-of-physics-students,1793948,Constitution/Bylaws,constitution,2020,data/orgs/society-of-physics-students/documents/2020/constitution_constitutionbylaws_1793948.docx,d2aff0164cb5dffbf259a8ef6c2d1a419b3832691f76edf79d43dddaf12400fe,https://furman.campuslabs.com/engage/legacy/organization/society-of-physics-students/DocumentLibrary/view/1793948,2020-08-25T17:03:11,application/octet-stream; charset=utf-8,Society_of_Physics_Students.docx
society-of-physics-students,1968085,Constitution/Bylaws,constitution,2021,data/orgs/society-of-physics-students/documents/2021/constitution_constitutionbylaws_1968085.docx,d2aff0164cb5dffbf259a8ef6c2d1a419b3832691f76edf79d43dddaf12400fe,https://furman.campuslabs.com/engage/legacy/organization/society-of-physics-students/DocumentLibrary/view/1968085,2021-08-16T18:42:14,application/octet-stream; charset=utf-8,Society_of_Physics_Students.docx
society-of-physics-students,2100728,Constitution/Bylaws,constitution,2022,data/orgs/society-of-physics-students/documents/2022/constitution_constitutionbylaws_2100728.docx,4a165f15f43da881370e7c895ca6a67b17bde64dafd218e6b1062972e9c61eec,https://furman.campuslabs.com/engage/legacy/organization/society-of-physics-students/DocumentLibrary/view/2100728,2022-08-09T16:42:41,application/octet-stream; charset=utf-8,SPSConstitution22_(1).docx
society-of-physics-students,2256621,Constitution/Bylaws,constitution,2023,data/orgs/society-of-physics-students/documents/2023/constitution_constitutionbylaws_2256621.pdf,7e21cc6ac129062698c6402ee58ae293bd4c1bb2c42872c4c02c48aacc6b09c1,https://furman.campuslabs.com/engage/legacy/organization/society-of-physics-students/DocumentLibrary/view/2256621,2023-08-24T14:11:03,application/octet-stream; charset=utf-8,SPSConstitution23.pdf
society-of-physics-students,2369383,SPSConstitution24.pdf,constitution,2024,data/orgs/society-of-physics-students/documents/2024/constitution_spsconstitution24pdf_2369383.pdf,4857a5c47879f4f360f483e05165fec44f1e4af20cf60d90c2d3c8e562a9018a,https://furman.campuslabs.com/engage/legacy/organization/society-of-physics-students/DocumentLibrary/view/2369383,2024-09-10T18:39:30,application/octet-stream; charset=utf-8,SPSConstitution24.pdf
student-alumni-council,753006,Constitution/Bylaws,constitution,2018,data/orgs/student-alumni-council/documents/2018/constitution_constitutionbylaws_753006.doc,53bd400c0070d00603fd54ce1fddf845817c77589122a900d8ff521b3be19d86,https://furman.campuslabs.com/engage/legacy/organization/student-alumni-council/DocumentLibrary/view/753006,2018-04-04T00:06:34,application/octet-stream; charset=utf-8,SAC_Constitution_12-1-10.doc
student-alumni-council,1084707,Constitution/Bylaws,constitution,2019,data/orgs/student-alumni-council/documents/2019/constitution_constitutionbylaws_1084707.doc,53bd400c0070d00603fd54ce1fddf845817c77589122a900d8ff521b3be19d86,https://furman.campuslabs.com/engage/legacy/organization/student-alumni-council/DocumentLibrary/view/1084707,2019-03-19T18:26:48,application/octet-stream; charset=utf-8,SAC_Constitution_12-1-10.doc
student-alumni-council,1794720,Constitution/Bylaws,constitution,2020,data/orgs/student-alumni-council/documents/2020/constitution_constitutionbylaws_1794720.doc,a9f91705610d955695792da885ab8ddedf97519c7f2969e3c23b30ff2393073c,https://furman.campuslabs.com/engage/legacy/organization/student-alumni-council/DocumentLibrary/view/1794720,2020-08-26T16:10:44,application/octet-stream; charset=utf-8,SAC_Constitution.doc
student-alumni-council,1967270,Constitution/Bylaws,constitution,2021,data/orgs/student-alumni-council/documents/2021/constitution_constitutionbylaws_1967270.doc,a9f91705610d955695792da885ab8ddedf97519c7f2969e3c23b30ff2393073c,https://furman.campuslabs.com/engage/legacy/organization/student-alumni-council/DocumentLibrary/view/1967270,2021-08-17T12:04:25,application/octet-stream; charset=utf-8,SAC_Constitution.doc
student-alumni-council,2100648,Constitution/Bylaws,constitution,2022,data/orgs/student-alumni-council/documents/2022/constitution_constitutionbylaws_2100648.doc,a9f91705610d955695792da885ab8ddedf97519c7f2969e3c23b30ff2393073c,https://furman.campuslabs.com/engage/legacy/organization/student-alumni-council/DocumentLibrary/view/2100648,2022-08-09T08:27:19,application/octet-stream; charset=utf-8,SAC_Constitution.doc
student-alumni-council,2256622,Constitution/Bylaws,constitution,2023,data/orgs/student-alumni-council/documents/2023/constitution_constitutionbylaws_2256622.doc,39bd238150e04781948c2708c43ddf1a99cd493a197e8458f092a3415f14f6e3,https://furman.campuslabs.com/engage/legacy/organization/student-alumni-council/DocumentLibrary/view/2256622,2023-08-15T17:57:11,application/octet-stream; charset=utf-8,SAC_Constitution.doc
student-alumni-council,2386713,Constitution/Bylaws,constitution,2024,data/orgs/student-alumni-council/documents/2024/constitution_constitutionbylaws_2386713.docx,eb5882b9ca229d2d0464196d8fa070be673af37c4dda192ab00bf37cdcf816ca,https://furman.campuslabs.com/engage/legacy/organization/student-alumni-council/DocumentLibrary/view/2386713,2024-08-25T22:08:36,application/octet-stream; charset=utf-8,SAC_Positions_and_Expectations.docx
student-alumni-council,2499919,Constitution/Bylaws,constitution,2025,data/orgs/student-alumni-council/documents/2025/constitution_constitutionbylaws_2499919.doc,a9f91705610d955695792da885ab8ddedf97519c7f2969e3c23b30ff2393073c,https://furman.campuslabs.com/engage/legacy/organization/student-alumni-council/DocumentLibrary/view/2499919,2025-08-26T10:10:51,application/octet-stream; charset=utf-8,SAC_Constitution.doc
student-alumni-council,694466,Constitution/Bylaws,constitution,2018,data/orgs/student-alumni-council/documents/2018/constitution_constitutionbylaws_694466.doc,53bd400c0070d00603fd54ce1fddf845817c77589122a900d8ff521b3be19d86,https://furman.campuslabs.com/engage/legacy/organization/student-alumni-council/DocumentLibrary/view/694466,2018-01-20T13:40:45,application/octet-stream; charset=utf-8,SAC_Constitution_12-1-10.doc
student-alumni-council,715959,SAC Attendance Policy.docx,constitution,2018,data/orgs/student-alumni-council/documents/2018/constitution_sac_attendance_policydocx_715959.docx,4d690aeb9fc49ff628c5287ff90de8610464fb72fa1bd40b3a5c2d1f0fe1fe12,https://furman.campuslabs.com/engage/legacy/organization/student-alumni-council/DocumentLibrary/view/715959,2018-02-27T19:25:08,application/octet-stream; charset=utf-8,SAC_Attendance_Policy.docx
student-alumni-council,1970654,SAC Scholarship Application 2021.docx,other,2021,data/orgs/student-alumni-council/documents/2021/other_sac_scholarship_application_2021docx_1970654.docx,772566b0084f9e13500839fa486e3e83346f0353ed61142be02c5f25aab74a94,https://furman.campuslabs.com/engage/legacy/organization/student-alumni-council/DocumentLibrary/view/1970654,2021-09-10T15:54:42,application/octet-stream; charset=utf-8,SAC_Scholarship_Application_2021.docx
student-athlete-advisory-committee,1974028,Constitution/Bylaws,constitution,2021,data/orgs/student-athlete-advisory-committee/documents/2021/constitution_constitutionbylaws_1974028.pdf,970aa6ab70c9551d8c989a1b734ca533188cacecb540cf66f8adf776e30d8e94,https://furman.campuslabs.com/engage/legacy/organization/student-athlete-advisory-committee/DocumentLibrary/view/1974028,2021-09-14T19:00:07,application/octet-stream; charset=utf-8,Bylaws.pdf
student-athlete-advisory-committee,2100649,Constitution/Bylaws,constitution,2022,data/orgs/student-athlete-advisory-committee/documents/2022/constitution_constitutionbylaws_2100649.docx,195dfdc478bd49864592aca7314dbb1ae1664f8e2e024d124b39b772bc387c15,https://furman.campuslabs.com/engage/legacy/organization/student-athlete-advisory-committee/DocumentLibrary/view/2100649,2022-08-23T17:17:18,application/octet-stream; charset=utf-8,SAAC_Constitution.docx
student-athlete-advisory-committee,2256623,Constitution/Bylaws,constitution,2023,data/orgs/student-athlete-advisory-committee/documents/2023/constitution_constitutionbylaws_2256623.docx,c050c7f33d76d62598e5881a9c51b99a852c80fc7da6604647bc467092ec5b95,https://furman.campuslabs.com/engage/legacy/organization/student-athlete-advisory-committee/DocumentLibrary/view/2256623,2023-08-16T09:55:08,application/octet-stream; charset=utf-8,SAAC_Constitution.docx
student-athlete-advisory-committee,2386714,Constitution/Bylaws,constitution,2024,data/orgs/student-athlete-advisory-committee/documents/2024/constitution_constitutionbylaws_2386714.pdf,dc99e8f9f30bf9e9238eb8bc0fed4a2f5ba2a4bd69187e9da941a74b1415c9e3,https://furman.campuslabs.com/engage/legacy/organization/student-athlete-advisory-committee/DocumentLibrary/view/2386714,2024-08-15T10:43:53,application/octet-stream; charset=utf-8,D1SAAC_AboutInfoGraphic.pdf
student-athlete-advisory-committee,2499920,Constitution/Bylaws,constitution,2025,data/orgs/student-athlete-advisory-committee/documents/2025/constitution_constitutionbylaws_2499920.pdf,dc99e8f9f30bf9e9238eb8bc0fed4a2f5ba2a4bd69187e9da941a74b1415c9e3,https://furman.campuslabs.com/engage/legacy/organization/student-athlete-advisory-committee/DocumentLibrary/view/2499920,2025-08-13T08:36:17,application/octet-stream; charset=utf-8,D1SAAC_AboutInfoGraphic_(1).pdf
student-diversity-council,2499921,Constitution/Bylaws,constitution,2025,data/orgs/student-diversity-council/documents/2025/constitution_constitutionbylaws_2499921.docx,76fc7a9ca9a9b0fd4044feb98d0c836a6f7cf99e8fbea9cb94ff63aa23c2934d,https://furman.campuslabs.com/engage/legacy/organization/student-diversity-council/DocumentLibrary/view/2499921,2025-08-28T15:17:37,application/octet-stream; charset=utf-8,SDC_Constitution_Bylaws_updated_August_2025.docx
student-diversity-council,2386715,Constitution/Bylaws,constitution,2024,data/orgs/student-diversity-council/documents/2024/constitution_constitutionbylaws_2386715.docx,f04cf05323996b503ffd8730819a5c410dee5e3f1a8fbbaa0afb9e8d2df62eff,https://furman.campuslabs.com/engage/legacy/organization/student-diversity-council/DocumentLibrary/view/2386715,2024-09-12T17:00:50,application/octet-stream; charset=utf-8,SDC_Constitution_Bylaws_updated_August_2024_(1).docx
student-diversity-council,2256624,Constitution/Bylaws,constitution,2023,data/orgs/student-diversity-council/documents/2023/constitution_constitutionbylaws_2256624.pdf,cec3bad03c31ff777a2c21e75b4680e343c703d50fdda4585e56afd846f482b9,https://furman.campuslabs.com/engage/legacy/organization/student-diversity-council/DocumentLibrary/view/2256624,2023-08-24T17:40:50,application/octet-stream; charset=utf-8,SDC_Constitution_-_Updated_Aug_2023.pdf
student-diversity-council,1967943,Constitution/Bylaws,constitution,2021,data/orgs/student-diversity-council/documents/2021/constitution_constitutionbylaws_1967943.pdf,9d92c43fecc84abca35f7466d4c829a216853877289af964bbb60c846ecb5920,https://furman.campuslabs.com/engage/legacy/organization/student-diversity-council/DocumentLibrary/view/1967943,2021-08-30T16:29:58,application/octet-stream; charset=utf-8,SDC_Constitution_final_updated_Febraury_2020.pdf
student-diversity-council,2106126,Constitution/Bylaws,constitution,2022,data/orgs/student-diversity-council/documents/2022/constitution_constitutionbylaws_2106126.docx,b9e11ba254a084b86eeed8c0154c8bd79cd6cd82a0a51abef7000ba86f6f2bea,https://furman.campuslabs.com/engage/legacy/organization/student-diversity-council/DocumentLibrary/view/2106126,2022-08-31T14:52:38,application/octet-stream; charset=utf-8,SDC_Constitution_-_updated_nov_21.docx
student-diversity-council,688726,Constitution/Bylaws,constitution,2017,data/orgs/student-diversity-council/documents/2017/constitution_constitutionbylaws_688726.docx,afc5f016953296fc2a1d884c4c12be5143f97f8ab74778fa7dc21ef9b42276cd,https://furman.campuslabs.com/engage/legacy/organization/student-diversity-council/DocumentLibrary/view/688726,2017-12-31T00:50:44,application/octet-stream; charset=utf-8,SDC_Constitution_(Updated_December_2017).docx
student-diversity-council,775065,Constitution/Bylaws,constitution,2018,data/orgs/student-diversity-council/documents/2018/constitution_constitutionbylaws_775065.docx,afc5f016953296fc2a1d884c4c12be5143f97f8ab74778fa7dc21ef9b42276cd,https://furman.campuslabs.com/engage/legacy/organization/student-diversity-council/DocumentLibrary/view/775065,2018-05-04T10:05:33,application/octet-stream; charset=utf-8,SDC_Constitution_(Updated_December_2017).docx
student-diversity-council,1442605,Constitution/Bylaws,constitution,2019,data/orgs/student-diversity-council/documents/2019/constitution_constitutionbylaws_1442605.docx,c7fd621917c459519191bf3c73389d10f472086ddd65e4b4e566a16f44d30636,https://furman.campuslabs.com/engage/legacy/organization/student-diversity-council/DocumentLibrary/view/1442605,2019-05-06T12:05:41,application/octet-stream; charset=utf-8,SDC_Constitution_(Updated_December_2017)-3.docx
student-diversity-council,1792792,Constitution/Bylaws,constitution,2020,data/orgs/student-diversity-council/documents/2020/constitution_constitutionbylaws_1792792.docx,3b954c9d2a7efede7fd86fe7b0284dbdd313e5d9559567f861dbe5292808c09c,https://furman.campuslabs.com/engage/legacy/organization/student-diversity-council/DocumentLibrary/view/1792792,2020-08-25T09:40:25,application/octet-stream; charset=utf-8,SDC_Constitution_final_updated_Febraury_2020_(1).docx
student-diversity-council,696229,SDC Constitution (Updated December 2017).docx,constitution,2018,data/orgs/student-diversity-council/documents/2018/constitution_sdc_constitution_updated_december_2017docx_696229.docx,c7fd621917c459519191bf3c73389d10f472086ddd65e4b4e566a16f44d30636,https://furman.campuslabs.com/engage/legacy/organization/student-diversity-council/DocumentLibrary/view/696229,2018-01-24T14:05:48,application/octet-stream; charset=utf-8,SDC_Constitution_(Updated_December_2017).docx
student-diversity-council,2394780,SDC Constitution_Bylaws_updated August 2024.docx,constitution,2024,data/orgs/student-diversity-council/documents/2024/constitution_sdc_constitution_bylaws_updated_august_2024docx_2394780.docx,f04cf05323996b503ffd8730819a5c410dee5e3f1a8fbbaa0afb9e8d2df62eff,https://furman.campuslabs.com/engage/legacy/organization/student-diversity-council/DocumentLibrary/view/2394780,2024-10-24T10:53:24,application/octet-stream; charset=utf-8,SDC_Constitution_Bylaws_updated_August_2024.docx
student-diversity-council,2137835,SDC Resource Guide .pdf,other,2022,data/orgs/student-diversity-council/documents/2022/other_sdc_resource_guide_pdf_2137835.pdf,5ba8c4dc89ccea4498e2632b91d990bdad061eead42aeae035b738b90b9ae39b,https://furman.campuslabs.com/engage/legacy/organization/student-diversity-council/DocumentLibrary/view/2137835,2022-10-23T15:06:23,application/octet-stream; charset=utf-8,SDC_Resource_Guide_(4).pdf
student-diversity-council,742270,W-9 Form.pdf,other,2018,data/orgs/student-diversity-council/documents/2018/other_w-9_formpdf_742270.pdf,83c33a821ebe3079fead275d4af8d7d507f646297b009f9e8f8de19b8f9b2dfe,https://furman.campuslabs.com/engage/legacy/organization/student-diversity-council/DocumentLibrary/view/742270,2018-04-07T03:55:54,application/octet-stream; charset=utf-8,W-9_Form.pdf
student-government-association,2316222,By Laws Update April 2024.pdf,constitution,2024,data/orgs/student-government-association/documents/2024/constitution_by_laws_update_april_2024pdf_2316222.pdf,f51e288f046f75bef184aaefd32f4b244e484c580baead6eb0bd5ce73ce48567,https://furman.campuslabs.com/engage/legacy/organization/student-government-association/DocumentLibrary/view/2316222,2024-04-18T16:26:55,application/octet-stream; charset=utf-8,By_Laws_Update_April_2024.pdf
student-government-association,2386716,Constitution/Bylaws,constitution,2024,data/orgs/student-government-association/documents/2024/constitution_constitutionbylaws_2386716.pdf,385c6e2b7bbcc1538319efca1b2dce4b22028a03593c430450dafb1de4336b12,https://furman.campuslabs.com/engage/legacy/organization/student-government-association/DocumentLibrary/view/2386716,2024-08-30T14:29:00,application/octet-stream; charset=utf-8,SGA_constitution_(1)_(3).pdf
student-government-association,2256625,Constitution/Bylaws,constitution,2023,data/orgs/student-government-association/documents/2023/constitution_constitutionbylaws_2256625.docx,e993ba8b6cc6094bfb0e45f2fb3b9f022fc3aaf04e962cea7f01231a73aad102,https://furman.campuslabs.com/engage/legacy/organization/student-government-association/DocumentLibrary/view/2256625,2023-08-10T14:03:48,application/octet-stream; charset=utf-8,SGA_constitution_(1).docx
student-government-association,2499922,Constitution/Bylaws,constitution,2025,data/orgs/student-government-association/documents/2025/constitution_constitutionbylaws_2499922.docx,e8e327a5fd5460cad2f970303619de47ec57ea34ac92056bf19704df805d8458,https://furman.campuslabs.com/engage/legacy/organization/student-government-association/DocumentLibrary/view/2499922,2025-08-26T21:55:22,application/octet-stream; charset=utf-8,SGA_Constitution_Bylaws.docx
student-government-association,2254955,How to Set-up-Payment-Elections.pdf,other,2023,data/orgs/student-government-association/documents/2023/other_how_to_set-up-payment-electionspdf_2254955.pdf,f08512419ad43fd2c14a340b3bb988ea3e28672eb342fd4ad906acf0b72a7b5a,https://furman.campuslabs.com/engage/legacy/organization/student-government-association/DocumentLibrary/view/2254955,2023-10-02T11:37:19,application/octet-stream; charset=utf-8,How_to_Set-up-Payment-Elections.pdf
student-government-association,1892950,SGA Bylaws (Updated 2/21).docx,constitution,2021,data/orgs/student-government-association/documents/2021/constitution_sga_bylaws_updated_221docx_1892950.docx,6c9933806d1db83b54abf39bdb992ec68e09563b3c52d604d1dead1d3e6ab36e,https://furman.campuslabs.com/engage/legacy/organization/student-government-association/DocumentLibrary/view/1892950,2021-03-14T15:31:56,application/octet-stream; charset=utf-8,21).docx
student-government-association,2364136,SGA Campaign Regulations (2024-2025).pdf,other,2024,data/orgs/student-government-association/documents/2024/other_sga_campaign_regulations_2024-2025pdf_2364136.pdf,ddb95a176e8086dbf43d5929230079e6680b39dfd610f62d257b522af0d6141f,https://furman.campuslabs.com/engage/legacy/organization/student-government-association/DocumentLibrary/view/2364136,2024-09-04T09:46:27,application/octet-stream; charset=utf-8,SGA_Campaign_Regulations_(2024-2025).pdf
student-government-association,1892949,SGA Constitution (Updated 3/21).docx,constitution,2021,data/orgs/student-government-association/documents/2021/constitution_sga_constitution_updated_321docx_1892949.docx,256e96d6bd0dbda9c2366f9cc61188ceb09fb631a389969984cb02669dbe2a60,https://furman.campuslabs.com/engage/legacy/organization/student-government-association/DocumentLibrary/view/1892949,2021-03-14T15:31:22,application/octet-stream; charset=utf-8,21).docx
student-government-association,2405364,SGA Constitution 2022.pdf,constitution,2024,data/orgs/student-government-association/documents/2024/constitution_sga_constitution_2022pdf_2405364.pdf,e13f6679f2e439895efe7b85265d5720fd2fdd2ace0fba4e8b1556473ec9baee,https://furman.campuslabs.com/engage/legacy/organization/student-government-association/DocumentLibrary/view/2405364,2024-11-30T23:32:31,application/octet-stream; charset=utf-8,SGA_Constitution_2022.pdf
student-government-association,1880270,SGA_Constitution_ 2/21.pdf,constitution,2021,data/orgs/student-government-association/documents/2021/constitution_sga_constitution__221pdf_1880270.pdf,167b3320364a058e56989dff5fa76082962e482a951a429b726e11427f33b5ff,https://furman.campuslabs.com/engage/legacy/organization/student-government-association/DocumentLibrary/view/1880270,2021-02-11T10:00:43,application/octet-stream; charset=utf-8,21.pdf
student-government-association,1880271,SGA_Constitution_2/21.docx,constitution,2021,data/orgs/student-government-association/documents/2021/constitution_sga_constitution_221docx_1880271.docx,692420d84fce9d2c5abae6f49f59751e20df482458f4f61a161964c8af64561f,https://furman.campuslabs.com/engage/legacy/organization/student-government-association/DocumentLibrary/view/1880271,2021-02-11T10:01:07,application/octet-stream; charset=utf-8,21.docx
student-league-for-black-culture,694052,Constitution/Bylaws,constitution,2018,data/orgs/student-league-for-black-culture/documents/2018/constitution_constitutionbylaws_694052.docx,7b83decedc3e2d117ac7d2982b567aa4b874c1c6108acae604a444ab7199c634,https://furman.campuslabs.com/engage/legacy/organization/student-league-for-black-culture/DocumentLibrary/view/694052,2018-01-18T19:34:20,application/octet-stream; charset=utf-8,SLBC_Consitution_(Updated_November_2017).docx
student-league-for-black-culture,1442606,Constitution/Bylaws,constitution,2019,data/orgs/student-league-for-black-culture/documents/2019/constitution_constitutionbylaws_1442606.docx,d10f6ea9bfd1bf819ffd1dfce0b9c92496bb25a746ee2dcb83b749751650eb30,https://furman.campuslabs.com/engage/legacy/organization/student-league-for-black-culture/DocumentLibrary/view/1442606,2019-04-26T16:27:07,application/octet-stream; charset=utf-8,Finalized_SLBC_Constitution.docx
student-league-for-black-culture,1792378,Constitution/Bylaws,constitution,2020,data/orgs/student-league-for-black-culture/documents/2020/constitution_constitutionbylaws_1792378.docx,09bc7c211322a5ad6d4a8b5cd23a263819640c0f00bd1848883e474e24ced34f,https://furman.campuslabs.com/engage/legacy/organization/student-league-for-black-culture/DocumentLibrary/view/1792378,2020-08-24T21:01:23,application/octet-stream; charset=utf-8,SLBC_Consitution_(Updated_November_2017).docx
student-league-for-black-culture,1967945,Constitution/Bylaws,constitution,2021,data/orgs/student-league-for-black-culture/documents/2021/constitution_constitutionbylaws_1967945.docx,38180f3782eab7130209ae707d5f0b273d0aac38cb97816e42fe983948134af9,https://furman.campuslabs.com/engage/legacy/organization/student-league-for-black-culture/DocumentLibrary/view/1967945,2021-08-11T17:21:43,application/octet-stream; charset=utf-8,SLBC_Bylaws.docx
student-league-for-black-culture,2100650,Constitution/Bylaws,constitution,2022,data/orgs/student-league-for-black-culture/documents/2022/constitution_constitutionbylaws_2100650.docx,38180f3782eab7130209ae707d5f0b273d0aac38cb97816e42fe983948134af9,https://furman.campuslabs.com/engage/legacy/organization/student-league-for-black-culture/DocumentLibrary/view/2100650,2022-08-09T18:57:31,application/octet-stream; charset=utf-8,SLBC_Bylaws.docx
student-league-for-black-culture,2256626,Constitution/Bylaws,constitution,2023,data/orgs/student-league-for-black-culture/documents/2023/constitution_constitutionbylaws_2256626.docx,09bc7c211322a5ad6d4a8b5cd23a263819640c0f00bd1848883e474e24ced34f,https://furman.campuslabs.com/engage/legacy/organization/student-league-for-black-culture/DocumentLibrary/view/2256626,2023-08-25T14:35:55,application/octet-stream; charset=utf-8,SLBC_Consitution_(Updated_November_2017)_(2).docx
student-league-for-black-culture,2386717,Constitution/Bylaws,constitution,2024,data/orgs/student-league-for-black-culture/documents/2024/constitution_constitutionbylaws_2386717.pdf,41719f42ab3c14d844cea100b406651b7eaa671324c18925ee00be47be7ca1db,https://furman.campuslabs.com/engage/legacy/organization/student-league-for-black-culture/DocumentLibrary/view/2386717,2024-08-27T15:15:15,application/octet-stream; charset=utf-8,SLBC_Constitution.pdf
student-league-for-black-culture,2499923,Constitution/Bylaws,constitution,2025,data/orgs/student-league-for-black-culture/documents/2025/constitution_constitutionbylaws_2499923.docx,4518d8a5ede87e56021da5e6957839d66c7f260e6b8509e5050f5b6af1e1c7cb,https://furman.campuslabs.com/engage/legacy/organization/student-league-for-black-culture/DocumentLibrary/view/2499923,2025-08-25T13:27:40,application/octet-stream; charset=utf-8,SLBC_Constitution.docx
student-league-for-black-culture,2358249,SLBC Constitution/Bylaws.pdf,constitution,2024,data/orgs/student-league-for-black-culture/documents/2024/constitution_slbc_constitutionbylawspdf_2358249.pdf,41719f42ab3c14d844cea100b406651b7eaa671324c18925ee00be47be7ca1db,https://furman.campuslabs.com/engage/legacy/organization/student-league-for-black-culture/DocumentLibrary/view/2358249,2024-08-27T15:22:04,application/octet-stream; charset=utf-8,SLBC_Constitution.pdf
the-bell-tower-boys,1792381,Constitution/Bylaws,constitution,2020,data/orgs/the-bell-tower-boys/documents/2020/constitution_constitutionbylaws_1792381.docx,6668eca471e42b30be2df047d2395ddb03d5f54380d3ffba8b74130c696fb177,https://furman.campuslabs.com/engage/legacy/organization/the-bell-tower-boys/DocumentLibrary/view/1792381,2020-08-21T20:41:46,application/octet-stream; charset=utf-8,BTB_Bylaws_2020.docx
the-bell-tower-boys,1971477,Constitution/Bylaws,constitution,2021,data/orgs/the-bell-tower-boys/documents/2021/constitution_constitutionbylaws_1971477.docx,6668eca471e42b30be2df047d2395ddb03d5f54380d3ffba8b74130c696fb177,https://furman.campuslabs.com/engage/legacy/organization/the-bell-tower-boys/DocumentLibrary/view/1971477,2021-08-21T12:36:20,application/octet-stream; charset=utf-8,BTB_Bylaws_2021.docx
the-bell-tower-boys,2100652,Constitution/Bylaws,constitution,2022,data/orgs/the-bell-tower-boys/documents/2022/constitution_constitutionbylaws_2100652.docx,6668eca471e42b30be2df047d2395ddb03d5f54380d3ffba8b74130c696fb177,https://furman.campuslabs.com/engage/legacy/organization/the-bell-tower-boys/DocumentLibrary/view/2100652,2022-08-15T12:05:33,application/octet-stream; charset=utf-8,BTB_Bylaws_2022.docx
the-bell-tower-boys,2256632,Constitution/Bylaws,constitution,2023,data/orgs/the-bell-tower-boys/documents/2023/constitution_constitutionbylaws_2256632.docx,7ec8cc89830d746f19afd2c9ad8c7aee59c396905a1b4ce9c05c892ec5af7a35,https://furman.campuslabs.com/engage/legacy/organization/the-bell-tower-boys/DocumentLibrary/view/2256632,2023-08-09T17:22:23,application/octet-stream; charset=utf-8,NEW_Constitution_of_the_Bell_Tower_Boys.docx
the-bell-tower-boys,2386718,Constitution/Bylaws,constitution,2024,data/orgs/the-bell-tower-boys/documents/2024/constitution_constitutionbylaws_2386718.pdf,38e221a01bbe3117ebd1de8227394543b320efae65831f4192f680c43112489a,https://furman.campuslabs.com/engage/legacy/organization/the-bell-tower-boys/DocumentLibrary/view/2386718,2024-08-24T15:40:50,application/octet-stream; charset=utf-8,NEW_Constitution_of_the_Bell_Tower_Boys_(1).pdf
the-bell-tower-boys,2499924,Constitution/Bylaws,constitution,2025,data/orgs/the-bell-tower-boys/documents/2025/constitution_constitutionbylaws_2499924.pdf,bec05bcb5e07fe15574daa6ef2283a910a62f2a2e0344ec108bbd9b105b4cb87,https://furman.campuslabs.com/engage/legacy/organization/the-bell-tower-boys/DocumentLibrary/view/2499924,2025-08-19T17:05:34,application/octet-stream; charset=utf-8,08_2024_BTB_Constitution_MOST_RECENT_FALL_2025.pdf
the-bell-tower-boys,690140,Constitution/Bylaws,constitution,2018,data/orgs/the-bell-tower-boys/documents/2018/constitution_constitutionbylaws_690140.pdf,e5c79f2dc0e9541266a203a20ef773cf6748e7b237373c789745190705247139,https://furman.campuslabs.com/engage/legacy/organization/the-bell-tower-boys/DocumentLibrary/view/690140,2018-01-04T15:47:37,application/octet-stream; charset=utf-8,BTBConstitution.pdf
the-bell-tower-boys,753011,Constitution/Bylaws,constitution,2018,data/orgs/the-bell-tower-boys/documents/2018/constitution_constitutionbylaws_753011.pdf,e5c79f2dc0e9541266a203a20ef773cf6748e7b237373c789745190705247139,https://furman.campuslabs.com/engage/legacy/organization/the-bell-tower-boys/DocumentLibrary/view/753011,2018-04-11T12:54:03,application/octet-stream; charset=utf-8,BTBConstitution.pdf
the-bell-tower-boys,1084708,Constitution/Bylaws,constitution,2019,data/orgs/the-bell-tower-boys/documents/2019/constitution_constitutionbylaws_1084708.pdf,e5c79f2dc0e9541266a203a20ef773cf6748e7b237373c789745190705247139,https://furman.campuslabs.com/engage/legacy/organization/the-bell-tower-boys/DocumentLibrary/view/1084708,2019-04-01T12:26:32,application/octet-stream; charset=utf-8,BTBConstitution.pdf
furmanecho,2314042,Constitution & Bylaws 2024-2025,constitution,2024,data/orgs/furmanecho/documents/2024/constitution_constitution_bylaws_2024-2025_2314042.pdf,3df5bfd0d5d00122f8163d7c80f0ac007d10e255e5c3df895f5e0bd5d4b116ac,https://furman.campuslabs.com/engage/legacy/organization/FurmanEcho/DocumentLibrary/view/2314042,2024-04-13T16:20:01,application/octet-stream; charset=utf-8,The_Echo-_Constitution_and_Bylaws_2024-2025.pdf
furmanecho,1102618,Constitution and bylaws echo.docx,constitution,2019,data/orgs/furmanecho/documents/2019/constitution_constitution_and_bylaws_echodocx_1102618.docx,a5a6fd8c795808f12e442db6e8a947e3f5680124c9fb2140853b8b9a64d59fa1,https://furman.campuslabs.com/engage/legacy/organization/FurmanEcho/DocumentLibrary/view/1102618,2019-04-25T11:50:20,application/octet-stream; charset=utf-8,Constitution_and_bylaws_echo.docx
furmanecho,1442611,Constitution/Bylaws,constitution,2019,data/orgs/furmanecho/documents/2019/constitution_constitutionbylaws_1442611.docx,d82f864c8f7f31b6c59269ad5eeb9a1a0bd0465565f162b16a467c830656b53e,https://furman.campuslabs.com/engage/legacy/organization/FurmanEcho/DocumentLibrary/view/1442611,2019-04-16T21:25:59,application/octet-stream; charset=utf-8,constitution.placeholder.docx
furmanecho,1792382,Constitution/Bylaws,constitution,2020,data/orgs/furmanecho/documents/2020/constitution_constitutionbylaws_1792382.pdf,fc4723223b366be2a77c79e68ecdf44ae222f0a6883c28d597635a74ceaf15aa,https://furman.campuslabs.com/engage/legacy/organization/FurmanEcho/DocumentLibrary/view/1792382,2020-08-19T17:26:01,application/octet-stream; charset=utf-8,Student_Media_Board_Constitution.pdf
furmanecho,1967275,Constitution/Bylaws,constitution,2021,data/orgs/furmanecho/documents/2021/constitution_constitutionbylaws_1967275.pdf,fc4723223b366be2a77c79e68ecdf44ae222f0a6883c28d597635a74ceaf15aa,https://furman.campuslabs.com/engage/legacy/organization/FurmanEcho/DocumentLibrary/view/1967275,2021-08-24T15:06:03,application/octet-stream; charset=utf-8,Student_Media_Board_Constitution.pdf
furmanecho,2256633,Constitution/Bylaws,constitution,2023,data/orgs/furmanecho/documents/2023/constitution_constitutionbylaws_2256633.docx,a5a6fd8c795808f12e442db6e8a947e3f5680124c9fb2140853b8b9a64d59fa1,https://furman.campuslabs.com/engage/legacy/organization/FurmanEcho/DocumentLibrary/view/2256633,2023-08-14T17:09:18,application/octet-stream; charset=utf-8,Constitution_and_bylaws_echo.docx
furmanecho,2267036,Constitution/Bylaws,constitution,2022,data/orgs/furmanecho/documents/2022/constitution_constitutionbylaws_2267036.pdf,fc4723223b366be2a77c79e68ecdf44ae222f0a6883c28d597635a74ceaf15aa,https://furman.campuslabs.com/engage/legacy/organization/FurmanEcho/DocumentLibrary/view/2267036,2022-08-08T11:42:32,application/octet-stream; charset=utf-8,Student_Media_Board_Constitution.pdf
furmanecho,2386719,Constitution/Bylaws,constitution,2024,data/orgs/furmanecho/documents/2024/constitution_constitutionbylaws_2386719.docx,43784b725c389f3b0d97ebbe4403f0855edd03c8070ad0244861609e9f1192bc,https://furman.campuslabs.com/engage/legacy/organization/FurmanEcho/DocumentLibrary/view/2386719,2024-08-24T19:02:25,application/octet-stream; charset=utf-8,The_Echo_Constitution_and_Bylaws.docx
furmanecho,2499925,Constitution/Bylaws,constitution,2025,data/orgs/furmanecho/documents/2025/constitution_constitutionbylaws_2499925.docx,afc68c867ec95afcd8ac892c3c717b7e5d1bc867431081ac4264b583f8d3efc7,https://furman.campuslabs.com/engage/legacy/organization/FurmanEcho/DocumentLibrary/view/2499925,2025-08-25T15:47:19,application/octet-stream; charset=utf-8,The_Echo_Constitution_and_Bylaws.docx
thepaladin,1442612,Constitution/Bylaws,constitution,2019,data/orgs/thepaladin/documents/2019/constitution_constitutionbylaws_1442612.docx,89dd7ab7a50fe8ae7600e82d9b6de08b8451e8062a1ec42477758822c929f8a4,https://furman.campuslabs.com/engage/legacy/organization/thepaladin/DocumentLibrary/view/1442612,2019-04-16T16:07:46,application/octet-stream; charset=utf-8,The_Paladin_Constitution.docx
thepaladin,1792385,Constitution/Bylaws,constitution,2020,data/orgs/thepaladin/documents/2020/constitution_constitutionbylaws_1792385.docx,668c94b41e66deefbd80c09d85e0ba1308e5ea98301e66066f3fbb3583dd05c2,https://furman.campuslabs.com/engage/legacy/organization/thepaladin/DocumentLibrary/view/1792385,2020-08-19T11:00:54,application/octet-stream; charset=utf-8,paladinbylaws.docx
thepaladin,1968531,Constitution/Bylaws,constitution,2021,data/orgs/thepaladin/documents/2021/constitution_constitutionbylaws_1968531.docx,da17639b6619c2abe42afafc1867db18523f2c407da25adce002d80c36e95d68,https://furman.campuslabs.com/engage/legacy/organization/thepaladin/DocumentLibrary/view/1968531,2021-08-26T21:00:30,application/octet-stream; charset=utf-8,The_Paladin_Constitution_Spring_2019.docx
thepaladin,2101262,Constitution/Bylaws,constitution,2022,data/orgs/thepaladin/documents/2022/constitution_constitutionbylaws_2101262.docx,3e33e5687553044f759f299f702db4688da0eb29371950b3d25200a7676aee1d,https://furman.campuslabs.com/engage/legacy/organization/thepaladin/DocumentLibrary/view/2101262,2022-08-23T15:21:58,application/octet-stream; charset=utf-8,The_Paladin_Constitution.docx
thepaladin,2256635,Constitution/Bylaws,constitution,2023,data/orgs/thepaladin/documents/2023/constitution_constitutionbylaws_2256635.docx,92085ad96cd670aae06e3f2707c12e93c0fe8c2577e99005564947482fd07e50,https://furman.campuslabs.com/engage/legacy/organization/thepaladin/DocumentLibrary/view/2256635,2023-08-25T18:36:56,application/octet-stream; charset=utf-8,Test_Document.docx
thepaladin,2386721,Constitution/Bylaws,constitution,2024,data/orgs/thepaladin/documents/2024/constitution_constitutionbylaws_2386721.pdf,5b4cf344222d10b5b21942146178d01114ef6e2f2913a0163b58d64407538897,https://furman.campuslabs.com/engage/legacy/organization/thepaladin/DocumentLibrary/view/2386721,2024-08-15T12:34:57,application/octet-stream; charset=utf-8,Policies.pdf
thepaladin,2499926,Constitution/Bylaws,constitution,2025,data/orgs/thepaladin/documents/2025/constitution_constitutionbylaws_2499926.pdf,5b4cf344222d10b5b21942146178d01114ef6e2f2913a0163b58d64407538897,https://furman.campuslabs.com/engage/legacy/organization/thepaladin/DocumentLibrary/view/2499926,2025-08-10T15:20:33,application/octet-stream; charset=utf-8,Policies.pdf
bestiesalliedtolivelaughandstroll,2176364,Constitution/Bylaws,constitution,2023,data/orgs/bestiesalliedtolivelaughandstroll/documents/2023/constitution_constitutionbylaws_2176364.docx,b26860c4bb6a6d444c9ef9a37ba570467ce80ab487006777f58e9a87acee1928,https://furman.campuslabs.com/engage/legacy/organization/bestiesalliedtolivelaughandstroll/DocumentLibrary/view/2176364,2023-03-15T17:33:47,application/octet-stream; charset=utf-8,The_Walking_Club_Constitution.docx
bestiesalliedtolivelaughandstroll,2256637,Constitution/Bylaws,constitution,2023,data/orgs/bestiesalliedtolivelaughandstroll/documents/2023/constitution_constitutionbylaws_2256637.docx,88da751c20147ffd554b99cc8b35b69394888e803b6eb5ae0f47abc155ae2f85,https://furman.campuslabs.com/engage/legacy/organization/bestiesalliedtolivelaughandstroll/DocumentLibrary/view/2256637,2023-08-25T12:49:08,application/octet-stream; charset=utf-8,The_Walking_Club_Constitution.docx
bestiesalliedtolivelaughandstroll,2386722,Constitution/Bylaws,constitution,2024,data/orgs/bestiesalliedtolivelaughandstroll/documents/2024/constitution_constitutionbylaws_2386722.docx,0d5308f1ced2dc8d2e23ff0324c025785763bb55fdf96f9b9058435c2713b0db,https://furman.campuslabs.com/engage/legacy/organization/bestiesalliedtolivelaughandstroll/DocumentLibrary/view/2386722,2024-08-27T12:48:58,application/octet-stream; charset=utf-8,The_Walking_Club_Constitution.docx
bestiesalliedtolivelaughandstroll,2499927,Constitution/Bylaws,constitution,2025,data/orgs/bestiesalliedtolivelaughandstroll/documents/2025/constitution_constitutionbylaws_2499927.docx,0d5308f1ced2dc8d2e23ff0324c025785763bb55fdf96f9b9058435c2713b0db,https://furman.campuslabs.com/engage/legacy/organization/bestiesalliedtolivelaughandstroll/DocumentLibrary/view/2499927,2025-08-21T10:35:35,application/octet-stream; charset=utf-8,The_Walking_Club_Constitution.docx
ukirk-furman,690158,Constitution/Bylaws,constitution,2017,data/orgs/ukirk-furman/documents/2017/constitution_constitutionbylaws_690158.doc,3f6044c033e83798a07255442bcfd4a929e2e66b4c3c845311bc3545ce52db43,https://furman.campuslabs.com/engage/legacy/organization/ukirk-furman/DocumentLibrary/view/690158,2017-12-28T19:46:21,application/octet-stream; charset=utf-8,UKirk_Furman_Constitution.doc
ukirk-furman,766728,Constitution/Bylaws,constitution,2018,data/orgs/ukirk-furman/documents/2018/constitution_constitutionbylaws_766728.doc,3f6044c033e83798a07255442bcfd4a929e2e66b4c3c845311bc3545ce52db43,https://furman.campuslabs.com/engage/legacy/organization/ukirk-furman/DocumentLibrary/view/766728,2018-05-03T15:58:55,application/octet-stream; charset=utf-8,UKirk_Furman_Constitution.doc
ukirk-furman,1107796,Constitution/Bylaws,constitution,2019,data/orgs/ukirk-furman/documents/2019/constitution_constitutionbylaws_1107796.doc,3f6044c033e83798a07255442bcfd4a929e2e66b4c3c845311bc3545ce52db43,https://furman.campuslabs.com/engage/legacy/organization/ukirk-furman/DocumentLibrary/view/1107796,2019-03-28T21:47:46,application/octet-stream; charset=utf-8,UKirk_Furman_Constitution.doc
ukirk-furman,1792387,Constitution/Bylaws,constitution,2020,data/orgs/ukirk-furman/documents/2020/constitution_constitutionbylaws_1792387.doc,3f6044c033e83798a07255442bcfd4a929e2e66b4c3c845311bc3545ce52db43,https://furman.campuslabs.com/engage/legacy/organization/ukirk-furman/DocumentLibrary/view/1792387,2020-08-20T11:13:47,application/octet-stream; charset=utf-8,UKirk_Furman_Constitution.doc
ukirk-furman,1971662,Constitution/Bylaws,constitution,2021,data/orgs/ukirk-furman/documents/2021/constitution_constitutionbylaws_1971662.docx,7f5385bdc084e1516e5a5d49c924c6c870929ad8212b1e912cc7cf9242cd2188,https://furman.campuslabs.com/engage/legacy/organization/ukirk-furman/DocumentLibrary/view/1971662,2021-08-26T11:54:17,application/octet-stream; charset=utf-8,UKirk_Furman_Constitution_08.2021.docx
ukirk-furman,2114061,Constitution/Bylaws,constitution,2022,data/orgs/ukirk-furman/documents/2022/constitution_constitutionbylaws_2114061.pdf,017a4900bbc7b7aee7b3fbaacae900df46cb5fa6b771b2644c7a2aa4c9b02f4c,https://furman.campuslabs.com/engage/legacy/organization/ukirk-furman/DocumentLibrary/view/2114061,2022-08-17T22:32:54,application/octet-stream; charset=utf-8,UKirk_Furman_Constitution_08.2020.docx.pdf
ukirk-furman,2256638,Constitution/Bylaws,constitution,2023,data/orgs/ukirk-furman/documents/2023/constitution_constitutionbylaws_2256638.pdf,017a4900bbc7b7aee7b3fbaacae900df46cb5fa6b771b2644c7a2aa4c9b02f4c,https://furman.campuslabs.com/engage/legacy/organization/ukirk-furman/DocumentLibrary/view/2256638,2023-08-17T11:00:20,application/octet-stream; charset=utf-8,UKirk_Furman_Constitution_08.2020.docx.pdf
ukirk-furman,2386723,Constitution/Bylaws,constitution,2024,data/orgs/ukirk-furman/documents/2024/constitution_constitutionbylaws_2386723.pdf,017a4900bbc7b7aee7b3fbaacae900df46cb5fa6b771b2644c7a2aa4c9b02f4c,https://furman.campuslabs.com/engage/legacy/organization/ukirk-furman/DocumentLibrary/view/2386723,2024-08-21T05:58:05,application/octet-stream; charset=utf-8,UKirk_Furman_Constitution_08.2020.docx.pdf
ukirk-furman,2499928,Constitution/Bylaws,constitution,2025,data/orgs/ukirk-furman/documents/2025/constitution_constitutionbylaws_2499928.pdf,017a4900bbc7b7aee7b3fbaacae900df46cb5fa6b771b2644c7a2aa4c9b02f4c,https://furman.campuslabs.com/engage/legacy/organization/ukirk-furman/DocumentLibrary/view/2499928,2025-08-13T11:48:38,application/octet-stream; charset=utf-8,UKirk_Furman_Constitution_08.2020.docx.pdf
unity,2004181,Constitution/Bylaws,constitution,2021,data/orgs/unity/documents/2021/constitution_constitutionbylaws_2004181.pdf,436faa72ed79fdd1aa823e1cb82a7c8ed5c67097f423634abdf25dfab5a3f39f,https://furman.campuslabs.com/engage/legacy/organization/Unity/DocumentLibrary/view/2004181,2021-10-05T17:36:04,application/octet-stream; charset=utf-8,UNITY_-_Constitution.pdf
unity,2108285,Constitution/Bylaws,constitution,2022,data/orgs/unity/documents/2022/constitution_constitutionbylaws_2108285.pdf,628b79ba3b7ff9a9a62594a0bb66a35d3ff05be6cf47d487f3382a845330e5c8,https://furman.campuslabs.com/engage/legacy/organization/Unity/DocumentLibrary/view/2108285,2022-08-26T16:22:56,application/octet-stream; charset=utf-8,UNITY-Constitution.pdf
unity,2256639,Constitution/Bylaws,constitution,2023,data/orgs/unity/documents/2023/constitution_constitutionbylaws_2256639.pdf,628b79ba3b7ff9a9a62594a0bb66a35d3ff05be6cf47d487f3382a845330e5c8,https://furman.campuslabs.com/engage/legacy/organization/Unity/DocumentLibrary/view/2256639,2023-08-09T08:50:56,application/octet-stream; charset=utf-8,UNITY-Constitution.pdf
unity,2386724,Constitution/Bylaws,constitution,2024,data/orgs/unity/documents/2024/constitution_constitutionbylaws_2386724.pdf,628b79ba3b7ff9a9a62594a0bb66a35d3ff05be6cf47d487f3382a845330e5c8,https://furman.campuslabs.com/engage/legacy/organization/Unity/DocumentLibrary/view/2386724,2024-08-15T12:41:23,application/octet-stream; charset=utf-8,UNITY-Constitution.pdf
unity,2499929,Constitution/Bylaws,constitution,2025,data/orgs/unity/documents/2025/constitution_constitutionbylaws_2499929.pdf,436faa72ed79fdd1aa823e1cb82a7c8ed5c67097f423634abdf25dfab5a3f39f,https://furman.campuslabs.com/engage/legacy/organization/Unity/DocumentLibrary/view/2499929,2025-08-10T22:17:55,application/octet-stream; charset=utf-8,UNITY_-_Constitution.pdf
womensclubbasketball,1078249,Constitution/Bylaws,constitution,2019,data/orgs/womensclubbasketball/documents/2019/constitution_constitutionbylaws_1078249.docx,fbcf800f829321c4306f4cc14e2ad261d294f74203b4725cb5c3bc87b685c561,https://furman.campuslabs.com/engage/legacy/organization/womensclubbasketball/DocumentLibrary/view/1078249,2019-01-16T14:26:57,application/octet-stream; charset=utf-8,Furman_University_Women's_Club_Bball_Constitution.docx
womensclubbasketball,1107755,Constitution/Bylaws,constitution,2019,data/orgs/womensclubbasketball/documents/2019/constitution_constitutionbylaws_1107755.docx,fbcf800f829321c4306f4cc14e2ad261d294f74203b4725cb5c3bc87b685c561,https://furman.campuslabs.com/engage/legacy/organization/womensclubbasketball/DocumentLibrary/view/1107755,2019-03-31T17:46:49,application/octet-stream; charset=utf-8,Furman_University_Women's_Club_Bball_Constitution.docx
womensclubbasketball,1792388,Constitution/Bylaws,constitution,2020,data/orgs/womensclubbasketball/documents/2020/constitution_constitutionbylaws_1792388.docx,b9c7aee4caaf3c5514f31f7e963dbb51b0d238a90ace0fc1bbd74c5468a39ead,https://furman.campuslabs.com/engage/legacy/organization/womensclubbasketball/DocumentLibrary/view/1792388,2020-08-21T16:00:49,application/octet-stream; charset=utf-8,Furman_University_Women's_Club_Bball_Constitution_Updated.docx
womensclubbasketball,1977394,Constitution/Bylaws,constitution,2021,data/orgs/womensclubbasketball/documents/2021/constitution_constitutionbylaws_1977394.docx,b9c7aee4caaf3c5514f31f7e963dbb51b0d238a90ace0fc1bbd74c5468a39ead,https://furman.campuslabs.com/engage/legacy/organization/womensclubbasketball/DocumentLibrary/view/1977394,2021-08-25T10:56:36,application/octet-stream; charset=utf-8,Furman_University_Women's_Club_Bball_Constitution_Updated.docx
womensclubbasketball,2102410,Constitution/Bylaws,constitution,2022,data/orgs/womensclubbasketball/documents/2022/constitution_constitutionbylaws_2102410.docx,b9c7aee4caaf3c5514f31f7e963dbb51b0d238a90ace0fc1bbd74c5468a39ead,https://furman.campuslabs.com/engage/legacy/organization/womensclubbasketball/DocumentLibrary/view/2102410,2022-08-21T16:16:33,application/octet-stream; charset=utf-8,Furman_University_Women's_Club_Bball_Constitution_Updated.docx
womensclubbasketball,2256640,Constitution/Bylaws,constitution,2023,data/orgs/womensclubbasketball/documents/2023/constitution_constitutionbylaws_2256640.docx,b9c7aee4caaf3c5514f31f7e963dbb51b0d238a90ace0fc1bbd74c5468a39ead,https://furman.campuslabs.com/engage/legacy/organization/womensclubbasketball/DocumentLibrary/view/2256640,2023-08-10T11:37:34,application/octet-stream; charset=utf-8,Furman_University_Women's_Club_Bball_Constitution_Updated.docx
womensclubbasketball,2386725,Constitution/Bylaws,constitution,2024,data/orgs/womensclubbasketball/documents/2024/constitution_constitutionbylaws_2386725.docx,b9c7aee4caaf3c5514f31f7e963dbb51b0d238a90ace0fc1bbd74c5468a39ead,https://furman.campuslabs.com/engage/legacy/organization/womensclubbasketball/DocumentLibrary/view/2386725,2024-08-14T18:34:00,application/octet-stream; charset=utf-8,Furman_University_Women's_Club_Bball_Constitution_Updated.docx
womensclubbasketball,2499930,Constitution/Bylaws,constitution,2025,data/orgs/womensclubbasketball/documents/2025/constitution_constitutionbylaws_2499930.pdf,8a198db23941233ae221add038fbbe7204bdfe6db2cc47b60741de42507b3d8d,https://furman.campuslabs.com/engage/legacy/organization/womensclubbasketball/DocumentLibrary/view/2499930,2025-08-08T16:57:31,application/octet-stream; charset=utf-8,wcb_constitution.pdf
womensclubbasketball,2410404,Furman_University_Women's_Club_Bball_Constitution_Updated_jan_3_2025_articleIVamended.docx,constitution,2025,data/orgs/womensclubbasketball/documents/2025/constitution_furman_university_womens_club_bball_constitution_updated_jan_3_2025_articleivame_2410404.docx,8fb7b2e96313977c68db372b7aacc206bdc8c2ebe7c01b2f950fbe4d2e0a4b78,https://furman.campuslabs.com/engage/legacy/organization/womensclubbasketball/DocumentLibrary/view/2410404,2025-01-03T18:29:23,application/octet-stream; charset=utf-8,Furman_University_Women's_Club_Bball_Constitution_Updated_jan_3_2025_articleIVamended.docx
women-s-club-volleyball,775062,Constitution/Bylaws,constitution,2018,data/orgs/women-s-club-volleyball/documents/2018/constitution_constitutionbylaws_775062.docx,be2a10501814cbdcf3f091bf118c03421d6f8726ef4798a5988fba5a20e9141d,https://furman.campuslabs.com/engage/legacy/organization/women-s-club-volleyball/DocumentLibrary/view/775062,2018-05-08T22:40:53,application/octet-stream; charset=utf-8,Club_Constitution.docx
women-s-club-volleyball,775063,Constitution/Bylaws,constitution,2018,data/orgs/women-s-club-volleyball/documents/2018/constitution_constitutionbylaws_775063.docx,d78ffaead42cbb19c38b04428f6cb0430adb6f5c9e11ff07231c7d15e2ee2577,https://furman.campuslabs.com/engage/legacy/organization/women-s-club-volleyball/DocumentLibrary/view/775063,2018-05-08T23:01:10,application/octet-stream; charset=utf-8,Club_Volleyball_Constitution.docx
women-s-club-volleyball,1107757,Constitution/Bylaws,constitution,2019,data/orgs/women-s-club-volleyball/documents/2019/constitution_constitutionbylaws_1107757.docx,60bdbc927a2578cada57ac07a82b9a1beebe98acee42229c3e3df2743c4cc3cf,https://furman.campuslabs.com/engage/legacy/organization/women-s-club-volleyball/DocumentLibrary/view/1107757,2019-04-17T12:51:25,application/octet-stream; charset=utf-8,Club_Volleyball_Constitution.docx
women-s-club-volleyball,1792389,Constitution/Bylaws,constitution,2020,data/orgs/women-s-club-volleyball/documents/2020/constitution_constitutionbylaws_1792389.docx,60bdbc927a2578cada57ac07a82b9a1beebe98acee42229c3e3df2743c4cc3cf,https://furman.campuslabs.com/engage/legacy/organization/women-s-club-volleyball/DocumentLibrary/view/1792389,2020-08-23T19:32:50,application/octet-stream; charset=utf-8,Club_Volleyball_Constitution-2.docx
women-s-club-volleyball,1969280,Constitution/Bylaws,constitution,2021,data/orgs/women-s-club-volleyball/documents/2021/constitution_constitutionbylaws_1969280.docx,9d941e1969fae2487208e6792d63fe03936fdbbb1bb11eadd4c59fef7dfef1ca,https://furman.campuslabs.com/engage/legacy/organization/women-s-club-volleyball/DocumentLibrary/view/1969280,2021-08-23T15:25:29,application/octet-stream; charset=utf-8,constitutions_and_bylaws.docx
women-s-club-volleyball,2102389,Constitution/Bylaws,constitution,2022,data/orgs/women-s-club-volleyball/documents/2022/constitution_constitutionbylaws_2102389.docx,9d941e1969fae2487208e6792d63fe03936fdbbb1bb11eadd4c59fef7dfef1ca,https://furman.campuslabs.com/engage/legacy/organization/women-s-club-volleyball/DocumentLibrary/view/2102389,2022-08-21T18:37:44,application/octet-stream; charset=utf-8,constitutions_and_bylaws.docx
women-s-club-volleyball,2256641,Constitution/Bylaws,constitution,2023,data/orgs/women-s-club-volleyball/documents/2023/constitution_constitutionbylaws_2256641.docx,a69b6d38ed17709d86596e01a1732f75c72bc00e7f51cf55e9112dd303c39550,https://furman.campuslabs.com/engage/legacy/organization/women-s-club-volleyball/DocumentLibrary/view/2256641,2023-08-13T22:50:42,application/octet-stream; charset=utf-8,Club_vball_Constitution_23-24.docx
women-s-club-volleyball,2386726,Constitution/Bylaws,constitution,2024,data/orgs/women-s-club-volleyball/documents/2024/constitution_constitutionbylaws_2386726.docx,332c616009d076ca332fb794143f8027fa07601f7d23bda443320e2265057fee,https://furman.campuslabs.com/engage/legacy/organization/women-s-club-volleyball/DocumentLibrary/view/2386726,2024-08-09T19:07:05,application/octet-stream; charset=utf-8,Club_vball_Constitution_23-24.docx
women-s-club-volleyball,2499931,Constitution/Bylaws,constitution,2025,data/orgs/women-s-club-volleyball/documents/2025/constitution_constitutionbylaws_2499931.pdf,d93b354d717ffea248c4923a04afef2a696c8de310d7836bf1d4f9738cb7774b,https://furman.campuslabs.com/engage/legacy/organization/women-s-club-volleyball/DocumentLibrary/view/2499931,2025-08-12T12:11:31,application/octet-stream; charset=utf-8,Club_vball_Constitution_23-24.pdf
womenschoral,951671,Constitution/Bylaws,constitution,2018,data/orgs/womenschoral/documents/2018/constitution_constitutionbylaws_951671.png,3186e6db97818aadb1e8f7ed9490672edc3303b1e79ee9e9c5619d2b3ac233cb,https://furman.campuslabs.com/engage/legacy/organization/womenschoral/DocumentLibrary/view/951671,2018-08-16T12:45:17,application/octet-stream; charset=utf-8,9CF32171-C386-4C20-8EFD-E5E57C31C4FD.png
young-life,690156,Constitution/Bylaws,constitution,2017,data/orgs/young-life/documents/2017/constitution_constitutionbylaws_690156.doc,85cfe54a10735ab68afb2c4dce3dbb6e36982df22ba6cf79e662dd71e5e832eb,https://furman.campuslabs.com/engage/legacy/organization/young-life/DocumentLibrary/view/690156,2017-12-22T16:12:39,application/octet-stream; charset=utf-8,Young_Life_Constitution_2017.doc
young-life,775056,Constitution/Bylaws,constitution,2018,data/orgs/young-life/documents/2018/constitution_constitutionbylaws_775056.doc,85cfe54a10735ab68afb2c4dce3dbb6e36982df22ba6cf79e662dd71e5e832eb,https://furman.campuslabs.com/engage/legacy/organization/young-life/DocumentLibrary/view/775056,2018-04-24T10:46:21,application/octet-stream; charset=utf-8,Young_Life_Constitution_2017.doc
young-life,1792390,Constitution/Bylaws,constitution,2020,data/orgs/young-life/documents/2020/constitution_constitutionbylaws_1792390.doc,85cfe54a10735ab68afb2c4dce3dbb6e36982df22ba6cf79e662dd71e5e832eb,https://furman.campuslabs.com/engage/legacy/organization/young-life/DocumentLibrary/view/1792390,2020-08-20T08:48:36,application/octet-stream; charset=utf-8,Young_Life_Constitution_2017_(1).doc
young-life,2499932,Constitution/Bylaws,constitution,2025,data/orgs/young-life/documents/2025/constitution_constitutionbylaws_2499932.doc,85cfe54a10735ab68afb2c4dce3dbb6e36982df22ba6cf79e662dd71e5e832eb,https://furman.campuslabs.com/engage/legacy/organization/young-life/DocumentLibrary/view/2499932,2025-09-11T11:47:48,application/octet-stream; charset=utf-8,Young_Life_Constitution_2017_(1).doc
zeta-tau-alpha,1971491,Constitution/Bylaws,constitution,2021,data/orgs/zeta-tau-alpha/documents/2021/constitution_constitutionbylaws_1971491.pdf,10edf9c6dceef2005e8a134f2e238470defccfd016b4d7385cbcc8f24d7f4cd5,https://furman.campuslabs.com/engage/legacy/organization/zeta-tau-alpha/DocumentLibrary/view/1971491,2021-08-19T15:02:43,application/octet-stream; charset=utf-8,Lambda_Nu_Bylaws_Revision_2020.pdf
zeta-tau-alpha,2100654,Constitution/Bylaws,constitution,2022,data/orgs/zeta-tau-alpha/documents/2022/constitution_constitutionbylaws_2100654.pdf,a544fa08310411aa4cc8013a6164f143197e2fb641df5f710982a831c441cd9e,https://furman.campuslabs.com/engage/legacy/organization/zeta-tau-alpha/DocumentLibrary/view/2100654,2022-08-19T10:28:49,application/octet-stream; charset=utf-8,Bylaws_-_Revised_in_2022.pdf
zeta-tau-alpha,2256643,Constitution/Bylaws,constitution,2023,data/orgs/zeta-tau-alpha/documents/2023/constitution_constitutionbylaws_2256643.pdf,e3c916fa5a67ac1b82d4bdd30027d3d8b49eae5fcaf05c9d77d0c98f390b9eda,https://furman.campuslabs.com/engage/legacy/organization/zeta-tau-alpha/DocumentLibrary/view/2256643,2023-08-24T22:40:11,application/octet-stream; charset=utf-8,Bylaws_-_Revised_in_2022.pdf
zeta-tau-alpha,2386728,Constitution/Bylaws,constitution,2024,data/orgs/zeta-tau-alpha/documents/2024/constitution_constitutionbylaws_2386728.pdf,60444262e13964901f0f0191d3500b4bc959e0f9c0c80c5d2d0e0ce5ea2d15d8,https://furman.campuslabs.com/engage/legacy/organization/zeta-tau-alpha/DocumentLibrary/view/2386728,2024-08-10T18:10:48,application/octet-stream; charset=utf-8,Bylaws_-_Revised_in_2023.pdf
zeta-tau-alpha,2499933,Constitution/Bylaws,constitution,2025,data/orgs/zeta-tau-alpha/documents/2025/constitution_constitutionbylaws_2499933.pdf,0caff610cb86d54f3e00386b6d906b15cddae97e0b58c8b0336eb17183e9c171,https://furman.campuslabs.com/engage/legacy/organization/zeta-tau-alpha/DocumentLibrary/view/2499933,2025-08-13T11:46:34,application/octet-stream; charset=utf-8,Bylaws_-_Revised_in_2023_(1).pdf
zeta-tau-alpha,696913,Constitution/Bylaws,constitution,2018,data/orgs/zeta-tau-alpha/documents/2018/constitution_constitutionbylaws_696913.pdf,05f75c0c6c8ff8fa5cb08451d6d8e1884f4c4e7059746eadba9e58d220899f98,https://furman.campuslabs.com/engage/legacy/organization/zeta-tau-alpha/DocumentLibrary/view/696913,2018-01-25T14:31:00,application/octet-stream; charset=utf-8,Bylaws_of_the_Lambda_Nu_Chapter_of_Zeta_Tau_Alpha.docx_-_Google_Docs.pdf
zeta-tau-alpha,1793923,Constitution/Bylaws,constitution,2020,data/orgs/zeta-tau-alpha/documents/2020/constitution_constitutionbylaws_1793923.pdf,985c95c0c77693946a67f48aa4a1efa2dda74c617bad030bb78818eda2463fad,https://furman.campuslabs.com/engage/legacy/organization/zeta-tau-alpha/DocumentLibrary/view/1793923,2020-08-25T14:25:02,application/octet-stream; charset=utf-8,Proposed_2018_Bylaws.pdf
