name,short_name,slug,status,visibility,category_names,description,summary
Ace of Clubs,AoC,aceofclubs,Active,Public,,"The Ace of Clubs brings together a variety of students who enjoy playing games, including board games, card games, word games, strategy games, online games, and more! We are a fun and welcoming environment, and we also have snacks!! We meet every Thursday night from 7-9 PM in Plyler 026.","Board Game club is an opportunity to escape the stresses of school, meet new people, learn new games, and have fun! We play a variety of games each week, from board games to card games to games online! Feel free to bring your games and your friends!"
Acts of Random Kindness Club,A.R.K Club,arkclub,Active,Public,Diversity and Inclusion;Community Service;Special Interest,"The mission of the Acts of Random Kindness Club, or A.R.K Club, is to uplift all students and staff within Furman University, as well as members of our community, through random and intentional acts of kindness. We wish to promote positivity, unity, and compassion in both learning and non-academic environments. We also wish to enhance Furman University‘s social and academic value by encouraging students to live as positive people and motivators, using kindness to change this world! Some of our goals include: - Placing an emphasis on inclusion and unity - Making a difference in the lives of students and faculty - Spreading joy and fun on our campus in creative ways - Focusing on mental health - Advocating for students through acts of kindness and support Join our ARK Club GroupMe for the 2025-26 school year here! Follow us on the ARK Club Instagram page here! Read our story on Furman News here!","The mission of the Acts of Random Kindness Club is to uplift all students and staff within Furman University, as well as members of our community, through random and intentional acts of kindness! Join us as we promote positivity, compassion, and unity!"
Adelphian and Philosophian Debate Society,APDS,adelphian-and-philosophian-debate-society,Active,Public,Academic;Diversity and Inclusion;Fine Arts;Political,The Adelphian and Philosophian Debate Society is a student-led organization dedicated to creating an open space for debate and conversation on campus. In the past we have attended debate competitions and hosted debate competitions for High Schools. Our faculty advisor is Dr. Brandon Inabinet in the Communications department.,The Adelphian and Philosophian Debate Society is a student-led organization dedicated to creating an open space for debate and conversation on campus.
Admission Ambassadors,Admission Ambassadors,admission-ambassadors,Active,Public,Admissions,"Hi Class of 2025! Admissions Ambassadors is a student group operated out of the Office of Admissions to recruit prospective high school students to Furman. Activities include giving walking/riding tours, hosting lunches, sitting on student panels, assisting with virtual recruiting events, and on-campus major visit events. The Office of Admissions will solicit for new applications at the start of the Fall 2021 school semester for current sophomores, juniors, and seniors. Another application and selection round will take place in Spring 2022!","Student organization to recruit prospective high school students to Furman. Activities include giving walking/riding tours, hosting lunches, sitting on student panels, and major visit events."
Afrikiya ,Afrikiya ,afrikiya,Active,Public,Diversity and Inclusion;Student Diversity Council Organizations,"This organization has the purpose to enlighten Furman campus about African history, countries, cities and the realities of being an African or being from the diaspora. This organization will not tolerate racist comments, discrimination, homophobia, xenophobia and portrayal of stereotypes. For the 2024-2025 Academic Year, we will meet biweekly every Thursday from 5:30 pm - 6:15 pm in HIPP HALL 106. For meeting updates and other important information, join our Groupme chat. Or follow our Instagram: afrikiya_fu.",Student Diversity Council Organization
Alpha Delta Pi,ADPi,furmanalphadeltapi,Active,Public,Fraternities and Sororities;Special Interest,"Here you will find a great group of remarkable, intelligent, and committed young women who are dedicated to their sisters and to Alpha Delta Pi. We strive to make a difference in the lives of the people around us, in our community and on our campus through various activities. <> Be the first. Since 1851.","Established in 1851, Alpha Delta Pi is committed to sisterhood, values and ethics, high academic standards and social responsibility. The Eta Phi Chapter of Alpha Delta Pi at Furman University was established on March 19th, 1994."
Alpha Epsilon Delta,AED,alpha-epsilon-delta,Active,Public,Academic;Community Service;Special Interest,"The objectives of Alpha Epsilon Delta are to encourage excellence in pre-health scholarship, to stimulate an appreciation of the importance of pre-health education, and to promote cooperation and contacts between healthcare professionals and pre-health students. We will host a plethora of events & meetings throughout the semester to advance pre-health goals. Some of our events include Mock Interviews, Mentoring Events, MMI Practice, and a Mock MCAT. Additionally, we host a variety of CLPs, Blood Drives, and other community outreach programs. Please feel free to reach out with any questions you may have. !!! Join Our AED GroupMe !!! Furman AED FAQs","The objectives of this society are to encourage excellence in pre-health scholarship, to stimulate an appreciation of the importance of pre-health education, and to promote cooperation and contacts between healthcare professionals and pre-health students"
"Alpha Kappa Alpha Sorority, Incorporated (Rho Zeta Chapter)",AKA,aka1908,Active,Public,Fraternities and Sororities,"Alpha Kappa Alpha Sorority, Inc., Rho Zeta Chapter was established at Furman University on May 1, 1994 and holds the title as the first, and only, historically African-American sorority chartered on the campus. While historically African American, we welcome members from all ethnic and religious backgrounds.","Alpha Kappa Alpha Sorority, Inc., Rho Zeta Chapter was established at Furman University on May 1,1994 and holds the title as the first, and only, historically African-American sorority chartered on the campus."
Alpha Phi Omega,APO,alpha-phi-omega,Active,Public,Fraternities and Sororities;Diversity and Inclusion;Community Service;Special Interest,"Alpha Phi Omega is a co-ed Service Fraternity open to anyone of any race, gender, sexuality, or affiliation to any other groups on campus (including Greek organizations). Founded in 1925, Alpha Phi Omega is the largest collegiate fraternity in the United States, with chapters at over 350 campuses, an active membership of over 25,000 students, and over 500,000 alumni members. This is the Alpha Eta Nu Chapter, which was first chartered on May 3rd, 2014. Focusing on helping others, our organization is founded on service which facilitates the strong fellowship found between our brothers, best exemplified in our motto, ""Be a leader, be a friend, be of service."" Meetings on Wednesdays at 7 pm in Furman 214","Alpha Phi Omega is a national co-ed service fraternity open to any student regardless of gender, race, sexuality, or other group affiliation. APO is founded in the principles of leadership, friendship, and service."
American Chemical Society,ACS,american-chemical-society,Active,Public,Academic,"The American Chemical Society is a congressionally chartered independent-membership organization which represents professionals at all degree levels in all fields of chemistry and the sciences that involve chemistry. Furman's Student Affiliate chapter of ACS has monthly meetings, numerous social events - from picnics to departmental bake-offs, and outreach opportunities in the Greenville community.","Furman's Student Affiliate chapter of the American Chemical Society has monthly meetings, numerous social events - from picnics to departmental bake-offs, and outreach opportunities in the Greenville community."
American Society for Microbiology - Upstate of SC Chapter,ASM,asmupstate,Active,Public,Academic,"ASM's meetings, journals and books explore the complete spectrum of microbiology, and collaborations with our partners strengthen relationships with academic, regulatory and industrial communities.","ASM has over 30,000 members, including researchers, educators and health professionals, ASM is one of the largest life science societies in the world. ASM's meetings, journals and books explore the complete spectrum of microbiology."
Audubon Conservation Chapter,ACC,facc,Active,Public,Academic;Special Interest,Join our GroupMe to get involved and meet your fellow birders! https://web.groupme.com/join_group/89196880/BS4nKAgB,"The FACC is dedicated towards learning about and protecting birds at Furman and the greater Greenville area. Our club involves working with the official Audubon Society, while also promoting fun and engaging on and off campus activities."
Bartram Society,Bartram,bartram-society,Active,Public,Academic;University Department/Office;Special Interest,"The Bartram Society is the social component of the Earth, Environmental, & Sustainability Sciences Department. We are open to SUS and EES majors as well as potential majors and anyone who is interested in our incredible Earth! The Bartram Society goes on annual camping trips in the Fall and Spring semesters and works to build community on campus with people interested in nature.","The Bartram Society is the social component of the Earth, Environmental, & Sustainability Sciences Department. We are open to SUS and EES majors as well as potential majors and anyone who is interested in our incredible Earth!"
Belle Voci,,bellevoci,Active,Public,Fine Arts,,"Belle Voci (Beautiful Voices) is a treble choir that seeks to share music that not only expresses the art of beautiful singing, but hopes that the language of music can be a connection to help find our common humanity."
Best Buddies ,,bestbuddies,Active,Public,Diversity and Inclusion;Community Service,"Best Buddies International is a nonprofit organization dedicated to establishing a global volunteer movement that creates opportunities for one-to-one friendships, leadership development, and inclusive events/activities for individuals with intellectual and developmental disabilities (IDD).","The Furman chapter of Best Buddies International, serving under the Heller Service Corps. We aim to connect Furman students to people with Intellectual/Developmental Disabilities (IDD), through 1 on 1 friendships, on-campus events, and voluneership."
Beta Beta Beta Biological Honor Society,Tri Beta,beta-beta-beta-biological-honor-society,Active,Public,Academic;Community Service,"TriBeta is an organization for students interested in the biological sciences. TriBeta meets once a month, participates in outside activities, provides service opportunities, and helps bring speakers to campus. Service opportunities include educating students from elementary to high school in the biological sciences and fundraising for the American Cancer Society. Full members of the Honor Society receive cords to wear at graduation. Requirements to be a Full member: - at least a 3.0 in biology courses - taken at least 3 courses in biology (this does include AP) - majoring in biology (some exceptions, such as for neuroscience). If any of these do not apply then you are eligible for an Associate membership only and can be upgraded when requirements are fulfilled.","TriBeta is an organization for students interested in the biological sciences. TriBeta meets once a month, participates in outside activities, provides service opportunities, and helps bring speakers to campus."
Beta Theta Pi,Beta Theta Pi,beta-theta-pi,Active,Public,Fraternities and Sororities;Programmatic;Community Service,"Beta Theta Pi is represents a long tradition internationally, dating back to 1839. Furman's Zeta Lambda chapter of Beta Theta Pi believes in the strength of brotherly bonds that can develop in a fraternity. Beta Theta Pi encourages the growth of young men through Intellectual Growth, Mutual Assistance, Trust, Responsible Conduct, Integrity and a lifelong brotherhood.","Furman's Zeta Lambda chapter of Beta Theta Pi distinguishes ourselves apart from other fraternities as Men of Principle, who follow 5 core values: Intellectual Growth, Mutual Assistance, Trust, Responsible Conduct, and Integrity."
C.O.N.E.C.T. Club,,conect,Active,Public,Academic;Special Interest,C.O.N.E.C.T Club (Coalition of New Educators Collaborating on Topics) is for anyone interested in Education. We meet to discuss Education and Educational studies at furman as well as other topics related to Educational fields. We host volunteer opportunities at local elementary schools and charitable drives for Greenville County Schools.,"COALITION OF NEW EDUCATORS COLLABORATING ON TOPICS A NEW CLUB TO DISCUSS RESOURCES, COURSE FEEDBACK, IDEAS, ADVICE, ETC."
Campus Recreation & Wellness,CRW,crw,Active,Public,,Get Connected with Campus Rec.,Get Connected with Campus Rec.
Canterbury of Furman,Canterbury,canterbury-of-furman,Active,Public,Diversity and Inclusion;Religious Council;Special Interest,"The Episcopal Canterbury Fellowship welcomes all students to its meetings. Questions and curiosity are a welcomed part of our meetings as we provide an open-minded environment to seek answers. The Episcopal Church, U.S.A., a part of the global Anglican Communion, serves as the Christian denominational home of the Episcopal Canterbury Fellowship of Furman.","Furman's Episcopal Campus Fellowship! ""We believe that God loves you- no exceptions."""
Catholic Campus Ministry,CCM,catholic-campus-ministry,Active,Public,Religious Council;Community Service,"Catholic Campus Ministry (CCM) is a group who seek to grow in faith in love through fellowship, thoughtful discussion, and prayer. Come join us every Wednesday in the Garden Room for dinner and discussion at 7:00 PM! CCM also hosts Mass every Sunday in Daniel Chapel at 8 PM. Come to a meeting to learn more; we'll be waiting for you!","Catholic Campus Ministry (CCM) is a group of people who seek to grow in faith and love through fellowship, thoughtful discussion, and prayer. We host Wednesday program, Mass, and service opportunities."
Center for Inclusive Communities,CIC,cic,Active,Public,,"The Center for Inclusive Communities (CIC) fosters belonging for historically underrepresented students and stimulates all students to thoughtfully reflect on diversity and inclusion in the liberal arts tradition of engaged citizenship. Staff collaborate with a variety of offices on campus to design a comprehensive, university-wide approach to diversity; facilitate equity, access, social justice and inclusion; and, empower students to build a diverse and inclusive campus community.",The Center for Inclusive Communities (CIC) fosters belonging for historically underrepresented students and stimulates all students to thoughtfully reflect on diversity and inclusion in the liberal arts tradition of engaged citizenship.
Chi Omega,Chi O,chi-omega,Active,Public,Fraternities and Sororities;Programmatic;Special Interest,"Founded in 1895 at the University of Arkansas, Chi Omega is the largest women's fraternal organization in the world. It is a sisterhood built on the core purposes of friendship, personal integrity, service to others, academic excellence and intellectual pursuits, community and campus involvement, and personal and career development. Our national philanthropy is Make-A-Wish, and our chapter is lucky enough to grant one child's wish each year! Locally, we also work with an after school program that serves underprivileged children in elementary and middle school. Our chapter members well balanced women who are involved on our campus and in our community, dedicating their time and passion to much more than Chi Omega.","Founded in 1895 at the University of Arkansas, Chi Omega is the largest women's fraternal organization in the world. It is a sisterhood built on the core purposes of friendship, personal integrity, service to others, academic excellence and intellectual."
Christo et Doctrinae ,C&D,christoetdoctrinae,Active,Public,Media,"Christo et Doctrinae is a student journal of Christian thought at Furman University. We strive to promote intentional, spiritually grounded, and intellectually rigorous discussion of matters of faith, theology, and the Christian life. Our content can be found in physical editions on campus, or at https://christoetdoctrinae.com/.","Christo et Doctrinae is a journal of Christian thought at Furman University, striving to promote intentional, intellectually rigorous discussion of faith, theology, and the Christian life. Our content can be found at https://christoetdoctrinae.com/."
Class of 2023,,classof2023,Active,Public,Student Government and Class Pages,,This is the syncDIN page for the Class of 2023 and their SGA representatives.
Class of 2024,,2024,Active,Public,Student Government and Class Pages,,Class of 2024
Class of 2025,,classof2025,Active,Public,,,A portal for members of the Class of 2025.
Class of 2026,,2026,Active,Public,,,Members of the Class of 2026
Class of 2027,,classof2027,Active,Public,,,Class of 2027
Class of 2028,,classof2028,Active,Public,,,Class of 2028
Class of 2029,Class of 2029,2029,Active,Public,,Members of the class of 2029,Members of the class of 2029
Club Sports Council,Club Sports,furman-university-club-sports,Active,Public,Club Sports,,Club Sports Council is a coordinating body of representatives from each club sport organization. The council works closely with and is advised by Campus Recreation and Wellness staff.
Club Ultimate Frisbee,Ultimate,club-ultimate-frisbee,Active,Public,Atheltics;Club Sports,"We play Ultimate Frisbee at co-ed inter-collegiate tournaments several times per semester. Practices are Mondays and Thursdays from 5:00 PM-6:30 PM on the Upper NV fields. No prior experience is necessary, we're out here to have fun, stay in shape, and get better at disc sports!","We play Ultimate Frisbee at co-ed inter-collegiate tournaments several times per semester. Practices are Mondays and Thursdays, 5:00-6:30 PM."
Collaborative Neuroscience Society,CNS,collaborative-neuroscience-society,Active,Public,Academic,"The purpose of this club is to raise awareness and introduce neuroscience based topics to the Furman community, as well as provide a support system for neuroscience majors and those who have a general interest in the field! We will hold study sessions, have volunteer opportunities, set up peer mentors, and have monthly meetings to discuss all things Neuroscience!","The purpose of this club is to raise awareness and introduce neuroscience based topics to the Furman community, as well as provide a support system for neuroscience majors and those who have a general interest in the field!"
Communication Student Advisory Board ,Com Studies Advisory Board,comstudiesadvisoryboard,Active,Public,Academic;University Department/Office,"Communication Studies is becoming one of the most dynamic and innovative departments on campus. The purpose of the board is to receive input and insights that will help us continue this path. The committee will take students' opinions and ideas about the department's curriculum, classes, department website, social media, digital sign, and special programs to enhance each communication major's experience.",The purpose of the board is to receive input and insights that will help us continue this path. The board takes students' opinions and ideas about the department to enhance each communication major's experience.
Cooperative Student Fellowship,CSF,cooperative-student-fellowship,Active,Public,Religious Council,"CSF is sponsored by The Cooperative Baptist Fellowship of South Carolina. The Cooperative Baptist Fellowship (CBF) consists of churches, institutions, and individuals who share a passion for the Great Commission of Jesus Christ and a commitment to the historic Baptist principles: Soul Freedom, Bible Freedom, Church Freedom, Religious Freedom. CSF is an ecumenical organization composed of students of varying denominational backgrounds. We are committed to an open and thoughtful discussion about faith, building community, and living out Christ’s example through social justice ministries.","CSF is sponsored by The Cooperative Baptist Fellowship of South Carolina. The Cooperative Baptist Fellowship (CBF) consists of churches, institutions, and individuals who share a passion for the Great Commission of Jesus Christ and a commitment to the ..."
Cothran Center for Vocational Reflection,Cothran Center,cothran-center-for-vocational-reflection,Active,Public,Academic;Programmatic;Special Interest,"The Cothran Center facilitates exploration of purpose and calling among members of the Furman community. We provide resources, space, and experiences such as travel, meals, and speakers, through which discernment and open dialogue across difference can lead to a clearer sense of what constitutes a meaningful life.","The Cothran Center facilitates exploration of purpose and calling among members of the Furman community. We provide resources, space, and experiences to explore meaning and connection."
Creative Conversations,,creativeconversations,Active,Public,Fine Arts;Special Interest,"Creative Conversations is an organization created to connect students who love art history or have a desire to expand their knowledge of art history in a non-traditional classroom setting. We want to create a creative, collaborative, engaging, and informative space for students who love art.","Creative Conversations was created to connect students who love art history or have a desire to expand their knowledge of art history outside a traditional classroom. We want to be a creative, collaborative, engaging, and informative safe space for all."
Cultural Life Program,CLP,clp,Active,Public,,,"The intent of the Cultural Life Program (CLP) is to encourage students to attend a variety of high quality events that provide enriching, challenging cultural experiences."
Delight Ministries,Delight,delight-ministries,Active,Public,Religious Council,"We are the Furman chapter of Delight Ministries, a college women's community that grows together, serves together, learns together and does life together while chasing the heart of God. Delight provides college women with the tools and resources to launch, grow, and sustain Christ-centered communities on college campuses and creates curriculum that digs into scripture and tells the real stories of college women just like you. Email a leader with any questions or to be added to the GroupMe, and follow us on instagram for updates (@delightatfurman)!","We are a college women's community that grows together, serves together, learns together and does life together while chasing the heart of God."
Delta Delta Delta,Tri Delta,delta-delta-delta,Active,Public,Fraternities and Sororities;Community Service;Special Interest,"Delta Delta Delta was founded in 1888 at Boston University. Today there are 180 chapters in the United States and Canada with over 238,000 initiated members. The Gamma Xi chapter at Furman University was founded in 1994. The purpose of Delta Delta Delta is to establish a perpetual bond of friendship among its members, to develop a stronger and more womanly character, to broaden the moral and intellectual life, and to assist its members in every possible way.","Delta Delta Delta was founded in 1888 at Boston University. Today there are 180 chapters in the United States and Canada with over 238,000 initiated members. The Gamma Xi chapter at Furman University was founded in 1994."
Delta Gamma,DG,delta-gamma-zeta-upsilon-chapter,Active,Public,Fraternities and Sororities,"Delta Gamma was founded by Anna Boyd Ellington, Eva Webb Dodd, and Mary Comfort Leonard in 1873 at the Lewis School for Girls in Oxford, Mississippi. The Founders sought to maintain high ideals of friendship among women, promote educational and cultural interests, and to create a true sense of social responsibility and service in order to exemplify college women at their best. Delta Gammas membership has grown to more than 250,000 women worldwide with 150 collegiate chapters and more than 200 alumnae groups across the United States and Canada.","Delta Gamma was founded by Anna Boyd Ellington, Eva Webb Dodd, and Mary Comfort Leonard in 1873 at the Lewis School for Girls in Oxford, Mississippi."
Dins Vote,,dinsvote,Active,Public,Academic;Diversity and Inclusion;Political,"The mission of Dins Vote is to gather Furman students together in order to provide all relevant information, facilitate meaningful discussion, and consider all opportunities that would allow their fellow peers to be informed voters in American society. This includes providing students resources on voter registration, absentee ballots, deadlines, candidate information, and through group events such as voter registration events, voter information events, CLPs with experts, posting QR codes around campus, and more.","The mission of Dins Vote is to gather Furman students together in order to provide all relevant information, facilitate meaningful discussion, and consider all opportunities that would allow their fellow peers to be informed voters in American society."
Dintonation,Dintones,dintonation,Active,Public,Fine Arts;Special Interest,"Dintonation is Furman's women's a cappella group established in 2014! We are a group of students who are passionate about singing and building strong friendships with one another. Make sure to check back at the beginning of the semester for info about auditions! Also, please check us out on Youtube (Dintonation) and Instagram (@dintonation)!","We are Furman's women's a cappella group, established in 2014! We are a fun, casual singing group that welcomes singers of all levels to sing cover songs in the treble clef."
"Disability Rights, Education, Activism, and Mentoring",DREAM,dream,Active,Public,Diversity and Inclusion;Student Diversity Council Organizations;Community Service;Special Interest,"DREAM welcomes anyone who is interested in supporting those with disabilities and learning more about disabilities and illnesses on and off campus. You do not have to have an illness or disability yourself, but we ask that everyone is respectful of those who do. We seek to promote awareness, educate the student body, and participate in volunteering activities on and off campus. We support a range of conditions including intellectuals disabilities, mental illnesses, physical disabilities, and chronic illnesses and diseases. We are always looking for ways to support those with disabilities both on and off campus","DREAM welcomes anyone who is interested in supporting those with disabilities and learning more about disabilities and illnesses on and off campus. You do not have to have an illness or disability yourself, but we ask that everyone is respectful."
Eco Reps,,ecoreps,Active,Public,,Eco Reps is a national movement of students for sustainability. The program aims to foster students and groups that support sustainable initiatives and lifestyles on their campus. The Eco Reps Program at Furman trains student leaders to promote sustainable practices on campus and encourage sustainably responsible behaviors among peers. Reps work within the residence halls across campus to model sustainable behaviors and plan and deliver sustainability educational programs intended to inspire peers to live more sustainable lives. We strive to create a culture of sustainability!,Eco Reps is a national movement of students for sustainability. The program aims to foster students and groups that support sustainable initiatives and lifestyles on their campus.
Environmental Action Group (Furman Unviersity),EAG,environmental-action-group,Active,Public,Academic;Political;Programmatic;Community Service;Special Interest,"Join EAG and be part of a movement to create a more sustainable future! We're all about getting students involved, whether it’s through volunteering, collaborating with other clubs, or pushing for climate-smart policies. If you're passionate about the environment and want to make a real impact, we’d love to have you on board!","EAG is the campus go-to group for environmental and sustainable movements. We aim to educate the campus on how to create a more sustainable society, while doing service projects and activities that support this philosophy."
Exploration of Vocation and Ministry,EVM,exploration-of-vocation-and-ministry,Active,Public,Diversity and Inclusion;Religious Council,"Students come from any faith background to engage in spiritual community that challenges and inspires them. Alongside a community of peers and university chaplains, EVM offers students the opportunity to examine their beliefs and values, explore their sense of calling, and experience internships in fields of service, justice, and ministry. All students participate in weekly gatherings, participate in internships, and receive a stipend of $1200 per year for their work. Interested students should apply at https://www.furman.edu/spiritual-life/exploration-vocation-ministry/ or contact the Office of Spiritual Life with any questions!","Students come from any faith background to engage in spiritual community that challenges and inspires them. Alongside a community of peers and university chaplains, EVM offers students the opportunity to examine their beliefs and values, explore their..."
Fellowship of Christian Athletes,FCA,fellowship-of-christian-athletes,Active,Public,Religious Council,We are a Christian ministry serving athletes and non-athletes on Furman's campus. The mission of Furman's Fellowship of Christian Athletes is to see the world transformed by Jesus Christ through the influence of coaches and athletes. We meet Tuesday nights at 8:28 pm in Burgiss Theater.,"The mission of Furman's Fellowship of Christian Athletes is to lead every coach, athlete, and student into a growing relationship with Jesus Christ and His church."
First Generation Student Alliance,FGSA,-,Active,Public,Academic;Admissions;Diversity and Inclusion;Student Diversity Council Organizations;Community Service,"The purpose of FGSA shall be to help other first-generation students to find community, offer mentorship to incoming classes, offer learning opportunities about Furman resources/opportunities, assist when able with University first-generation student initiatives, and other opportunities as presented.","FGSA shall be to help first-generation students to find community, offer mentorship to incoming classes, and learning opportunities about Furman resources/opportunities, as well as assist with informing first-gens of opportunities."
Fraternity and Sorority Life,FU Greeks,fraternity-and-sorority-life,Active,Public,University Department/Office;Fraternities and Sororities;Programmatic;Community Service,Providing powerful educational leadership opportunities by way of shared principles to fraternity men & sorority women at Furman University.,Providing powerful educational leadership opportunities by way of shared principles to fraternity men & sorority women at Furman University.
Furman Academic Competition Team ,FACT,furmanfact,Active,Public,Academic;Special Interest,,This is an organization intended to provide students with access to a multitude of subjects and topics of information presented in fun team style quiz bowl questions. We also compete several times in year and expose students to new people and places.
Furman Archery Club,FAC,furmanarcheryclub,Active,Public,Atheltics;Club Sports;Diversity and Inclusion,"Ready to test your aim and have some fun? The Furman Archery Club is all about focus, discipline, and the Paladin spirit—strength, skill, and teamwork. As Greenville’s first college archery club, we welcome all skill levels, whether you’re a total beginner or a seasoned archer. Come shoot some arrows, de-stress, and be part of something new at Furman!","Furman Archery Club brings focus, discipline, and the Paladin spirit to campus. As Greenville’s first college archery club, we welcome all skill levels to shoot, de-stress, and build community. Whether you're a beginner or a pro, come take your best shot!"
Furman Athletics,,furmanathletics,Active,Public,,The official page for Furman Paladin Athletics! #FUAllTheTime,The official SyncDin page for Furman Paladin Athletics
Furman Badminton Club,,badmintonclub,Active,Public,Atheltics;Club Sports,,"For anyone looking to just stay active and have some fun, just let us know! No previous experience needed, just a bunch of college students looking for a good time playing some badminton."
Furman Bands,Furman Bands/Paladin Regiment Marching Band,furman-university-band,Active,Public,Diversity and Inclusion;Fine Arts;Programmatic;Special Interest,"The Furman Bands are among the oldest college bands in the South, having been initiated in 1920. The band program consists of five major ensembles: the Symphonic Band, the Wind Ensemble, the Basketball Band, the Paladin Regiment and the Jazz Ensemble. Over 60 percent of the band members major in disciplines other than music. Supplementing these groups are various smaller ensembles in percussion, woodwind and brass. Auditions for the Symphonic Band are held at the beginning of every semester, while auditions for the jazz ensemble are held are held each fall. A grade point average of 2.0 is required for most ensembles. Students from across campus can make music as members of the Furman Bands no matter their chosen area of academic study. We have room for YOU!","Open to students across campus and regardless of major, the band program consists of five major ensembles; the Symphonic Band, the Wind Ensemble, the Basketball Band, the Paladin Regiment and the Jazz Ensemble. We are the musical ambassadors for Furman!"
Furman Baptist Collegiate Ministry,BCM,furman-baptist-collegiate-ministry,Active,Public,Diversity and Inclusion;Religious Council;Community Service,"Welcome to BCM at Furman! We are a Jesus loving group of Furman students who desire to do life together through community. BCM meets on Monday nights at 7PM in the Garden Room of the chapel and during that time we share a meal together, laugh :), engage the Scriptures in a time of reflection and discussion, and laugh some more. As a Christian organization, we exist to be a place where students from all backgrounds can come and find community, love, and learn more about what it actually means to claim Christ. Our community is diverse in its theological affiliations and we welcome all Furman students to experience the Baptist distinctive of Christian community at BCM.","We, as the Baptist Collegiate Ministry at Furman University, exist to provide students with a Christian community distinctive in its Baptist ideals of unity, fellowship through a shared meal, Scripture-based discussions, and exhibiting love towards all."
Furman Chess Club,Chess Club,fuchess,Active,Public,Academic;Special Interest,"We learn and play chess in a casual, friendly environment. Meetings are once a week and open to everyone, no prior experience necessary! We also travel to tournaments locally and nationally and host on-campus events.","We learn and play chess in a casual, friendly environment. Meetings are once a week and open to everyone, no prior experience necessary! We also travel to tournaments locally and nationally and host on-campus events."
Furman Clarinet Society,,furmanclarinetsociety,Active,Public,Fine Arts;Special Interest,,"The Furman Clarinet Society is a place for musicians, either interested in or active in playing the clarinet, where they can meet as a group to learn about the instrument, play as a group, or play for each other."
Furman College Democrats,FUCollegeDems,furman-college-democrats,Active,Public,Diversity and Inclusion;Political,"As affiliates of College Democrats of America, the Furman University College Democrats is an organization seeking to promote political discourse on Furman's campus through various events. As an organization, we volunteer throughout the community, campaign for Democrats on local, statewide, and national tickets, and work to bring speakers on various topics to campus.","As affiliates of College Democrats of America, the Furman University College Democrats is an organization seeking to promote political discourse on Furman's campus through various events. As an organization, we volunteer throughout the community, campa..."
Furman Conservative Society,FCS,fcs,Active,Public,Academic;Political,"Furman Conservative Society works to build a strong community, create vibrant discussion, and challenge and develop ideas, all in an effort to promote conservative values.","Furman Conservative Society works to build a strong community, create vibrant discussion, and challenge and develop ideas, all in an effort to promote conservative values."
Furman Creative Collaborative,FCC,the-furman-creative-collaborative,Active,Public,Media;Programmatic,"Creativity should not be pent up, held back, or guarded for the few students who happen to find it where it hides. Creative outlets should not be so strictly defined as to associate them with the singular concept of “art” or “media”—these outlets are increasingly the pseudonym for the very idea of creative expression itself. Furman students, like all people, are constantly inundated with new ideas; they deal with them on a daily basis. Their own institution touts engaged learning but for lack of proper implementation has yet to engage creativity specifically through an organization devoted to its praise. Understanding the value of each and every student’s intrinsic creative spirit, we the artistic, the passionate, the imaginative, the visionary, and the innovative college students do hereby associate ourselves as the Furman Creative Collaborative. Our GroupMe: https://groupme.com/join_group/105587067/160V4cbf","Creativity should not be pent up, held back, or guarded for the few students who happen to find it where it hides. Creative outlets should not be so strictly defined as to associate them with the singular concept of “art” or “media”—these outlets are i..."
Furman Dance Team,FDT,furmandanceteam,Active,Public,Atheltics;Fine Arts,"The Furman Dance Team is an organization that exists to foster and improve the creative art of dance in a team-building environment through regular training, rehearsals, and performances. We are an extremely talented group of dancers who value commitment and passion in order to continue fostering our love for dance in college.","The Furman Dance Team is an organization that exists to foster and improve the creative art of dance in a team-building environment through regular training, rehearsals, and performances. We are an extremely talented group of dancers who value commit.."
Furman Drone Association,FDA,fda,Active,Public,Academic;Programmatic,"The purpose of FDA shall be to help Furman students of all skill levels learn and apply engineering, coding, and drone piloted skills in a guided hands-on environment. We will focus on skills such as working with 3d printers, learning to solder, coding drones in microcontrollers using C++ and python.",We aim to teach everyone valuable skills through drone-making and piloting workshops.
Furman Dungeons and Dragons Club,FUD&D,fudnd,Active,Public,Media;Diversity and Inclusion;Fine Arts;Special Interest,"Furman Dungeons and Dragons Club is a club dedicated to tabletop roleplaying games such as Dungeons & Dragons, Call of Cthulhu, Pathfinder and many more. We meet weekly to play one-shots and campaigns along with other fun events that take the roleplay experience outside the table. We want to create a space where people can feel comfortable sharing their own stories and experiences with tabletop games, and make connections with others in the tabletop RPG community.","Hello! Our club is dedicated to tabletop roleplaying games. We not only discuss basic game-play, roleplay, worldbuilding, and more, but also run sessions each week. This is a space where people can share their stories, connect with others, and have fun."
Furman Economics Society,FES,furman-economics-society,Active,Public,Academic;University Department/Office;Programmatic,"The Mission of the Furman Economics Society is to build a stronger community within the Economics department, to strengthen the bonds between the faculty and staff, to expand the value of the Economics major beyond the classroom, and to enhance the relationship between the Economics department and the rest of the Furman Community.","The Mission of the Furman Economics Society is to build a stronger community within the Economics department, to expand the value of the Economics major beyond the classroom, and to strengthen the bonds between the department and the Furman Community."
Furman Faculty,Furman Faculty,furman-faculty,Active,Public,,,
Furman Fanatics,,fanatics,Active,Public,Atheltics;Special Interest,"This idea came about with the future reopening of Timmons. As students, we want to see a more lively student section at these games, and the best way to do that is to lead by example. Additionally, we hope to work with the Athletics Department about finding ways to get students to show up to sports events that may see less student attendance, like tennis or lacrosse. We believe these teams should still be supported by their campus. As of now, there is no official organization on campus seeking to accomplish these tasks, and we want to fill that gap.","This club will serve as an official student ""spirit"" section. The goal of the group is to increase student attendance and participation at all Furman sporting events. We want to improve the atmosphere and student involvement at these events."
Furman GirlsWhoCode College Loop,FUGWC,fu_girlswhocode,Active,Public,Academic;Diversity and Inclusion;Special Interest,"Furman GirlsWhoCode Club meets weekly to learn new coding languages, practice our coding skills, go on field trips to places like Paris Mountain or Sidewall Pizza and play strategic card and board games together. We are very laid back and are open to women of all experience levels (including none!).","Furman GirlsWhoCode seeks to encourage women of all areas of study to learn how to code, practice coding, and have a community where being a woman who is smart, and capable of STEM is accepted and appreciated."
Furman Justice Forum,FJF,furmanjusticeforum,Active,Public,Academic;Diversity and Inclusion;Political;Programmatic,"Furman Justice Forum (FJF) is a place of advocacy, community, and education. FJF creates a space for students to learn about social injustices, to reflect upon these issues, and to learn skills needed to take action in their communities. We sponsor programming and CLPs where students are able to discuss social justice issues and connect with prominent scholars and activists whose work focuses on social justice. These events give students an opportunity to understand relevant issues and to learn skills required to make meaningful and positive change in their own communities.",To raise awareness about issues concerning social justice both on Furman's Campus and broadly while simultaneously providing community on campus and empowering students to create meaningful change.
Furman Kpop Club,Kpop Club,kpop-club,Active,Public,Special Interest,"Furman Kpop Club is a organization that brings together those who want to appreciate Korean culture. During club we will listen to Korean music, watch Korean films, make Korean cuisine, and attend dance rehearsals with other members to practice dances.","Furman Kpop Club is a organization that brings together those who want to appreciate Korean culture. During club we will listen to Korean music, watch Korean films, make Korean cuisine, and attend dance rehearsals with other members to practice dances."
Furman Marching Arts,,furman-bands,Active,Public,Atheltics;Club Sports;Media;Fine Arts,,"Welcome to the Furman Marching Arts, where our main goal is to provide a space where students are able to improve on spinning, dancing, twirling, and technique required. Open to all levels of experience, or lack thereof! Welcome to all!"
Furman Men's Club Lacrosse,CL,furman-men-s-club-lacrosse,Active,Public,Atheltics;Club Sports,"The Furman Club Lacrosse Team is an official club sport that competes in the NCLL (National Club Lacrosse League) Deep South Conference. We are a highly competitive group of individuals who love the game of lacrosse, and do all we can to make playing fun and enjoyable. Club lacrosse practices two times a week, and will play 5-6 games throughout the course of the year.","The Furman Club Lacrosse Team is an official club sport that competes in the NCLL (National Club Lacrosse League) Deep South Conference. We are a highly competitive group of individuals who love the game of lacrosse, and do all we can to make playing f..."
Furman Men's Club Soccer,FUMCS,men-s-club-soccer,Active,Public,Atheltics;Club Sports,The Furman Men's Club Soccer team travels around the southeastern United States competing against other collegiate club soccer programs. The team holds tryouts each fall semester and has both a fall and a spring season.,The Furman Men's Club Soccer team travels around the southeastern United States competing against other collegiate club soccer programs. The team holds tryouts each fall semester and has both a fall and a spring season.
Furman Men's Club Volleyball,FUMCV,furmanmcv,Active,Public,Atheltics;Club Sports,Men's Club Volleyball was founded in 2008 to allow male athletes to participate in a more competitive volleyball atmosphere. This year (2025-2026) our goal is to represent Furman with pride and team building not only by hosting tournaments but also by travelling to other schools to play some volleyball and create lifelong memories!,"Men's Club Volleyball is a space where guys can share experiences, relationships, and community on and off the volleyball court."
Furman Percussion Club,FPC,furman-percussion-club,Active,Public,Academic;Fine Arts,"The Furman Percussion Club has two major performances throughout the year, competes in national percussion competitions and participates in music festivals around the country. We host notable artists who specialize in new music for percussion.","The Furman Percussion Club has two major performances throughout the year, competes in national percussion competitions, and participates in music festivals around the country. We host notable artists who specialize in new music for percussion."
Furman Pre-Veterinary Club,Furman Pre-Vet Club,none,Active,Public,Academic;Community Service;Special Interest,"The Furman Pre-Veterinary Club provides exposure to various aspects of veterinary medicine through guest speakers, hands-on experiences, and community service opportunities. All animal lovers are welcome!","The Furman Pre-Veterinary Club provides exposure to various aspects of veterinary medicine through guest speakers, hands-on experiences, and community service opportunities. All animal lovers are welcome!"
Furman Pride Alliance,FPA,furman-pride-alliance,Active,Public,Diversity and Inclusion;Student Diversity Council Organizations,"The Furman Pride Alliance is a safe space for LGBTQIA+ students. Members can connect with other students, participate in queer events, and feel comfortable expressing themselves. Another focus of FPA is activism and education. All LGBTQIA+ people and allies are welcome!","The Furman Pride Alliance is a safe space for LGBTQIA+ students. Members can connect with other students, participate in queer events, and feel comfortable expressing themselves."
Furman Purple Diamonds,PD,purplediamonds,Active,Public,Atheltics;Diversity and Inclusion,"The purpose of the Furman University Purple Diamonds Majorette Dance Team is to create an atmosphere that promotes school spirit, provides entertainment at events, and represents the school and community at Furman University's athletic and student activities. The mission is to provide dancers with a successful and meaningful experience in a positive and healthy environment. Team members work towards maintaining high academic achievement, increasing their dance ability, positive sportsmanship, effective time management, and forming strong friendships. The success of this team is due to a strong commitment from the dancers and coaching staff. The dancers will always exhibit impeccable sportsmanship and positive attitudes toward team members, competitors, and the university staff.","The Purple Diamonds are a Majorette dance team that aims to create an atmosphere that promotes school spirits, provides entertainment at events, and represents the school and community at Furman University's athletic and student activities."
Furman SCUBA Club,FUSCUBA,fuscuba,Active,Public,Special Interest,"Furman SCUBA Club (FUSCUBA) is the perfect place for students interested in exploring the underwater world! Whether you're a certified diver or just curious about SCUBA, FUSCUBA offers opportunities to learn about diving, meet like-minded adventurers, and potentially embark on exciting dive trips. Join us to connect with others who share a passion for the ocean and discover the incredible experiences that SCUBA diving has to offer!","FUSCUBA brings together students interested in SCUBA diving to learn, explore and connect."
Furman Spikeball Club,FSC,furman-spikeball-club,Active,Public,Atheltics,"The purpose of Spikeball Club is to provide an environment to foster relationships, promote physical activity, and to cultivate the Furman student experience through the game of spikeball.","The purpose of Spikeball Club is to provide an environment to foster relationships, promote physical activity, and to cultivate the Furman student experience through the game of spikeball."
Furman Staff,Furman Staff,furman-staff,Active,Public,,,
Furman Triathlon Club,Tri Club,furman-triathlon-club,Active,Public,Atheltics,Furman University Triathlon Club Swim. Bike. Run.,Swim. Bike. Run.
Furman Trumpet Society,,furman_trumpet_society,Active,Public,Diversity and Inclusion;Fine Arts,,The Furman University Trumpet Society creates events and opportunities of musical and social enrichment for Furman students regardless of major as well as for alumni of Furman University from around the world.
Furman University Aikido Club,FAC,furman-university-aikido-club,Active,Public,Club Sports,"Aikido is a modern Japanese martial art that specializes in self defense and mind-body wellness. It focuses on the redirection of motion by using joint techniques and throws, while maintaining mental focus. Our club meets Mondays and Wednesdays from 3:30-5:00 to train in the Dance Studio on the second floor of the Furman Physical Activities Center. Beginners are welcome! The Furman University Aikido Club strives to promote personal well-being and harmony in daily life for all its members through martial arts training, specifically Ki Development and Shinshin Toitsu Aikido as taught by Master Koichi Tohei Sensei. Ki-Aikido emphasizes realizing the natural and original state of unity between mind and body and between self and the universe. Realizing this unity leads students to achieve their full potential in the classroom, at work, in athletics, the performing arts, and in daily life. The Furman University Aikido Club seeks to provide the means by which students can benefit from learning the principles of mind and body coordination. These principles can be learned by men and women of all ages. From children to senior citizens, we encourage everyone to practice together in a safe, compassionate manner. While Aikido is a Japanese art and we wish to preserve its beautiful traditions, anyone, regardless of philosophical and religious persuasion, is always a very welcome member of our organization.",Our club meets Mondays and Wednesdays from 3:30-5:00 to train in the Dance Studio on the second floor of the Furman Physical Activities Center.
Furman University American Choral Directors Association,FUACDA,fuacda,Active,Public,Fine Arts;Special Interest,"Furman University American Choral Directors Association (FUACDA) will serve to enrich the lives of Furman students interested in vocal ensembles and Choral Music Education by providing students with professional development workshops, opportunities to travel to conferences and conventions, and networking with other past, current and future choral directors, with the end goal of enriching the lives of students interested in/involved in choral activities.",Furman University American Choral Directors Association is a branch of the American Choral Directors Association to educate students on choral activities and provide opportunities to connect with peers and choral professionals.
Furman University American Sign Language Association,FUASLA,furman-university-asl-association,Active,Public,Diversity and Inclusion;Special Interest,Join us to learn American Sign Language; all levels are welcome from beginner to advanced! We strive to increase awareness about deaf culture and strengthen ties to the Greenville deaf population.,Join us to learn American Sign Language! All levels are welcome from beginner to advanced. We strive to increase awareness about deaf culture and strengthen ties to the Greenville deaf population.
Furman University Anime Club,Anime Club,anime-club,Active,Public,Media;Special Interest,"We're just a group of people who like anime. We meet up on Sundays at 2pm in Furman Hall 214 to watch anime, and sometimes we go to conventions along the southeastern coast. If you like anime or want to know what it is, join us!","We're just a group of people who like anime. We meet up once a week (Sundays 2pm-3:30pm @ Furman Hall #214) to watch anime and sometimes we go to conventions. If you like anime or want to know what it is, join us!"
Furman University Anthropology Club,Anthropology Club ,anthropologyclub,Active,Public,Academic,"The Furman University Anthropology Club works to promote the field of anthropology throughout Furman University, offer networking connections to students who are interested in the field of anthropology, and to grant students the opportunity for outside of class learning experiences including guest lectures and field trips! Students of all majors and grade levels are welcome to join us to talk about the important conversations, ideas, and issues of the field today!","If you are an anthropology major, interested in the field, or are interested in human cultures of the past and present join us at Anthropology Club! All majors and years are welcome! Join us and make lasting connections with likeminded individuals!"
Furman University Army ROTC Paladin Battalion,ROTC,www-furman-edu-academics-militaryscience-pages-def,Active,Public,Academic;Atheltics;Club Sports;University Department/Office;Community Service;Special Interest,The Reserve Officers Training Course (ROTC) is a college program that prepares young adults to become Officers in the United States Army upon successful completion of both their academic and military requirements.,The Reserve Officers Training Course (ROTC) is a college program that prepares young adults to become Officers in the United States Army upon successful completion of both their academic and military requirements.
Furman University Arts and Crafts,FUAC,furman-university-arts-and-crafts,Active,Public,Special Interest,Furman University Arts and Crafts is an organization that aims to provide a welcoming environment for students interested in making art and handmade crafts from various cultures. This is a casual space for students of all skill levels to help them de-stress and encourage positive emotions by arts and crafts.,Furman University Arts and Crafts fosters an inclusive community where students of all skill levels can explore diverse artistic and handcrafted traditions in a casual and de-stress space.
Furman University Asia Association ,,asia,Active,Public,Diversity and Inclusion;Student Diversity Council Organizations;Special Interest,"Furman University Asia Association meets to promote Asian culture by bringing all the fun and festivities of Asia to Furman campus. Our activities include cooking workshops, games, fundraising events, movie nights, celebrating popular festivals in Asia, potlucks, and much more. We welcome everyone regardless of cultural background to come celebrate, learn, and enjoy Asian culture with us!",Furman University Asia Association meets to promote Asian culture by bringing all the fun and festivities of Asia to Furman campus.
Furman University Bee and Pollinator Club,FUBAP,furmanuniversitybeeclub,Active,Public,Special Interest,"The Furman Bee Club (FUBC) is dedicated to the care of the honeybee hive located at the solar farm, here on Furman's campus. Members will recieve training in proper beekeeping techniques before employing them in care of the hive. Hands-on interaction with bees will not be required as the club will also host outreach groups to inform the Furman population about the necessity of pollinators and what we can do to save their populations. Outreach events may also take the form of hands-on activities where members attempt to make Furman's campus more pollinator friendly through native wild flower patches and bee hotels. Join our GroupMe to stay in touch! https://groupme.com/join_group/85886145/T2ZHYWUA","The Furman University Bee Club is dedicated to supporting and upkeeping our pollinator friends on campus. This will include duties such as regular checks on the Furman honeybee hive, developing outreach programs, and making the campus more bee-friendly."
Furman University Car Club,FUCC,fucarclub,Active,Public,Special Interest,"Furman University Car Club was founded in Spring 2023. Since, we have gone to various car events throughout the area. We attend car meets like Cars & Coffee in Greenville, NASCAR races, play Motorsports Racing Simulators, and explore roads throughout the Upstate. We offer car photography & some vehicle maintenance/modification services.",Furman University Car Club is an organization that provides a friendly learning environment to anyone who has an interest in cars and wants to learn more about them.
Furman University Chapter of Ducks Unlimited,Furman DU,furman-university-chapter-of-ducks-unlimited,Active,Public,Community Service;Special Interest,"The purpose of the Furman University Chapter of Ducks Unlimited is to inform students about the need to conserve North America’s wetlands, and the many important ways that each person can help in conservation, restoration, and protection. In doing so, we will raise money for conservation through various fun activities throughout the year. Join your fellow classmates on campus and participate in the fun and excitement of our Ducks Unlimited chapter.","The purpose of the Furman University Chapter of Ducks Unlimited is to inform students about the need to conserve North America’s wetlands, and the many important ways that each person can help in conservation, restoration, and protection of wetlands."
Furman University Chinese Student Association,FUCSA,furman-university-chinese-student-association,Active,Public,Diversity and Inclusion;Fine Arts;Student Diversity Council Organizations,Furman University Chinese Student Association (FUCSA) is an organization that consists of Students with Chinese heritage as well as students interested in the Chinese culture.,Furman University Chinese Student Association (FUCSA) is an organization that consists of students interested in China and Chinese students. We focus on spreading our culture and history in fun and unique ways to Furmans campus.
Furman University Club ,FUCR,furman-running-club,Active,Public,Atheltics;Club Sports,"The Furman University Running Club team provides a supportive and energetic community for all runners on Furman's campus. It offers a fun, friendly and hardworking atmosphere while encouraging runners of all abilities as they work toward their goals and potential.","A supportive and energetic community for all runners on Furman's campus. We offer a fun, friendly and hardworking atmosphere while encouraging runners of all abilities as they work toward their goals."
Furman University Club Baseball,Club Baseball,furman-university-club-baseball,Active,Public,Atheltics;Club Sports,"Furman Club baseball is a competitive intercollegiate program. It is the goal of this program to provide Furman students the opportunity to continue their baseball careers at a high caliber level while exhibiting good sportsmanship, commitment, and passion for not only the game of baseball, but for also for being a member of a team. We play in the National Club Baseball Association, one of the fastest growing club baseball leagues.",Furman Club Baseball provides students with the ability to play baseball at Furman University. FUCB plays against other collegiate club baseball programs.
Furman University Club Golf,Furman Club Golf,furman-university-club-golf,Active,Public,Club Sports,Club Golf’s goal is to promote a fun but competitive environment in which golfers can compete with other collegiate players on a similar level of ability at premiere golf venues throughout the Southeast.,Club Golf’s goal is to promote a fun but competitive environment in which golfers can compete with other collegiate players on a similar level of ability at premiere golf venues throughout the Southeast.
Furman University Club Swim Team,Club Swim,furman-club-swim-team,Active,Public,Atheltics;Club Sports,"Furman Club Swim Team provides the opportunity for swimmers of all levels of ability, background and experience to train, compete, and have fun as a team. For Fall 2025, we will have weekly practices on Tuesdays, Wednesdays, and Thursdays from 4-5. Swimmers are not required to attend a set number of practices or meets; however, attendance is highly encouraged! We will compete in College Club Swimming meets this fall, and spring on other college campuses. It is a great way to meet and train with swimmers from all different backgrounds towards whatever goals you have for your athletic pursuits!","The goal of the Furman Club Swim Team is to provide an opportunity for swimmers of all ability levels and background experiences to train, compete and have fun. Contact the President for more details."
Furman University Club Tennis,Club Tennis,furman-university-club-tennis,Active,Public,Club Sports,"Furman University Club Tennis membership is open to players of all levels. The travel team will travel 2-3 times per semester to tournaments sponsored by the USTA Tennis on Campus program. For more information about the USTA Tennis on Campus program, visit http://www.tennisoncampus.com. Practices will be held 2 times during the school week and all are welcome to come as anyone can be on the practice team.",Furman University Club Tennis membership is open to players of all levels. Our more competitive players travel 2-3 times per semester to tournaments sponsored by the USTA Tennis on Campus program. Practices will be held at least twice a week.
Furman University Cryptology Club,FU Cryptology,fu-cryptology,Active,Public,Academic;Special Interest,"What do Escape the Rooms, the movie ""The Imitation Game"", and ancient Egyptian hieroglyphics all have in common? They are all related to code-breaking, otherwise known as cryptology. Each presents a puzzle in which there is a unknown piece of information that must be discovered through clever logic, working backwards from the encrypted or known piece of information. The process of decrypting a ciphertext, as they are called, is like a puzzle in which one can harness math, linguistics, computation, and history to deduce what the original message was.",Come join the Furman University Cryptology Club to work on collaborative codebreaking and puzzle solving! No specialized background is required and we welcome faculty and students from all disciplines.
Furman University Cycling Team,Furman Cycling Team,furman-university-cycling-team,Active,Public,Atheltics;Club Sports,The Furman Cycling Team is a club team at Furman University. The team competes regionally in the South Eastern Collegiate Cycling Conference (SECCC) and nationally under USA Cycling. The team has won numerous national titles on the road and in cyclocross.,The Furman Cycling Team is a club team at Furman University. The team competes regionally in the South Eastern Collegiate Cycling Conference (SECCC) and nationally under USA Cycling. The team has won numerous national titles on the road and in cyclocross
Furman University Dance Club,FUDC,furman-university-dance-club,Active,Public,Atheltics;Fine Arts;Special Interest,"Classes are Tuesday Nights from 8:30-9:30pm! Location: PAC Dance Studio Each week is a new style and a chance to try something new! Styles include ballet, jazz, hip hop, and more! Take a break, get some exercise and, most importantly, have fun!","Furman University Dance Club provides weekly dance classes taught by a professional or by fellow students. Class for ALL levels from 8-9pm on Wednesday's. Location: PAC Dance Studio Styles included: Ballet, Modern, Jazz, Hip Hop, and more!"
Furman University Data Science and Machine Learning Club,Data Science Club,data_science,Active,Public,Academic;Programmatic;Special Interest,"The Furman University Data Science Club is a student-run organization that aims to create a group of people equipped with all the skills needed for the data science field, with capstone projects and helping researchers all around campus with data-related research. We hope to educate members through student, faculty and guest-speech-led discussions; in conjunction with projects using the application of data science in numerous fields. Similarly, we aim to explore machine-learning concepts in real-world data to strengthen the skill.","Furman University Data Science Club creates a community focused on developing data science skills through hands-on projects, research support, and discussions. We also explore real-world machine learning applications to deepen our expertise."
Furman University Disc Golf,FUDG,fudg,Active,Public,Atheltics,"Welcome to FUDG! Every weekend we will vote on a time and place to play a round and have some fun. All skill levels are welcome to play and learn the sport of disc golf. While bringing your own golf discs is highly recommended we have discs that are free to borrow if you are taking more of a casual angle to the club. If you want to or already take the sport more competitively, we can possibly enter individuals into local tournaments. If we get enough dedicated members we could create an official college disc golf team and compete nationally. While currently we just get together to throw discs and have fun, this club has a lot of opportunity to grow into something incredible.",FUDG is Furman's disc golf club where members get together to play rounds or tournament events casually or competitively around the city of Greenville. If we get a dedicated group of players we can create a college team and compete as well in the future!
Furman University East European and Eurasian Student Association,FU EEESA,fu-east-european-eurasian-student-association,Active,Public,Diversity and Inclusion;Student Diversity Council Organizations,"The organization will host events and activities sharing cultures, music, food, history, art etc. of East European and Eurasian countries, which will help students from these countries feel more home away from home and bring their valuable perspectives. Moreover, it will help American or other international students better understand people with different backgrounds, develop cultural awareness, and just try out new interesting things!","The purpose of FU EESA is to provide an environment for people of similar cultures and backgrounds to get together, as well as to share insights about East European and Eurasian countries with other interested Furman students."
Furman University Engineering Club,FUEC,engineering,Active,Public,Academic;Special Interest,"The Furman University Engineering Club is dedicated to giving students engineering and building opportunities, we invite speakers in engineering for CLPs, host workshops on different constructing and engineering skills, like soldering or using power tools, and on building a robotics/competition team at Furman. We want to give students at Furman these opportunities, to build up their resumes and skill sets and offer students the opportunity to enjoy engineering and physics in a low-pressure environment to help build enthusiasm around the field of engineering.","The Furman University Engineering Club is dedicated to giving students engineering and building opportunities, through speakers, workshops, and preparing student for engineering competitions, like on a robotics team. This club is open to all students."
Furman University Equestrian Team,FUET,furman-university-equestrian-team,Active,Public,Atheltics;Club Sports,"The Furman University Equestrian Team (FUET) is a club sports organization open to any full-time undergraduate student. We are a hunt seat team and compete in Zone 5, Region 3 of the Intercollegiate Horse Show Association (IHSA). Riders of all skill levels and experience are welcome to the team. We ride with Leslie Krieger and Muffin Forrester of Top Call Farm.","The Furman University Equestrian Team (FUET) is a club sports organization open to any full-time undergraduate student. We are a hunt seat team and compete in Zone 5, Region 3 of the Intercollegiate Horse Show Association (IHSA)"
Furman University Fashion Students,FUFS,fufs,Active,Public,Fine Arts;Special Interest,,"FUFS is a community of students who are interested in or passionate about fashion. We celebrate creativity, diversity, and self-expression, providing a space for members to connect and share their love for all things fashion."
Furman University Film Club,FuFC,furmanfilmclub,Active,Public,Media;Fine Arts;Special Interest,,"The purpose of FUFC, shall be to provide a space for Furman students who are lovers of film where we can watch, discuss, analyze, and form opinions on films to gain a deeper understanding of the media."
Furman University Fish and Fly Club,FU FFC,fishandfly,Active,Public,Community Service;Special Interest,The Furman University Fish and Fly Club promotes fishing and fly fishing as a form of outdoor recreation. The club also aims to bring together students and faculty to provide opportunities to learn about fishing and to develop a conservation ethic.,The Furman University Fish and Fly Club promotes fishing and fly fishing as a form of outdoor recreation. The club also aims to bring together students and faculty to provide opportunities to learn about fishing and to develop a conservation ethic.
Furman University FUtones,FUtones,furman-futones,Active,Public,Fine Arts,"The FUtones, Furman's only co-ed a cappella group, love to sing and have fun doing it! We perform arrangements of popular music at a high level of excellence at campus and community events, have one major concert per semester, and occasionally collaborate with other groups on campus!","The FUtones, Furman's only contemporary co-ed a cappella group, love to sing and have fun doing it! We perform arrangements of popular music at a high level of excellency at campus and community events and have one major concert per semester!"
Furman University Global Health Alliance,FUGHA,fugha,Active,Public,Academic;Diversity and Inclusion;Community Service;Special Interest,Furman University Global Health Alliance serves as an organization to give students the chance to pursue health related service opportunities. Our mission is to promote and improve the health of individuals in the community and around the world,Furman University Global Health Alliance serves as an organization to give students the chance to pursue health related service opportunities. Our mission is to promote and improve the health of individuals in the community and around the world.
Furman University Gospel Ensemble,FUGE,furman-university-gospel-ensemble,Active,Public,Media;Diversity and Inclusion;Fine Arts;Programmatic;Religious Council;Community Service;Special Interest,"The Furman University Gospel Ensemble is a nondenominational organization whose purpose is to minister to people through the singing of gospel music in the African American tradition. The choir performs on campus, in area churches, and throughout the community and the state. The Gospel Ensemble also serves as an instrument for the promotion of religious and cultural awareness and diversity.","The Furman University Gospel Ensemble is a nondenominational organization whose purpose is to minister to people through the singing of gospel music in the African American tradition. The choir performs on campus, in area churches, and throughout the c..."
Furman University Grill Club,FU Grill Club,grillclub,Active,Public,Special Interest,,"A laid back club where all are welcome to come socialize, have fun, and fire up the grill. Check out our instagram announcements if you want to cook to theme, otherwise you can bring whatever you want to throw on the grill."
Furman University Health Majors Club,Health Majors Club,fu-health-majors-club,Active,Public,Academic;University Department/Office;Diversity and Inclusion;Special Interest,"The Furman University Health Majors Club is dedicated to educating and informing prospective and declared students in health-related majors about potential careers and graduate/professional school opportunities. The Health Majors Club also exists to facilitate peer mentorship through our various events and will seek to empower our members to become well-informed and proactive contributors to the field of health. In addition, we strive to be an inclusive and social space for all health-related majors, ensuring that every student can find support and guidance as they navigate the diverse pathways within the health field.",The Health Majors Club informs prospective and declared students in health-related majors about potential careers and graduate/professional opportunities. We facilitate peer mentorship and empower members to positively contribute to the health field.
Furman University HOSA - Future Health Professionals ,FU HOSA,fu_hosa,Active,Public,Special Interest,"HOSA is a global organization with the mission to empower future health professionals to become leaders in the global health community, through education, collaboration, and experience. We will provide opportunities to compete in the state and international HOSA competitions in a variety of events including medical terminology, pharmacology, EMT skills, biotechnology, and more, meetings highlighting different healthcare professions, and involvement in a community of pre-health students!","HOSA is a global organization with the mission to empower future health professionals to become leaders in the global health community, through education, collaboration, and experience."
Furman University International Student Association,FUISA,furman-university-international-student-associatio,Active,Public,Diversity and Inclusion;Student Diversity Council Organizations,"FUISA is the home for international students at Furman. However, its membership is open to the entire Furman campus. The purpose of FUISA is to provide opportunities for international and US students to interact socially, to help the international students in their adjustment to US culture, and to raise campus awareness of cross-cultural issues. FUISA will also seek to sponsor events with other organizations and promote open dialogue with these groups to encourage greater support for international events on campus.","FUISA is home for international students at Furman. Its membership is open to the entire Furman campus. The purpose of FUISA is to provide opportunities for international and US students to interact socially, and create connections that bridge cultures."
Furman University Investment Club,FUIC,furman-university-investment-club,Active,Public,Academic;University Department/Office;Special Interest,The Furman University Investment Club (FUIC) is a student-run campus organization that serves as the sub-advisor for a minority portion of the Furman endowment. The primary goal of FUIC is to give students the opportunity to learn about investments through real-world trading. A secondary goal is to maximize returns while investing assets under management prudently.,The Furman University Investment Club (FUIC) is a student-run campus organization that serves as the sub-advisor for a minority portion of the Furman endowment. The primary goal of FUIC is to give students the opportunity to learn about investments thr...
Furman University Jazz Ensemble,Jazz Ensemble,furman-university-jazz-ensemble,Active,Public,Academic;Fine Arts,"The Jazz Ensemble performs the best big band literature in jazz, Latin and fusion, entertaining groups with concerts on campus and throughout the state. Membership is by audition and open to all interested students, music major and non-major alike. Outstanding guitar, bass, drum set and jazz piano students team up with saxophone, trombone and trumpet musicians to prepare several performances throughout the year. As part of the jazz program, quartets and small combos branch out to explore literature for smaller ensembles.","The Jazz Ensemble performs the best big band literature in jazz, Latin and fusion, entertaining groups with concerts on campus and throughout the state. Membership is by audition and open to all interested students, music major and non-major alike."
Furman University Libraries,,furmanuniversitylibraries,Active,Public,,"Why are our libraries among the top ranked in the nation for student satisfaction? We seek to engage, enlighten, and empower our students and provide them with the resources and services to excel in their studies. Whether you're researching the work of a 19th century artist or seeking the latest finding in a cell biology journal, Furman's library system can help. Our friendly and knowledgeable librarians are devoted to student learning and research support. They can help navigate our collection of more than one million resources, including books, e-books, journals, films, music, images and electronic databases. The centerpiece of the library system is the James B. Duke Library, which houses more than 600,000 volumes. Take advantage of our Special Collections to find unique historical documents, photographs and artifacts or browse for digital versions of some of these resources through the Digital Collections Center. If you’re looking for specialized libraries located closer to your classes, visit the Sanders Science Library or the Maxwell Music Library. With so many options available, it’s no surprise that our libraries are a frequent destination for studying, meeting friends, conducting research, and enjoying campus events. JAMES B. DUKE LIBRARY With everything from a 24-hour study room to a wealth of academic resources, our main library is the intellectual center of the university. Study with us. SPECIAL COLLECTIONS AND ARCHIVES Browse photographs, manuscripts, artifacts, and books that document the history of Furman, South Carolina Baptists, notable local poets, and the Upstate. DIGITAL COLLECTIONS CENTER Explore over 50,000 unique digital resources online. We provide access to photographs, books, oral histories, videos, manuscripts, and more. Go digital. MAXWELL MUSIC LIBRARY The Robert J. Maxwell Music Media Center and Library offers a wealth of resources that other schools our size simply don't have. Listen in our music library. SANDERS SCIENCE LIBRARY Looking for resources, expert help, or a great place to study? The science library will help you bridge your education between the classroom and lab. Conduct research.","Furman University is a school driven by academics and has amazing resources to support our students, including three libraries, digital collection, and special collections"
Furman University Linguistics Club,FULingo,linguisticsclub,Active,Public,Academic,"Willkommen, Bienvenue, Bienvenidos, χαῖρε, よろしくお願いいたします, whatever language fits your style: Welcome to Linguistics Club, the place for all things language or linguistics! Linguistics Club welcomes students of all disciplines who are interested in studying the languages of the world, or even from out of this world. Come join us for regular meetings, conlanging events, discussion of interesting linguistic phenomena, and more!","/wɛlkəm lɪŋɡwɪsts/! If linguistics or anything language interests you, please consider joining Linguistics Club!"
Furman University Men's Rugby,Furman Rugby,furman-univeristy-men-s-rugby,Active,Public,Atheltics;Club Sports,"With 3 national championships and 7 conference championships all in the last 15 years, Furman Men's Rugby is without doubt the most successful club sport at Furman. Furman Rugby welcomes any athletic students to join the brotherhood and play this adrenaline-pumping sport.","With 3 national championships and 7 conference championships all in the last 10 years, Furman Men's Rugby is without doubt the most successful club sport at Furman. Furman Rugby welcomes any athletic students to join the brotherhood."
Furman University Middle Eastern North African Club,F.U. MENA,syncdin,Active,Public,Diversity and Inclusion;Student Diversity Council Organizations,"Cultural Awareness and Education: FU MENA will organize events, workshops, and lectures that shed light on the various cultures and traditions within the MENA region. This not only benefits our members but also enriches the overall cultural awareness of the Furman community. By learning about the customs, languages, art, and cuisines of this region, our organization will help bridge cultural gaps and promote a more inclusive campus environment. Fostering Inclusivity: Our organization is committed to creating an inclusive space for all students, regardless of their backgrounds. By celebrating the diversity within the MENA region, we provide an opportunity for students to engage with and appreciate different perspectives, ultimately fostering a more inclusive campus community. Community Engagement: FU MENA will actively engage with the larger community through cultural events, volunteering, and collaborative initiatives. By connecting with local organizations and businesses, we hope to strengthen Furman's ties with the broader community while also showcasing the importance of intercultural dialogue and cooperation. Religious and Spiritual Understanding: While FU MENA is not primarily a religious organization, the MENA region is home to various religious traditions, including Islam, Christianity, Judaism, and others. We aim to provide a platform for open and respectful discussions about religion and spirituality in the context of the MENA region, contributing to a vibrant religious and spiritual community at Furman.","F.U. MENA is to spread awareness about the MENA region. We will showcase the food, dance, and music of the MENA region. Join our GroupMe using this link: https://groupme.com/join_group/97632235/lfYYfOeA"
Furman University Model United Nations,FUMUN,fumun,Active,Public,Academic;Political,,"FUMUN allows students to act as delegates to learn about, discuss, and debate current global issues."
Furman University Music Composition Society,Music Composition Society,musiccompositionsociety,Active,Public,Fine Arts,"The purpose of the Music Composition Society is to create a space and community centered around music composition that can include composition majors, other music-majors who take composition lessons or classes, or non-majors who are simply interested in the art of composition. The organization will meet to discuss ongoing composers’ pieces in both composition lessons and seminars, broad discussions of composition processes, and ways to support each other in our musical ventures. Other goals include connecting Furman composers both locally with Furman alumni composers, or non-alumni composers in the area, as well as contacting composers abroad who may already be visiting Furman or would be willing to travel. Finally, the organization will promote outreach that engages and inspires the local area in the art of composition.","The Music Composition Society fosters a community for composers, regardless of which music major, if any. We discuss works, composition processes, and support each other. Goals include networking with composers and promoting composition outreach."
Furman University News Channel,FUNC,func,Active,Public,Media,"The Furman University News Channel, or FUNC, is a news and announcements show for campus. We produce student media that highlights all of the events and organizations at Furman, and publish our content to Furman Cable Channel 20, YouTube, Instagram, , our website (www.cantstopthefunc.com), and our mobile app (Furman Now).",FUNC is an organization for Furman student-produced television. Our principle aims are to foster the collaborative education of students with interests in broadcast communications and television production and to produce daily video content for campus.
Furman University News Channel Radio,FUNC Radio,func-radio,Active,Public,Media;Special Interest,Furman took to the airwaves in 1940 when alumnus and trustee Roger C. Peace provided the university with its first studio. Today we're FUNC Radio! A radio by the students for the students. You can find us on the Live365 app or website.,Furman took to the airwaves in 1940 when alumnus and trustee Roger C. Peace provided the university with its first studio. Today we're FUNC Radio! A radio by the students for the students. You can find us on the Live365 app.
Furman University Office of Spiritual Life,,spirituallife,Active,Public,University Department/Office,"For many, college may be the first time you're exploring faith away from home. We're here to act as a sounding board for whatever questions you might have. Maybe you've grown up in one faith but have always been curious about another, or maybe you didn't grow up in a particular faith tradition and want to know how to start the conversation. Maybe you want to talk with someone about how what you've learned from your church, temple, mosque, or synagogue connect with what you're learning in class. Whatever your faith questions might be, we're glad to ask them with you. We host lectures and discussions around topics of spiritual growth and social justice and are the home base for all Campus Ministries and Religious Groups. Our Exploration of Vocation and Ministry program offers an open and diverse community to reflect upon vocation through bi-weekly peer-group meetings and internships in fields of ministry or nonprofit work or whatever your calling may be.","Our purpose is to help you grow more deeply in your own spiritual journey as you ask the questions we all face about life, calling, and what matters most to us."
Furman University Outdoors Club,FUOC,furman-university-outdoors-club,Active,Public,Programmatic;Student Government and Class Pages,"Exploration. Fear. Triumph. Beauty. It is the mission of the Furman University Outdoors Club (FUOC) to create and support a community of students aimed at experiencing the natural world. To join our mailing list and stay in the know on such experiences, press the ""Join"" button on this page. To sign up for trips and become a member, go to rec.furman.edu",Exploration. Fear. Triumph. Beauty. It is the mission of the Furman University Outdoors Club (FUOC) to create and support a community of students aimed at experiencing the natural world.
Furman University Pauper Players,Pauper Players,pauper-players,Active,Public,Fine Arts,"The purpose of Furman Pauper Players is to perform high-quality musical theatre productions at Furman University and to provide motivated students of any major or background with the opportunity to sharpen their skills in leadership, communication, performance, cooperation, and responsibility. Our mission is to make musical theatre accessible for all students regardless of their major or level of experience.",Pauper Players is Furman's fully student-run musical theatre organization. Pauper Players performs two full main stage musicals each year along with smaller cabaret-style performances throughout the year. Pauper Players is open to students of all majors.
Furman University Philosophy Club,Phi House,furman-university-philosophy-club,Active,Public,Academic,"The Furman University Philosophy Club (Phi House) is a student-run organization devoted to promoting philosophical engagement and discourse across campus. We believe that philosophy is about more than big, fancy words like ""metaphysics."" It is about thinking well together so that we can live better, more meaningful lives. In light of this understanding, Philosophy Club seeks to establish spaces on campus where anyone and everyone, regardless of major, can come and talk about things that matter. Come join the party!","The Furman University Philosophy Club (Phi House) is a student-run organization devoted to promoting philosophical engagement and discourse across campus. We believe that philosophy is about more than big, fancy words like ""metaphysics."" It is about th.."
Furman University Ping-Pong Association,FUPA,fupa,Active,Public,Atheltics;Special Interest,,The Furman University Ping-Pong Association serves to hold events and practices centered around the game of ping-pong.
Furman University Pre-Dental Club,FUPDC,fupdc,Active,Public,Academic;Community Service,"FUPDC serves as a resource for students to explore a future career in dentistry. Our mission is to promote and improve oral care, treatment, and education through various programs as we believe oral health is the foundation of overall health. As an organization, FUPDC ascribes to the values of PRIDE: professionalism, respect, integrity, diversity, and excellence. We seek to embody these values in our efforts to better both FUPDC and the community. FUPDC is guided by the belief that everyone should have access to quality dental care to improve his or her own overall health. We believe that this vision can provide a brighter future for everyone in our university and in our community.","FUPDC serves as a resource for students to explore a future career in dentistry. Our mission is to promote and improve oral care, treatment, and education through various programs as we believe oral health is the foundation of overall health"
Furman University Responders ,FUR,furman-university-responders,Active,Public,Academic;Programmatic;Community Service,"Furman University Responders is a way for Furman Students to get medical training, connect with like-minded students, volunteer at first aid stations with the MAT, respond as EMTs with FUEMS, and complete training to become EMT, EMR, First Aid, and/or CPR certified. We offer various medical-centered events throughout the year, including guest speakers and medical training courses such as CPR/AED/First Aid and Stop the Bleed training. Our goal is to expose Furman students to the world of medicine through direct exposure and training. To request for the Medical Aid Team to provide first aid at your on-campus event, or to request for a CPR/AED/First Aid class for your Furman group, please fill out the appropriate form below under ""forms"". You can register to join the Medical Aid Team here: Click here to join the MAT You can register to join Furman University Emergency Medical Services here: Click here to join FUEMS For questions about joining or the club in general, feel free to reach out to our contact!","Furman University Responders is a way for Furman Students to get medical training, connect with like-minded students, volunteer at first aid stations, and complete training to become EMR, First Aid, and/or CPR certified."
Furman University Rock Climbing,,climbingclub,Active,Public,Club Sports,"For those who scale walls, not walk around them. The Furman University Climbing Club brings students of all abilities and skill levels together with the common goal of pushing comfort zones and achieving new heights (personally and literally). From indoor walls to 500-foot mountain faces, the Climbing Club hosts get togethers and trips for everything climbing. Also within the Climbing Club, we encourage motivated students to join the competitive climbing team to prepare for local, regional, and national competitions. No experience required, just reach out to any club officers for more information! Be sure to join our SyncDIN to be added to our group-chats and mailing list.","For those who scale walls, not walk around them. The Furman University Climbing Club brings students of all abilities and skill levels together with the common goal of pushing comfort zones and achieving new heights, both personally and literally."
Furman University Singers ,Furman Singers ,furmansingers,Active,Public,Academic;University Department/Office;Fine Arts,"Founded in 1946, Furman Singers is one of the premier collegiate ensembles in America. The group tours across the United States and Europe, showcasing a repertoire that covers everything from Renaissance motets to the finest choral music of the 20th century. Singers is open to majors and non-music majors, but auditions are required.","Founded in 1946, Furman Singers is one of the premier collegiate ensembles in America. The group is made up of students that are music majors and non-music majors, but auditions are required"
Furman University Social Dance Society,FUSDS,fusds,Active,Public,Special Interest,"Dancing is a great way to exercise, causally socialize, and a safe space to step outside your comfort zone... Plus it is just spectacularly fun. FUSDS was started by those who strongly believed in this idea, and continue to pass it down through energetic and ingenuitive members. We love all forms of ""country"" dance, from Swing dancing to Contra dancing, and we are always open to more fun dancing styles and ideas.",A group of students interested in social and community dances from all over the United States and the world.
Furman University Student Activities Board,FUSAB,furman-university-student-activities-board,Active,Public,Special Interest,"The mission of FUSAB is to provide entertainment for the student body according to campus interests while also providing opportunities for students to have experiences that they may not otherwise have. FUSAB instills in its members a sense of leadership, organization, cooperation, and innovation. FUSAB’s activities reflect the board belief that entertainment is multi-faceted and can encompass a wide array of activities, including those that are educational and cultural. Types of events include those both on and off campus, concerts, tailgates, and more.",The mission of FUSAB is to provide entertainment for the student body according to campus interests while also providing opportunities for students to have experiences that they may not otherwise have.
Furman University Student Entrepreneurship Association,FUSEA,fusea,Active,Public,Academic;Special Interest,"Furman University’s premier student-led entrepreneurship group, where students come to launch their ideas, ventures and future! MISSION: To grow entrepreneurial leaders on campus to prepare students for success after college!",Mobilizing Furman's leading student entrepreneurs to launch individual and group ventures
Furman University Women in Economics ,FUWIE,fuwie,Active,Public,Academic;Diversity and Inclusion,"Furman University Women in Economics (FUWIE) is an organization centered around bringing together women with a passion for economics. FUWIE’s mission is to help those women develop their academic and career paths alongside other women with similar interests, forming a strong support system before they enter the male-dominated professional field. To foster community, FUWIE hosts events such as panels, social events, and lectures to help connect undergraduate women and other students to older students, recent graduates, and women with well-established careers.","Furman University Women in Economics (FUWIE) is an organization centered around bringing together women and other students with a passion for economics through panels, social events, lectures, and mentorship opportunities."
Furman Vietnamese Student Association,FVSA,fvsa,Active,Public,Diversity and Inclusion;Student Diversity Council Organizations,,"Welcome to the Furman Vietnamese Student Association (FVSA), where we celebrate and share the vibrant culture of Vietnam through traditions, cuisine, and arts. Join us to experience the richness of Vietnamese events all year round!"
Furman Wesley Fellowship,Wesley Fellowship,furman-wesley-fellowship,Active,Public,Religious Council,"The Wesley Fellowship is a group of Christian students supported by the United Methodist Church. Our Weekly Gatherings are on Tuesday nights in the Garden Room [Chapel] beginning at 8pm. While the structure and the emphasis of the group is founded on the principles of Methodism, our members represent a wide variety of different faith backgrounds. John Wesley, the founder of the Methodist movement, had a strong commitment to living the life of faith, not just talking about it. The Wesley Fellowship at Furman also tries to put our faith into action. We do this through weekly programs, Bible Study, missions, retreats, fun outings of fellowship, and much more. Our weekly gatherings consist of dynamic music, powerful speakers, challenging conversations, and prayer.","The Wesley Fellowship is a group of Christian students supported by the United Methodist Church. Not all the students in the group are United Methodist, but the structure and the emphasis of the group are founded on the principles of United Methodism."
Furman Women in Business,FWIB,fwib,Active,Public,Special Interest,"FWIB's mission is to assist these women in developing their academic and career paths alongside other women with similar interests, forming a robust support system before they enter the professional field, which historically has been male-dominated. The purpose of Furman Women in Business is to provide greater opportunities for community building within the male-dominated major and field of business. To achieve this, Furman Women in Business hosts events such as alumni panels, social gatherings, and networking opportunities to connect undergraduate students across the curriculum and establish connections with older students, recent graduates, alumni, and female professionals in the community with well-established careers.","Furman Women in Business is an organization centered around uniting women with a passion for business. We focus on building connections, preparing for careers after college and showcasing the unique paths and successes of women in the professional world."
Furman Women's Club Soccer,Women's Club Soccer,furman-women-s-club-soccer,Active,Public,Club Sports,"For soccer players with a love for the game and looking for competitive fun. Club soccer is an awesome way to continue playing. Come join our family! Instagram: @furmanclubsoccer Contacts: Gigi Sessions: (904)947-2629, sessga6@furman.edu Elisa Fajardo Henry: (502)592-4540, fajael3@furman.edu",For soccer players with a love for the game and looking for competitive fun. Club soccer is an awesome way to continue playing. Come join our family! Instagram:@furmanclubsoccer Gigi Sessions: 9049472629 Elisa Fajardo Henry: 5025924540
Furman Women's Rugby,,womenrugby,Active,Public,Atheltics;Club Sports,"Furman Women’s Rugby Club is an inclusive organization committed to fostering teamwork, resilience, and athletic excellence. As a newly established club, we aim to introduce the sport of rugby to students of all skill levels, from beginners to seasoned players. The club is dedicated to building a strong community on and off the field, promoting physical fitness, sportsmanship, and leadership. Members have the opportunity to develop rugby skills, participate in competitive matches, and engage in team-building activities. Furman Women’s Rugby Club is more than just a sports team; it’s a supportive environment where players can challenge themselves, create lifelong friendships, and contribute to a legacy of women’s sports at Furman.","Furman Women’s Rugby Club is an inclusive team promoting teamwork, resilience, and athleticism. Open to all skill levels, it fosters fitness, sportsmanship, and leadership, helping members build skills, compete, and form lasting friendships."
Furman Young Democratic Socialists of America,FU-YDSA,ydsa,Active,Public,Political;Special Interest,"Furman YDSA is Furman's chapter of the Young Democratic Socialists of America, the student section of the Democratic Socialists of America. We are helping to build a democratic movement to win political power for the multiracial working class and end plutocracy, racial and gender oppression, imperialism, environmental destruction, and ultimately, capitalism itself. It's no easy task, which is why we hope you'll join us!","Furman YDSA is Furman's chapter of the Young Democratic Socialists of America, the student section of the Democratic Socialists of America. We are building a movement to win political power for the working class and end capitalism. We need your help!"
Gilpatrick Historical Society,Gilpatrick,gilpatrick,Active,Public,Academic;Special Interest,"The student club of the History Department. Open to all. Meetings will consist of consumption of historical snacks, creation of historical crafts, viewing of historical films, guest lectures on historical topics, and field trips to historical sites. For more information, follow us on Instagram @gilpatrickatfurman.","The student club of the History Department. Open to all. Meetings will consist of consumption of historical snacks, creation of historical crafts, viewing of historical films, guest lectures on historical topics, and field trips to historical sites."
GIS & Mapping Club,,gis_and_mapping_club,Active,Public,,"At the GIS & Mapping Club, we explore Furman's campus and the wider world through mapping technology. It's the perfect space for anyone curious about places, data, or visual storytelling. No prior experience with GIS is needed—just bring your curiosity. GIS is a tool used across countless fields, from visualizing disease spread in public health to mapping election data in political science and monitoring urban forestry for sustainability. Our club is designed to foster interdisciplinary collaboration, encouraging students from all majors to connect their interests through the power of maps.","At the GIS & Mapping Club, we explore Furman's campus and the wider world through mapping technology."
Gymnastics Club,,furman_club_gymnastics,Active,Public,Atheltics;Club Sports,"This club has been a part of Furman’s campus and had much success. It fostering a sense of teamwork, discipline, and wellness. It provides a space for students to develop physical skills while promoting inclusivity and school spirit. Gymnastics is a community sport, and would encourage Furman’s students explore their interest and build community based off of common goals. It requires going to practices at foothill gymnastics center, which is close to Furman university. These practices are typically held once a week.","The purpose of Furman Club Gymnastics shall be to create an inclusive community where every student, regardless of their previous experience, can enjoy gymnastics, build confidence, and improve their physical fitness."
H&RL Student Staff Members,Residence Life SSM,h-rl-student-staff-members,Active,Public,University Department/Office,This group will serve as a resource for Residence Life Student Staff Members throughout the academic year.,This group will serve as a resource for Residence Life Student Staff Members throughout the academic year.
HackeDIN,,hackedin,Active,Public,Academic,,"HackeDIN aims to provide opportunities for career preparation in computer science. A few examples would be computer science competitions, independent studies, and technical/coding interview preparation."
Heller Service Corps,Heller,heller-service-corps,Active,Public,University Department/Office;Programmatic;Community Service,"Above all, Heller Service Corps is dedicated to serving others through life-changing work. We are dedicated to a life of discovering passions and providing opportunities to learn. Heller channels our student body’s benevolence by bridging the gap between Furman’s campus and the Greenville community. We are here to foster relationships, cultivate a spirit of giving, and, ultimately, provide service both on and off campus. Visit furman.edu/heller to learn more!","Heller Service Corps is here to foster relationships, cultivate a spirit of giving, and, ultimately, provide service both on and off campus."
Hispanic Outreach and Latine Awareness,HOLA,hispanic-outreach-and-latinx-awareness,Active,Public,Diversity and Inclusion;Student Diversity Council Organizations;Community Service;Special Interest,"HOLA is an organization that promotes both the Hispanic and Latin culture at Furman and in the community by providing an enriching experience for students through different events on campus. Anyone can join! HOLA presents its mission to provide engaging learning experiences and exposure to both the Hispanic and Latinx culture on campus. As a community, we will strive towards success by promoting self-awareness and acceptance. It is important for us to share the Hispanic and Latinx culture with our Furman community and at large, so we can strengthen our relationships by inviting students to learn about the different backgrounds that make up Furman University. Through local community networking and on-campus collaboration with other organizations, we will create an open and safe environment to engage students with the Hispanic and Latinx communities.",HOLA is an organization that promotes both the Hispanic and Latino culture at Furman and in the Greenville community by providing enriching experiences for students through events and community service on and off campus. Anyone is welcomed to join!
Improv!able Cause Improvisational Comedy Troupe,Improv!able Cause,improvable-cause,Active,Public,Media;Diversity and Inclusion;Fine Arts;Special Interest,"Improv!able Cause is a 30-year-old troupe founded as an outlet for students to add some play to their lives! We are a tight-knit bunch of energetic students who encourage silliness into the lives of one another and the campus as a whole. We put on a monthly Improv Show hosted in none other than Burgiss Theatre, and hold open practices for others to come learn and grow in their improv skills (and have a blast while doing so). We are always open and excited to help with any cosponsorships or unique campus ideas, so please feel free to reach out! We hold troupe auditions in September of the Fall Semester, but encourage people to reach out if interested! No prior experience is required, all we ask is you bring a positive attitude and a ""yes and..."" mindset! COME THROW STUFF AT US",We make up comedy on the spot based off of audience suggestions.
Institute for the Advancement of Community Health,IACH,iach,Active,Public,Academic;University Department/Office;Programmatic,"The Institute for the Advancement of Community Health was established at Furman during the Spring of 2016. It grew out of the partnership Furman had established with the Greenville Health System as well as other community partners. Through harnessing the collective power of health care providers, public health experts, advocacy groups, students and others, we can create engaged communities who are committed to the advancement of the health of Greenville, SC.","Connecting Students and Community, Advancing Education and Research, Improving Health."
Interfraternity Council,FU IFC,interfraternity-council,Active,Public,Fraternities and Sororities;Diversity and Inclusion;Programmatic;Community Service,"Furman University's Interfraternity Council exists to improve the general condition of member fraternities through cooperation, strengthen ourselves through a system of self-government, and to establish better relations with the administration and faculty of Furman University.","Furman University's Interfraternity Council exists to improve the general condition of memeber fraternities through cooperation, strengthen ourselves through a system of self-government, and to establish better relations with the university community."
Intergroup Dialogue Program,IGD,igd,Active,Public,University Department/Office,"Dins Dialogue Workshops create spaces for participants to engage with one another across differences of race, gender, sexuality, class, faith and politics in ways that promote mutual understanding, compassion, and social change.","Dins Dialogue Workshops create spaces for participants to engage with one another across differences of race, gender, sexuality, class, faith and politics in ways that promote mutual understanding, compassion, and social change."
International Students,,internationalstudents,Active,Public,University Department/Office,International Students at Furman,International Students at Furman
Jewish Student Association of Furman,JSA,jewish-student-association-of-furman,Active,Public,Diversity and Inclusion;Religious Council,The Jewish Student Association of Furman is designed to provide all Jews and anyone curious with Judaism with the proper community and tools to flourish in upstate South Carolina. We have connections with all three of the local synagogues and many more. Along with our campus advisor we do our best to ensure proper treatment and acknowledgement towards our diverse Jewish community at Furman University.,The Jewish Student Association of Furman is designed to provide all Jews and anyone curious with Judaism with the proper community and tools to flourish in upstate South Carolina. We have connections with all three of the local synagogues and many more...
"Kappa Alpha Psi Fraternity, Inc. (Xi Omega Chapter)",KA Psi / Nupes,kappa-alpha-psi-fraternity-inc,Active,Public,Fraternities and Sororities;Diversity and Inclusion;Political;Programmatic;Community Service,"Kappa Alpha Psi Fraternity, Inc. was founded on the campus of Indiana University on January 5, 1911. Originally chartered and incorporated as Kappa Alpha Nu on April 15, 1911, the name was officially changed to Kappa Alpha Psi on April 15, 1915. The Fraternity's fundamental purpose is ACHIEVEMENT IN EVERY FIELD OF HUMAN ENDEAVOR. Early in this century, African-American students were actively dissuaded from attending college. Formidable obstacles were erected to prevent the enrolled few from assimilating into co-curricular campus life. This ostracism characterized Indiana University in 1911, thus causing Elder W. Diggs, Byron K. Armstrong, and eight other black students to form Kappa Alpha Psi Fraternity, which remains the only Greek letter organization with its Alpha Chapter on the University's campus. The founders sought a formula that would immediately raise the visions and insight of black collegians at Indiana University and worldwide. Kappa Alpha Psi Fraternity, Inc. has continued to provide leadership in every field of human endeavor. Kappa Alpha Psi Fraternity, Inc. made a significant impact as the first black Greek organization on the campus of Furman University in Greenville, SC. Brothers Preston Smith and Randy Eaddy (Furman University Board of Directors) were among some of the first brothers on Furman's campus in the late 1970's. Kappa Alpha Psi finally returned to Furman when Corey M. Leathers, Kevin R. Jackson, Bernard Scott II, Chris A. Robertson, and Clayton Gibson III were initiated through the Gamma Nu chapter at Claflin College. The Xi Omega chapter of Kappa Alpha Psi Fraternity, Inc. began on February 13, 1994, with the initiation of these five brothers. These brothers returned to Furman University to build and promote the fundamental purpose of achievement and brotherhood for which the Fraternity stands. Since then, the Xi Omega chapter at Furman University has grown and promoted the name of Kappa Alpha Psi through its many scholarly and service-driven achievements. The Xi Omega chapter was chartered on April 26, 1998, by Tyron R. Berrian, Leroy O. Davies-Venn, Mike J. Davis, Alykhan Dhanani, Kenneth S. Generette, Clayton Gibson III, Kevin R. Jackson, Corey M. Leathers, Michael T. McNeil, Daniel Prophete, Christopher A. Robertson, Orlando B. Ruff, Bernard Scott II, Latroy A. Strappy, Randy Williams. In the Fall of 2021, the Greenville (SC) Alumni chapter of Kappa Alpha Psi Fraternity, Inc. rechartered the Xi Omega chapter. On November 13, 2021, four brothers, Clinton Washington III, Patrick Carolina II, Miles Baker, and Vincent ""Duval"" McCoy, were initiated into the Fraternity and sought to reignite the continuing legacy of service, brotherhood, and achievement on the campus of Furman University. For 27 years and counting, the brothers of the Xi Omega chapter of Kappa Alpha Psi Fraternity, Inc., have continued to uphold the legacy of these 15 achievers and those who have come after them by conducting service in the Furman and Greenville, SC, community, developing their characters and becoming notable campus leaders, and excelling in the classroom. Currently, the six exceptional brothers on the yard are determined to maintain the vision their charter brothers and founders of the Fraternity bestowed upon them when they entered Kappaland. Kappa Alpha Psi Fraternity, Inc. made a significant impact as the first black Greek organization on the campus of Furman University in Greenville, SC. Brothers Preston Smith and Randy Eaddy (Furman University Board of Directors) were among some of the first brothers on Furman's campus in the late 1970's. Kappa Alpha Psi finally returned to Furman's when Corey M. Leathers, Kevin R. Jackson, Bernard Scott II, Chris A. Robertson, and Clayton Gibson III were initiated at Gamma Nu at Claflin College. The Xi Omega chapter of Kappa Alpha Psi Fraternity, Inc. began on February 13, 1994, with the initiation of these five brothers. These brothers returned to Furman University to build and promote the fundamental purpose of achievement and brotherhood for which the Fraternity stands. Since then, the Xi Omega chapter at Furman University has grown and promoted the name of Kappa Alpha Psi through its many scholarly and service-driven achievements. The Xi Omega chapter was chartered on April 26, 1998, by Tyron R. Berrian, Leroy O. Davies-Venn, Mike J. Davis, Alykhan Dhanani, Kenneth S. Generette, Clayton Gibson III, Kevin R. Jackson, Corey M. Leathers, Michael T. McNeil, Daniel Prophete, Christopher A. Robertson, Orlando B. Ruff, Bernard Scott II, Latroy A. Strappy, Randy Williams. In the Fall of 2021, the Greenville (SC) Alumni chapter of Kappa Alpha Psi Fraternity, Inc. rechartered the Xi Omega chapter. On November 13, 2022, four brothers, Clinton Washington III, Patrick Carolina II, Miles Baker, and Vincent ""Duval"" McCoy, were initiated into the Fraternity and sought to reignite the continuing legacy of service, brotherhood, and achievement on the campus of Furman University. For 26 years and counting, the brothers of the Xi Omega chapter of Kappa Alpha Psi Fraternity, Inc., have continued to uphold the legacy of these 15 achievers and those who have come after them by conducting service in the Furman and Greenville, SC, community, developing their characters and becoming notable campus leaders, and excelling in the classroom. Currently, the six exceptional brothers on the yard are determined to maintain the vision their charter brothers and founders of the Fraternity bestowed upon them when they entered Kappaland.","National History: Kappa Alpha Psi Fraternity, Inc. was founded on the campus of Indiana University on January 5, 1911. Originally charted and incorporated Kappa Alpha Nu on April 15, 1911, officially changed to Kappa Alpha Psi on April 15, 1915"
Kappa Delta,KD,kappa-delta,Active,Public,Academic;Fraternities and Sororities;Programmatic;Community Service,"Kappa Delta Sorority is a national organization for women committed to: Inspiring our members to reach their full potential; Preparing our members for community service, active leadership and responsible citizenship; Creating opportunities for lifetime involvement through innovative and responsive programs, and strategic collaborations and partnerships; and Fostering the development of our time-honored values within the context of friendship.","Kappa Delta Sorority is a national organization for women committed to: Inspiring our members to reach their full potential; Preparing our members for community service, active leadership and responsible citizenship; Creating opportunities for life."
Kink Unlocked For Furman: an Educational Club,KUFF:Ed.,kuffed,Active,Public,Diversity and Inclusion;Special Interest,"Kink Unlocked For Furman: an Educational Club, or ""KUFF:Ed."", has three primary goals: to educate on the safe practice of kink, to provide a supportive space for students who are a part of kink or BDSM subcultures, and to combat the stigma and misinformation that surrounds kink.","KUFF:Ed. offers a supportive space for students who are members of kink or BDSM subcultures, as well as an opportunity for every Furman student to learn about the safe practice of kink. Together, we can combat negative stigmas and misinformation!"
Malone Center for Career Engagement,MCCE,malone-center-for-career-engagement,Active,Public,Academic;Admissions;University Department/Office,"The Malone Center for Career Engagement offers students assistance with career-related decisions including career testing, choosing a major, job searching and graduate school preparation. Schedule an appointment with a career advisor.","The Malone Center for Career Engagement offers students assistance with career-related decisions including career testing, choosing a major, job searching and graduate school preparation."
Men's Club Basketball,MCB,men-s-club-basketball,Active,Public,Atheltics;Club Sports,"Men's club basketball is an organization for those looking for a more competitive arena than intramural sports without the commitment required for the varsity level. As a team, we participate in the National Club Basketball Association. Practice requirements are twice a week for the majority of the year. Tryouts for the upcoming 2023-2024 season will be in the fall. Flyers and announcements with precise dates will be released this fall.",Men's club basketball is an organization for players looking for a more competitive arena than intramural sports without the commitment required for the varsity level. We participate in tournaments and games with other universities in southeast region.
Mere Christianity Forum,MCF,mere-christianity-forum,Active,Public,Diversity and Inclusion;Programmatic;Religious Council;Special Interest,"The mission of Mere Christianity Forum is to promote the thoughtful exploration of Christian faith through conversation & community. Created by Furman students back in 2000, we are a diverse group from a variety of Christian backgrounds and denominations who share a love for rich theological discussion, a commitment to loving and serving our fellow Furman students and the Greenville community, and our interest in finding God in goodness, truth, and beauty. We encourage all kinds of students - seekers, skeptics, and the deeply faithful - to explore the depth and breadth of the Christan faith through our unique blend of faith, reason, and tomfoolery! It's college after all - good old-fashioned fun is an essential part of healthy community! Check us out at faithreasontomfoolery.org and vistahouse.org and servantscholars.org and join one of our small groups or come for a CLP Forum! MCF operates in three primary ways: 1) Theological Discussion on campus through CLP events, our weekly ""Followship"" small groups, our weekly worship nights, and our ""Evening With"" dinner dialogue events with a Furman professor or community leader at Vista House off campus (www.vistahouse.org). 2) Intentional Christian Community at the Vista House, where we have a residential community during the academic year for Furman juniors and seniors; we also have Game Nights, fellowship dinner events, and brunches. 3) Embodied Christian Practice through serving our fellow students on campus, and through our summer program called Servant Scholars. Go to www.servantscholars.org to learn more! Want to be a part of this awesome group? Click the ""Contact"" button or email Ava Kinghorn at kingav7@furman.edu Faith. Reason. Tomfoolery.","Mere Christianity Forum's mission is to explore the Christian faith through conversation & community. We're big fans of C.S. Lewis, theological discussion, hospitality, and good food at Vista House."
Mock Trial Program,Mock Trial,paladinmocktrial,Active,Public,Academic;University Department/Office;Programmatic;Special Interest,"Mock trial is a public speaking exercise in which students portray attorney and witness roles and simulate a courtroom trial. The activity attracts students interested in speech, acting, and the law who flourish in a competitive, team-oriented environment. The Paladins generally field four teams of 8-10 students who are coached by local lawyers and Furman alumni. These teams compete against those representing colleges and universities across the nation. Furman boasts one of the most storied mock trial programs in the nation, having made 22 appearances at the national championship tournament since 1995.",Mock trial is a public-speaking exercise in which students portray attorneys and witnesses in a simulated courtroom setting. Furman sponsors several teams that compete against other universities and are judged by lawyers.
Morgan's Message,MM,morgansmessage,Active,Public,Community Service;Special Interest,Get to Know Morgans Message,Morgan's Message is a national organization that aims to end the stigma surrounding mental health in student-athletes and establish the equal treatment of physical and mental health. The Furman University chapter will advocate for these goals as well!
"Mud, Sweat and Tears",MST,mst,Active,Public,Atheltics;Special Interest,"Mud, Sweat and Tears is a student led organization dedicated to promoting well-being and pushing physical limits. MST gives students opportunities to be on a strong, close-knit team and be stronger, together. DUES ARE 6 TRILLION FOR YOU","Mud, Sweat and Tears is an on-campus organization dedicated to providing Furman students with opportunities to push themselves, in races such as Tough Mudder's and Spartan races."
Multicultural Association of Pre-Health Students,MAPS,maps,Active,Public,Academic;Admissions;Diversity and Inclusion;Community Service;Student Government and Class Pages,"The Mission of the Furman University MAPS chapter is to create cultural awareness about underrepresented populations in healthcare. At MAPS we acknowledge that everyone is different and as future healthcare providers, we need to respect and address this diversity to build trust with our patients. The goal for MAPS is to help build the skillset to understand various cultural and religious norms practiced by various population groups so that health professionals can come up with better ways to treat and diagnose patients.",The Multicultural Association of Pre-Health Students (MAPS) is a student-run organization for pre-health students which focuses on creating a culturally conscious future healthcare workforce.
Music Department,,music,Active,Public,,"Offering six degree programs for passionate performers, composers, theorists and music educators, Furman’s Department of Music is recognized as one of the best and most comprehensive in the nation among liberal arts colleges. Accredited by the National Association of Schools of Music since 1938, our music program excels in pre-college youth events, in current student training with extensive performance opportunities, and in the success of our alumni world-wide.","Offering six degree programs for passionate performers, composers, theorists and music educators, Furman’s Department of Music is recognized as one of the best and most comprehensive in the nation among liberal arts colleges."
Muslim Student Association,MSA,muslim-student-association,Active,Public,Diversity and Inclusion;Religious Council,We are a religious organization meant to represent Muslims on campus. We hope to provide a platform through which Muslims on campus can practice their faith together. We strive to develop understanding between our faith and others.,We are a religious organization raising awareness of Muslims on campus and around the world. We hope to provide a platform where Muslims on campus can practice their faith. We strive to develop understanding between our faith and others on campus.
National Association for Music Education,NAfME,national-association-for-music-education,Active,Public,Academic;Fine Arts;Community Service;Special Interest,"National Association for Music Education (NAfME), among the world’s largest arts education organizations, is the only association that addresses all aspects of music education. NAfME advocates at the local, state, and national levels; provides resources for teachers, parents, and administrators; hosts professional development events; and offers a variety of opportunities for students and teachers. The Association orchestrates success for millions of students nationwide and has supported music educators at all teaching levels for more than a century. NAfME's chapter at Furman University focuses on giving further opportunity to the development of Music Education for students on campus. We host seminars with guest speakers to facilitate education and sponsor students to attend conferences such as the Midwest Band and Orchestra Clinic hosted in Chicago, IL as well as the SCMEA conference held in Columbia, SC.",NAfME's chapter at Furman University focuses on giving further opportunity to the development of Music Education for students on campus. We host seminars with guest speakers to facilitate education and sponsor students to attend conferences.
National Association for the Advancement of Colored People,NAACP,furmannaacp,Active,Public,Diversity and Inclusion;Political;Programmatic;Student Diversity Council Organizations;Community Service,"The mission of the NAACP Youth & College Division shall be to inform youth of the problems affecting African Americans and other racial and ethnic minorities; to advance the economic, education, social and political status of African Americans and other racial and ethnic minorities and their harmonious cooperation with other peoples; to stimulate an appreciation of the African Diaspora and other people of color’s contribution to civilization; and to develop an intelligent, militant effective youth leadership.","Founded in 1909 the NAACP is the largest and most pre-eminent civil rights organization in the nation. Our mission is to secure the political, educational, social, and economic equality of rights in order to eliminate race-based discrimination."
Native American and Indigenous Peoples Association,NAIA,naia,Active,Public,Diversity and Inclusion;Student Diversity Council Organizations,"The Native American and Indigenous Peoples Association (NAIA) recognizes that Native and Indigenous students at Furman come from many diverse communities, regions, and countries, each with unique cultures and values. Our mission is to create a welcoming environment for all Native and Indigenous peoples at Furman, regardless of their individual beliefs or connections to their identity and community. We strive to make the college transition comfortable for every Native and Indigenous student, supporting them to feel confident in acknowledging their traditions and beliefs with classmates and faculty. We want NAIA members to feel valued and empowered to succeed so they may return to their communities as educated leaders. NAIA actively creates opportunities for the Furman community to learn about and engage with the rich histories, traditions, and contemporary voices of Native and Indigenous communities. Our community is open to all! You do not have to be Native American or Indigenous to join our organization.","NAIA celebrates Furman’s diverse range of Native and Indigenous students, creating a welcoming space to feel supported, empowered, and connected. We also engage the Furman community to learn about and honor Native and Indigenous histories and cultures."
Of Mice and Furmen Book Club,Of Mice and Furmen,of-mice-and-furmen-book-club,Active,Public,Academic;Media;Special Interest,“Of Mice and Furmen” strives to foster a community of people who enjoy reading and discussing real world applications of literary themes. This organization hopes to provide an outlet for readers to regularly converse with people who share their passion for books. Join our GroupMe!,"""Of Mice and Furmen"" Book Club hopes to provide an outlet for readers to regularly converse with people who share their love for reading!"
Office of Student Involvement,,furmanuniversity,Active,Public,,Root branch,"The Office of Student Involvement encompasses student organization management and support, fraternity and sorority life, campus activities and programs, and the Heller Service Corps."
Omicron Delta Kappa,ODK,odk,Active,Public,,"Omicron Delta Kappa was founded in 1914 at Washington and Lee University. The Society recognizes student achievement in five distinct areas: academics and research, athletics, communications, creative and performing arts, and service to campus or community. Membership in ODK includes student leaders from each of these phases of college life. The Furman circle of ODK was added to the national registry in 1981. ODK circles also include faculty and staff members who were inducted into ODK as undergraduates at Furman or other institutions. ODK is a distinctive leadership society and is often referred to as the “Phi Beta Kappa” for student leadership. Membership To be eligible for membership in the Furman Circle of ODK, students must: be in the top 35% of class in academic standing be a rising sophomore, junior, or senior Have attained distinction in one or more of the five pillars of campus life (academics and research, athletics, communications, creative and performing arts, and service to campus or community) Timeline The nomination process for membership selection for the Furman Circle of ODK occurs during spring term and is completed by the current Furman Circle Membership. New members are notified in June and the induction Ceremony is held the Friday of Family Weekend in the fall semester. Circle Activities Circle Meetings (2 per semester) Signature Service Projects Signature Leadership Events ODK National Conference and Scholarship Opportunities Annual presentation of the Reid and Babb Memorial Awards to outstanding male and female leaders from each class Opportunities to serve as student officers Selection of Circle Leader of the Year","Omicron Delta Kappa was founded in 1914 at Washington and Lee University. The Society recognizes student achievement in five distinct areas: academics and research, athletics, communications, creative and performing arts & service to campus or community."
On Discourse,,ondiscourse,Active,Public,Academic;Political,,"The On Discourse Initiative fosters open dialogue, encourages diverse perspectives, and promotes healthy discussions on challenging issues across campus."
Order of Furman Theatre,OFT,order-of-furman-theatre,Active,Public,Academic;University Department/Office;Fine Arts,"The Order of Furman Theatre works to create low-stakes performance opportunities through 24-hour shows, new works, and more. We promote and engage with local professional and community theatre by attending performances as a group. We seek to learn about the various parts of the theatre community by hosting bite-sized workshops throughout the year.","OFT work to provide low-stakes performance opportunities, promote local professional and community theatre, and learn about the various branches of Theatre Arts."
Orientation Staff,O-Staff,orientationstaff,Active,Public,University Department/Office,"The mission of the Furman University Orientation Staff is to assist in facilitating the successful academic, social, and personal transition of new students and their families to Furman University. Using their diverse interests and backgrounds, and through their participation in orientation and other corresponding programs, staff members provide guidance and support as new students integrate themselves into the Furman Community. The staff welcomes these students and their families with passion and enthusiasm.","The mission of the Furman University Orientation Staff is to assist in facilitating the successful academic, social, and personal transition of new students and their families to Furman University. Using their diverse interests and backgrounds, and th..."
Orthodox Christian Fellowship,OCF,orthodox-christian-fellowship,Active,Public,Religious Council;Special Interest,Orthodox Christian Fellowship (OCF) is the official collegiate campus ministry program under the Assembly of Canonical Orthodox Bishops of the United States of America. OCF is charged with connecting Orthodox college students—and those interested in the Orthodox Christian faith—to Christ and His Church.,Orthodox Christian Fellowship (OCF) is the official collegiate campus ministry program under the Assembly of Canonical Orthodox Bishops of the United States of America.
Palacats,,palacats,Active,Public,Special Interest,"Palacats is a program that allows students who love animals to give back to the Furman community by supporting the cats on campus. In addition to helping support Furman's campus cats, Palacats also works to better Furman by reducing/controlling the cat population on campus. Palacats doesn't just help the cats on Furman's campus; we allow animal lovers to bond with one another over their passion for helping animals in need. Furman University has several inclusive communities that contribute to its community as a whole. Palacats aims to act as another inclusive community that provides a place, a sense of belonging, and opportunities for engagement within the Furman community for animal lovers and our furry friends on campus.","Palacats is a program that allows students who love animals to give back to the Furman community by supporting the stray cats on campus. In addition to helping support Furman's stray cats, Palacats also works to better Furman by reducing/controlling the"
Paladin Ink: Furman's Creative Writing Organization,Paladin Ink,paladin-ink-furman-s-creative-writing-organization,Active,Public,Academic;Media;Special Interest,"Paladin Ink is a weekly meeting of student-writers at Furman University who write stories or poems about the writing prompt given, share their personal or school writing, and discuss various topics on writing and reading.",Paladin Ink is a weekly meeting of student-writers at Furman University who share their creativity through a variety of writing prompts while also challenging them to learn new aspects of writing.
Paladin MMA,PMMA,paladinmma,Active,Public,Special Interest,"MMA stands for Mixed Martial Arts and at Paladin MMA we teach, practice, and participate in a variety of martial arts like boxing, kickboxing, krav maga, and judo. We use the studio of the second floor of the PAC and provide general equipment. We teach and practice so that people can feel confident in their self defense skills, have an entertaining way to exercise, and be apart of a community where everyone grows together. We currently meet every Monday and Wednesday 3:00-4:45 PM","Paladin MMA is an area to learn and practice all different types of martial arts for a variety of reasons like health, entertainment or self-defense. We welcome beginners and professionals alike and there is no cost to join but your time."
Paladin Peer Support,PPS,paladinpeersupport,Active,Public,Diversity and Inclusion;Community Service;Special Interest,"Paladin Peer Support members are students who have a passion for wellness and individualized growth. They work one-on-one with students in peer support and work as mental health advocates on campus. Paladin Peer Support members are trained in wellness concepts, self-care, and coping strategies, while remaining mindful of emotional boundaries. Paladin Peer Support members can guide students through an individualized wellness plan, relaxation techniques, and self-reflection. The student determines their wellness needs, and the Paladin Peer Support member will guide the student through a variety of tasks that facilitate growth. Paladin Peer Support aims to create a comfortable space while remaining aware of healthy boundaries. Therefore, the Paladin Peer Support aims to identify short-term goals and accomplishments. Paladin Peer Support members are not therapists (they do not assess or diagnose). They are educated students, and every Paladin Peer Support member knows to address this distinction by establishing clear, healthy boundaries with students. Paladin Peer Support members are familiar with different campus resources that focus on mental health. They can connect the student with these resources if they require assistance beyond Paladin Peer Support. Paladin Peer Support aims to ensure that students will receive adequate, accurate and relevant information from trained mentors who can appropriately facilitate conversations about mindfulness and well-being. Our organization aims to promote wellness and mindfulness through peer support while also making existing campus resources more accessible to the student.","The mission of Paladin Peer Support is to support student wellness and self-improvement. Paladin Peer Support members support students by encouraging the development of wellness practices, organization skills, and self-care. Paladin Peer Support members"
PalaMind,,palamind,Active,Public,Diversity and Inclusion;Special Interest,,PalaMind provides students across campus with opportunities to practice mindfulness & learn more about this practice for themselves or in community. The practice of mindfulness is encouraged as a tool for living holistically healthy lives.
Panhellenic Council,Panhellenic Council,panhellenic-council,Active,Public,Fraternities and Sororities;Diversity and Inclusion;Community Service;Special Interest,The Furman University Panhellenic Council is the governing organization for Furman's six National Panhellenic Conference sororities. You can sign up for Formal Recruitment 2026 at the link below. 2026 Spring Formal Recruitment Registration,The Furman University Panhellenic Council is the governing organization for Furman's seven National Panhellenic Conference sororities.
Phi Mu Alpha - Gamma Eta,PMA,phi-mu-alpha-gamma-eta,Active,Public,Fine Arts,"Phi Mu Alpha Sinfonia is the world’s oldest and largest secret national fraternal society in music. Sinfonia was born on October 6, 1898, at the New England Conservatory in Boston, when a group of thirteen young men under the guidance of Ossian Everett Mills met “to consider the social life of the young men students of that institution [and] to devise ways and means by which it might be improved.” Sinfonia became a national fraternity on October 6, 1900, with the admission of a group of men at the Broad Street Conservatory in Philadelphia. For over a century, Sinfonians in nearly every field of study and professional endeavor have transformed music in America. The opportunity of becoming a Sinfonian is offered to as many men as possible who, through a love for music, can assist in the fulfillment of the Fraternity’s Object and ideals either by adopting music as a profession, or by working to advance the cause of music in America.","The Gamma Eta chapter of Phi Mu Alpha Sinfonia Fraternity, established in 1938, has a history of excellence in scholarship, service, musicianship, and brotherhood. Sinfonia is the world’s oldest and largest secret national fraternal society in music."
PHOKUS,PHOKUS,phokus,Active,Public,Academic;Media;Community Service;Special Interest,"Furman's peer education group, we are advocates for healthy living. We administer the campus-wide Health Fair as well as other wellness-focused programs promoting mental health, nutrition, physical fitness, alcohol and drug safety, and sexual health. We are an inclusive group, so there are no major requirements for membership - just a general interest in public and personal health and wellness.","Promoting Healthy Options through Knowledge, Understanding, and Service. Furman's peer health education group. Advocates for healthy living!"
Pi Kappa Phi - Delta Chapter,Pi Kapp,furmanpikapp-org,Active,Public,Fraternities and Sororities;Community Service,"Pi Kappa Phi is a social fraternity, founded in 1904 at the College of Charleston. The fraternity boasts more than 100,000 initiated members. Delta Chapter founded in 1909 is an award winning chapter both locally and nationally.","Pi Kappa Phi is a social fraternity, founded in 1904 at the College of Charleston. The fraternity boasts more than 100,000 initiated members. Delta Chapter founded in 1909 is an award winning chapter both locally and nationally."
Political Science Department,Political Science Department,political-science-department,Active,Public,,"The Department of Political Science at Furman University offers students the opportunity to explore the real world of politics--local to global. We as faculty members make it our mission to challenge each student to observe keenly, think critically, and communicate effectively. We engage students in classrooms where together we examine philosophical texts or analyze the latest election surveys. But we also take learning ""on the road"" to Washington, D.C., Brussels, and San Salvador where we observe and experience politics in action. Excellent teaching at Furman means great lectures, open discussions and close faculty-student relationships. In political science we also think it means exciting classroom simulations, quality internship programs and carefully-designed study abroad courses that invite students to learn through experience. Political Science at Furman is real world.","The Department of Political Science at Furman University offers students the opportunity to explore the real world of politics--local to global. We as faculty members make it our mission to challenge each student to observe keenly, think critically, an..."
Political Thought Club,PTC,political-thought-club,Active,Public,Academic;Political,Political Thought Club is a student-led reading club that actively seeks to furnish member students with a strong liberal arts background through reading classical texts and contemporary essays relating to philosophy and politics. Attending faculty offer their insight and expertise on the topics of discussion at hand. The focus of Political Thought Club this semester is on political theology of Martin Luther.,Political Thought Club is a student-led reading club that actively seeks to furnish member students with a strong liberal arts background through reading classical texts and contemporary essays relating to philosophy and politics.
Powerlifting Club,Powerl,powerlifting-club,Active,Public,Club Sports;Diversity and Inclusion,"The Furman Powerlifting team competes in the World Natural Powerlifting Federation, one of the largest drug-free federations in the world. Since 1997 the team has had great success individually and as a team. Individually the Furman powerlifting team has developed over 100 individual state champions in both men' and women's powerlifting events. Many of them have gone on to compete for National and World titles. To date 33 team members have won WNPF World titles in powerlifting events. As a team Furman has won 30 straight South Carolina state team titles, 116 US National Championships (Including the National Collegiate Championship in 2011,2013, and 2014) and in 2007, 2014, 2015, 2017, 2018, 2022, 2023, and 2024 Furman won the WNPF World Championship team title, defeating state-sponsored teams from Brazil, Canada, The Republic of Georgia, England and Estonia. The team is coached by Dr. Tony Caterisano, an Exercise Physiologist in the Health Sciences Dept. who has won 12 WNPF world titles himself since 1997. The club is open to all students who wish to learn how to power lift. Students can direct all inquiries to Dr. Caterisano or to John Taylor, powerlifting president.","The Furman Powerlifting team competes in the World Natural Powerlifting Federation, one of the largest drug-free federations in the world. Since 1997 the team has had great success individually and as a team. Individually the Furman powerlifting team h..."
Pre-Law Society,Pre-Law,pre-law-society,Active,Public,Academic;Admissions;University Department/Office;Diversity and Inclusion;Political;Programmatic;Community Service,"The mission of the Pre-Law Society is to be group of students that is composed of Furman’s undergraduate student population interested in legal studies or the legal profession. We recognize the importance of transparency, credibility, integrity, and civic engagement in the Furman and Greenville communities. We seek to embody these values in our efforts to better both the Pre-Law Society and Furman University. The Pre-Law Society seeks to become a group that is highly regarded on campus. The Pre-Law Society will work collaboratively with the students, administrators, faculty, and all guests to enhance the mission of the Pre-Law Society.",The mission of the Furman Pre-Law Society is to introduce the legal profession to Furman students and present a variety of career options available to them. The Society also seeks to inform and assist Furman students aspiring to go to law school.
Psychology Club,Psychology Club,psychology-club,Active,Public,Academic;Special Interest,"The Psychology Club organizes events for psychology majors and the Furman community at large. Events include annual colloquium speakers, webinars, student/faculty dinners, movie nights, and much more!","The Psychology Club organizes events for psychology majors and the Furman community at large. Events include annual colloquium speakers, webinars, student/faculty dinners, movie nights, and much more!"
Reformed University Fellowship,RUF,reformed-university-fellowship,Active,Public,Religious Council,"Reformed University Fellowship (RUF) is the campus ministry of the Presbyterian Church in America (PCA). Though we exist on campus through the PCA, you will find students from a wide variety of backgrounds here at Furman University, because we welcome students from any and all walks of life. We are here for the ""convinced"" and the ""unconvinced."" It is our aim to ""reach students for Christ and equip them to serve in His church.""","Reformed University Fellowship (RUF) is the campus ministry of the Presbyterian Church in America (PCA). It is our aim to ""reach students for Christ and equip them to serve in His church."""
Religious Council,RC,religious-council,Active,Public,Diversity and Inclusion;Programmatic;Religious Council;Community Service;Student Government and Class Pages,"Religious Council is a coordinating body composed of representatives from each religious group, the Secretary of Religious Affairs of SGA, and the University Chaplains. Religious Council functions as a clearinghouse for ideas and information. It promotes unified functioning, mutual understanding and cooperation among the various religious groups. It also works to promote religious understanding and respect on campus.","Religious Council is a coordinating body composed of representatives from each religious group, the Secretary of Religious Affairs of SGA, and the University Chaplains. Religious Council functions as a clearinghouse for ideas and information."
"Resident Assistants for Inclusion, Solidarity, and Equity",D&IRA,diversity-inclusivity-resident-assistants,Active,Public,University Department/Office;Diversity and Inclusion,"RAISE (Resident Assistants for Inclusion, Solidarity and Equity), under the advisement of the Assistant Director of South Housing, plan and implement programs to teach foundational concepts of culture and identity. They also serve as first support for co-resolving roommate conflicts involving race, national origin, sexual orientation, and ability in housing.",RAISE staff collaborate with Housing and Residence Life and the Center for Inclusive Communities to provide activities in the residence halls centered around inclusion and the celebration of diversity. R
Residential Life Council,RLC,residential-life-council,Active,Public,University Department/Office;Programmatic;Special Interest;Student Government and Class Pages,"RLC stands for the Residential Life Council. RLC exists to serve the residents of Furman University - we aim to make living at Furman just a little bit better. Our goal is to put your ideas for improving residential life into action and to act as representation of Furman student residents to faculty and staff. RLC is where service meets social. Serve better, Live better.",The Residential Life Council exists to serve the residents of Furman University - we aim to make living at Furman just a little bit better. Where service meets social. And always on the house.
Rinker Center for Study Away and International Education,Study Away,center-for-study-away-and-international-education,Active,Public,University Department/Office,"Enhance the vitality and academic quality of Furman's faculty-led travel study, affiliate and exchange programs, and to enroll academically well-qualified and intellectually engaged students from different parts of the world.","The primary mission of the Office for Study Away and International Education is to enhance the vitality and academic quality of Furman's faculty-led travel study, affiliate and exchange programs, and to enroll academically well-qualified and intellectu.."
Roers Art Club,Roers,roers-art-club,Active,Public,Media;Fine Arts,"The Roers Art Club is dedicated to fostering an artistic atmosphere through artwork, workshops, and community development. We strive to create an inclusive environment that is welcoming to both majors and non-majors.","The Roers Art Club fosters an artistic atmosphere through artwork, workshops, and community development. We strive to create an inclusive and welcoming environment for both majors and non-majors."
Safe Zone at Furman University,Safe Zone,safe-zone-at-furman-university,Active,Public,University Department/Office;Diversity and Inclusion,"Safe Zone at Furman University is an educational program geared towards creating an inclusive environment for the LGBT+ community at Furman University. It began to take shape during the summer of 2016, when Meg Bolger of the Safe Zone Project conducted a Train the Trainer session with a number of Furman University staff. Shortly after, Rob Essaf was brought on board to create the basic tenets, such as structure and introductory workshops, that was be the foundation of the program. It was built over the course of the 2016-2017 Academic Year with input coming from faculty, staff, and students to determine what type of format and content would best serve the Furman University community. It is open to ALL students, staff, and faculty. The goal of this program is to raise awareness about the dynamics of gender and sexual orientation while exploring different ways to embody inclusive allyship for people of all orientations, genders, sexualities, identities, and levels of being out. In addition to our current Safe Zone curricula, we are happy to explore specific or tailored presentations on LGBT+ identities for particular groups and communities (such as medical / healthcare community, mental health groups, teachers/educators, religious communities, etc) upon request. The availability of these specialized topics will depend on the expertise/interests of the facilitators and the time available.","Safe Zone at Furman University is an educational program geared towards creating an inclusive environment for the LGBT+ community at Furman University. It began to take shape during the summer of 2016, when Meg Bolger of the Safe Zone Project conducted..."
Sexual Harassment and Rape Prevention Committee,SHARP,sexual-harassment-and-rape-prevention-committee,Active,Public,University Department/Office;Special Interest,"This committee is comprised of staff, students, and faculty committed to educating our campus community about sexual harassment, sexual assault, and rape and preventing such incidents from occurring. Whatever our level of experience, we will share in the satisfaction of planning programs and special events, creating and reviewing policies and procedures, educating the campus community about resources, and supporting survivors of sexual assault. This committee -- with representatives from student athletics, student government, student media, Greek organizations, Feminist Initiative, Housing & Residence Life, Public Safety, the Counseling Center, the Athletic Department, Student Health Services, Student Life, and the faculty -- represents diverse interests and perspectives working towards common goals.","This committee is comprised of staff, students, and faculty committed to educating our campus community about sexual harassment, sexual assault, and rape and preventing such incidents from occurring. Whatever our level of experience, we will share in t..."
Sexuality and Faith Exploration,SAFE,safe,Active,Public,Diversity and Inclusion;Religious Council,,"SAFE is dedicated to providing students with a safe space to discuss their experiences with identity and religion, with a particular emphasis on sexuality and gender identity."
Shi Institute for Sustainable Communities,Shi Center,shicenter,Active,Public,,"Founded in 2008 and housed in a LEED-certified Southern Living Showcase Home, the mission of the Shi Institute for Sustainable Communites is to promote sustainable communities that are socially just and equitable, environmentally sound and resilient, and economically viable and circular. The institute does so by serving as a conduit and crossroads for cultivating and connecting sustainability leaders, conducting and applying breakthrough sustainability research, and designing innovative ways to teach and learn about sustainability.to promote interdisciplinary research and teaching in support of sustainability on campus and in the greater community.","The Shi Institute strives to promote sustainable communities that are socially just and equitable, environmentally sound and resilient, and economically viable and circular."
Shucker Leadership Institute,SLI,shucker-leadership-institute,Active,Public,University Department/Office;Community Service,"The Shucker Leadership Institute (SLI) is a two-year program designed to foster the development of emerging student leaders through a guided experience that emphasizes self-exploration, initiative, commitment, collaboration and experiential learning. SLI inspires students to explore their passions and become catalysts for change. Each y​ear, 25 freshmen students are chosen to become New Fellows in the Shucker Leadership Institute. SLI's guided process is intended to enhance the college experience and prepare students for a lifetime of meaningful leadership and service. Named in honor of Furman's former Vice President for Student Services, Harry B. Shucker, SLI is an endowed leadership development program that emphasizes self-knowledge, initiative, commitment, and collaboration to connect leadership and service while engendering students' respect and understanding for interpersonal differences.","The Shucker Leadership Institute (SLI) is a two-year program designed to foster the development of emerging student leaders through a guided experience that emphasizes self-exploration, initiative, commitment, collaboration and experiential learning."
Sigma Alpha Epsilon,SAE,sigma-alpha-epsilon,Active,Public,Fraternities and Sororities,"Brought to Furman on September 15, 1868 as the 20th chapter in our national history, Sigma Alpha Epsilon is the oldest fraternity on campus. The chapter has produced ""True Gentlemen"" of distinction ever since its inception, and names such as Furman, Hipp, Joyner, and Reilly have been proud to wear our badge. By adhering to its ritual and its creed, ""The True Gentlemen"", SAE promises young men a lifetime of leadership, friendship, and unadulterated brotherhood in one of the world's largest social fraternities.","Brought to Furman on September 15, 1868 as the 20th chapter in our national history, Sigma Alpha Epsilon is the oldest fraternity on campus. The chapter has produced ""True Gentlemen"" of distinction ever since its inception, and names such as Furman, Hi..."
Sigma Alpha Iota,SAI,sigma-alpha-iota,Active,Public,Fraternities and Sororities;Fine Arts,"Sigma Alpha Iota is an international organization that stands for service, music, and sisterhood. The Theta Lambda chapter of Sigma Alpha Iota was established at Furman University in Greenville, South Carolina on February 15, 1997. Theta Lambda is an established part of Furman’s music department. Sisters perform on student recitals and concerts, serve as ushers for concerts and events within the music department, and organize and serve at receptions for senior musicians and guest artist recitals. Theta Lambda members also visit the Woodlands at Furman and local schools to work with music classes. The Sisterhood has held bake sales and canned food drives throughout the year to support different organizations. Theta Lambda also organizes social events throughout the year. The Sisterhood hosts a Semi-Formal in the Fall and a joint Formal with Phi Mu Alpha in the Spring. We participate in Homecoming festivities with PMA as well.","Sigma Alpha Iota is Furman's Women's Music Fraternity. Members come from many different backgrounds, but all have participated in music on campus in some way. Recruitment for new members occurs in the spring with interest events in the fall each year."
"Sigma Chi, Iota Nu Chapter",Sigma Chi,sigma-chi-iota-nu-chapter,Active,Public,Academic;Atheltics;Fraternities and Sororities;Community Service;Special Interest,"Sigma Chi is an international men's fraternity founded on June 28, 1855 at the University of Miami in Oxford Ohio. The fraternity's core values are friendship, justice, and learning. There are 242 undergraduate chapters and 152 alumni chapters of Sigma Chi. The Furman University Chapter of Sigma Chi is designated as the Iota Nu Chapter, and was founded in 1989.","Sigma Chi is an international men's fraternity founded on June 28, 1855 at the University of Miami in Oxford Ohio. The fraternity's core values are friendship, justice, and learning. There are 242 undergraduate chapters and 152 alumni chapters."
Sigma Nu,Sig Nu,sigmanu,Active,Public,Admissions;Atheltics;University Department/Office;Fraternities and Sororities;Media;Community Service,,A Greek Life Organization at Furman University
Sink or Swim,S.O.S.,sos,Active,Public,Special Interest,,"Furman's Sink or Swim is an organization that aims to help teach, train, and grow billiards/pool players."
Society of Physics Students,SPS,society-of-physics-students,Active,Public,Academic;University Department/Office;Special Interest,"The Society of Physics Students (SPS) is a professional association explicitly designed for students. Membership, through collegiate chapters, is open to anyone interested in Physics and Astronomy, and that serves as the only requirement. All Physics and Applied Physics majors are automatically enrolled in the club when they declare their respective majors.","The Society of Physics Students (SPS) is a professional association explicitly designed for students. Membership, through collegiate chapters, is open to anyone interested in physics. The only requirement for membership is an interest in physics."
STEM Ambassadors,,stemambassadors,Active,Public,,"The STEM Ambassadors program brings together student representatives from STEM departments (BIO, CHM, CSC, EESS, HSC, MTH, HSC, PHY, and PSY) who collectively explore ways to promote belonging, equity, and community among STEM students of all identities. We plan events to help both students and faculty develop a deeper understanding these issues within STEM.","Student representatives focused on belonging, inclusion, and student success in STEM"
Student Alumni Council,SAC,student-alumni-council,Active,Public,Programmatic;Student Government and Class Pages,"The mission of the Furman University Student Alumni Council is to actively connect students with Furman Alumni and other members of the Furman community by planning and participating in various engaging activities. In addition, Student Alumni Council will foster an experience and awareness among Furman students to prepare them to be active Furman Alumni.",The mission of the Furman University Student Alumni Council is to actively connect students with Furman Alumni and members of the Furman community by planning and participating in engaging activities.
Student Athlete Advisory Committee,SAAC,student-athlete-advisory-committee,Active,Public,Atheltics;Diversity and Inclusion;Community Service,"The athletic department’s Athletic Service Board (ASB) is comprised of at least two student-athletes from each varsity sport. This committee was established to give student-athletes a voice and representation in the decision-making of Furman athletics. ASB firmly believes that cooperation and support amongst athletes from all sports are vital to the success of the athletic department. Through student-athlete reps, ASB promotes the communication between members of all athletic teams and the leaders of the athletic department, the university, the Southern Conference, and the NCAA. The Athletic Service Board serves as Furman’s Student Athlete Advisory Committee to the Southern Conference and the NCAA.",The athletic department’s Athletic Service Board (ASB) is comprised of at least two student-athletes from each varsity sport. This committee was established to give student-athletes a voice and representation in the decision making of Furman athletics....
Student Diversity Council,SDC,student-diversity-council,Active,Public,Diversity and Inclusion;Student Diversity Council Organizations,"Mission Statement: The mission of the Student Diversity Council (SDC) is to educate Furman affiliated individuals on topics of cultural diversity while advocating for cultural understanding, awareness, equality, and equity. Vision Statement: The Student Diversity Council envisions a Furman community that values and embraces all aspects of diversity toward the wellbeing of all community members. To promote such a community, the Student Diversity Council accepts its responsibility in cultivating a campus environment where difference, particularly those based in culture and identity, are uplifted and celebrated.","The Student Diversity Council (SDC) is the umbrella organization for multicultural or identity-based student groups that are committed to diversity, belonging, engagement, and inclusion for all students. Everyone is welcome to join any SDC organization."
Student Government Association,SGA,student-government-association,Active,Public,Student Government and Class Pages,The mission of Furman Student Government Association (SGA) is to be a proactive governing body that represents Furman's diverse student population and contributes to the positive development of the university community. We are students serving students.,The mission of Furman Student Government Association (SGA) is to be a proactive governing body that represents Furman's diverse student population and contributes to the positive development of the university community. We are students serving students.
Student League for Black Culture,SLBC,student-league-for-black-culture,Active,Public,Diversity and Inclusion;Programmatic;Student Diversity Council Organizations;Special Interest,"Founded in 1973, Student League for Black Culture, known as SLBC, has been dedicated to creating an inviting space for students to truthfully voice their perspectives, connect and learn from one another on a multitude of topics, and ultimately celebrate Black joy in various forms. SLBC exists for the betterment of the wellbeing of Black students at Furman University through camaraderie and engaging measures by educating and uplifting one another. It offers distinctly unique opportunities for creativity and innovativeness through numerous programs hosted throughout the school year while extending reach to the wider Greenville community. SLBC also strives to connect with all of the organizations within the Student Diversity Council (SDC), with hopes of creating stronger relationships between institutionally marginalized communities at Furman leading to a larger influence of diversity throughout our campus. SLBC strongly adheres to the overall mission of SDC and anyone who wholeheartedly supports that mission is eligible to be a part of the organization. For the 2025-26 academic year, SLBC will be meeting every other Thursday at 6pm in Trone 208.","SLBC encourages racial interaction, sensitivity, harmony, and education by bringing speakers to campus who have made significant contributions to the enhancement of Black awareness. SLBC encourages the social and cultural interaction of Black students."
Student Organization Advisors,Advisors,student-organization-advisors,Active,Public,,"This portal is intended to be a resource for all student organization advisors. It will be kept up-to-date with University policies, forms, and other important information regarding student organizations.","This portal is intended to be a resource for all student organization advisors. It will be kept up-to-date with University policies, forms, and other important information regarding student organizations."
The Bell Tower Boys,BTB,the-bell-tower-boys,Active,Public,Fine Arts;Special Interest,"The Bell Tower Boys are an a cappella group composed of students with varying backgrounds, experience, and disciplines. We strive to bring high quality entertainment to the Greenville community while building connections and lifting each other up.",The Bell Tower Boys is Furman's student-led Men's A Cappella ensemble.
"The Echo, Furman University's Literary Arts Magazine",The Echo,furmanecho,Active,Public,Academic;University Department/Office;Media;Fine Arts,"Since its birth in 1889, The Echo has developed a rich history of serving the Furman community as an esteemed publication of student works. As one of the oldest literary publications in the nation, it serves as a home for conversation and communion among writers, artists and readers. Each year, The Echo seeks to publish innovative works of prose, poetry, studio art, and photography. The magazine is a display of Furman's effort to promote intellectual creativity and academic and artistic excellence amongst the student body. Submissions will open in November, but we invite you to connect with us beforehand! To read current and past issues of The Echo, visit scholarexchange.furman.edu/echo. To learn about our events and upcoming opportunities, follow our Instagram: @the.furman.echo",The Echo is Furman's annual literary and visual arts magazine (est. 1889). Follow us on Instagram [@the.furman.echo] for updates on events and opportunities!
The Paladin,The Paladin,thepaladin,Active,Public,Academic;Media;Political,"The Paladin is more than just a student news network; it’s the voice of Furman’s students. As Furman University’s only independent student news network, it is our responsibility to offer in-depth coverage of campus news and provide a platform for the content our community needs and wants. Established in 1916 as a print newspaper, we continue the tradition of providing the student body’s perspective on issues affecting the Furman community in a more-frequent, digital format. The paper posts articles daily on thepaladin.news .","The Paladin, Furman University's student newspaper, was established in 1916. Today, it continues to provide the student body's perspective on issues affecting the Furman community. The paper posts articles daily on thepaladin.news ."
"The Riley Institute of Government, Leadership and Public Policy",The Riley Institute,the-riley-institute-of-government-leadership-and-public-policy,Active,Public,,"The Richard W. Riley Institute of Government, Politics, and Public Leadership is a multi-faceted, non-partisan institute affiliated with the Department of Political Science at Furman University. Named for former Governor of South Carolina and United States Secretary of Education Richard Riley, the Institute is unique in the United States in the emphasis it places on engaging students in the various arenas of politics, public policy, and public leadership.","The Richard W. Riley Institute of Government, Politics, and Public Leadership is a multi-faceted, non-partisan institute affiliated with the Department of Political Science at Furman University. Named for former Governor of South Carolina and United St..."
The Walking Club,fuWALK,bestiesalliedtolivelaughandstroll,Active,Public,Atheltics;Community Service,"With the walk club, we hope to both inspire healthy habits and sustainability within our community. Exercising can be daunting, especially running, and we feel like a club that encourages easier group exercises would be beneficial. We also want to spread awareness about the impact that automobiles have on our campus, and teach about the benefits of walking to class.","A group focused on using walking as a tool for health, sustainability, and friendships."
Tocqueville Program,,tocquevilleprogram,Active,Public,,"The Tocqueville Program is an intellectual community devoted to seeking clarity about the moral and philosophic questions at the heart of political life. We host curricular and extracurricular activities designed to help students and faculty to engage seriously with the most powerful arguments behind diverse and competing religious, political and ethical points of view. Our work is undertaken in the hope that the practice of shared, disciplined inquiry into disputed questions can help us understand better how to maintain the delicate fabric of our civilization. Our program takes its name from Alexis de Tocqueville, a 19th-century French author, statesman, and traveler who developed a “new science of politics” focused on the study of the modern democratic soul. On the contested, partisan questions of his time, Tocqueville “undertook to see, not differently, but further than the parties.” We seek to follow his example.",The Tocqueville Program is an intellectual community devoted to seeking clarity about the moral and philosophic questions at the heart of political life. We host curricular and extracurricular activities designed to help students and faculty to engage s
Trone Student Center,Trone Center,trone-student-center,Active,Public,University Department/Office,"The Trone Student Center is the hub of campus activity at Furman. Grab a cup of coffee at Starbucks, hang out at Barnes & Noble, get lunch at the PalaDen, enjoy a late night snack in The Paddock, attend a CLP in Watkins Room, pick up your mail at the P2X, catch a movie at Burgiss Theater, or simply hang out here at the TSC. This is YOUR center for student life, so we'll see you at the Trone!","The Trone Student Center is the living room of campus. The Trone has numerous spaces to accommodate any need: studying, eating, relaxing, events, etc. Make sure to visit us and enjoy any of our amazing offerings and the unforgettable views of Swan Lake."
UKirk Furman,UKirk,ukirk-furman,Active,Public,Programmatic;Religious Council;Community Service;Special Interest,"Associated with the PC(USA), UKirk Furman is a family of faith encouraged by and committed to: -Wrestling with Scripture, acknowledging its authority, and trusting the Holy Spirit to speak through it -Experiencing God's grace and witnessing Christ's love as we seek to serve other whether at Furman, in Greenville, or throughout the world -Worshipping and studying the living, Triune God through food, fun, and fellowship. https://www.youtube.com/watch?v=rHJ_2KBwWz4&t=41s","Associated with the PC(USA), UKirk Furman is a family of faith encouraged by and committed to: -Wrestling with Scripture, acknowledging its authority, and trusting the Holy Spirit to speak through it-Experiencing God's grace and witnessing Christ's love."
Unity ,,unity,Active,Public,Academic;Community Service,"Unity is meant to serve as a safe home, a way to connect students of color at Furman University. Unity mentors will provide a safe space to share experiences and share insight on how to navigate spaces in which they are the minority. Mentors are to foster relationships with students, demonstrate active listening, and guide students on their four-year pathway. Moreover, Unity encourages mentors to demonstrate upstanding character and seize learning opportunities from their mentee(s). This organization stands to teach others to do the same: stand up for their differences and wear them proudly.","Unity is meant to serve as a safe home, a way to connect students of color at Furman University. Unity mentors will provide a safe space to share experiences and share insight on how to navigate spaces in which they are the minority."
Women's Club Basketball,WCBB,womensclubbasketball,Active,Public,Atheltics;Club Sports,"To give women the opportunity to participate in basketball tournaments, games, and practices to better themselves in the sport of basketball, while playing at a more competitive level than intramurals. Practice with be held once-twice a week while giving women the opportunity to participate in both home and away tournaments.","To give women the opportunity to participate in basketball tournaments, games, and practices to better themselves in the sport of basketball, while playing at more of a competitive level than intramurals."
Women's Club Volleyball,WCV,women-s-club-volleyball,Active,Public,Atheltics;Club Sports,The Furman Women's Club Volleyball team practices 1-2 times a week for an hour and a half (typically Tuesdays and/or Thursdays) We participate in 2-4 tournaments per semester. Tryouts for the 2025-26 academic year will be in the Fall. Follow our social media to stay up-to-date! Insta: @furmanclubvolleyball,Club women volleyball were we practice and compete
Women’s chorale ,Women’s chorale ,womenschoral,Active,Public,Fine Arts,"This group meets twice a week from 4:00-6:00p.m. The director is Dr. Vivian Hamilton and the manager is Rachel Hughes. In order to join this ensemble you will need to be able to commit to the bi-weekly rehearsals as well as the two concerts we perform during the year. By being a part of this group, you will be able to learn and perform amazing music while making lasting friendships and memories.",This is a women only choral ensemble sponsored by the music department. Any woman with basic musicianship skills and prior musical experience who is interested in being part of a wonderful group and making beautiful music is encouraged to join!
Writing & Media Lab,Writing & Media Lab,writingmedialab,Active,Public,,"The Writing & Media Lab is an academic department staffed by Furman students who are trained to help their peers with writing and multimedia assignments, from papers to videos to podcasts and more. Starting February 11 at 6:00pm, the WML will begin offering a new Writing Development Forum! This will be a voluntary group that meets weekly to discuss time management tips and writing strategies, with a focus on the development of long-term writing projects (theses, term projects, creative work, etc). If this group interests you, request to join our organization here on SyncDIN!","The Writing & Media Lab is an academic department staffed by Furman students who are trained to help their peers with writing and multimedia assignments, from papers to videos to podcasts and more."
Young Life,Young Life,young-life,Active,Public,Religious Council;Community Service,"Young Life is an relational ministry that introduces high school students to Jesus Christ. We help Christ followers to grow and mature in their faith through fellowship, bible study, and prayer.","Young Life is an relational ministry that introduces high school students to Jesus Christ. We help Christ followers to grow and mature in their faith through fellowship, bible study, and prayer."
Zeta Tau Alpha,ZTA,zeta-tau-alpha,Active,Public,Fraternities and Sororities,"Sisterhood, love, and friendship. These are the words that come to mind when our members think of Zeta Tau Alpha. Although the ZTA experience begins in college, it extends far beyond four years. The ZTA experience is made up of many parts. Sisters are connected to a large network of over 235,000 women, which provides countless opportunities. The bonds of friendship that are formed in both collegiate and alumnae chapters last a lifetime. Women develop leadership skills by taking on responsibility both within ZTA and in their communities. The Fraternity and ZTA Foundation support members’ growth through educational programming and opportunities to serve others and promote breast cancer education and awareness. Members of ZTA are encouraged to follow their passion, and their sisters are there to support those goals. We joined the Greek community in Spring of 2015, and since then have continued to foster an environment of love, friendship, and service. Explore our website to find out more about ZTA, our chapter, upcoming events and our philanthropy. The ZTA experience is truly a unique one. Take a look and experience the possibilities.","Sisterhood, love, and friendship."
