coid,code,title,ger,prerequisites,description,credits
66258,ACC-301,Principles of Managerial Accounting,,"ACC-111 , ECN-111 , and ECN-120 or MTH 120","May not be registered for credit after successful completion of ACC 120. The use of accounting information by management in planning, control and decision-making in business enterprises. Topics include production decisions, activity-based costing, budgeting and standards, and capital investment decisions. Business Core ONLY.",4 credits
66259,ACC-311,Principles of Financial Accounting II,,ACC-111 or ACC-120,"Analysis and recording of business transactions. In-depth study of financial accounting standards related to presenting income statements and balance sheets for business enterprises. Topics include current assets, current liabilities, revenue recognition, and time value of money concepts. Students will begin to understand the significant judgments involved in the application of accounting standards and to recognize the importance of ethics in accounting decision making.",4 credits
67775,ACC-120,Principles of Financial and Managerial Accounting,,,"May not be registered for credit after successful completion of ACC 301. This course introduces the theory and practice of financial and managerial accounting as applied to the corporate form of business. Topics include the accumulation, analysis, interpretation and uses of accounting information for business reporting and decision-making.",4 credits
66260,ACC-312,Intermediate Accounting I,,ACC-311,"In-depth study of financial accounting standards related to presenting an enterprise’s balance sheet, income statement and statement of cash flows. Topics include investments, long-term assets, long-term liabilities, and judgement in the context of accounting decision making.",4 credits
66257,ACC-111,Principles of Financial Accounting,,,"Theory and practice of accounting as applied to the corporate form of business organization. Analysis of business transactions, valuation of assets and liabilities, determination of income, and preparation and interpretation of financial statements.",4 credits
66265,ACC-313,Intermediate Accounting II,,ACC-312 AND ACC 340,"In-depth study of financial accounting standards related to presenting an enterprise’s balance sheet, income statement and statement of cash flows. Topics include accounting for income taxes, shareholders’ equity, share based compensation, earnings per share, and accounting changes and errors. A significant service-learning project is a required component of this course",4 credits
66262,ACC-330,Auditing,,ACC-312,An intensive conceptual and applied introduction to auditing and assurance in society. Emphasis on knowledge about assurance services as well as the skills and attitudes required for success in the accounting profession. Focus on financial statements audits as well as other assurance services.,4 credits
66261,ACC-320,Cost Accounting,,ACC-120,"Study of collection and utilization of cost data by management for short-term planning and control purposes. Topics include cost-volume-profit relationships, product-costing methods, flexible budgets, standard cost variances, and cost allocations.",4 credits
66263,ACC-340,Federal Income Taxation,,ACC-111 or ACC-120,"Current federal income tax law pertaining to individuals, partnerships and corporations. Focus on compliance matters with supplementary study in tax planning and research fundamentals.",4 credits
66264,ACC-350,Accounting Information Systems,,ACC-111 or ACC-120,"Examining and analyzing of systems that process accounting information using transaction cycles in both manual and automated environments. Focus on design, development and implementation of systems including relevant processes, controls and technologies.",4 credits
67802,AFS-210,Hip-Hop Studies,"GER: IEJ (Identities, Equity, and Justice)",,"This course utilizes major themes from hip hop music to introduce and examine core issues in the discipline of Africana Studies including but not limited to race, socio-economic class, and sex/sexuality, and gender. Special emphasis will be placed on how structures of privilege/advantage, power, and domination interconnect to reflect an intersectional perspective on the growth and influence of hip hop in American society.",4 credits
67329,ACC-503,Individualized Internship,,,"Accounting focused individualized internships approved by a faculty supervisor. Students develop objectives for the internship experience, read relevant literature, and prepare written assignments, including weekly journals, reflective summaries and a final paper. ACC 503 will be evaluated for business or accounting major elective credit as part of the ACC 503 application and approval process. ACC 503 courses begun prior to September 1, 2023, may not be used to meet a major elective requirement. Course must be a 4-credit course to be considered for major elective credit. Pass-No Pass only. Variable credit.",
66267,ACC-501,Independent Study,,,Majors may pursue and independent study project in cooperation with any member of the department. Topics and the type of project will vary with the interests of the individual students. Variable credit.,
67641,AFS-100,Introduction to Africana Studies,,,"This course exposes students to the historical, political, economic, cultural, and artistic contributions that Black Africans and African Diaspora people have made to human civilization globally and in the United States. As an interdisciplinary field, Africana Studies draws on social sciences and humanities to provide complex, nuanced, culturally situated, and shifting understandings of the meanings of “Black” and “African” identities and experiences; it pushes us to reexamine geographical boundaries and paradigms surrounding the production of knowledge about Africa and the African Diaspora. This course focuses on the period from the beginning of the European trade in enslaved Africans that started in the mid-1400s to the mid1800s when 4 million enslaved Black Americans gained freedom during the Civil War. This course design compels students to explore critical aspects of Black life and thought throughout the diaspora. Students will compare and contrast traditional Western orthodoxy with new and alternative paradigms and theories. The course will show how early African people in the Americas shaped and challenged public discussions about race, ethnicity, religion, class, citizenship status, gender, economics, and patriotism. Following the steps of African people in the Americas from the colonial period through the Reconstruction era encourages the student to think critically about the early identity construction of people of all races and the changing meanings of their identities.",4 credits
66266,ACC-450,Advanced Topics in Accounting,,ACC-312 Intermediate Accounting I,Selected topics in the field of accounting not covered in other courses.,4 credits
66153,ANT-101,Introduction to Anthropology,"GER: HB (Empirical Study of Human Behavior) and WC (World Cultures) and IEJ (Identities, Equity, and Justice)",,"Introduction to anthropology - the study of human cultures in the past and present. Topics include the comparative study of subsistence regimes and economics, stratification and political organization, marriage and kinship, culture, religion, and social and cultural change.",4 credits
66154,ANT-105,Introduction to Archaeology,GER: HB (Empirical Study of Human Behavior) and WC (World Cultures),,"An introduction to physical anthropology and archaeology. Topics include human evolution, human physical variation, the peopling of the world, the origins of food production and a comparison of complex societies around the world.",4 credits
67642,AFS-400,Africana Studies Capstone Course,,AFS-100 Introduction to Africana Studies,"The Africana Studies capstone course prepares students for the major’s culminating exercise, a formal thesis, or a project. Working with the professor and in collaboration with their colleagues in the class, students will produce a research project grounded in Africana Studies methodology, representing an original contribution to the field. Throughout the semester, students will examine and work through the challenges of producing original research. Research topics will draw from disciplinary and interdisciplinary methodologies, theories, and concepts in the humanities and social sciences. The capstone research topics will cover broadly defined themes in Africana Studies such as the effects of Atlantic slavery on the United States, the Americas, Africa, and Europe; the Black freedom struggle in the United States; women, gender, and sexuality in Black America, the African diaspora, and Africa; colonialism and independence in Africa and the Caribbean. Students will be encouraged to critically explore research topics from courses they have taken in Africana Studies and related disciplines as topics for their capstone research projects.",4 credits
66155,ANT-202,Peoples of Africa and the African Diaspora,GER: WC (World Cultures),,Social and anthropological survey of the diverse peoples in contemporary sub-Saharan Africa.,4 credits
66156,ANT-203,Peoples and Cultures of the World,GER: WC (World Cultures),,"Ethnographic survey of global cultural diversity, with case studies of Africa, the Americas, Asia, Europe, and the Middle East. Topics may include daily life, sociocultural and environmental change and adaptation, migration, politics, work, religion, gender, family, and art among foraging, agricultural, and industrial societies.",4 credits
66158,ANT-205,Japanese Popular Culture,GER: VP (Visual & Performing Arts) and WC (World Cultures),,"An introduction to contemporary popular Japanese culture that has become globally popular, including Japanese animated films, Manga cartoon, video games, Cosplay (costume play enactment of video game and anime characters), J-Pop music, and karaoke. Through watching, listening, selected readings, and discussion, issues of gender, cultural identity, sexuality, technology, hybridity, and globalization will be addressed.",4 credits
66159,ANT-209,Gender in East Asia,GER: HB (Empirical Study of Human Behavior) and WC (World Cultures),,"An examination of gender in East Asia from an anthropological perspective. It establishes broad frameworks for analyzing sexuality and gender in Asia and encourages close readings of individuals’ life experiences. Past scholarly engagements with gendered Asia and ongoing Orientalist interpretations will be discussed. Specific topics may include gender-based discrimination, activism, kinship systems, regional variations in approaches to sexual orientation, migration, and sex work. Students will analyze media to examine how representations of gender in East Asia are produced.",4 credits
67776,ANT-230,Biological Anthropology,GER: NE (Humans and the Natural Environment),,"A broad survey covering such topics as genetics, evolutionary mechanisms, adaptation, primate studies, the human fossil record, and human variation within the framework of interaction between humans and the environment. Laboratory exercises as well as tutorial topics facilitate the discussion of biological issues within a cultural context. The course is divided into three sections: Human Genetics, Human Ecology and Primatology, Human Evolution and Adaptation. The course includes only 4 lab sessions during the semester.",4 credits
67638,ANT-250,Race and the US Criminal Justice System,"GER: HB (Empirical Study of Human Behavior) and IEJ (Identities, Equity, and Justice)",,"This course examines the criminal justice system and the over-representation of racial minorities, particularly African Americans. It begins with an exploration of the social, economic, and political context of race and the controlling of Black bodies. It further investigates the interactions between citizens and the police, courts, and correctional institutions. This course will also incorporate an examination of public and news media responses to these interactions, including, but not limited to, social media reactions to cases of police brutality.",4 credits
66157,ANT-204,Modern Japanese Society through Films,GER: VP (Visual & Performing Arts) and WC (World Cultures),,"Survey of various facets of modern Japanese society and culture, including family, community, ethnicity, life cycle, education, gender, religion, work, popular culture, as well as cultural aspects of economic and political systems through readings and films.",4 credits
67312,ANT-262,Magic and Religion,GER: WC (Global Awareness:  World Cultures),,"This course focuses on how people from cultures around the world, but primarily from Asia, Africa, or Latin America, conceptualize the spiritual realm, and how such conceptualizations are shaped by the values and social relations of the cultures in which they occur. Of particular concern is the relationship between magic and religion. We will examine the diverse ways in which humans attempt to communicate and intervene with the divine as well as ritually mark crucial moments such as birth, death, illness, and change.",4 credits
68204,ANT-253,Anthropology of Development in Latin America,"GER: WC (World Cultures) and IEJ (Identities, Equity, and Justice)",ANT-101 or SUS-120,"This course will cover the theoretical concept of “development” from an anthropological perspective, grounded in the idea that economic development is a sociocultural process contingent on historical processes and patterns, as well as contemporary power structures. We will examine development issues in Latin America through this lens, with a particular focus on some of the challenges facing sustainable development, including environmental and social equity.",4 credits
66161,ANT-263,Environmental Anthropology,GER: HB (Empirical Study of Human Behavior) and NE (Humans and their Natural Environment),,"A comparative survey of how people, culture, and the environment interact – both when people and their culture adapt to environmental change, and when they adapt to the changes they have caused. Readings include both classic studies as well as current research, with particular emphasis upon subsistence regimes and their attendant scales of social organization, and upon the role of cultural institutions in shaping ecological relationships.",4 credits
67689,ANT-258,Women in Africa and the African Diaspora,GER: HB (Empirical Study of Human Behavior),,"This course examines the historical, cultural, socioeconomic, and political realities of women in Africa and the African Diaspora. We will explore feminism, black feminism, Africana feminism, and womanism as frameworks for studying women of African descent across multiple geographic spaces: North America, Latin American, the Caribbean, and Africa. This course will explore topics related to identity and cultural representation, including colonialism, Black hair, skin lightening, stereotypes and music.",4 credits
67688,ANT-254,The Power and Politics of Black Foodways,"GER: HB (Empirical Study of Human Behavior) and WC (World Cultures) and IEJ (Identities, Equity, and Justice)",,"This course offers an anthropological exploration of global Black foodways from its inception in colonialism to its current, contemporary representation in the United States, and across the globe. Topics to be examined include the historical development of contemporary Black foodways, the power and politics associated with the production, distribution, and consumption of foods from African and Afro-Diasporic regions, as well as the related social and cultural connotations. This course has a culinary lab component that will involve hands-on cooking sessions.",4 credits
66160,ANT-302,Anthropology of Race and Ethnicity,GER: HB (Empirical Study of Human Behavior),,"Ethnic, racial, and religious minorities in America and around the world. Ethnicity and ethnocentrism, race and “scientific” racism; stigmatization and prejudice; assimilation and pluralism; primordialism and circumstantialism; nationalism and identity politics.",4 credits
67814,ANT-306,Human Osteology & Paleopathology,GER: NE (Humans and the Natural Environment),,"This course will provide students with a deeper dive into one specialization of Biological Anthropology, which is currently offered at the 200 level in the department. It may overlap somewhat in content with Biology courses, including Human Anatomy, although this course will focus on identification of human remains that are generally fragmentary or disarticulated, as would be expected in forensic or archaeological contexts. In addition, this course will discuss the human cultural aspects that may result in changes to bone, such as zoonotic diseases associated with animal domestication, or endemic human diseases associated with urbanization.",4 credits
67741,ANT-305,Practicing Anthropology,GER: HB (Empirical Study of Human Behavior),Two or more 200 or 300 level courses in Anthropology,Practicing Anthropology provides a focused introduction to ethnographic research methods and design. Students will use anthropological research methods to examine a real-world problem in our community. The course is intended to provide students with a range of research experiences and techniques that can be used in future long-term research endeavors.,4 credits
67330,ANT-264,Psychological Anthropology,GER: HB (Empirical Study of Human Behavior) and WC (World Cultures),,"Exploration of theories and methods to study how individual selves and the behavior of individuals are shaped by culture. Topics include cross-cultural comparison of child rearing, enculturation, selfhood, cognition, emotion, and mental illness and welfare.",4 credits
67647,ANT-304,Archaeology Method and Theory,GER: HB (Empirical Study of Human Behavior),ANT-101 or ANT-105,"This course provides students with a comprehensive overview of archaeological theory and the history of the discipline, while also including a lab section focused on basic field techniques including survey, excavation, and artifact curation.",4 credits
66163,ANT-401,Anthropological Theory,GER: WR (Writing-Research Intensive),ANT-101 or ANT-105 and two ANT courses numbered 200 - 299,"This course provides an historical and contemporary exploration of theory in cultural and archaeological anthropology. Students will be introduced to major trends and debates in anthropological theory and explore examples of theoretical application in ethnographic research. We will analyze each theoretical argument by exploring its historical and social context of its origin, understanding how it is used to explain human behavior, and examine its contributions to contemporary arguments in anthropology. The course will examine theoretical arguments on such topics as history, memory, power, social change, agency, culture and society, as well as conflict and resistance.",4 credits
66164,ANT-501,Independent Study,,instructor permission Variable credit.,,
67463,ANT-375,Practicing Anthropology,,,Exploration and application of ethnographic research strategies through research projects and exercises.,2 credits
66162,ANT-344,Anthropology of Religion,GER: WC (World Cultures),,"Examining religion as a cultural phenomenon and from a comparative and holistic perspective on the beliefs and practices used to make sense of this and other worlds, their places within them, and to solve pressing, life and death problems. Topics include myth and symbols; rituals and religious specialists; altered states of consciousness and healing; witchcraft, divination, and magic; ghosts, souls, and ancestors; revitalization and millennial movements; and globalization and transnational change.",4 credits
67690,ANT-327,Feminist Anthropology,GER: HB (Empirical Study of Human Behavior) and WR (Writing-Research Intensive),,"An exploration of the feminist knowledge(s) in anthropological research within historical and contemporary transnational women’s movements. The course will discuss how feminist anthropology challenges dominant theories and methodologies in the discipline. Topics include race, class, gender, intersectionality, positionality, and representation.",4 credits
67387,ART-105,Art and the Community,,,"Public art focusing on encouraging creative, research, design and practice outside the gallery setting. Exploration of public art in its many manifestations which can include site specific projects, contemporary memorials, political actions, community-based projects, environmental, temporary, ephemeral and permanent projects. May Experience ONLY.",2 credits
66166,ART-112,Introduction to Sculpture,GER: VP (Visual and Performing Arts),,"The fundamentals of sculpture are explored through class projects, lectures, and discussions. Students use a variety of materials, tools, and techniques to study the visual elements and design principles in three-dimensional art and design. Emphasis is placed on form, fabrication, and concept development through spatial and material transformation.",4 credits
67478,ARB-102,Beginning Arabic II,,ARB-101,"Continued development of listening, speaking, reading and writing skills in Arabic.",4 credits
66165,ART-111,Introduction to Design,GER: VP (Visual and Performing Arts),,"Fundamentals of two-dimensional design explored through lectures and class projects with an integration of graphic design as a problem-solving tool. Conceptual development and the formal elements of design are introduced which include type, image and creative software. Students will explore design elements and principles through traditional media and software exercises.",4 credits
67450,ARB-101,Beginning Arabic I,,,"Introduction to the sound system and grammatical structure necessary to develop listening, speaking, reading and writing skills in Arabic.",4 credits
66167,ART-113,Introduction to Painting,GER: VP (Visual and Performing Arts),,"The fundamentals of painting are explored through class projects, lectures and discussions. Students will use oil paint and a variety of surfaces to explore traditional and non-traditional painting methodologies. Emphasis is placed on color theory, composition and paint application. Theme and concept development will be explored.",4 credits
66168,ART-124,Introduction to Drawing,GER: VP (Visual and Performing Arts),,"The fundamentals of drawing are explored through class projects, lectures and discussions. Students will use a variety of materials and learn methods for improving visual communication skills through drawing. Emphasis is placed on drawing from observation, composition, perspective and expressive mark making. Theme and concept development will be explored.",4 credits
66169,ART-200,Introduction to Ceramics,GER: VP (Visual and Performing Arts),,"An introductory course that explores the fundamental techniques and concepts in clay. Students explore hand building, basic wheel work, and surface treatment as essential aspects of form and content. Themes of craft, aesthetics, utility, and history are studied through creative projects that culminate in class critiques.",4 credits
66170,ART-201,Themes in Ceramics,GER: VP (Visual and Performing Arts),ART-112 or ART-200,"A continued study of ceramics with an emphasis on vessel-based work to examine thematic approaches in the medium. Students build on skills and techniques to develop an in-depth understanding of form, utility, and design to create a breadth of ceramic work in relationship to history, craft, and theory.",4 credits
68537,ART-135,Understanding Art: Connecting Objects & Histories,GER: VP (Visual and Performing Arts),,"How do we understand art? In this art history course, students learn to look critically at images, objects, and architecture from across the globe. Students will practice the foundational skills of visual literacy, including how to describe and interpret artworks in relation to their social, cultural, and historical contexts. By studying contemporary and historical artworks, and connecting them through themes, materiality, and networks of exchange, students will explore how objects make meaning for viewers, both in the past and present.",4 credits
66175,ART-207,Printmaking,,,"A survey of printmaking processes and techniques incorporating drawing, design, and color. Emphasis will be on personal image development as students explore skills and approaches related to the mediums such as paper handling, registration, creating editions, and best practices.",4 credits
66176,ART-210,Themes in Sculpture,,ART-112 Introduction to Sculpture,"A continued study of sculpture through the fabrication of three-dimensional artwork in a variety of mediums and processes such as mold-making, installation art, and woodworking. With a focus on ideation, students develop a critical approach to thematic, conceptual, and historical perspectives in sculpture through hands-on, project based work.",4 credits
66173,ART-205,Darkroom Photography,GER: VP (Visual and Performing Arts),,"Introductory black-and-white photography course encouraging visual communication, personal expression and an introduction to photo history. Technical components include camera operation, film processing, and darkroom printing.",4 credits
66172,ART-204,Themes in Painting,,ART-113 Introduction to Painting,A continued exploration of oil painting with an emphasis on ideation and a discovery of personal creative voice. Students will build on technical knowledge and survey new ideas through critical analysis of historical and contemporary painting.,4 credits
66174,ART-206,Digital Photography,GER: VP (Visual and Performing Arts),,"Introduction to digital imaging. Provides a primer for DSLR, Adobe Photoshop, and scanner/printer operation. Explores the history of color photography and its use as a language of visual expression.",4 credits
66177,ART-215,Study Away Photography,GER: VP (Visual and Performing Arts),,"Introduction to photography with emphasis on photojournalism. Technical issues such as composition, camera controls, history and ethics of documentary photography will be discussed. Assignments introduce working methods in the field, and post-production printing in the digital lab.",4 credits
66178,ART-221,Editorial Layout and Design,,ART-111 Introduction to Design,"A continued exploration of graphic design and editorial principles to create narrative relationships between text and images. With focus on commercial publication and production, students create design projects in print and digital media.",4 credits
67607,ART-211,Commercial Photography,,ART-205 or ART-206,"The field of photography is explored through commercial applications such as architectural, fashion, editorial, and portrait photography. Building technical skills through camera, software, lighting, and printing exercises, students will refine their photographic vision in response to a variety of commercial assignments.",4 credits
68203,ART-222,Media Art,,ART-111,"Introduction to methods and processes for media art which could include video, animation, data visualization, creative coding, and immersive and interactive media. Continued use of digital software for art and design.",4 credits
66194,ART-223,Typography,,ART-111 Introduction to Design,"An overview of typography and typesetting with projects, readings, and presentations. Students examine the significance of global letterforms through a development of contemporary typographic knowledge.",4 credits
72674,ART-224,Watermedia,GER: VP (Visual and Performing Arts),,"This is a survey of water-based media. Emphasis will be on personal image development as students explore processes and techniques related to watermedia such as drawing with color, paint opacity, and composition. This course can include, but is not limited to ink drawing, watercolor, and gouache.",4 credits
67331,ART-226,Themes in Drawing,,ART-124 Introduction to Drawing,A continued exploration of drawing materials with an emphasis on ideation and a discovery of personal creative voice. Students will build on technical knowledge and survey new ideas through critical analysis of historical and contemporary drawing.,4 credits
66179,ART-225,Digital Illustration,,ART-111 and ART-124,"The field of illustration is explored through digital means. Emphasis will be paid to digital drawing and painting techniques, while maintaining an awareness of design principles. Character development and narrative will be explored from concept to finished product.",4 credits
66181,ART-237,Arts of Baroque & Rococo,GER: VP (Visual and Performing Arts),,Art and architecture of the 17th and early 18th centuries in Western Europe.,4 credits
66180,ART-236,Renaissance Art,GER: VP (Visual and Performing Arts),,"Study of art and architecture in Italy from c. 1300 to c. 1590 and art and architecture in Northern Europe from c. 1400 - 1500. Style, iconography, and cultural context considered.",4 credits
67498,ART-246,Twentieth Century Art,GER: VP (Visual and Performing Arts),ART-133 Histories of Art II,"A study of artistic movements during the 20th century, with particular focus on the changing definitions of art and the relationships between modernism, the avant-garde, and politics.",4 credits
66182,ART-251,Contemporary Art Since 1960,GER: VP (Visual and Performing Arts),,"This survey covers major figures and developments in visual arts from the postmodern era, circa 1960 to the present.",4 credits
67650,ART-253,Art & Death,GER: UQ (Ultimate Questions),,"This course will explore the visual expressions of death and dying, and the use of art in its rituals. While a common cultural taboo, death also brings with it a rich symbolic language, making it a point of convergence for a wide range of cultural, political, religious, social values, and fears. From funerary arts and architecture, to collective memory, to representations of the “good death” of national heroes, this class will take a wide thematic look at death as an artistic topic. The topics discussed in this class will rotate each semester.",4 credits
67389,ART-245,Nineteenth Century Art,GER: VP (Visual and Performing Arts),ART-133 Histories of Art II,"An examination of the radical transformations ocurring in painting and sculpture from 1780 through 1900 with a focus on the confrontations between traditional academic art, the emerging avant-garde and popular culture. Consideration of the cultural milieu of the 19th century as well as issues of iconography and aesthetics also addressed.",4 credits
66183,ART-252,Women and the Arts,GER: VP (Visual and Performing Arts),,"Historical survey that examines the role of women in Western art as art producers and consumers of art and how women have been represented (by both female and male artists). It will investigate the historical, cultural and social circumstances, and representations that helped to form their work and its reception.",4 credits
66184,ART-254,History of Photography,,,"Historical overview of the medium of photography from its inception in 1826 to present. Tracing photography146 path from scientific innovation and utilitarian tool, to its current status as both art object, and object of persuasion in contemporary society. Using images as visual evidence, analyzing how style and subject matter of photographs reflect the social movements and cultural values of the 19th and 20th century.",4 credits
67643,ART-255,Living in a Material World: Unexpected Art Objects,,,"This course will examine works of visual and material culture that fit within the art historical discourse in unexpected or untraditional ways. Beginning from the interdisciplinary tactics of material culture studies, students will gain a more expansive view of what constitutes an art object. As both markers and makers of cultural systems and narratives, the visual and material worlds intersect through their agency as objects. Students will explore the vibrancy of “stuff” and how the mechanisms of thinking about “things” differ across time. In examining humanity’s conspicuous consumption and the physicality of the visual world, students will learn the ways that we create our worlds, but also the ways those same worlds create us.",4 credits
67693,ART-258,"Embodied Representations: Art, Bodies, & Identities","GER: VP (Visual and Performing Arts) and IEJ (Identities, Equity, and Justice)",,"From the idealized, youthful male nude presented in ancient Greek and Roman sculptures to Marina Abramović’s performance pieces that ask viewers to consider the physical and mental limitations of a living being, the human body occupies a key place in our cultural perceptions of beauty, virtue, heroism, and civility. Artists from across the globe have invented and employed different visual strategies to represent the human form, creating an artistic platform for promoting cultural norms and expectations as well as power structures. By exploring the portrayal of the human form in different states of dress and conditions (including fragmentation) in works of art from antiquity to the present, students will consider how the body serves as a potent signifier of complex socio-cultural issues like sexuality, gender, race, class, science, and religion.",4 credits
67691,ART-257,The Revolution of Print,GER: VP (Visual and Performing Arts),,"Could the Protestant Reformation have happened without the invention of the printing press? How did knowledge, ideas, and news of events spread across cultural and geographic borders before the digital age? What gave rise to a non-elite collecting public in the art world? Prints have historically been understood as enabling the democratization of art, and this course will investigate how such objects revolutionized the exchange of information, technology, and artistic ideas across the globe from the fifteenth century to the present. Students will examine how printed material stimulated and responded to various social, cultural, and intellectual movements.",4 credits
67685,ART-256,Art & Politics,"GER: VP (Visual and Performing Arts) and IEJ (Identities, Equity, and Justice)",,"This course will examine the intersections of art and politics across time and national boundaries. Globally, the production of visual culture is always embedded within dominant cultural narratives, and is used to create, reinforce, and respond to systems of power. From this perspective, this course will define politics broadly to include a traditional understanding, but also to expand to cover the art object’s role in crafting identities and building positionalities. Through this course, students will learn about the power of images in a social context, how political themes are visually represented, and how artistic perspectives have shifted and changed over time.",4 credits
67692,ART-259,History of Design,GER: VP (Visual and Performing Arts),,"This course is a survey of significant developments in the history of design from the mid-nineteenth century to the present. Students will explore a variety of objects and visual designs, including those belonging to categories like furniture, interior design, the decorative arts, graphic design, and illustration. They will study the formal, material, and iconographic character of diverse patterns and images, objects, and buildings while practicing how to situate these works within their broader socio-cultural and historical contexts to determine their significance for the communities who conceived, produced, and originally experienced them. Weekly course topics will focus on how issues of gender, class, race/ethnicity, and colonization have affected the aesthetic and technological developments along with the reception of design. Special emphasis will also be given to examining the strategies and principles of graphic design as an instrument for visual rhetoric, particularly as it relates to global commercialism and consumerism as well as propaganda and protest.",4 credits
67747,ART-265,Museums Are Not Neutral,,,"It is recommended, but not required, that students take at least one art history course at the 100- or 200-level before enrolling in this class. This course interrogates the myth of museum neutrality and examines cultural institutions-museums of art, history, natural history, science, ethnography as well as libraries and archives-as spaces for socially-engaged activity in our communities. It does so by tracing the development of the “national museum,” while also debating the purpose of museums and public art installations in the twenty-first century. We will look at a variety of case studies using primary and secondary sources that explore how collecting practices, exhibition organizing, and community protests have reconstituted the museum space into a site for activism and resistance in contemporary society.",4 credits
66187,ART-263,Arts of Japan,GER: VP (Visual and Performing Arts) and WC (World Cultures),,"Survey of Japanese art history from archaeology through 20th century with emphasis on the evolution of style in the context of religious, social and political change.",4 credits
66185,ART-260,Arts of Pre-Columbian Society,GER: WC (World Cultures),,"Survey of art and architecture of Pre-Columbian societies in Mesoamerica and South America. Consideration of style, iconography and aesthetics and of the functions of art and architecture within each culture.",4 credits
67332,ART-270,Art Conservation,,,"Paintings are subject to damage and deterioration. Studying materials, tools, techniques and processes employed to conserve and protect paintings. Readings and discussions will be supplemented with on-site visits to conservation facilities. May Experience ONLY.",2 credits
67664,ART-275,Art and Architecture of Spanish America 1492 - 1820,,,This class covers the visual culture of colonial Latin America from Contact and Conquest in the early sixteenth century through the first independence movements of the nineteenth century. This course will cover the history and culture of the Spanish Americas through a variety of artistic objects.,4 credits
67665,ART-276,Conceptual Ideation,,"any one of the following courses: ART-111 , ART-112 , ART-113 , ART-124 , ART-200 or ART-205","In this studio art class, students will produce concepts for large bodies of work. Each student will produce ideas for three projects, consisting of multiple images in their preferred medium. Each image will be done in a sketch format and will show the concept of the finished image. May experience",2 credits
67426,ART-271,Art and the Science of Observation,,,"Techniques of visual analysis, based on art history practices. Studying depictions of the human body, students will learn to look closely, better organize their visual experiences, and effectively communicate this information. May Experience ONLY.",2 credits
67794,ART-277,Fantastic Beasts and How to Draw them in Photoshop,,,"Learn the fundamentals of Creature & Character design in Photoshop ® used to create and/or support any intellectual property, such as book-, film-, or game projects. &nbsp;Follow along industry practices and creative design techniques while improving your art fundamentals. Study real-world anatomy, organize key design references, and improve your line, color, and shading technique. Finally progress into design refinement and learn how to effectively present your work to a potential client. May Experience ONLY.",2 credits
67579,ART-272,Success in the Arts,,"One course from Art, Theatre Arts, or Music","The study of business models and entrepreneurial opportunities within the Arts industry. Audience development techniques, fund raising, self-promotion, and market basics will provide insight on how to become successful visual and performing artists.",4 credits
66191,ART-303,Photographic Essay,GER: VP (Visual and Performing Arts),ART-205 or ART-206,"Semester-long photo project focusing on the development of a visual narrative. Through research, students identify a project and create a cohesive body of photographs that form a comprehensive picture story.",4 credits
68554,ART-299,Studio Practicum,,"any two of the following courses: ART 111 , ART 112 , ART 113 , ART 124 , ART 205 or ART 206 Designed for sophomore and junior art majors ,","this course prepares students for upper-level studio art courses in a cohort model. Students write, exhibit, and develop their creative practice through creative ideation, portfolio development, and study of contemporary practices.",2 credits
66188,ART-300,3D Portfolio,,ART-201 or ART-210,Advanced study of sculptural and ceramic processes through sustained studio practices and methodologies. Students create a cohesive body of work through semester-long projects that reflect individual creative voice through research and critical making.,4 credits
66190,ART-302,2D Portfolio,,ART-204 Themes in Painting,"Advanced study of painting, drawing, or printmaking through sustained practices and methodologies. Students create a cohesive body of work through semester-long projects informed by individual concepts and research.",4 credits
66189,ART-301,Life Studies,,ART-112 or ART-113 or ART-124,An in-depth study of the human figure as a mode for personal expression. Students develop a body of artwork utilizing live models in a variety of media.,4 credits
67511,ART-350,Methodologies of Art History,GER: WR (Writing/Research Intensive),"ART-132 , ART-133 , and at least one 200-level art history course","An overview of art historical methodologies of research and scholarship. Comparison of different interpretations on select works of art, based on different art historical practices, various approaches to writing about art, analysis of sources used, theoretical underpinnings, and interpretive processes.",4 credits
66192,ART-320,Brand Design,,ART-111 Introduction to Design,"Study of brand identity through the practice of a comprehensive design process that includes research, analysis, business strategy, organization, production, and presentation. Semester-long design projects explore aspects of brand and identity design from initial concept to final production.",4 credits
66195,ART-330,Art Theory and Criticism,,one art history course,"Combines a historical overview of art theory with discussions of critical writing on contemporary art. In considering historical and contemporary art practice, the theoretical frameworks focus on the nature of art, definitions of beauty, the artistic process, and the relationship between art and audience.",4 credits
67686,ART-340,Curatorial Issues and Practices,,ART-132 or ART-133,"This course will provide the opportunity for hands-on experience through the planning, research, and execution of a curated exhibition. Using art and archives as our primary sources, we will explore the art historical context in which exhibitions are created. The course will culminate with an exhibition, either on campus or online, pending the availability of space and work to be included. The course will blend lecture and seminar discussions with hands-on projects and independent learning.",4 credits
66193,ART-321,Logos and Symbols,,ART-111 Introduction to Design,"Logos and symbols are critical in creating a brand’s first impression. This course gives a dedicated platform focused solely on structure, form, type, and color related to logos and symbols. The course is unique in providing students with a concentrated space to focus solely on logo and symbol design, allowing them to delve deeper into these aspects of storytelling. Students learn the importance of visual signifiers such as form, shape, and color as representatives of a comprehensive understanding of messaging.",4 credits
66197,ART-501,Independent Study,,,Provides students the opportunity to work with an art-related business or organization under supervision of a faculty sponsor. The student develops guidelines and creates specific written objectives for the internship. At the conclusion of the internship the student produces a written journal and gives an oral summary to the faculty sponsor. Variable credit.,
68538,ART-360,Problematizing the Canon,,ART 135 and one 200-level Art History course,"The discipline of art history has traditionally been centered around a selection of objects long-accepted as canonical. While this canon provides a shared language and common set of visual references for artists and art historians, its problematic ties to biased systems of power and its capacity to reinforce exclusion and marginalization are fundamental issues with which the discipline wrestles today. This course explores the formation of the canon and considers how and why certain objects, stories, and experiences have been underrepresented and/or left out of “the” art historical narrative. Students will consider why it is important to challenge this framework that privileges certain persons, locations, ideologies, and histories, and reflect on future alternatives.",4 credits
67825,ART-402,Studio Seminar II,,ART-401 Studio Seminar I,"This capstone experience is the second course in a two-course sequence required for Studio Art majors. Building on ART 401, students complement the body of creative work they have developed with a series of reflective practices that contextualize their work within the field, enhance the building of visual arguments, and engage with issues surrounding the presentation and display of artwork.",2 credits
66198,ART-503,Individualized Internship,,,Investigation of a topic not duplicated among regular course offerings. REPEATABLE. Variable credit.,
66196,ART-401,Studio Seminar I,,"ART-111 , ART-112 , ART-113 , ART-124 , ART-133 , and ART-205 or ART-206","This capstone experience is the first in a two-course sequence required for Studio Art majors. Students will learn about contemporary artistic practices, develop skills in arts-based research, and produce an independent body of creative work in their preferred artistic medium. Through reflective making, interpretation, iteration, and criticism, students develop a personalized visual language.",4 credits
67562,AST-200,Introduction to Asian Studies,GER: WC (World Cultures),,"This course is an introduction to the interdisciplinary study of Asia as a region. In this course, we will begin with and keep returning to two basic questions, What is Asia and What does it mean to study Asia? In so doing, the course will explore Orientalism, the diversity and unity of Asia, and the concept of Area Studies. The course will include lectures from a wide array of Asian Studies faculty from a variety of disciplinary perspectives.",4 credits
66200,AST-220,Ramayana,GER: UQ (Ultimate Questions) and WC (World Cultures),,"Examination of various versions (text, film, television, etc.) of the Indian epic Ramayana with the intention of addressing the profound and long lasting influence this narrative has had on the religion, morals, culture, politics, and society of South and Southeast Asia.",4 credits
67651,AST-215,Archaeology of East Asia,GER: HB (Empirical Study of Human Behavior) and WC (World Cultures),,"This course will take an archaeological approach to early periods in China, Korea, Japan, and Mongolia, introducing students to material culture, social organization, interregional interactions, and the unique histories of archaeological research across East Asia.",4 credits
67801,AST-180,Introduction to Korean Language,,,An intensive three-week introduction to modern spoken Korean the standard language of South Korea and the common language of the Korean peninsula. Students will learn the Korean alphabet (Hangul) and build a preliminary foundation in the four basic skills of language: speaking listening reading and writing. Students will also learn basic elements of Korean culture in order to achieve communication that is appropriate for Korean society. MAY EXPERIENCE ONLY.,2 credits
66199,AST-150,China in Search of Sustainability,,,"Examining the social and environmental impacts of China’s “Go West Campaign” launched in 2000. Exploring how the strategy was developed, and how it has exacerbated, rather than relieved, many social schisms as well as contributed to massive environmental concerns. Taught in China, starting in the developed financial capital of Shanghai, visiting the remote minority province Guizhou, and concluding in Beijing. May Experience ONLY.",2 credits
66201,AST-221,South Asian Music and Popular Culture,GER: VP (Visual and Performing Arts) and WC (World Cultures),,"An introduction to the greatly diverse popular cultures of South Asia, including music, film, and art. Through listening, selected readings, films, and discussion, issues of religion, gender, politics, ethnic and regional identity, cultural property, globalization, and the effect of mass media on South Asian popular culture will be addressed.",4 credits
67608,AST-240,Archaeology of the Silk Road,GER: HA (Historical Analysis) and WC (World Cultures),,"This course will approach the archaeology and history of China and Central Asia through the lens of the Silk Road, a series of trade routes and interacting economies that spanned across Asia, the Middle East, and into Europe for more than 2000 years.",4 credits
66204,AST-255,"Poverty, Gender and Development in India",GER: HB (Empirical Study of Human Behavior) and WC (World Cultures),,"Examining the effects of poverty on Human Development Indicators such as health, nutrition, education and the environment. Since poverty disproportionally has a greater impact on women’s lives, we will examine gender inequities, adverse sex ratios, violence against women, and the considerable social, political, economic health and legal challenges women face in India. Existing policies and programs will be evaluated in keeping with India’s progress towards the UN mandated Sustainable Development Goals.",4 credits
66202,AST-225,Premodern Literature of India,"GER: TA (Critical, Analytical Interpretation of Texts) and WC (World Cultures)",,"Examination of several genres of literature of premodern India, including epics such as the Mahabharata and Ramayana, Sanskrit classical works, and vernacular Bhakti and Sufi poetry. Religious themes will also be addressed while engaging with literary theory and criticism as practiced during these time periods.",4 credits
66203,AST-250,Human Development in Contemporary Asia,GER: HB (Empirical Study of Human Behavior) and WC (World Cultures),,"Examination of the recent rise of Asia while considering the uneven growth and development across Asia including the challenges of poverty, gender inequality, human rights, energy security and environmental degradation in the most populous region of the world.",4 credits
66207,AST-470,Seminar in Asian Studies,GER: WR (Writing-Research Intensive),,"The seminar will explore the relationship between power, culture, and representations of past and present. Using case studies from 19 th century European empires (primarily British, but also French) and their overseas Asian or African colonies, we will investigate the heyday of imperialism and its limitations. The course will call into question the dichotomy of “colonizer” and “colonized” by looking at imperial experiences and legacies for those located both in sites of colonial rule and in the imperial center. We will examine the impact of colonialism on constructions of culture and cultural change. Finally, we will discuss these changes and if/how they survive in our current geopolitical world.",4 credits
66208,AST-504,Directed Independent Study,,,Variable credit.,
66209,BIO-075,Seminar in Biology,,,"Presentations of current topics in biology by students, faculty, and visiting scientists. Emphasis is on effective oral communication and critical examination of scientific information and ideas.",0 credits
66206,AST-270,Languages of Asia,GER: HB (Empirical Studies of Human Behavior) and WC (World Cultures),,"A linguistic introduction to the languages of China, India, and Japan emphasizing the structure of the languages, the divergent writing systems, lexical borrowing and development, language policy, and sociocultural considerations such as class and gender distinctions as well as honorifics.",4 credits
66205,AST-260,Environment and Health in India,GER: NE (Humans and the Natural Environment),,"An interdisciplinary framework to study and analyze the effects of urbanization, population, and environmental degradation on human health. Emphasis will be on current developments, public policy, and India’s future plans for a healthy and sustainable society.",4 credits
66211,BIO-102,Biology and the Environment,GER: NWL (Empirical Study of the Natural World with laboratory) and NE (Humans and the Natural Environment),,"Same as BIO-101 and may not be registered for credit after successful completion of BIO-111 . The basic principles common to living organisms, with emphasis on environmental biology. Topics include: ecology, evolution, biodiversity, and environmental issues, plus a synopsis of cellular biology, genetics, and physiology. Designed for non-science majors.",4 credits
66210,BIO-101,Principles of Biology,GER: NWL (Empirical Study of the Natural World with laboratory),,"Same as BIO-102 and may not be registered for credit after successful completion of BIO-111 . The basic principles common to living organisms, including: cell and molecular biology, genetics, organismal physiology, ecology, evolution. All sections address these topics, but the focus for each may vary. Designed for non-science majors.",4 credits
66212,BIO-111,Foundations of Biology,GER: NWL (Empirical Study of the Natural World with laboratory),,"Introduction to the unifying concepts of biology. Topics include: cell structure and function, metabolism, genetics, evolution, and the diversity of life. Laboratories emphasize an investigative approach. Designed for science majors.",4 credits
66221,BIO-211,Molecular Genetics,,"BIO-101 , BIO-102 , or BIO-111","Study of molecular genetics within living cells and viruses. Topics include: DNA replication, gene regulation and expression, and artificial manipulation of genes. Laboratory includes various techniques used in molecular genetics, such as isolating and cloning genes.",4 credits
66213,BIO-210,Genetics,,"BIO-101 , BIO-102 or BIO-111","Introduction to the study of inheritance. Topics include: transmission of genes in cellular and organismal reproduction, structure and arrangement of genetic material in the cell, control and function of genes, and population genetics. Equal emphasis given to inheritance patterns and molecular genetics. Laboratories include testing the genetics of Drosophila and other organisms, and basic molecular techniques.",4 credits
66215,BIO-250,Biology of Ecuador,,instructor permission,"A study of the ecology and biodiversity of Ecuador, including the Galapagos archipelago, the Andean Mountains, and the Amazon basin. Emphasis on the marine and terrestrial organisms endemic to this region as viewed from an evolutionary perspective. May Experience ONLY.",2 credits
67557,BIO-212,Human Genetics,,BIO-101 or BIO-111,"A study of the molecular, cellular, physiological and population bases of human genetic disorders. Additional topics include techniques, pedigrees, risk assessment and ethics. Laboratory exercises include techniques in cytogenetics and molecular genetics, case studies and discussions.",4 credits
66214,BIO-222,Research and Analysis,GER: WR (Writing-Research Intensive),any first year writing seminar and any biology course successfully completed at Furman,"Introduction to purposes and methods of scientific inquiry. Topics include: philosophy of science, research design, use of biological literature sources, fundamental laboratory techniques, statistical analysis, and survey of careers in biology. Laboratory includes designing, performing, and reporting on research projects.",4 credits
67514,BIO-230,Nature of Diversity,GER: NWL (Empirical Study of the Natural World with laboratory) and NE (Humans and the Natural Environment),BIO-111 or EES-112,"Introduction to the form and function of biological diversity. Topics include: identifying local species, understanding how they adapt to their environment, methods for conserving diversity, and learning how diversity affects ecosystem function and ecosystem services. Laboratories and field trips will include service projects like “All-Taxa Biological Inventories” at local parks.",4 credits
66244,BIO-213,Population Genetics and Evolution,,"BIO-101 , BIO-102 , or BIO-111","Overview of evolutionary mechanisms affecting population genetic structure over time and space. Topics include applicable genetic tools and analyses, species concepts, phylogeography, molecular ecology, and conservation genetics. Labs will focus on data collection, analysis, and interpretation in plant and animal systems.",4 credits
67789,BIO-261,Microbes and Food,,,"This course is to provide an overview of fundamental concepts in food microbiology, including microbial spoilage and microbial production of food, microbial control and food safety, foodborne illness and outbreaks, normal gut microbiota and diet, and risk assessment. The laboratory activities focus on basic microbiology techniques, making food with microbes, watching documentaries, and field trips. May Experience ONLY.",2 credits
66217,BIO-255,Insect Diversity,,"BIO-101 , BIO-102 , or BIO-111","Field-based survey of the major groups of insects. Lecture will focus on the evolutionary history, ecology, and taxonomy of insects. The primary component will be collection, identification, and preservation of insect specimens, contributing to the “all taxa biological surveys” on campus and at the Furman Forest. May Experience ONLY.",2 credits
66218,BIO-260,Introduction to Biomaterials,,BIO-111,"An exploration of ideas in cardiovascular, orthopedic, and regenerative medicine and how today’s technologies and medical innovations have changed these medicines. Course activities will involve trips to local research and medical facilities & hands-on manipulations of biomaterials and devices. May Experience ONLY.",2 credits
67525,BIO-275,Wilderness,,instructor permission,"Examining academic and practical aspects of the unique conservation category, “Wilderness”, including the Wilderness Act, biodiversity and ecology, camping, hiking, orienteering, first-aid, use of pack animals, and research techniques. May Experience ONLY.",2 credits
66216,BIO-252,Oceans and Human Health,,instructor permission,"Travel-study in Bermuda. Study of ocean processes affecting human health and the contribution of marine organisms to medicine and research. Lectures, labs and fieldwork emphasize risks and benefits of our interactions with the ocean, and related research technologies. May Experience ONLY.",2 credits
66223,BIO-308,Molecular Biotechniques,,BIO-210,"Brief history of modern molecular biology, the basic concepts of techniques commonly used in molecular biology, and the current ethical issues in the application of biotechniques. Hands-on experience and critical reading of research articles. May Experience ONLY.",2 credits
66219,BIO-300,Cell Biology,,BIO-222 and either CHM-110 or CHM-118 CHM-120 recommended.,"Comprehensive study of plant, animal, and microbial cell biology dealing with the chemistry of cells, bioenergetics, cell ultrastructure and its relation to function, specialized cell types, and cell-to-cell communication. Laboratory emphasis on investigations using modern cytological techniques.",4 credits
66224,BIO-320,Animal Physiology,,BIO-222,"Comparative and environmental animal physiology. Organ systems studied in invertebrate and vertebrate organisms, with emphasis on physiological adaptation. Laboratory topics include metabolism, respiration, osmoregulation, stress physiology.",4 credits
66220,BIO-301,Microbiology,,"BIO-222 and any one of the following: BIO-210 , BIO-211 , BIO-212 , or BIO-213 .","Investigation of the biochemistry, physiology, immunology, pathogenicity, isolation and identification of microorganisms, particularly bacteria. Laboratory work includes standard procedures for studying the physiology of bacteria and the identification of unknown bacteria.",4 credits
66222,BIO-303,Biochemistry of the Cell,,BIO-222 and CHM-120,"Study of the structure and function of biomolecules in the context of the cell. Topics include: the major biosynthetic and catabolic pathways in the cell and their regulation, protein function, structure, modifications and degradation, enzyme kinetics and selected biochemical techniques. Laboratory work involves current biochemical methods such as protein purification from various types of cells and subsequent enzymatic characterization.",4 credits
66227,BIO-340,Ecology,GER: NE (Humans and the Natural Environment),BIO-222,"The interactions between organisms and their environments, and the consequences of these interactions for population dynamics, community structure, and the flow of energy and matter through ecosystems. Also, consideration of environmental issues and conservation. Laboratories include local field work, experiments, and possibly one or two overnight/weekend field trips.",4 credits
67333,BIO-330,Public Health Biology,,BIO-222 and declared Biology major or HSC-201 and declared Public Health major,"A study of the biological principles of human diseases and conditions of public health importance and the applications of the principles in biology and public health for treatments and preventions. Laboratory work includes microbiology, computer exercises, and field trips.",4 credits
66228,BIO-343,Environmental Systems,GER: NE (Humans and the Natural Environment),"Any one of the following BIO-111 , CHM-110 , EES-111 , EES-112 , EES-113 or EES-115 Same as EES-343 .","Interdisciplinary examination of the physical, biological and chemical processes that control the flow of matter and energy in surface environments on planet Earth. Emphasis on the interactions between abiotic and biotic processes. Lab includes field studies and weekend field trips.",4 credits
66226,BIO-322,Human Physiology,,BIO-111,"Molecular and cellular biology in first several sessions, followed by survey of the functions of the various organ systems in the human body. Laboratory involves studies of humans, using computerized data acquisition systems.",4 credits
66225,BIO-321,Plant Physiology,,BIO-222,"Comprehensive exploration of plant physiology, with topics emphasizing photosynthesis and respiration, plant water relations, organic and mineral nutrition, secondary metabolites, xylem and phloem transport, growth/development, and stress physiology. Laboratory exercises have extensive investigative components with open-ended activities.",4 credits
67662,BIO-345,Field Ecology,GER: NW (Natural World) and NE (Humans and the Natural Environment),instructor permission,"A travel study course involving hiking and off-grid living conditions that focuses on the practical, computational, and reasoning skills required to conduct ecological research in the field. A primary emphasis of the course is the demonstration of ecological phenomena and principles in environments beyond South Carolina. An application is required.",4 credits
67694,BIO-346,Forest Ecology,GER: NE (Humans and the Natural Environment),BIO-222,"This course will focus on forested systems of eastern North America, especially those of the southeastern United States. Topics will include interaction of plants, animals, and people in the context of forest conservation and management. Major topics will be covered through lecture, discussion of the primary literature, and experimental field labs.",4 credits
66231,BIO-360,Infectious Disease in Movies: Fact and Fiction,,"BIO-210 , BIO-211 , BIO-212 , or BIO-213","A study of the microbiology, immunology, and epidemiology behind infectious diseases and their portrayal in films, including comparisons of some old and new horror and science fiction movies to examine changes in scientific knowledge and discussions of fear, stigma, and morality in society. May Experience ONLY.",2 credits
66230,BIO-350,Infectious Disease Ecology,,"BIO-210 , BIO-211 , BIO-212 , or BIO-213","The impacts of ecosystem changes on emerging and reemerging infectious diseases in animals and plants (both domestic and wild) and how these diseases influence communities, ecosystems, and human welfare. Laboratories include field and lab work. May Experience ONLY.",2 credits
66229,BIO-344,African Biodiversity and Conservation,GER: NW (Empirical Study of the Natural World) and NE (Humans and the Natural Environment),any biology course and permission of instructor,"Travel study course taught in South Africa demonstrating ecological principles and examining conservation issues. Focus on the ecology of the region’s unique flora and fauna as well as the conservation challenges of South Africa’s cultural, political and economic situation.",4 credits
66234,BIO-401,Economic Botany,GER: NE (Humans and the Natural Environment),"BIO-101 , BIO-102 or BIO-111","Introduction to plant biology as it pertains to human society. Topics include: life cycles, structure/function relationships, and uses of plants in society. Emphasis on medicinally and economically important plants. Lab exercises reflect the importance of plants as sources of food, fiber, and medicine.",4 credits
66235,BIO-402,Ethnobiology,GER: NWL (Empirical Study of the Natural World with laboratory) and WC (World Cultures),"BIO-101 , BIO-102 or BIO-111 and Instructor Permission","Travel study course focusing on the biological and cultural diversity in the country of Belize. A key component is understanding how people, plants, and animals are connected through both the past and present.",4 credits
66236,BIO-420,Comparative Anatomy and Embryology,,BIO-111,Lecture and laboratory comparative study of the embryology and adult anatomy of representative chordates. Laboratory dissections include the dogfish shark and the cat.,4 credits
66232,BIO-365,Superhero Genetic Disorders,,"BIO-210 , BIO-211 , BIO-212 , or BIO-213","A study of the molecular and genomic bases of human genetic disorders and their causes by using the characteristics of fictional superheroes as examples. The social, legal, and ethical issues related to disease diagnosis and treatments and human biotechnology will also be discussed. May Experience ONLY.",2 credits
66233,BIO-400,Field Botany,,"BIO-101 , BIO-102 or BIO-111","Natural relationships of vascular plants, practice in the use of identification keys, experience in recognizing species in the field, techniques used in collecting and preparing herbarium specimens, and exposure to pertinent literature. Laboratories include field trips.",4 credits
66238,BIO-422,Field Zoology,,BIO-222,"Taxonomic techniques, natural history and phylogenetic relationships of vertebrates. Emphasis on mammals, reptiles and amphibians. Frequent laboratories and field trips (including at least one overnight) to observe, identify and collect animals.",4 credits
66239,BIO-423,Marine Biology,GER: NW (Empirical Study of the Natural World) and NE (Humans and the Natural Environment),any BIO course and instructor permission,"Travel study course focusing on biodiversity, ecology and physiology of marine organisms, especially as they relate to organismal adaptations to the environment. Includes examination of the influences of humans on the marine environment.",4 credits
66240,BIO-425,Developmental Biology,,"BIO-222 and any one of the following: BIO-210 , BIO-211 , BIO-212 , or BIO-213 . BIO-210 recommended.","Embryonic changes studied at the genetic, biochemical, cellular, and spatial levels. Growth, metamorphosis, tumors, and aging are also studied. Emphasis is on mechanisms of developmental processes, rather than on anatomy. Laboratory involves modern techniques used in the study of development, handling, and manipulating living embryos of several species.",4 credits
66241,BIO-426,Human Anatomical Systems,,BIO-222 . CHM-120 and PHY-111 recommended. Same as HSC-210 and/or HSC-211 .,"A thorough study of the human body and its complexity. Application of this knowledge will be used in embryological, histological, and cadaver-based studies. Special emphasis is placed on functional anatomy of the body, through an understanding of embryology and pathology. Critical thinking skills will be developed using scenarios that involve the integration of knowledge from the fields of biology, chemistry, and physics.",4 credits
66237,BIO-421,Invertebrate Zoology,,BIO-222,"Survey of the major and minor phyla, with an emphasis on arthropods (arachnids, crustaceans and insects). Includes the taxonomy, ecology, behavior and physiology of representative organisms. Laboratories include field trips, specimen collection and preservation, and dissection.",4 credits
66242,BIO-430,Conservation Biology,,BIO-222,"An overview of all modes of living natural resource management from the strictly utilitarian use of fisheries and wildlife, through endangered species conservation, the preservation of biodiversity, and adaptive management at the ecosystem level. The course also includes a review of U.S. environmental treaties, law, policy, and the environmental movement since 1900. Two overnight field trips to view conservation biology in action.",4 credits
67334,BIO-435,Agroecology,,"Any one of the following BIO-101 , BIO-102 , BIO-111 , EES-111 , EES-112 , EES-113 , or SUS-120",The relationship between principles of applied ecology and socioeconomic systems viewed through the lens of a growing demand for sustainable food production.,4 credits
66243,BIO-432,Field Studies in Biology,GER: NWL (Empirical Study of the Natural World with laboratory) and NE (Humans and the Natural Environment),instructor permission. BIO-340 recommended.,"Travel study course focusing on floral and faunal compositions and analysis of species interactions in a variety of habitats and ecological communities not found in South Carolina. Usually involves camping, hiking and travel by water in areas such as New England, Rocky Mountains, desert Southwest, Everglades or foreign countries.",4 credits
67803,BIO-434,Ecology and Management of Great Smoky Mountains,GER: NE (Humans and the Natural Environment),,"The objective of this course is to explore the ecology of Great Smoky Mountains National Park from historical and biological perspectives, as well as the political and economic impacts of both people on the park and the park on people. This class includes a required Spring Break trip and a required weekend backpacking trip in the Smokies. 4 creidts.",
67695,BIO-431,Landscape Ecology and Conservation,,"Any one of the following: BIO-102 , BIO-111 , EES-112 , or SUS-120","This course provides students with a foundation at the intersection of conservation biology and landscape ecology. Students will engage with concepts and competencies needed to read, conserve, and restore landscapes across natural and managed ecosystems. Theory and application will focus on the landscape scale in local, regional, and global contexts. The course entails a variety of topics including species diversity over space and time, population and metapopulation viability analyses, habitat fragmentation, heterogeneity and connectivity, ecosystem services, valuation, and coupled human-natural systems. Labs will focus on current techniques in landscape and conservation using R, stakeholder engagement, and writing for conservation plans.",4 credits
66248,BIO-455,Neurochemistry,,CHM-120 and BIO-222 or CHM-240 or PSY-202,"Nervous system function at the biochemical level. Introduction to biochemical principles, followed by the study of neuronal cytoskeleton, myelin, ion channels, neurotransmitters, and selected neurological disorders. Labs analyze myelin, receptors, and neurotransmitters.",4 credits
66247,BIO-450,Microanatomy,,BIO-222,"Extensive examination of the structural properties of animal tissues, with emphasis on human samples. Identifying cells and organs based on microscopic structural attributes. Laboratory includes histological preparation and the identification of unknown samples.",4 credits
66245,BIO-444,Pharmacology and Toxicology,,"CHM-120 and any one of the following: BIO-210 , BIO-211 , BIO-212 , or BIO-213","The action of drugs and toxic compounds in the body. Broad physiological principles of absorption, distribution, metabolism, elimination and mechanisms of action will be emphasized. Laboratory sessions will include techniques for drug and toxicity testing.",4 credits
66249,BIO-460,Neurobiology,,BIO-222 or PSY-202,"Structure, function and interactions of neurons and supportive cells of the nervous system. Analysis of simple neuronal circuits and neuronal alterations in development, memory and neurological disorders. Laboratories include the study of nervous system cells utilizing a variety of methods, some of which involve the use of model organisms.",4 credits
66246,BIO-445,Genomics and Bioinformatics,,"any one of the following: BIO-210 , BIO-211 , BIO-212 , or BIO-213","Comparative genomics, information retrieval from biological databases, amino acid and DNA sequence analysis, similarity searching, phylogenetic reconstruction, models of evolution, genome remodeling, and molecular visualization. Lecture and laboratory incorporate computer-based exercises and student research projects. Separate laboratory component.",4 credits
66251,BIO-470,Immunology,,BIO-222,"Study of the immune system dealing with both adaptive and innate immunity. Topics include cellular aspects of immunology, antibody-antigen interactions, the genetic basis of antigenic recognition, regulation of the immune response, tumor immunology and autoimmunity. Laboratory emphasis on various modern techniques used in immunology.",4 credits
66255,BIO-503,Individualized Internship,,Instructor Permission Required BIO-222 recommended.,"Provides direct training and work experience in one or more aspects of the biological sciences and may be completed on or off campus. Working with a faculty sponsor and an on-site supervisor, students develop objectives for the internship/preceptorship experience, write an agreement specifying what is expected, and keep a detailed log of their activities. This course meets the criteria for the capstone experience for both BA and BS Biology majors. S/U",0 credits
66250,BIO-461,Teaching Methods and Materials in Biology,,EDU-464,"Practicum for developing teaching skills in biology, including the laboratory and field work. Topics include planning and preparation, safety and storage, and instruction. Practicum will provide experiences teaching in the university classroom.",4 credits
66253,BIO-501,Independent Study,,Instructor Permission Required BIO-222 recommended.,Students may pursue an independent study in cooperation with any member of the department. Topics and the type of study will vary with the interests of the individual students. This course meets the criteria for the capstone experience for the BA in Biology but not the BS in Biology. Variable credit. Variable credit.,
66252,BIO-475,Nutrition,,"BIO-222 and any one of the following: BIO-210 , BIO-211 , BIO-212 , or BIO-213","Composition, chemistry, digestion, absorption, and metabolism of foods. Other topics include energy balance, food additives, food sensitivities, and the role of diet in development and disease. The animal nutrition topics meet the needs of pre-veterinary students.",4 credits
66268,BUS-150,Perspectives on Business,,,"An introduction to the various functional areas of business (accounting, finance, marketing, and operations) with emphasis on their integration. Other topics of importance, such as globalization, ethics and corporate social responsibility, and the impact of new technology, will also be addressed and examined in the context of the current business environment. In addition, the course will examine the intersection of business with various other subject that are traditionally taught in the liberal arts.",4 credits
68276,BIO-508,Supervised Research,,BIO-222,"A project involving original and relatively independent research. Working with a faculty sponsor, the student poses a question of biological significance, writes an agreement specifying work expectations, devises the experimental protocol, and collects data. Projects may be performed either on campus or at other locations. An oral presentation is required upon completion of the project, usually done in the context of BIO-075. This course meets the criteria for the capstone experience for the BA and BS in Biology.",0 credits
66256,BIO-506,Experience in Research,,Instructor Permission Required.,"Engagement in research in Biology, supervised by a faculty sponsor. Evaluation will be based on meeting specific work expectations agreed to by the student and sponsor. An ideal way for new students to experience research or for experienced students to continue their independent research. This course does not meet the criteria for the capstone experience within the Biology major. Pass-No Pass ONLY. Variable credit.",
66254,BIO-510,Thesis,,BIO-222 and Instructor Permission Required,"A project involving original and relatively independent research. Working with a faculty sponsor, the student poses a question of biological significance, writes an agreement specifying work expectations, devises the experimental protocol, and collects data to evaluate the question. Laboratory or field projects may be performed either on campus or at other locations. A research paper and oral presentation of the topic are required upon completion of the project with the oral presentation usually done in the context of BIO-075. This course meets the criteria for the capstone experience within both the BA and BS Biology majors.",4 credits
67734,BUS-100,Personal Finance,,junior or senior class standing,"Consideration of personal income, expenditures, borrowing, savings and investments. May not fulfill a major requirement for majors offered within Business and Accounting. May not be taken after completion of ECN-100 Personal Finance .",4 credits
66270,BUS-300,International Business Practices,,,"A study of current business practice and protocol in various foreign countries. The course involves travel to one or more countries and includes lesson presentations and lectures to be delivered by Furman faculty and guest lecturers (business leaders and professors) native to universities in the host countries. Additionally, the course will include tours and briefings relating to various entities in each country including relevant businesses and cultural sites. May Experience ONLY.",2 credits
67335,BUS-200,Business Drives the Economy,,,"A study of businesses and the industry/economic base in one of the world’s financial centers. Students will study the key strategic issues that confront important organizations in a major United States city, and will have the opportunity to interact with executives in these organizations. The intent of the course is to understand how and why the city became and remains an economic hub of the United States, and to develop an understanding of the nature of competition in the city (and many of America’s) key industries. May Experience ONLY.",2 credits
66283,BUS-270,Introduction to Innovation and Entrepreneurship,,,"Entrepreneurship in society and the characteristics of entrepreneurs and their organizations. Topics include: how opportunities are discovered, the conditions of markets and industries that must be weighed in choosing to enter them, and the resources to establish a new venture and build it into a successful enterprise.",4 credits
68535,BUS-220,Stock Option Valuation and Trading Challenge,,,"This course offers students the opportunity to trade stocks and options in the real-time market. Teams will compete to win the trading challenge. Classes will include the selection of stocks, options, and strategies. Using Bloomberg, students will also engage in fundamental analysis of the company, technical analysis, economic analysis, news analysis, option value, and risk management. Following every trading session, the instructor will provide feedback. The class will be run like a course-length tournament. May Experience ONLY.",2 credits
66269,BUS-230,Business Analytics,,"ACC-111 or ACC-120 , and MTH-120","Study of the quantitative tools necessary for decision making and problem solving processes in the modern data-oriented business environment. Evaluation of best practices that lead to effective or improved decisions. Includes framing, causal analysis, identification of alternatives, and assessment of potential consequences. Extensive software usage in Microsoft Excel and Tableau is involved.",4 credits
67451,BUS-310,"Business, Government and Society",,,"Using stakeholder theory, addresses the normative and descriptive approaches to decision making within an organization and initiatives to influence business actions. Studying regulation, corporate political activity, social environmental, ethical, and current management issues.",4 credits
66273,BUS-315,Human Resource Management,,,Human resource planning and management. Impact of internal and external forces on the organization’s human resources. Experiential exercises and cases relate theory and practice.,4 credits
66271,BUS-311,International Business,,ECN-111,"Study of the global business marketplace, including a detailed focus on cultures, economic development, export/import trade, foreign direct investment and the foreign exchange market. Additional course material includes an emphasis on emerging markets, international trade theory, legal and political systems, and regional economic integration.",4 credits
66272,BUS-312,Sustainable Corporation,GER: NE (Humans and the Natural Environment),,"Business applications of sustainable development and corporate strategies based on economic, environmental and social criteria. How the corporate world plays a central role in making progress toward sustainability. The inter-relatedness of business and natural systems, and how corporations use sustainability as a value driver.",4 credits
67565,BUS-302,Principles of Management,,"Any Accounting, Business, or Economics course","Study of the basic managerial functions of planning, organizing, staffing, directing, and controlling resources to accomplish organizational goals. The systems concept of management and the role of the manager at each level of the organization are emphasized. Special emphasis will be placed on communication, inclusion, team-building, and ethics in the workplace. The course will address innovation, contemporary issues, and globalization as well as multiple leadership styles and systems of organizing.",4 credits
66276,BUS-330,Operations Management,,"ACC-111 or ACC-120 , BUS-230 , and MTH-120","Issues associated with the manufacture of products and the delivery of services. Topics include operations strategy, quality management, product and service design, process planning, technology decisions, facility location and layout.",4 credits
66274,BUS-320,Marketing Strategy,,ECN-111,"A detailed study of the fundamental terms and concepts in contemporary marketing as well as an introduction to current real world marketing strategies. Traditional marketing concepts covered include analyzing the marketing environment; brand strategy; consumer behavior; integrated marketing communications; marketing strategy/planning; segmentation, targeting and positioning; new product development, design, innovation, and product packaging; pricing strategy; services marketing; supply chain and distribution; and retailing.",4 credits
66275,BUS-321,Marketing Strategy,,ECN 111,"Introduction to the field of marketing with an emphasis on strategy. Course includes detailed study of the marketing concept, including market segmentation, consumer behavior and external environments. Focus on processes of product development, pricing, distribution and promotion. Business Core ONLY.",4 credits
66278,BUS-337,Intermediate Business Analytics,,BUS-230,"An examination of descriptive, predictive and prescriptive analytical tools useful to find patterns in data, identify relationships among operational variables and business outcomes, and to provide insight into complex decision making situations.",4 credits
66277,BUS-331,Operations and Technology Management,,"ACC 111 or ACC-120 , BUS-230 , and MTH 120","Issues associated with the manufacture of products, technology and the delivery of services. Topics include operations strategy, quality management, product and service design, process planning, technology decision-making, facility location and layout. Business Core ONLY.",4 credits
66279,BUS-340,Principles of Corporate Finance,,"ACC-111 OR ACC-120 , ECN 111 , AND MTH 120","Introduction to the principles and fundamental concepts of corporate finance. Emphasis on analyzing financial statements, the time value of money, valuation, risk and return, capital budgeting, and cost of capital.",4 credits
66281,BUS-350,Business Law,,,"The study of law and society. Topics include the judicial system, the basic law of contracts, including offer and acceptance, consideration, form of the agreement, defenses, and breach of contract, the law of assignment and third party beneficiary contracts, and the law of agency.",4 credits
66282,BUS-360,Performance Management,GER: HB (Empirical Study of Human Behavior),,"Introduction to fundamental principles and methods of Behavior Analysis as applied to performance improvement in organizations. Students will interview local business managers/owners, learn to pinpoint areas for performance improvement, develop measurement systems, and design and evaluate evidence-based solutions to performance-based workplace deficiencies.",4 credits
66280,BUS-341,Introduction to Corporate Finance,,"ACC 111 or ACC-120 , ECN 111 , and MTH 120",Goals of the firm in the context of the financial markets in which it operates. Emphasis on analyzing the sources and costs of funds available as well as factors affecting their allocation. Business Core ONLY.,4 credits
67580,BUS-370,Social Entrepreneurship and Social Innovation,,ECN-111 and ACC-111 or ACC-120 or other Business course,"Entrepreneurs are using business methods to help solve social and environmental challenges otherwise ignored or missed by commerce and addressed predominately with often unsustainable donor-driven models by the nonprofit sector. This course includes social intrapreneurship, where employees in existing companies similarly are developing new income opportunities by addressing social and environmental challenges in a profitable, scalable manner. Social entrepreneurs are at the vanguard of creating new business models for neglected markets that corporations can emulate, partner with or acquire to take to scale. As the traditional lines blur among nonprofits, government and business, it is critical that business students understand the opportunities and challenges in this new landscape.",4 credits
66284,BUS-420,Marketing Research,,BUS-320 or BUS-321,"Emphasis on the importance of a marketing information system. The types and sources of information required for marketing planning and decision making. Topics include the research process, techniques, design and methodologies. Concepts applied through case studies or projects in the business community.",4 credits
68202,BUS-424,"Business, Branding and Behavior",,BUS-320 or BUS-321,"Learners will explore the complexities of strategic brand management, examining the intersection of business decisions, branding approaches and consumer responses. This course covers brand development, equity, and competitive positioning, while emphasizing the behavioral factors influencing consumer and business decisions in diverse markets. By analyzing real-world case studies emphasizing multi-stakeholder perspectives, students will examine branding strategies from idea conceptualization to sustaining growth models.",4 credits
66285,BUS-421,International Marketing,,BUS-320 or BUS-321,"Management of global marketing operations with emphasis on the strategic distribution, promotion, product, and pricing issues faced by firms engaged in world trade. An in-depth examination of the economic, financial, cultural and political/legal infrastructures that affect the marketing function in different countries and regions.",4 credits
66287,BUS-423,Consumer Behavior,,BUS-320 or BUS-321,"Study of internal and external influences on consumer behavior as an applied science. Emphasizes behavioral, social, and motivational aspects of buyer decision-making. Underscores the dynamic relationship of the consumer to society, business strategy, and economic markets.",4 credits
66286,BUS-422,Integrated Marketing Communications,,BUS-320 AND ECN 111,"A detailed study of the field of advertising and promotions management, incorporating a big picture approach to strategic marketing communication. Fundamental course concepts include traditional advertising, branded entertainment, direct marketing, sales promotion, interactive media, publicity/public relations, packaging, social media, sponsorship marketing and point-of-purchase communications. Attention will also focus on markets, industries, competitive environments, and macro-environmental forces that continuously impact firms and their stakeholders.",4 credits
66289,BUS-440,Investments Management,,BUS-340 or BUS-341,"Applied capital markets course using a traditional text, case studies and a trading simulation to explore security valuation, qualitative/quantitative techniques & portfolio management theory. Security valuation and portfolio risk/return math requires the use of complex formulas, financial calculators and Microsoft Excel. Students will benefit by having some experience in statistical interpretation.",4 credits
66288,BUS-430,Integrated Process Improvement,,BUS-330 or BUS-331,"Integration of Lean and Six Sigma methodologies to achieve process improvement by identifying, analyzing and formulating solutions to problems. Topics include: lean thinking, six sigma quality, lean and six sigma tools, process mapping, project selection, introduction to design of experiments, and team dynamics.",4 credits
66291,BUS-442,Financial Institutions and Markets,,ECN-111,"The nature of the funds sources and asset preferences of the major financial institutions, as well as an overview of the financial markets within which they function. Point of view is that of decision makers operating within the institutions.",4 credits
68539,BUS-443,Risk Management,,BUS 340 or BUS 341,"This course introduces the fundamental concepts and principles of risk management. Students will also learn about the valuation and application of derivatives, including futures, options, and swaps, as well as insurance. Derivatives trading strategies, hedging strategies for managing security and commodity price risk, foreign exchange rate risk, interest rate risk, and other personal and property risks, as well as the real-world application of insurance and derivatives, will also be discussed.",4 credits
66290,BUS-441,International Finance,,BUS-340 or BUS-341,"Study of international markets and the financial operations that take place in those markets. The financial aspects and operations of multinational corporations are highlighted. Topics include: exchange rate behavior and risk management, financing of international operations, and international capital budgeting.",4 credits
68540,BUS-444,Advanced Corporate Finance,,BUS 340 or BUS 341,"Advanced topics in corporate financial management are the focus of the course. The complex process of the acquisition and allocation of financial resources in the firm, as well as the numerous factors that determine the value of a firm and equity, will be discussed. The topics include the free cash flow valuation model, optimal capital budgeting, payout strategies, capital structure decisions, mergers and acquisitions, investment banking, private equity, and financial distress.",4 credits
68541,BUS-470,New Venture Business Modeling,,BUS 270,"Students will learn the characteristics of business models in scalable new ventures. Analysis and problem solving in new ventures is highlighted. Topics include: the go-to-market and operational activities in a new startup, leadership and resilience, revenue and cost modeling, entrepreneurship ecosystems. Students will participate in an experiential project involving the development, initial launch, pitching, and communicating of an actual business idea with real revenue from sales.",4 credits
66293,BUS-501,Independent Study,,,Majors may pursue an independent study project in cooperation with any member of the department. Topics and the type of project will vary with the interests of individual students. Variable credit.,
66294,BUS-503,Individualized Internship,,,"Business administration focused internship approved by a faculty supervisor. Students develop objectives for the internship experience, read relevant literature, and prepare written assignments, including weekly journals, reflective summaries, and a final paper. BUS 503 will be evaluated for business major elective credit as part of the BUS 503 application and approval process. BUS 503 courses begun prior to September 1, 2023, may not be used to meet a major elective requirement. Course must be a 4-credit course to be considered for elective credit Pass-No pass ONLY. Variable credit.",
66292,BUS-450,Strategic Management,GER: WR (Writing-Research Intensive),"ACC-120 or ACC-301 , BUS-320 or BUS-321 , and BUS-340 or BUS-341 , or permission of instructor.","Course for seniors in business administration and accounting. The process of strategic management, including industry and competitive analysis and strategy formulation, implementation and evaluation. Knowledge from the different functional areas of business is integrated and focused on the solution of complex business problems. Oral and written communication emphasized.",4 credits
66298,CHM-110,Foundations of Chemistry,GER: NWL (Empirical Study of the Natural World with laboratory),,"Introduction to the principles of chemistry. Topics include: atomic and molecular structure and chemical bonding, stoichiometry, properties of the states of matter, and energetics of chemical reactions with emphasis on problem solving, conceptual understanding, and analytical reasoning. Laboratory focuses on quantitative measurements and interpretation of data. Cannot receive credit for both CHM 110 and CHM 111.",4 credits
67815,CHM-111,General Chemistry - Exam Equivalency,GER: NW (Empirical Study of the Natural World),,"Exam equivalency (AP, IB, etc.) for one semester of general chemistry credit. Cannot receive credit for both CHM 110 and CHM 111.",4 credits
66297,CHM-101,Chemistry and Global Awareness,GER: NW (Empirical Study of the Natural World) and NE (Humans & the Natural Environment),,"May not be registered for credit after successful completion of any other chemistry course at Furman. Introduction to the scientific method, how chemists approach the study of nature, interrelationships between theory and experiment, and the nature of scientific information. These concepts are discussed in the context of modern environmental concerns such as energy utilization, global warming, and water/air pollution. Designed specifically for non-science majors.",4 credits
66295,BUS-505,Structured Internship,,,"Internships are developed by the student and approved by the faculty supervisor. Students develop objectives for the internship experience, read relevant literature, prepare written assignments, submit weekly journals and reflective summaries, and write a final paper. Student will attend meetings with the faculty supervisor. Will not contribute to the accounting or business administration major. Pass-No pass ONLY. Variable credit.",
66296,CHM-075,Seminar in Chemistry,,,"Seminars presented are based on current literature. Presentations include articles detailing the application of chemical principles and techniques. Surveys of assigned journals are presented individually; more detailed presentations are made by small groups working as teams. Topics include: coverage of recent important developments, global awareness of the application of chemistry to the natural world, experience in making scientific presentations, and encouragement of good literature reading habits.",0 credits
66302,CHM-230,Inorganic Chemistry,,CHM-120,"Introduction to inorganic topics, beginning with the Periodic Table. Topics include: main-group chemistry, nuclear chemistry, transition metal chemistry, and solid state chemistry will be explored in more depth. Connections between theory and observation will be highlighted.",4 credits
66300,CHM-120,Organic Chemistry I,GER: NWL (Empirical Study of the Natural World with laboratory),CHM 115 or CHM 118 but may be completed concurrently with department permission.,"The application of chemistry principles to carbon compounds with a focus on the physical and chemical properties of major organic functional groups. Topics include an introduction to stereochemistry, conformational analysis, synthesis, and reaction mechanisms. Laboratory activities emphasize reaction set-up, chemical analysis, and product isolation.",4 credits
67752,CHM-118,Principles of Chemistry: Theory and Applications,GER: NWL (Empirical Study of the Natural World with laboratory) and NE (Humans and the Natural Environment),,"Introduction to the principles of chemistry. Topics include atomic and molecular structure, chemical bonding, stoichiometry, properties of the states of matter, intermolecular forces, energetics of chemical reactions, kinetic and thermodynamic principles of chemical reactions including the laws of thermodynamics, equilibrium, acid-base chemistry, solubility, electrochemistry, and colligative properties. Emphasis on problem solving, conceptual understanding, and analytical reasoning applied in a biochemical and environmental context, including combustion reactions, renewable energy, and nuclear power. Laboratory focuses on quantitative measurements and interpretation of data. Students who have received credit for CHM-110 Foundations of Chemistry or CHM-115 Kinetics, Thermodynamics and the Environment are not eligible to take this course.",4 credits
66301,CHM-220,Organic Chemistry II,,CHM-120,"The application of organic chemistry principles to solve interdisciplinary problems in chemistry, supported by additional discussions of relevant functional group chemistry. Areas of study may include, but are not limited to: polymer chemistry, materials chemistry, synthetic chemistry, organometallic chemistry, bio-organic chemistry, and spectroscopy.",4 credits
66299,CHM-115,"Kinetics, Thermodynamics and the Environment",GER: NWL (Empirical Study of the Natural World with laboratory) and NE (Humans & the Natural Environment),CHM-110,"Kinetic and thermodynamic principles of chemical reactions including the laws of thermodynamics, acid-base chemistry, solubility, electrochemistry and colligative properties applied in an environmental context. Nuclear chemistry including radioactive decay, nuclear power, and the energetics of nuclear reactions.",4 credits
66304,CHM-250,Introduction to Research Methods,,,"An introduction to the fundamental protocols of modern laboratory research, including chemical safety, information fluency, and instrumentation methods. Additional topics include scientific ethics, data preservation, and individualized instruction on project specific techniques. May Experience ONLY.",2 credits
66305,CHM-251,Advanced Research Methods,,,"An exploration of the techniques and protocols of modern laboratory research, including chemical safety, information fluency, and advanced instrumentation methods. Additional topics include scientific ethics, data analysis, and individualized instruction on project specific techniques. May Experience ONLY.",2 credits
66307,CHM-310,Physical Chemistry I,,MTH-151 and PHY-112,"Development of the basic concepts of physical chemistry and the theoretical and quantitative foundations for further study in chemistry. Knowledge of calculus and introductory physics is essential. Topics include: introduction to quantized energy levels, molecular structure, spectroscopy, molecular symmetry, chemical kinetics and reaction dynamics.",4 credits
66306,CHM-255,Technical Writing in Chemistry,,,"An introduction to the fundamental aspects of scientific writing. Additional topics include literature resources, data presentation, and individualized instruction on project specific written presentations. May Experience ONLY.",2 credits
66303,CHM-240,Experimental Techniques,,CHM-120 Must concurrently complete CHM-230 .,"Laboratory exercises involving multi-step synthesis, purification, and analysis of both organic and inorganic compounds. Use of modern chemical instrumentation, utilization of the chemical literature, and the oral and written presentation of experimental data are requirements.",4 credits
66312,CHM-430,Advanced Topics in Inorganic Chemistry,,CHM-240,"Investigation of the relationship between structure and reactivity in inorganic chemistry. Advanced topics include: structural types, bonding theories, reaction types, energetics, and spectroscopy as applied to transition metal complexes, organometallic complexes, solid state materials, and bioinorganic species.",2 credits
66310,CHM-410,Quantum Chemistry,,CHM-310 and MTH-160,An exploration of the origins of quantum theoretical concepts and formalisms. Applications to systems that can be solved exactly (model systems and H atom). Various computational methods used to find suitable approximate solutions for more complex real chemical systems (valence theory).,4 credits
66309,CHM-340,Physical Chemistry II,,MTH 151 and PHY-112,"The thermodynamics and statistical mechanical aspects of physical chemistry. Laboratory consists of physical measurements and spectroscopic characterization of matter. Working with lasers, computer interfaced instrumentation, high vacuum apparatus and other sophisticated laboratory equipment.",4 credits
66311,CHM-420,Advanced Topics in Organic Chemistry,,CHM-220,"Investigation of the relationship between structure and reactivity in organic chemistry. Advanced topics include: structural types, bonding theories, reaction types, energetics, and synthetic methods as applied to organic molecules and materials.",2 credits
66308,CHM-330,Analytical Chemistry,,CHM 240,"Advanced analytical measurements, data analysis and instrumental methods including titrimetry, atomic and molecular spectroscopy and electro-chemistry. Advanced chemical separations including extraction, gas and liquid chromatography and electrophoresis. Laboratory emphasizes intensive hands-on experience with state of the art equipment including voltammographs, ICP, capillary GC-MS, HPLC, HPCE, UV/Vis and emission spectroscopy.",4 credits
66313,CHM-440,Environmental Chemistry,GER: NE (Humans & the Natural Environment),CHM-240,"Advanced study of chemical processes and chemical measurements as they relate to environmental systems and environmental assessment. Topics include: risk assessment, statistical sampling, atmospheric chemistry, water/soil chemistry, toxicology, waste disposal and energy utilization. Includes environmental measurements laboratories.",4 credits
66314,CHM-450,Advanced Materials Chemistry,,CHM-120,"Introduction to the logical strategies for creating new materials. Discussions cover semi-conductors, soft-materials (polymers), nanostructured materials and techniques for materials characterization.",2 credits
67336,CHM-445,Advanced Topics in Physical Chemistry,,CHM-310,"Topics in physical chemistry including lasers and their applications, nanoscience, and optical spectroscopy. Topics will be connected with applications in analytical chemistry and biochemistry.",2 credits
66316,CHM-461,Teaching Methods and Materials in Chemistry,,EDU-464,"Developing teaching skills in the science laboratory. Topics include planning and preparation, safety and storage, instruction and assessment. Practicum will provide experiences teaching in the laboratory and classroom.",4 credits
66315,CHM-460,Biological Chemistry,,"BIO-111 , CHM-220 , and CHM-240",". CHM-220 may be completed concurrently with department permission. Analysis of biochemical systems from a rigorously-chemical viewpoint. Topics include: the chemical properties of biological macromolecules, enzyme kinetics and thermodynamics, reaction mechanisms in metabolic pathways, and structural and functional aspects of gene expression. Laboratories involve contemporary methods in biochemistry including high-resolution gel electrophoresis and enzyme kinetic assays.",4 credits
66318,CHM-501,Independent Study,,,Students conduct an independent study not involving laboratory research on a selected topic in consultation with the department chair. Oral presentation and formal paper required. Variable credit.,
66319,CHM-502,Undergraduate Research,,,Laboratory research of an original nature is conducted under the direct supervision of chemistry faculty. Oral presentation and formal paper required. Variable credit.,
66317,CHM-465,Advanced Biological Chemistry,,CHM-460,"Advanced topics in bio-organic chemistry, mostly related to enzymes, kinetics and coenzymes, as well as detailed discussion of nucleic acid chemistry/bio-chemistry, molecular aspects of genetics, and gene control. Laboratory includes isolation and purification of enzymes, determination of DNA structures, DNA sequencing, and individual mini-projects.",4 credits
67535,CHM-510,Undergraduate Thesis I,,CHM-240,Independent study leading to the production of an undergraduate thesis based upon research conducted during a student’s undergraduate career.,1 credit
68205,CHM-470,Special Topics in Biochemistry,,CHM-460,"Investigation of modern problems utilizing biochemistry and / or chemical biology. Both of these fields are rapidly evolving, with cutting edge, peer-reviewed science being published weekly. This course will allow students to study modern problems facing humanity (such as infectious diseases) using the framework of these disciplines.",2 credits
66739,CHN-120,Elementary Chinese II,GER: FL (Foreign Language) for students seeking the Bachelor of Science degree ONLY,CHN-110,"Continuation of work on the sound system and grammatical structures necessary to develop listening and speaking skills in Mandarin Chinese, including reading and writing exercises with basic Chinese characters. An appreciation of Chinese culture underlies the orientation of the course",4 credits
66738,CHN-110,Elementary Chinese I,,,Introduction to the sound system and grammatical structures necessary to develop listening and speaking skills in Mandarin Chinese. Initial reading and writing exercises with basic Chinese characters. An appreciation of Chinese culture underlies the orientation of the course.,4 credits
67536,CHM-511,Undergraduate Thesis II,,CHM-510,Independent study leading to the production of an undergraduate thesis based upon research conducted during a student’s undergraduate career.,1 credit
66741,CHN-202,Intermediate Chinese II,GER: FL (Foreign Language),CHN-201,"Continuation of Mandarin Chinese language development with emphasis on communication skills, expansion of vocabulary and idiomatic expression. Cultural activities and outside readings required.",4 credits
66740,CHN-201,Intermediate Chinese I,GER: FL (Foreign Language),CHN-120,"Continuation of development of proficiency in listening and speaking of Mandarin Chinese, while expanding reading and writing skills, using materials of a literary or cultural nature. Includes a review of grammar.",4 credits
66744,CHN-235,Classic Chinese Fiction,,,The classic Chinese novel and short story in English translation. Important works of all major dynasties from ancient times through the nineteenth century and their impact on the role of culture and society in Chinese literature.,4 credits
66742,CHN-225,Chinese Film,GER: VP (Visual and Performing Arts) and WC (World Cultures),,"Cultural, intellectual, artistic and social issues that lead to an informed understanding of Chinese film, film analysis, and China. Selected films are organized under the topics of gender, ethnicity, melodrama, and urbanism.",4 credits
66743,CHN-230,Survey of Chinese Literature,"GER: TA (Critical, Analytical Interpretation of Texts) and WC (World Cultures)",,"The development of literature in China from its beginnings to the modern period. Through study of representative works in English translation, the course offers an overview of Chinese literature and examines the role of culture and society.",4 credits
66745,CHN-240,Chinese Civilization,"GER: TA (Critical, Analytical Interpretation of Texts) and WC (World Cultures)",,"Surveys the social and cultural topography of China from earliest times to the present. Special attention is given to the intersections of intellectual traditions, social customs, visual arts, architecture, literature, and popular culture.",4 credits
66746,CHN-245,Twentieth Century Chinese Literature,"GER: TA (Critical, Analytical Interpretation of Texts) and WC (World Cultures)",,The development of modern Chinese literature in all genres. Through the study of the most representative works in English translation this course considers the relationship between literature and society in twentieth century China.,4 credits
67441,CHN-260,Beijing and Suzhou: Urban Culture in China,,,"Introduction to urban culture in China, with particular focus on Beijing and Suzhou as case studies. For centuries, Beijing exemplified the Confucian tradition that highlighted state authority and social hierarchy, whereas Suzhou remained a cultural and scholarly center that embodied the Taoist ideal of “gentleman in retreat.” A comparative study of Beijing and Suzhou allows students to gain an understanding of China’s traditions that converged to shape its urban culture. Taught on-site, the course includes study tours in Beijing and Suzhou. May Experience ONLY.",2 credits
66749,CHN-302,Intermediate Chinese IV,GER: FL (Foreign Language),CHN-301,"A continuation of Mandarin Chinese language development emphasizing reading of formal documents, writing and oral communication skills. Additional materials will be used to further develop ability to read, discuss, understand and write.",4 credits
66748,CHN-301,Intermediate Chinese III,GER: FL (Foreign Language),CHN-202,A continuation of Mandarin Chinese language development emphasizing oral skills and idiomatic usage. Students will be required to speak extensively in class. Supplementary materials will be added to the text.,4 credits
66750,CHN-320,Travel Study in Chinese Culture,,,"Study of the Chinese people, society, culture and civilization.",4 credits
66747,CHN-246,Twentieth Century Chinese Popular Fiction,"GER: TA (Critical, Analytical Interpretation of Texts) and WC (World Cultures)",,"Introduction to twentieth century Chinese popular fiction and to the critical theories informing their study. Detailed readings of selected works -such as romance, martial arts, and detective fiction- that occupied a conspicuous place in discussions during the twentieth century. Investigation of how authors rewrite themes of traditional domestic fiction and Western literary works into a discourse on transforming modern storytelling. Texts will be discussed in terms of past and present reception, characterization, structure, genre, and the cultural/historical context.",4 credits
66755,CHN-470,Chinese Studies Thesis,,instructor permission,"Guided research, translation, and writing on a topic in a field of Chinese Studies in which the student has had previous course work. The student will propose a thesis project to a faculty member in the field of Chinese Studies who by approving it becomes the thesis advisor.",4 credits
66754,CHN-404,Classical Chinese,,CHN-402 or instructor permission,"Using a set of texts and textual excerpts from the early and medieval periods, students will increase familiarity with key vocabulary, syntactic, and rhetorical patterns of texts written in classical Chinese. Through close reading, prepares students for a deeper understanding of various styles of writing, themes, and literary genres that were fundamental for Chinese tradition.",4 credits
66752,CHN-402,Advanced Chinese II,,CHN-401,Continued emphasis on advanced skills of conversation and discussion in Mandarin Chinese. Special focuses include effective exchange of evolved ideas concerning various cultural topics of interest.,4 credits
66751,CHN-401,Advanced Chinese I,,CHN-302,Continued study of Mandarin Chinese emphasizing advanced conversation skills. Special focus on effective exchange of more complex ideas in daily life and topics of interest.,4 credits
66753,CHN-403,Chinese through Film and Media,,CHN-402,"Utilizing a textbook on Chinese language films, students will encounter original Chinese texts related with films and TV shows. Emphasis on developing high level of reading, writing, speaking, and listening comprehension, and on greater sophistication in utilizing appropriate discourse strategies.",4 credits
67627,CLS-102,Classics: The Basics,GER: TA (Analysis of Texts),,"An introduction to the study of the Classical world. Survey of the fundamental texts, critical historical events, and significant artifacts and sites.",4 credits
67669,CLS-104,Sport and Violence in the Ancient World,GER: HA (Historical Analysis),,"Survey of Greek and Roman athletic competitions and violent spectacles; examination of athletes and sports in the politics, economy, religion, art, and literature of the ancient world.",4 credits
66756,CHN-504,Directed Independent Study,,,Variable credit.,
67605,CLS-101,Homer for Everyone,GER: TA (Analysis of Texts),,"This course explores (in translation) Homer’s Iliad and Odyssey, two narrative epic poems that are widely understood to form the basis of classical tradition since antiquity. Students will employ close textual analysis and various forms of literary interpretation as they immerse themselves in the cultural imaginary of the Greeks.",4 credits
67604,CLS-103,Mythology,GER: TA (Analysis of Texts),,"Survey of ancient mythologies across the world and their reception. Topics include mythologies from Mesopotamia, India, Egypt, Greece, Rome, China, Japan, Indigenous Latin America.",4 credits
67337,CLS-210,Introduction to Greek Archaeology,,,"Illustrated lecture survey of the principal archaeological sites in ancient Greece and Italy. Study of the material culture, monumental remains, and the developing styles in art, architecture, and city planning. Introduction to the goals, methodologies, and achievements of archaeological excavation.",4 credits
67602,CLS-212,Geography and Travel in the Ancient Mediterranean Catalog,GER: NE (Natural Environment) and TA (Analysis of Texts),,"The course examines how human groups in antiquity navigated their landscapes, and how this influenced their perception of the environment and their interactions with it. Topics include: the origins of geography and astronomy, technologies of navigation, travel and storytelling, imperial geographies, ancient utopias, tourism in antiquity.",4 credits
66320,CLS-111,Introduction to Classics,GER: HA (Historical Analysis of Human Interactions),,"Introduction to the field of Classical Studies, focusing on philology, history, archaeology, art, and architecture and their sub-fields. Other topics include: the intellectual history of the discipline, transmission of texts, scholarly theory and methodology, and cultural informatics.",4 credits
67603,CLS-105,The Ancient World in 50 Archaeological Objects,GER: HA (Historical Analysis),,"An archaeological introduction to the ancient Mediterranean world by means of specific artifacts and historical sites. Topics include: everyday activities (food, clothing, homes), art, industry, entertainment, religion, death and burial, and war.",4 credits
66321,CLS-211,Classical Archaeology,GER: HA (Historical Analysis of Human Interactions),,"Illustrated lecture survey of the principal archaeological sites in Italy with emphasis on ancient Rome. The material culture and monumental remains and the developing styles in Roman art, architecture, and city planning. Examination of principal sites and monuments, as well as techniques and methods of excavation.",4 credits
67625,CLS-216,Historical Linguistics & PIE,GER: HB (Human Behavior),,"An introduction to language change and the methodology of historical linguistic analysis, using data from the Indo-European family of languages.",4 credits
67671,CLS-214,Law and Order: Greece & Rome,GER: HA (Historical Analysis),,Historical view of how law developed in the ancient world; formation of law codes; origins of legal ideas and practices.,4 credits
67670,CLS-213,Inventing the Book,GER: HA (Historical Analysis),,"The book as a technology for the transmission of information. Topics include: study of early technologies of writing, such as clay tablets, stone inscriptions and papyri, Medieval manuscripts, early print editions, up to modern digital editions.",4 credits
66322,CLS-220,Greek Civilization,GER: HA (Historical Analysis of Human Interactions),,"Chronological survey of Greek political, military, and economic history, development of literature, sculpture and major architecture; attention to domestic and religious aspects of the Greek experience.",4 credits
67626,CLS-215,Science and Innovation in Antiquity,,,"Overview of the origins of science in the ancient world. Topics include: botany, astronomy, mathematics, geometry, technology and mechanics.",4 credits
66325,CLS-231,Reading Latin Literature,"GER: TA (Critical, Analytical Interpretations of Texts)",,"Survey in English translation of Latin literature. Topics include: a general survey of Latin literature and the concentrated reading and interpretation of selected works by authors such as Plautus, Caesar, Cicero, Catullus, Horace, Vergil, Livy, Seneca, and others.",4 credits
66324,CLS-230,Reading Greek Literature,"GER: TA (Critical, Analytical Interpretations of Texts)",,"Survey in English translation of Classical Greek literature, including the Homeric epic poems, Greek tragedy and comedy, and other significant genres.",4 credits
66323,CLS-221,Roman Civilization,GER: HA (Historical Analysis of Human Interactions),,"A study of Rome from its origins to its putative fall in the fifth century. Focus on the development and influence of Roman social, cultural, and political structures.",4 credits
67673,CLS-223,Immigration and Integration in Greece and Rome,GER: HA (Historical Analysis),,"This course examines how and why ancient civilizations migrated (from where and to where) and how they interacted with one another. Additional topics: colonization, networks, foundation.",4 credits
67672,CLS-222,Title The Invention of Archaeology,,,"The development of archaeology from its unscientific beginnings in looting to its modern practice. Topics include the discovery of Pompeii and Troy, the beginning of art history, and the ethical questions around excavation, exhibition, and ownership.",4 credits
66326,CLS-320,Travel Study in Classical Civilizations,,,"Cultural history of the ancient Greek and Roman world, including art and architecture, archaeology, literature, religion, and daily life.",4 credits
67624,CLS-321,Polytheism and Its Problems,GER: UQ (Ultimate Questions),,"The polytheistic belief system of the Greeks and Romans. Topics include the limitations of the evidence, the variety of religious experience, myth, ritual and personnel, and religious competition and conflict.",4 credits
67674,CLS-232,Guide to the Good Life,GER: UQ (Ultimate Questions),,"How to live a good life, according to ancient theories about the summum bonum (“highest good”). Topics include ancient arguments about what is truly important, the pragmatic principles posited by Epicureans and Stoics, and the possibility of living well according to these values, both then (as exemplified by individual Greek and Roman figures) and now.",4 credits
67675,CLS-233,The Art of Poetry,,,"Survey of Greek and Latin poetry in translation with emphasis on technique. Topics include orality, quantitative meter, the ‘birth of subjectivity,’ autofiction, criticism of poetry, metaphor and image, and comparison with later poets and songs.",4 credits
67676,CLS-311,Business and Entrepreneurship in Greece and Rome,,,"The history of economy, labor, and commerce in the ancient world. Topics include: entrepreneurship, innovation, resource management, slavery, taxation, banking, and euergetism.",4 credits
67623,CLS-322,The Power in Democracy,GER: HA (Historical Analysis),,"“Democracy” originated as a word, a concept, and a system of government in the Ancient Greek world. This course looks at the origins of “democracy”, its role in the history of the city-state of Athens, its institutions, successes, and failures.",4 credits
67677,CLS-323,What is “Western Civilization”?,,,"Examination of the problematic idea of “Western Civilization,” the origins and development of the idea, its deployment in power relationships, and responses to it. The course examines how the concept of “Western Civilization” has been used across time, to provide the foundation to specific agendas, and often originating from a problematic reception of the Classical discourse. Topics include: the problematic reception of ancient Rome under the Fascism; the myth of whiteness in Classical art; the re-use of Classical antiquity in the alt-right.",4 credits
67678,CLS-331,Constructing Identities,GER: UQ (Ultimate Questions),,"Study of how ancient Greeks and Romans constructed their own identities, how they expressed and understood differences between other communities in the ancient Mediterranean world, and how these ancient perceptions influence modern ideas about identity.",4 credits
67622,CLS-401,Seminar in Classics,GER: WR (Writing-Research Intensive),,"Discussion-based meetings will explore a core question about the ancient world and its people. Students will conceive, design, and execute their own research project connected to the main topic of the seminar. All seminars include an assignment encouraging students to integrate and to reflect upon their varied classroom, travel study, and internship experiences over the course of the major.",4 credits
67679,CLS-332,Women and Power in Antiquity,"GER: TA (Critical, Analytical Interpretation of Texts)",,This course examines the representation of women in Greece and Rome as well as attitudes about human sexuality and gender through image and text.,4 credits
66349,COM-202,Digital Storytelling,GER: VP (Visual and Performing Arts),"Any one of the following: COM-101 , COM-102 , COM-201 , or ART-111","The use of digital, electronic media in the cultivation of democratic society. Students will gather information and learn to transmit that information through blogs, podcasts, video, and other digital media.",4 credits
66327,CLS-504,Directed Independent Study,,,Variable credit.,
66354,COM-102,Media and Society,GER: HB (Empirical Study of Human Behavior),,"The nature and history of mass communication. Beginning with oral communication and the literacy revolution and moving to print, electronic, and digital forms of communication. Examining the social, economic, political, legal, and cultural aspects of mass communication, as well as the role of technology in the development of mass media.",4 credits
66347,COM-101,Public Speaking,,,"Study of the fundamental principles and strategies of informative, persuasive, and ceremonial speaking. Emphasis on how to research, organize, and deliver a speech. The ethical, political, and social character of public speaking is also examined. Students perform a variety of speeches and oral exercises and serve as speech critics and interlocutors.",4 credits
66353,COM-201,Rhetoric and Strategy,"GER: TA (Critical, Analytical Interpretation of Texts)",,"Topical and historical survey of the major questions in the theory and strategy of public communication, from ancient to contemporary society. Questions of the ethical status of persuasion, the possibility of truthful communication, and the process of identification by which publics are formed will be central.",4 credits
66350,COM-304,Broadcast Communication,,COM-202,"Study of the journalistic, technical, and aesthetic aspects of television production. Report, video record, and edit news stories. Work in teams to produce newscasts and a documentary.",4 credits
66348,COM-310,Argumentation,,COM-201 Rhetoric and Strategy,"Study of the precepts, theories, strategies, and ethics of argument. Students critically analyze arguments found in speeches, public debates and controversies, newspaper articles and editorials, television news programs, and scholarly texts. Students write argumentative essays, present argumentative speeches, and engage in class debates.",4 credits
66355,COM-301,Rhetorical Criticism,"GER: WR (Writing-Research Intensive) and TA (Critical, Analytical Interpretation of Texts)",COM-201,"Survey the methods of analysis, from a perspective of discourse as social action embedded in audiences and constraints. Includes criticism for public and academic goals, and from speech texts toward all types of artifacts. Theories include text-based, sociological, critical/materialist, dramatic/performative, and qualitative/quantitative studies. Students will analyze one text (oral, written, visual, spatial, or performed) over the entire semester.",4 credits
66360,COM-303,Communication Research Methods,GER: HB (Empirical Study of Human Behavior) and WR (Writing/Research Intensive),"Any one of the following: COM-101 , COM-102 , or COM-201","Introduction to mass media research methods. Develops understanding, critical thinking, and provides practice in research related to mass media, including the principles and basic techniques of mass communication research and the application of results. Students will create a research proposal related to various mass media messages, audiences, and institutions.",4 credits
66358,COM-302,Media Criticism,GER: VP (Visual and Performing Arts) and WR (Writing/Research Intensive),"Any one of the following: COM-102 , COM-202 , or FST-202","Critical methods used to analyze the mass media and popular cultural texts. The theoretical basis of such critical methods as semiotics, psychoanalysis, narrative and ideological theory, and cultural studies, and how to use these methods to analyze media texts such as television shows, movies, and magazine advertisements.",4 credits
66356,COM-311,Rhetoric in the Ancient World,"GER: TA (Critical, Analytical Interpretation of Texts)",COM-201,"The history of rhetorical theory and practice from 500 BCE to 500 CE. Focus on Greek and Roman relationship of rhetoric to politics, law, religion, philosophy, liberal education and culture along with an examination of the influence of ancient rhetoric on medieval rhetoric. Readings include selections from the sophists, Isocrates, Plato, Aristotle, Cicero, Quintilian, Tacitus, and Augustine.",4 credits
66357,COM-315,Oratory and Social Change,"GER: TA (Critical, Analytical Interpretation of Texts)",COM-101,"The course examines the history and protracted sociopolitical issues of the United States through iconic and obscure speeches. This approach teaches students the role of eloquence and public discourse in history making, policy making, and social practice.",4 credits
67581,COM-314,Social Media Strategy,,COM-202,"This course engages social and participatory media in the exploration of rhetoric, strategy, and digital storytelling. Students will produce content, assess its effectiveness, and evaluate implications for community, publishing, commerce, and entertainment.",4 credits
66372,COM-318,African American Rhetoric,"GER: TA (Critical, Analytical Interpretation of Texts)",COM-101,"The persuasive efforts, primarily oratorical, by African Americans attempting to gain freedom, establish citizenship, and acquire equal rights. Emphasis on discursive and nondiscursive rhetorical strategies of black identity, power, and community. Consideration of the rhetorical construction of ideologies of struggle, the external and internal debates characteristic of black social movements, and the rhetorical cultivation of black consciousness.",4 credits
66359,COM-323,"Race, Class and Gender in Media","GER: Identities, Equity, and Justice (IEJ)","Any one of the following: COM-101 , COM-102 , AST-200 , or FST-202","Examining how social perceptions of race, gender, and class are influenced by the mass media. The social connections between and among representations in print, film, electronic, digital media, institutional practices, and our experience of race, gender and class.",4 credits
66361,COM-331,Media History,GER: HA (Historical Analysis of Human Interactions),COM-102,"Investigates the changing nature, structure, and function of US popular media industries from approximately the second Industrial Revolution to the Information Age using primary and secondary materials. Examines the historical contexts in which media have been produced, distributed, and consumed, specifically focusing on print, film, radio, television, and early digital developments.",4 credits
66362,COM-335,Political Economy of Mass Media,,COM-102,"Examining the structure, regulation, economics, ownership, and technology of mass media, as well as the influence of these factors on global media content.",4 credits
66363,COM-337,International Communication,GER: WC (World Cultures),COM-102,"A survey of the different media systems in Africa, Asia, Europe, Latin America, Middle East and Oceania. Exploring the basic characteristics of media philosophies, reporting, content and audience in each world region, and discussion of the impact of media globalization which includes: ‘westernization’ of the media, clash of cultures, transnational media conglomerations, new technologies, and other elements.",4 credits
66352,COM-333,Small Group Communication,,COM-101,Investigation and application of theories of small group communication. A systemic view of small groups focusing on the communication competencies and communication processes involved in successful small group leadership and decision making.,4 credits
66364,COM-341,Interpersonal Communication,,COM-101,"Theoretical overview of the oral and nonverbal strategies individuals use when negotiating perspectives on the self and others. Areas of focus include the communicative dynamics involved in friendship, marriage, family, student-teacher, and work relationships.",4 credits
67520,COM-347,Advanced Multimedia Storytelling,,COM-202,"Critical analysis of multimedia stories to research, conceptualize, write, report and produce original multimedia projects that incorporate video, photos, audio, data visualizations and social media tools using best practices and methods.",4 credits
67696,COM-345,Sports Reporting,,COM-202,"Examines the industry of sportscasting with a focus in sports journalism. Students will compose sportscasts in various media forms and learn techniques for writing, shooting, editing, and producing sports journalism pieces in broadcast and digital formats.",4 credits
66367,COM-351,Advocacy,,COM-201 and COM-202,"Study of the history, theories, principles, and strategies of public advocacy in the process of social, political, economic, and legal change. Students examine case studies of advocacy campaigns, consider the ethical and ideological implications of such campaigns, and may engage in service-learning projects associated with a local integrated advocacy campaign.",4 credits
66365,COM-343,Organizational Communication,,COM-101,"Study of the communication within organizations and between organizations and the public. Using theoretical essays and case studies, topics include: hierarchical and participatory decision-making systems, the communicative relationships between and among employers, employees, and the public, and communication-based methods of analyzing corporate culture and resolving ethical dilemmas in the workplace.",4 credits
66366,COM-350,Lenses on Africa,"GER: TA (Critical, Analytical Interpretation of Texts) and WC (World Cultures)","Any one of the following: COM-101 , COM-102 , AST-200 , or FST-202","Explores the African continent through film, focusing on critical social issues and ongoing transformations of social orientations and values. Explores a range of key African filmmakers, taking into account the historical, cultural and social contexts that inform their work. Provides an introduction to African filmmaking practices by focusing on both the form and the content of these films, and by examining the way that African filmmakers project local, national, and regional issues onto global screens.",4 credits
66368,COM-353,Political Communication,GER: HA (Historical Analysis of Human Interactions),COM-101 or COM-102,"Historical and theoretical study of the modern public sphere and public life in Europe and the United States. Focus on how transformations of political ideals, social, and economic institutions, and the media have changed the character of political discourse. Examination of how the changing relationships among state governments, political parties, special interest groups, and social movements affect political discourse.",4 credits
67697,COM-377,Persuasive Message Design,,COM-201 or COM-202,"Study of issues associated with persuasive communication strategy creation, selection, and implementation. Course content will investigate both theoretical and empirical research about message-induced attitude and behavior change. Students will examine the design of influence messages that are effective in different contexts and to various audiences.",4 credits
66369,COM-355,Propaganda,,COM-101 or COM-102,"History, theory, and critique of propaganda. Case studies of propaganda relating to a variety of discursive and social practices including speeches, public spectacles, media events, art, and film. Examining forms of state and non-governmental propaganda. Topics include: American propaganda during WWI, Nazi and fascist propaganda, and the communist propaganda programs of the Soviet Union and China.",4 credits
66379,COM-361,Media Law,,"Any one of the following: COM-102 , COM-202 , POL-101 , or ENG-212","Examines the ways judges, lawmakers, media producers, and citizens have interpreted and enacted key communication laws and policies to shape U.S. mass media governance, industries, and the “marketplace of ideas” throughout our country’s history. Topics include freedom of expression, privacy and surveillance, intellectual property and copyright infringement, net neutrality, and algorithmic bias.",4 credits
67586,COM-376,Strategic Communication,,COM-201 or COM-202,"Study of organizational and campaign rhetoric through the analysis of case studies to create effective solutions in advertising and public relations, brand strategy, digital marketing and social media, as well as political, health, and environmental communication.",4 credits
66374,COM-414,Global Advocacy,GER: WC (World Cultures),COM-201,"Focus on nonviolent movements and the rhetorical aspects of mixed movements (violent and non-violent) of the twentieth and early twenty-first century. Primary emphasis is on the speeches and other persuasive appeals by reformers, including the justifications for democratic reform, forms of protest, strategies of dissent, and confluence of democratic, anti-colonial, and nationalist themes. Also includes consideration of the African, Asian, Latin American, Near Eastern, and Eastern European cultural contexts out of which these rhetorical concerns and movements arise.",4 credits
66375,COM-399,Studies in Mass Media,,,"Concentrated study in one area or theorist of mass communication. Potential topics include the global media integration, the internet as a public sphere, public journalism, the theories of Marshall McLuhan, Hollywood film genres, or Italian film. Varied topics.",4 credits
66371,COM-398,Studies in Rhetoric,,Vary with topic.,"Concentrated study in one area, controversy, or theorist of rhetoric. Possible topics include the rhetoric of law, the rhetoric of social movements, Native American rhetoric, Cicero, or Kenneth Burke. Varied topics.",4 credits
67582,COM-419,"Mobile Media, Space and Place",,COM-101 or COM-102,"Investigates rhetorical and communicative power of mobile media in experiences of space, place, and human environment. Examines the ways mobile, wearable, AR, & VR technology shape movement, navigation, and presence in communication patterns, networks, and interpersonal interactions.",4 credits
66373,COM-412,International Women’s Rhetoric,GER: WC (World Cultures),COM-201,"Analysis of speeches given by women in the international community about their conditions and their circumstances. Exploring the historical, socio-political, and cultural contexts of speeches by women to understand the rhetorical strategies and effects of their messages.",4 credits
67560,COM-457,Mass Media & Political Violence,,COM-102,"Examination of the historical and contemporary roles of mass communication in connection to political crises, wars, and terrorism. Students will learn about pertinent theories and methodologies that guide the research of these topics. Furthermore, students will critically reflect on production and consumption of political violence-related media content.",4 credits
66378,COM-460,Communication Ethics,GER: UQ (Ultimate Questions),"COM 101 and COM-301 , COM-302 , or COM-303","The ethical questions raised by the practice of human communication. The sources of ethical standards, methods of ethical criticism, and perspectives on the ethics of persuasion.",4 credits
66381,COM-475,Seminar in Mass Communication,,varies by section,"Intensive treatment of a major question, theme, or issue in the field of mass communication.",4 credits
67519,COM-451,Civic Media,,COM-102,"Exploration of the tension that is created when digital media is used to foster civic engagement. Students will learn about democracy, intended and unintended audiences, fake news and misinformation, and possibilities for social movements and advocacy. Students can expect to engage in lively discussions and an independent exploration of a case study of their choice, in order to better understand the relationship between civic media, (mis)information, and social movements.",4 credits
66380,COM-470,Seminar in Rhetoric,,varies by section,"Intensive treatment of a major question, theme, or issue in the field of rhetoric.",4 credits
67390,CSC-025,Programming Workshop,,CSC-121,A laboratory course in which students strengthen their computer problem-solving skills and create a portfolio of their work. Students will write programs alone as well as in small groups. May be repeated.,0 credits
66385,COM-505,Structured Internship,,COM-101,"Directed internship in the field of communication. Experiential learning in various career pathways, including advocacy; marketing and strategic communication; journalism and media production; coaching, sports, and mentoring; and fundraising, consulting, and entrepreneurship. Students are required to work approximately 175 hours at their internship site, meet regularly with their workplace and faculty advisors, and submit an internship log and culminating project. Not eligible for the pass-no pass grading option. Not eligible for the pass-no pass grading option. Variable credit.",
66382,COM-501,Independent Study,,COM-101,"Qualified students study in a specific subject or theory of communication under the supervision of a faculty member. Students are required to do intensive reading and research in their subject, meet with their faculty supervisor on a regular basis, write an extensive paper, and give an oral presentation on their work. Not eligible for the pass-no pass grading option. Variable credit.",
66383,COM-502,Directed Research,,"COM-301 , COM-302 , or COM-303 Variable credit.",,
66384,COM-503,Individualized Internship,,COM-101,Not eligible for the pass-no pass grading option. Variable credit.,
66387,CSC-105,Intro to Computer Science,GER: MR (Mathematical and Formal Reasoning),,"A breadth-based, first course in Computer Science and Information Technology through the lens of an interdisciplinary theme. Sample topics include algorithmic thinking, computer design, and a brief exposure to programming. Examples of themes include assistive technology, artificial intelligence, social media, social agents and robots, humanities, games, or any other area that demonstrates significant computer science applications. The first course in the Computer Science and Information Technology majors as well as a Mathematical Reasoning GER. Click here for a list of current topics.",4 credits
66390,CSC-221,Topics in Programming,,CSC-121,Intensive experience in which students study a new programming language or programming paradigm. Practice solving problems individually as well as in a team environment. Significant laboratory component required. Course may be repeated with change of topics. Significant laboratory component required. Course may be repeated with change of topics. May Experience ONLY.,2 credits
66389,CSC-122,Data Structures and Algorithms,,CSC-121,"A second course in computer programming emphasizing object-oriented design, linear data structures, and algorithm design and analysis. Topics include: objects, classes, inheritance, graphical user interfaces, linked lists, queues, stacks, recursion, searching, and sorting.",4 credits
67655,CSC-223,Advanced Data Structures and Software Development,,CSC-122,"This course reviews linear data structures and introduces trees, hash tables, sets, graphs, and complexity analysis about classes of problems that require each data type. Students will design and implement several larger projects using version control software.",4 credits
66388,CSC-121,Intro to Computer Programming,GER: MR (Mathematical and Formal Reasoning),"CSC-105 , BIO-111 , CHM-110 , EES-112 , EES-113 , EES-115 , MTH-145 , MTH-150 , or PHY-111 . May be enrolled concurrently with department permission.","A first course in computer programming. An in-depth study of algorithms, program structure, and debugging. Topics include variables, functions, selection, repetition, lists, and searching.",4 credits
66394,CSC-271,"Digital Dilemmas: Data, Technology, and Being Human",GER: UQ (Ultimate Questions),,"A study of social, legal, and moral issues raised by the development of digital information technologies. Examine the interaction between law, policy, and technology relating to current issues such as intellectual property, privacy, computer crime, and the risks of computing. Topics vary. Topics vary.",4 credits
66391,CSC-231,Computer Organization,,CSC-105 and CSC-121,"Computer structure, machine language, instruction execution, addressing techniques and digital representation of data. Systems organization and logic design. Several projects. Several projects.",4 credits
67507,CSC-270,Computational Techniques for the Humanities,,,"Tools and techniques for creating, manipulating, and analyzing texts computationally. Intended for students of any discipline to provide competence and confidence in thinking about text and language in a digital environment.",4 credits
66392,CSC-241,Mobile Apps,,CSC-121,"Exploration into developing simple applications for mobile platforms like the iPhone, Apple Watch, iPad, and others. Introduction to the appropriate programming language(s) and Software Developers Kits for our mobile platforms and build several useful applications. May Experience ONLY.",2 credits
66393,CSC-261,Discrete Structures for Computer Science,,"CSC-105 , CSC-121 and MTH-120 , MTH-145 , or MTH-150","Introduction to induction, recursion, Boolean algebra and switching theory, directed and undirected graphs, finite state machines and formal languages.",4 credits
66396,CSC-331,Computer Architecture,,CSC-223 and CSC-231,"The design and structure of modern computers. The evolution of computer architecture, processor design, information storage, and operating system organization. Several projects.",4 credits
67339,CSC-273,History of Technology and Discovery,GER: HA (Historical Analysis of Human Interactions),,"A historical survey of technology, invention, and science, and how these have affected society. How have scientific discoveries affected our understanding of the universe and our place in it? How have human needs driven mankind to invent technology and apply scientific principles to solve human problems? Special emphasis will be placed on computer systems and their evolving role in society.",4 credits
66395,CSC-272,Introduction to Data Mining,GER: HB (Empirical Study of Human Behavior),CSC-121 Intro to Computer Programming,"The algorithms and computing tools fundamental to data science: the process of extracting accurate and generalizable models from data via machine learning. Topics will include the prediction of outcomes, the discovery of associations, and the identification of similar groups. Students will complete a project related to human behavior, starting with data collection and cleaning, culminating in the presentation of a model and visualization of results.",4 credits
66398,CSC-341,Database Management Systems,,CSC-122,"Fundamental principles of data base models and data base management systems design, implementation, and application.",4 credits
66397,CSC-332,Data Communications and Networking,,CSC-122 and CSC-231,"Introduction to the concepts and principles of data communications and computer networks. Topics include LANs, internetworking, routing, congestion and flow control, client/server applications and network security.",4 credits
66403,CSC-346,Operating Systems,,CSC-223 and CSC-231,"An introduction to the design of modern operating systems. Topics include processes, scheduling, synchronization, deadlock, file and memory management, I/O, security, and distributed systems.",4 credits
66399,CSC-342,Web-Based Application Design & Development,,CSC-122,"An intensive, project-based introduction to a wide range of programming techniques used in developing interactive, data-driven Web applications. Coverage includes the integrated use of client-side scripting, server-side scripting, online database technology and multimedia authoring tools. Special topics of current interest are also covered. Special topics of current interest are also covered.",4 credits
66400,CSC-343,Artificial Intelligence,,CSC-223 and CSC-261,A study of methods and models for making a computer display behavior that would be considered intelligent if done by a human.,4 credits
66401,CSC-344,Computer Graphics and Image Processing,,CSC-223 and CSC-261,"Fundamentals of computer graphics and image processing. Topics include: mathematical representations for scaling, rotation, translation and projection on viewing plane. Major project requires design and implementation of a three-dimensional graphics display system",4 credits
66402,CSC-345,Computational Science,,CSC-223 and CSC-261 and MTH-150,"Exploration of algorithms for simulation, data analysis, and optimization necessary for a variety of scientific applications. Parallel computation will also be explored as an alternative when serial algorithms are not sufficient.",4 credits
66405,CSC-351,Project Management,,CSC-122,"Principles, tools, and techniques of software project management. Major topics include initiating projects, planning projects, executing and controlling projects, closing projects, and professional responsibilities.",4 credits
66404,CSC-347,Human Computer Interaction,,CSC-122,"Introduction to the field of Human-Computer Interaction (HCI) focusing on a user-centered design process including the theory and application of what makes a user interface usable. Application of design principles and empirical studies to identify a design problem, analyze requirements, and iteratively design, implement and evaluate a solution. HCI research topics such as social technologies, universal usability and participatory design will also be examined.",4 credits
67508,CSC-348,Game Design & Development,,CSC-223,"An interactive overview of game design and development. Game design from a historical perspective by analyzing classic and modern board games and video games. Topics include: immersion, storytelling, mechanics, balance and fairness, and content. Engage student design ideas by iteratively developing an original, prototype game. Game development topics include: scripting, interaction, detecting objects, collision detection, and artificial intelligence (AI).",4 credits
66407,CSC-353,Software Engineering,,CSC-223,Principles of design of large computer programs and systems of programs. Topics include file structures and advanced features of business-oriented languages.,4 credits
66406,CSC-352,Systems Analysis,,CSC-122,"A study of the principles involved in the design and implementation of computer applications. Topics include problem analysis techniques, documentation standards, prototyping and fourth-generation languages, and organizational impact of information systems.",4 credits
67546,CSC-364,Compilers,,CSC-223 and CSC-231,"Introduction to the theory and practice of compiler design: translation of high-level languages into assembly language. Topics will include tokenizing, parsing, type checking, code generation and optimization. Several programming projects required. 4",
66408,CSC-361,Information Structures,,CSC-223 and CSC-261 and MTH-150,"Basic concepts of data. Linear lists, strings, arrays and orthogonal lists. Representation of trees and graphs. Multilinked structures. Analysis of the time and space complexity of several important algorithms.",4 credits
66409,CSC-362,Information Security,,CSC-122,"Fundamental principles and practices affecting computer and information security. Basic concepts of confidentiality, integrity, and availability and how they affect the security of computer systems, networks, and applications. Authentication models, intrusion detection, cryptography, software vulnerabilities, and issues of law and privacy.",4 credits
66410,CSC-363,Programming Language Structures,,CSC-223,Study of several programming languages including specification of syntax and semantics. Global properties of algorithmic languages. Several programming projects. Several programming projects.,4 credits
67543,CSC-372,Machine Learning with Big Data,,(CSC-122 and CSC-272) and (MTH-120 or MTH-150),"An applied study of algorithms and models to perform machine learning on very large datasets. Topics will include how to mine unstructured datasets (e.g., text and images) using deep learning and programming scalable data science applications over the cloud. Students will complete a data science project tailored to a significant real world problem domain. 4",
66411,CSC-461,Computational Theory,,CSC-122 and CSC-261,"Introduction to topics in computability, automata and formal language theory. Applications of these concepts to various areas of computer science.",4 credits
66414,CSC-501,Independent Study,,,Variable credit.,
66412,CSC-465,Introduction to Numerical Analysis,,CSC-223 and CSC-261 and MTH-150,Introduction to the numerical algorithms fundamental to mathematical and scientific problems.,4 credits
66413,CSC-475,Seminar in Computer Science,GER: WR (Writing-Research Intensive),,"any first year writing seminar, CSC-122 and one CSC course numbered 300 or greater Prepare papers on topics drawn from research journals in computer science and give oral presentations on articles read. Enrollment limited to juniors and seniors.",4 credits
66415,CSC-502,Research,GER: WR (Writing/Research Intensive),,Theoretical or laboratory research in computer science with potential for publication in professional journals or presentation at professional meetings. Results are presented to a committee for evaluation. May be retaken for credit.,4 credits
67578,DAN-230,Musical Theatre Dance,,,"This studio course will expose students to various dance styles often found in musical theatre choreography, including in depth study of jazz, tap, and contemporary dance techniques. Students will acquire vocabulary and awareness of the styles frequently used in musical theatre by enhancing artistic agency through developing proficient physicality, form, body mechanics, and corporeality.",4 credits
67577,DAN-120,Foundation of Dance,,,"MB (Mind and Body) This class offers pathways to activating the body’s expressive potential and encourages spontaneity of movement through dance. Students will learn basic elements, while acquiring a vocabulary and awareness of the fundamental styles frequently used in contemporary dance practices and movement analysis. The content of this course will be both physical and intellectual in the approach. No experience necessary. 4",
67456,DSC-475,Seminar in Applied Data Science,,,"CSC-105 or CSC-121 , CSC-272 , and one of the following: BIO-222 , ECN-120 , MTH-120 , MTH-341 , POL-150 , PSY-202 or SOC-303 . A capstone experience for students studying data science. Involves a significant interdisciplinary data analytics project, emphasizing data acquisition, preparation, analysis, and written and oral presentation of results.",4 credits
67682,DAN-220,Dance Techniques,,DAN 120,"VP (Human Cultures - Visual and Performing Arts) This studio course will develop and improve technical skill in dance through an established contemporary dance practice. Students will acquire vocabulary and dive into movement concepts from specific dance pioneers, while also exploring their own creative response to those kinetic ideas. The course will introduce anatomical principles and optimal body mechanics in order to expand the body’s expressive potential and movement possibilities within the physical space.",4 credits
67652,DAN-310,Dance Improvisation & Composition,,DAN-120,"This course introduces dance improvisation as a springboard to composition. Students will explore improvisational structures and compositional tools to heighten their kinetic awareness and broaden their movement vocabularies. Throughout this process-based course, students will engage in a physical and intellectual dialogue concerning choreographic craft in contemporary dance and the creative process in any path of life.",4 credits
66463,ECN-120,Introduction to Statistics,GER: MR (Mathematics & Formal Reasoning),,"A standard introduction to statistics with an emphasis on application. Topics include basic experimental design, sampling, numerical and graphical summaries, regression, probability, sampling and randomization distributions, and confidence intervals and hypothesis tests for both categorical and quantitative data. Software is incorporated. A student cannot receive credit for this course after completing MTH 341, MTH 245, or after receiving credit for MTH 120.",4 credits
66461,ECN-200,Federal Reserve and Monetary Policy,,ECN-111,An examination of the Federal Reserve system and its important role in the conduct of monetary policy. Emphasis is placed on the collection and interpretation of current economic indicators and how the Federal Reserve might respond to the existing economic situation. Course material will prepare students to participate in the Fed Challenge. May Experience ONLY.,2 credits
66458,ECN-100,Personal Finance,,junior or senior class standing,"Consideration of personal income, expenditures, borrowing, savings and investments. May not fulfill a major requirement for majors offered within Economics. May not fulfill a major requirement for majors offered within Economics.",4 credits
66462,ECN-224,Law and Economics,GER: HB (Empirical Study of Human Behavior),ECN-111,"Exploration of the field of law and economics using microeconomic tools to examine torts, contract law, and property law.",4 credits
66460,ECN-111,Introduction to Economics,GER: HB (Empirical Study of Human Behavior),,"Introduction to the essential concepts of economic analysis and implications for public policy. Emphasis on examining the operation of markets in both a macro and micro setting. Topics include: inflation, unemployment and monetary policy as well as consumer behavior, the operation of business firms, and supply and demand. Offerings at other institutions are not typically considered equivalent to this course unless they provide thorough coverage of topics introduced in both macro and microeconomics.",4 credits
66466,ECN-235,"Population, Economy and Society",GER: HB (Empirical Study of Human Behavior),ECN-111 or SOC-101,"Explores the trends and determinants of vital events such as fertility, mortality, marriage, divorce, and migration from sociological and economic perspectives. Presents a brief history of world population change and explores current trends and the theories that are used to understand them. A student cannot receive credit for both ECN-235.",4 credits
67804,ECN-226,Game Theory,GER: HB (Empirical Study of Human Behavior),ECN-111,An introduction to using game theory to model and analyze strategic interdependence between individuals. Applications of static and dynamic games of complete and incomplete information to the analysis of human behavior.,4 credits
66465,ECN-234,Urban Economics,GER: HB (Empirical Study of Human Behavior),ECN-111,"Survey of economic analysis in its application to urban problems, development patterns, land markets, and labor markets. Causal factors creating urban dilemmas and the policy alternatives available for improving the quality of urban life are considered. Exploration of the effects of environmental, social and political forces on the urban economy and urban life.",4 credits
66464,ECN-233,Economics of Gender,"GER: HB (Empirical Study of Human Behavior) and IEJ (Identities, Equity, and Justice)",ECN-111,"Examination of the significance of gender differences in the U.S. economy. Topics include: differences in earnings and occupational choice, discrimination, consequences of women’s employment for the family, and the feminization of poverty.",4 credits
66467,ECN-236,Economics of the Environment,GER: HB (Empirical Study of Human Behavior) and NE (Humans & the Natural Environment),ECN-111,Developing the economic tools that are needed to understand the economic basis of environmental problems and evaluate the policies that are intended to reduce environmental degradation.,4 credits
66470,ECN-241,Money and Banking,GER: HB (Empirical Study of Human Behavior),ECN-111,"Institutional and historical study of the nation’s monetary system, including definition of money, an overview of the financial markets, activities of the banking system, non-bank intermediaries, and central banking. Analysis of effects of money and finance on output, prices, and economic growth.",4 credits
67816,ECN-239,Economics of Sports,GER: HB (Empirical Study of Human Behavior),ECN 111,"This course introduces students to a variety of aspects of the economics of sports. The course focuses on four major topical areas: (1) the structure of professional sports industry, (2) public finance issues surrounding stadium construction and team ownership in professional sports, (3) labor market issues in professional sports, and (4) the economics of amateur athletics (with a focus on the NCAA).",4 credits
66469,ECN-238,Public Economics,GER: HB (Empirical Study of Human Behavior),ECN-111,"Microeconomic analysis of government expenditure and tax policies, with attention to social security, national health insurance, welfare programs, individual income tax and other current topics.",4 credits
66468,ECN-237,Economics of Poverty and Inequality,GER: HB (Empirical Study of Human Behavior),ECN-111,Examination of the issues of income inequality and economic poverty in modern America. Topics include: theories of poverty and income distribution; statistical measurement of poverty and inequality; poverty trends among important racial and demographic groups; public policy initiatives.,4 credits
66471,ECN-242,Health Economics,GER: HB (Empirical Study of Human Behavior),ECN-111,"Using tools of economics to examine the health services industry. Influences of government on supply and demand for services and development of private and public insurance products are examined, as are interactions among medical technology, demand, and insurance. Additional topics include: managed care, international comparisons, and current reform proposals.",4 credits
67499,ECN-244,Behavioral Economics,GER: HB (Empirical Study of Human Behavior),ECN-111,"Behavioral economics studies how psychological, social, cognitive, and emotional factors affect decision making. Topics may include: prospect theory, biases, self-control, and mental accounting with implications for savings, fairness, altruism, and public goods.",4 credits
66473,ECN-248,Economics of Market Regulation,GER: HB (Empirical Study of Human Behavior),ECN-111,"Microeconomic analysis of government intervention in markets. Topics include market structure, types of market failure, government responses to market failure through antitrust law and/or regulation, and the history of government policies towards firms in the U.S. economy.",4 credits
66472,ECN-247,History of Economic Thought,GER: HB (Empirical Study of Human Behavior),ECN-111,"Development of economic thought from pre-classical writers through Adam Smith, the classical economists, socialist, marginalist, neoclassical and institutional writers to the present.",4 credits
67548,ECN-245,Development Economics,GER: HB (Empirical Study of Human Behavior) and WC (World Cultures),,"ECN 111 This course will introduce economic theories and issues that apply specifically to less developed countries. The topics addressed include Poverty and Income Distribution, the balance between Agriculture and Industry, the Role of Financial Markets, and the relationships between Development and the Environment. 4",
67547,ECN-246,Economic Growth,GER: HB (Empirical Study of Human Behavior),,"ECN 111 Modern theories of economic growth, with attention to examination and experiences of variation in the rates of growth in both developed and developing nations. Analysis of the factors that contribute to economic growth, including labor, physical and human capital, technology, role of government, income inequality, and geography. 4",
66474,ECN-250,Labor Economics,GER: HB (Empirical Study of Human Behavior),ECN-111,The study of labor markets from both the firms’ and workers’ perspectives. Trends and relationships pertaining to the gender race age and educational composition of the workforce are discussed as are worker mobility training and productivity. Major policies that affect labor markets are also examined.,4 credits
66476,ECN-253,International Finance and Macroeconomic Policy,GER: HB (Empirical Study of Human Behavior),ECN-111,"An introduction to the study of how economies across the world interact with each other in a market setting. Topics covered include models of exchange rates and international flows of goods, services, and capital. Stabilization policy in the open economy currency crises and monetary integration will also be explored.",4 credits
66477,ECN-256,Economics of Strategy,GER: HB (Empirical Study of Human Behavior),ECN-111,A study of economic forces that shape companies and the industries and markets in which corporations (or lines of businesses) operate. Topics include: understanding the origins of competitive advantage and how to sustain it; assessing entry and exit conditions of a market; conducting industry and competitive analyses; determining the boundaries of the corporation; and assessing how these boundaries are changed under conditions of advancing technology.,4 credits
66475,ECN-252,International Trade,GER: HB (Empirical Study of Human Behavior),ECN-111,"Introduction to international trade theory and policy. A microeconomic perspective of trade models detailing causes and consequences of trade between nations, and the impacts of trade policies.",4 credits
66478,ECN-331,Empirical Methods in Economics,GER: WR (Writing-Research Intensive),"any first year writing seminar, ECN-111 , MTH-145 or MTH-150 , and ECN-120 or MTH-120 or MTH-340","Introduction to the methods of preparing and analyzing data for economic research. Students become familiar with the basic empirical methods used by economists, particularly regression analysis. Each student will conduct an independent empirical research project. Computer software packages used extensively.",4 credits
67340,ECN-356,Managerial Economics,,,"Extension of economic theory to applications in managerial economics and economic forecasting. Decision optimization techniques; the economic analysis of risk; techniques of demand, cost and production estimation; analysis of pricing and non-price-competitive practices; and forecasting of demand, cost and production variables.",4 credits
66482,ECN-501,Independent Study,,,Variable credit.,
66480,ECN-346,Intermediate Microeconomic Analysis,,"ECN-111 , MTH-145 or MTH-150",", and any other economics course numbered 201 or greater, excluding ECN-503 Operation of the price system and its role in understanding the behavior of individual economic units: consumers, producers, and suppliers of resources. Applications of price theory to contemporary microeconomic problems.",4 credits
66479,ECN-345,Intermediate Macroeconomics Analysis,,"ECN-111 , MTH-145 or MTH-150",", and any other economics course numbered 201 or greater, excluding ECN-503 Focuses on short and long run macroeconomic models. Analysis of monetary and fiscal policies and their effectiveness in targeting aggregate measures of unemployment and inflation.",4 credits
66481,ECN-475,Senior Seminar in Economics,,"ECN-331 , ECN-345 and ECN-346","Capstone course for economics majors. Reading and analysis of selected topics. Research, data analysis and writing of selected topics. Presentation of student research in oral forum. Students will present their research in class.",4 credits
67755,EDU-113,Introduction to Educational Philosophy,"GER: IEJ (Identities, Equity, and Justice) and TA (Critical, Analytical Interpretation of Texts)",,"This course offers an introductory overview of a wide range of educational philosophies, focusing on philosophical foundations of American public education. Students will read major texts of educational philosophy while considering issues of diversity, equity, and inclusion. Topics on the nature of knowledge, how humans learn, the ethical dimensions of pedagogy, and the complexities of formal, compulsory education will guide the overview.",4 credits
66484,EDU-001,Education Laboratory I,,,Must be enrolled with EDU-111 . For students and prospective teachers exploring education as a career possibility. Observations in different school settings for the purpose of becoming acquainted with the school and with the classroom.,0 credit
66483,ECN-503,Individualized Internship,,ECN-111,", one additional course in economics numbered 201 or greater, and instructor permission. In consultation with an economics faculty sponsor, students develop internships, identify objectives, read literature, complete a writing assignments related to their internship, and submit reflective summaries of their activities. This course MUST be enrolled pass-fail and will not contribute to the economics or mathematics-economics major. This course MUST be enrolled pass-no pass and will not contribute to the economics or mathematics-economics major. Variable credit.",
66485,EDU-111,Perspectives on American Education,GER: HB (Empirical Study of Human Behavior),,"Introduction to teachers and teaching, the American school in an increasingly diverse society, and the historical, sociological and philosophical foundations of education. Off-campus fieldwork required.",4 credits
67754,EDU-112,History of Education in America,"GER: HA (Historical Analysis of Human Interactions) and IEJ (Identities, Equity, and Justice)",,"Intended for a broad audience, this general course will examine the history of education policies and schooling in America from the Colonial period through the early 2000s. It will also introduce students to historical analysis as a mode of inquiry, including the use of primary artifacts, secondary sources, and oral testimonies as forms of scholarly evidence. Emphasis will be placed on issues related to diversity, equity, and inclusion.",4 credits
66486,EDU-115,Depiction of Schools on Film,,,Investigation of documentary films as social and political texts in order to identify historical and contemporary views on schools and the purpose(s) of education. May Experience ONLY.,2 credits
67762,EDU-179,Who Has the Power? Ableism in Greenville,,,"Students will explore intersectional identities of individuals with disabilities and the organizations around Greenville that have the mission to support them. Through volunteer opportunities, students will critically examine the role these organizations play in empowering or disempowering people with disabilities.",2 credits
66487,EDU-120,Human Development,GER: HB (Empirical Study of Human Behavior),,"Physical, cognitive, social and emotional aspects of development, from conception through older adulthood, with applications for parenting and teacher education.",4 credits
67698,EDU-116,"WandaVision: Pastiche, Past, and Present",,,"Exploration of reconsidering the past through the present by viewing the series WandaVision (and other texts), which incorporates pastiche as a technique to reflect and challenge the sit-com genre. Students will apply critical media literacy strategies to explore pop culture and apply those strategies to understanding public and popular controversies in K-12 education.",2 credits
67756,EDU-114,"Culture, Identity, and Schooling","GER: HB (Empirical Study of Human Behavior) and IEJ (Identities, Equity, and Justice)",,"This course explores the basic question of “who are you” and how schooling influences your personal identity. Students will analyze and explore the intersection of culture, schooling, and identity formation in a diverse and democratic society.",4 credits
68206,EDU-212,Schoolhouse and Courthouse: Education and the Law,"GER: HA (Historical Analysis) and IEJ (Identities, Equity, and Justice)",,"This general course provides an overview of the historical interactions between the law and the development of U.S. education from the Colonial period to the present. The course will introduce students to historical analysis as a mode of inquiry, including the use of primary and secondary sources. Laws, court decisions, and official policies related to the growth of U.S. education will be examined in social and cultural contexts. An emphasis will be placed on diversity, equity, and inclusion.",4 credits
66489,EDU-211,Discipline and Classroom Management,,,"Develop knowledge and application of skills necessary for designing a classroom ecology that facilitates effective teaching and learning. Topics include problem solving in the classroom, motivational strategies for acceptance of responsibility, positive instructional approaches, and foundations for better understanding of children and youth.",1 credit
67782,EDU-215,"Diversity, Equity, & Inclusion in Education","GER:  IEJ (Identities, Equity, and Justice) and WR (Writing-Research Intensive)",any first-year writing seminar,"The purpose of this course is to provide students with an interdisciplinary overview of issues related to diversity, equity, and inclusion (DEI) in education. In accomplishing this, constructs such as race, socio-economic class, gender, and sexual orientation will be explored as part of an intersectional tapestry that reflects the role of DEI in shaping the experience of American education. This course is especially recommended for students who wish to gain a deeper understanding of the impact of DEI issues and their impact on society as reflected across both K-12 and higher education.",4 credits
66488,EDU-210,K-12 Curriculum through Service Learning,,Admission to the teacher education program.,"An introduction to service learning, with a focus on infusing this instructional strategy into the classroom curriculum. Begin developing a service learning plan to be implemented during their internship or later in their own classrooms.",1 credit
66568,EDU-200,Health Education and Physical Activity,,EDU-120,Provides elementary teacher candidates with a variety of integrative teaching experiences that incorporate movement concepts into health education. Each candidate will understand the importance of physical activity and lifelong movement to enhance the quality of life for elementary students.,4 credits
66491,EDU-222,Nature of Learning Disabilities,,EDU-221,"Designed to teach students the history of the field of learning disabilities, related educational theories, available educational services, and appropriate strategies for working with individuals with learning disabilities. Field-based experiences are incorporated. Twenty hours of off-campus fieldwork at a local public school required.",4 credits
66490,EDU-221,Students with Exceptionalities,,EDU-120 Human Development,"Characteristics of persons with exceptionalities, implications for teaching and learning, and applications of special education procedures and services. Twenty hours of off-campus fieldwork at a local public school required.",4 credits
66493,EDU-225,Teaching and Learning: Early Primary Years,,"EDU-111 , EDU-120 and EDU-330","Introduction to the field of early childhood education. Focus on the development of children ages 5-8 and the design of learning environments, including curriculum and instruction, that foster optimal growth and development. Students are expected to participate in field work in a kindergarten classroom.",4 credits
66494,EDU-233,Science Inquiry Skills for Grades K-8,,,"A laboratory course designed to develop inquiry skills such as observation, measurement, communication, and investigation design. May Experience ONLY.",2 credits
66492,EDU-223,Nature of Emotional and Behavioral Disorders,,EDU-221,"Study of individuals with emotional/behavioral disorders, major theoretical perspectives, and current issues and research. Factors which interrelate with emotional/behavioral disorders (community, school, family) are considered, and appropriate intervention strategies are studied. Field-based experiences are incorporated. Twenty hours of off-campus fieldwork at a local public school required.",4 credits
66496,EDU-260,What Makes a Great Teacher,,,An examination of teachers in challenging work conditions with a focus on what factors make a teacher “great.” Particular attention will be paid to teachers working with students living in poverty. May Experience ONLY.,2 credits
67699,EDU-264,National Perspectives on Public Education,,,"In-depth focus on the issues, philosophy, history, and cultural differences of public education from a national perspective. Comparison of the educational system in different parts of the United States. May be repeated once with change of location.",2 credits
66495,EDU-234,Intergenerational Learning,,,Issues in aging and adult development are examined through study and intergenerational dialogue. Includes daily readings and interactions with senior citizens and includes engagement with professionals and agencies in the Greenville community whose products and services directly serve those of aging and older adults. May Experience ONLY.,2 credits
67566,EDU-235,Comparative International Education,,"EDU-111 , EDU-112 , EDU-113 , or EDU-114","Explore the relationship between education, culture, and society in a global context using comparative study. Research, analyze, and examine assumptions surrounding facets of societies that impact educational systems including historical, sociological, economic, political, and ethnic forces.",4 credits
67448,EDU-250,Scholarly Reading and Writing in Education,"GER: TA (Critical, Analytical Interpretation of Texts) and WR (Writing-Research Intensive)",,"any first year writing seminar For students interested in education as well as understanding how to read, interpret, and present research, this course invites students to investigate educational research and how that research is typically explained in the popular media.",4 credits
66500,EDU-331,Literacy Processes and Instruction in Grades 2-6,,"EDU-111 , EDU-112 , EDU-113 , or EDU-114 , and EDU-120",Reading and writing instruction in the elementary grades emphasizing the development of critical thinking and metacognitive skills. Content will focus on integrating communication processes in the content areas; children’s literature and its effective presentation in the classroom; and the role of the teacher as a reflective practitioner. Twenty hours of off-campus fieldwork at a local public school required.,4 credits
68207,EDU-275,Educational Psychology,GER: HB (Empirical Study of Human Behavior),,"How do students learn? How do teachers teach? Educational Psychology explores the psychological principles and theories that underpin learning and teaching processes. The course covers foundational areas within educational psychology including contemporary theories of learning and cognitive development, academic motivation, social and emotional development, content area instruction, and assessment. Emphasis is placed on applying psychological concepts and research-based findings into effective teaching practices in diverse educational contexts.",4 credits
66497,EDU-265,International Perspectives on Public Education,,,"In-depth focus on the issues, philosophy, history, and cultural differences of public education from an international perspective. Comparison of the educational system in the United States with other nations, focusing on the country visited. May be repeated once with change of country. May Experience ONLY.",2 credits
66499,EDU-330,Literacy Foundations and Instruction in Grades PK-3,,"EDU-111 , EDU-112 , EDU-113 , or EDU-114 , and EDU-120","Study of early literacy reading and writing instruction and the role of the teacher as a decision-maker. Content will focus on integrating reading, writing, speaking, and listening processes across the curriculum. Major emphasis will be placed on children’s literature and its effective presentation in the classroom. Twenty hours of off-campus fieldwork at a local public school required.",4 credits
66498,EDU-305,Arts Integration in Elementary Grades,,EDU-120 Human Development,"Knowledge and understanding of visual and performing arts connected within and across the arts disciplines and other disciplines to allow teachers to engage elementary students in using the arts as tools for communication, inquiry, and assessment. Theories pertaining to the ways in which children learn each of the arts, active practice of each of the arts, and corresponding strategies for teaching children the skills and concepts related to performance and integration of the arts into elementary classrooms and curricula. Off-campus fieldwork required.",4 credits
66501,EDU-332,Social Studies in Grades PK-6,,"EDU-111 , EDU-112 , EDU-113 , or EDU-114 , and EDU-120","Knowledge of the elementary and middle school social studies curriculum, teaching strategies and materials, and field-based application in area schools.",4 credits
67736,EDU-337,Early Childhood Curriculum: Content and Resources,,EDU-120 Human Development,"This course covers the integration of curriculum and learning principles to promote appropriate practices in the early grades. Candidates will observe and explore ways in which effective teachers create engaging learning environments; plan culturally and linguistically relevant lessons in all content areas; and communicate with other school personnel, families, and community agencies. Class discussions will include use and adaptation of relevant print and digital resources, and ways that teachers can meet required mandates and standards.",4 credits
66503,EDU-335,Organization and Curriculum in Middle Schools,,EDU-221,"Developmental tasks of middle school students; organization and sequence of the instructional program; staff characteristics, patterns, services, home-school-community relations; management and evaluation of middle schools. Twenty hours of off-campus fieldwork at a local public school required.",4 credits
66504,EDU-336,Teaching Reading in Content Areas,,EDU-221,"Designed for prospective and practicing school teachers, with practical suggestions for the reading specialist and the content teacher. Twenty hours of off-campus fieldwork at a local public school required.",4 credits
66502,EDU-333,Science in Grades PK-6,,"EDU-111 , EDU-112 , EDU-113 , or EDU-114 , and EDU-120","Knowledge of the elementary and middle school science curriculum, teaching strategies and materials, and field-based application in area schools.",4 credits
66505,EDU-338,Reading and Responding to Children’s Literature,,,"Exploration of a wide variety of genres of children’s literature to become more knowledgeable in the ability to select, read, and respond to children’s literature. Development of expertise in using children’s literature for aesthetic, personal, social, and critical purposes, and examination of the ways readers interact with texts and each other to make meaning while reading and discussing texts. May Experience ONLY.",2 credits
66507,EDU-430,Assessment for Instructional Planning,,EDU-221,Introduction to the processes of assessment and the use of assessment information to develop appropriate educational programs for all students in grades PK-6. Review and practices of assessment tools to plan instruction in all areas. Focus will be on students’ literacy and numeracy development. May only be enrolled as a part of the Senior Block.,3 credits
66506,EDU-350,Curriculum and Methods for Teaching Grades 9-12,,EDU-221,"Various ways of organizing the curriculum in the secondary school, a comparison of traditional and nontraditional teaching methods, principles of learning, classroom organization, planning units and formal and informal evaluation.",2 credits
67737,EDU-339,"Methods, Materials, and Assessment: Early Childhood",,EDU-120 Human Development,"In this course, candidates will engage in a study of evidence-based, student-centered, and developmentally appropriate instruction to support children in the early grades. Class discussions will include classroom management practices, assessment strategies, and methodologies that encourage children to think critically and creatively in challenging and culturally inclusive learning environments. Working with children who reflect diverse family systems, candidates will implement instructional strategies; select appropriate materials; and assess the effectiveness of instruction. Candidates will examine ways to adjust instructional decisions after critical reflection on student learning outcomes.",4 credits
66508,EDU-431,"Diverse School Cultures: Teaching, Learning and Management",,declared Education or Educational Studies majors enrolled in the fall semester of the senior year,"Deepens understanding of diversity in elementary and middle school cultures. Classroom and school communities that embrace diversity studied through analysis of attributes and practices of successful educators. Instructional and management strategies that encourage learning, sensitivity and socialization developed through integrated clinical and field experiences.",4 credits
67757,EDU-435,"Planning, Instruction, and Assessment in the Elementary Classroom",,declared Education majors enrolled in the spring semester of the senior year,"Designed to provide teacher candidates with knowledge for understanding the interrelationships among curriculum, instruction, and assessment and background for integrating instruction and technology across the curriculum. Candidates will examine policies, standards, and culturally inclusive practices that maximize learning and support children’s growth. Candidates will also develop and apply instructional strategies to maximize student learning, cultivate a deeper understanding of how assessment is used to plan for instruction, and build connections across the disciplines of science, social studies, mathematics, language arts, and related arts.",6 credits
67400,EDU-434,Content Literacy Strategies and Modifications for Diverse Learners,,declared Education or Music Education majors enrolled in the spring semester of the senior year,"For preservice candidates enrolled in the senior block and music education interns, this course introduces strategies and practices that facilitate learning in content areas. Educational, cultural, and linguistics considerations for modifying instruction of diverse learners will be presented.",4 credits
67399,EDU-433,Foundations of Literacy Instruction,,EDU-350,"For preservice secondary and language certifiers enrolled in the senior block, this course provides an overview of literacy education, focusing on the cognitive, linguistic, motivational, and social foundations of literacy processes and instruction, evidence-based trends, and assessment.",3 credits
66509,EDU-432,Integrating Curriculum and Technology,,EDU-221,"Provides background for integrating instruction and technology across curriculum. In field-based teams, candidates explore models/theories of curriculum integration and use the thematic approach to unit development. Focus on developing connections across disciplines of science, social studies, mathematics, language arts, and related arts. May only be enrolled as a part of the Senior Block.",3 credits
66510,EDU-451,Literature for Young Adults,,EDU-120 Human Development,"Content of the literature program in the secondary school and methods of teaching poetry, short stories, traditional literature and young adult novels.",4 credits
66512,EDU-453,Teaching Social Studies Grades 9-12,,EDU-221,"Provides in-depth investigation of the methods associated with teaching social studies on the secondary level. Special emphasis placed on how the social sciences differ from other disciplines, and how differences affect curricular and pedagogical strategies. May only be enrolled as a part of the Senior Block.",4 credits
66513,EDU-454,Teaching Science in Grades 9-12,,EDU-221,"Teacher candidates become reflective practitioners developing and delivering quality science curriculum. Covered are laboratory safety, instructional strategies, inquiry learning and the learning cycle, curriculum models emphasizing integration, performance assessment, resource evaluation focusing on technology, and field experiences in area schools. May only be enrolled as a part of the Senior Block.",4 credits
66511,EDU-452,Teaching English Grades 9-12,,EDU-221,Explores two of the major components in the secondary school English curriculum: language and composition. Emphasis placed on teaching the writing process. Examines strategies needed to learn from text materials included in the English classroom. May only be enrolled as a part of the Senior Block.,4 credits
66514,EDU-455,Teaching Math in Grades 9-12,,EDU-221,"Teacher candidates become reflective practitioners in the development and delivery of a well-designed standards-based mathematics curriculum. Topics include mathematics curriculum in the secondary school, instructional strategies, performance assessment and resource evaluation focusing on technology. May only be enrolled as a part of the Senior Block.",4 credits
66515,EDU-460,Critical Issues in Secondary Education,,EDU-221,Designed for senior level secondary and PK-12 language teacher candidates enrolled in the Senior Block. Provides candidates with opportunities to examine significant issues in secondary schools including classroom management techniques and educational technology.,2 credits
66520,EDU-501,Independent Study,,,"A project whose objectives and activities are designed by the student, approved by a faculty member who directs the project and by the department chair, and evaluated by a committee of three department members. Variable credit.",
66518,EDU-470,Practicum in Teaching,,declared Education majors enrolled in the spring semester of the senior year,Designed for senior level teacher candidates. Provides opportunities to apply theory and evidence-based practice in the classroom under the supervision of Furman faculty and a mentorship of master teacher.,6 credits
66516,EDU-464,Critique of Science Education Literature,,,"Examines selected topics in the methodological and philosophical foundations of science education. Topics include nature of science inquiry, context of science, nature of learner, teaching and learning, curriculum, student assessment, and professional practice.",4 credits
66517,EDU-465,Informal Science Education Practicum,,EDU-464,"Provides students opportunity to apply theory and evidence-based practices in informal learning settings such as museums, zoos, aquariums, or state parks under the supervision of faculty.",4 credits
66519,EDU-472,Practicum: Secondary Teaching,,EDU-221,Provides candidates with opportunities to apply theory and evidence-based practice in the classroom under the supervision of Furman faculty and mentorship of a master teacher. May only be enrolled as a part of the Senior Block.,4 credits
66418,EES-112,Environmental Science,GER: NWL (Empirical Study of the Natural World with laboratory) and NE (Humans and the Natural Environment),,"Study of human transformation of Earth as a trade-off for growth of the human enterprise. Topics include changes in population, land cover (agriculture, deforestation, urbanization), climate, nitrogen and phosphorous cycles, biodiversity; limits of water, soil, energy and mineral resources; and links between population and consumption patterns.",4 credits
66417,EES-111,Earth and the Silver Screen,GER: NWL (Empirical Study of the Natural World with laboratory) and NE (Humans and the Natural Environment),,"Basic concepts of earth and environmental sciences by exploring the portrayal of these concepts in mainstream television and film. Students may receive credit for only one of these three courses: EES-111, EES-113 or EES-115.",4 credits
66522,EDU-505,Teaching Internship,,completion of major requirements in Music Education,Required of candidates intending to teach. Intern is placed with a mentor teacher in the subject area of prospective certification. Full-time teaching responsibilities assumed over time. Intern attends weekly seminars.,12 credits
67481,EDU-506,Human Service Non-Profit Internship,,EDU-120,"Through a 10-12 hour per week semester-long internship in a local human services non-profit agency, students will build upon classroom experience by facilitating collaborative projects. Focused on community-centered learning and exposure to the competencies for leadership in human services non-profit agencies which include agency program planning, program evaluation, budget and finance, personal communication, human resources, boards, fund development, marketing, persuasion, volunteer and human resource management, values and ethics appropriate to non-profit professionals and advocacy. Also requires a weekly seminar allowing for reflection and integration of the knowledge, skills, and expected dispositions.",4 credits
66521,EDU-503,Individualized Internship,,,"Exposure to and experience with community-based programs working with children, adolescents, their families, or adults. Significant direct experience interacting with mentors to enrich understanding of community environments related to vocational or post-graduate goals. Instructor permission required.",4 credits
67805,EES-202,Methods in Earth and Environmental Sciences,,,"An introduction to various field and laboratory methods used in the Earth and Environmental sciences for studying our natural world as a complex, evolving, integrated, and cyclic system. The course will cover safety protocols; field observations at various scales; field sampling and instrumental analysis of Earth resources (chemistry of water, soil, minerals, rocks etc.); landscape analysis using geospatial data, and map techniques; data evaluation and manipulation; analysis and synthesis of results and report writing. Requires visits to local field sites.",4 credits
66416,EES-115,Earth Systems,GER: NWL (Empirical Study of the Natural World with laboratory) and NE (Humans and the Natural Environment),,"An introduction to Earth as an evolving, integrated, and cyclic system. Examination of major surficial and internal Earth processes that shape the human environment and control the distribution of geologic resources such as water, fossil fuels, strategic minerals, and soils. Students may receive credit for only one of these three courses: EES-111 , EES-113 or EES-115 .",4 credits
67341,EES-200,Topics in Spatial Analysis and Visualization,,,"Introduction to data visualization, spatial analysis, visual communication, and the role of models in analyzing data. Analytical techniques will be applied to cases from a broad range of disciplines using webGIS and other alternative tools.",4 credits
66419,EES-113,Natural Hazards and Natural Disasters,GER: NWL (Empirical Study of the Natural World with laboratory) and NE (Humans and the Natural Environment),,"An introduction to the understanding of natural hazards and disasters (earthquakes, volcanoes, tsunamis, hurricanes, etc) as violent and often destructive phenomena triggered by dynamic geological processes. Emphasis on the interrelationship among hazards and human role in them. Students may receive credit for only one of these three courses: EES-111, EES-113 or EES-115.",4 credits
66420,EES-201,Geographic Information Systems,,,Introduction to use of geographic information system analysis to enhance geographic pattern and relationship recognition in geo-spatial data. Data collection and data quality. Data transformation and linkages. GIS modeling.,4 credits
66425,EES-230,Watershed Hydrology,,"EES-111 , EES-112 , EES-113 , EES-115 , BIO-111 , or CHM-110","Study of the basic hydrologic concepts, the role of energy and biology in the hydrologic cycle, climate and precipitation, natural and anthropogenic inputs to water quality, and the concept of the watershed with emphasis on morphology, management and watershed functions.",4 credits
66424,EES-221,Mineralogy and Petrology II,,EES-220,"Advanced study of minerals with emphasis on the crystallography, crystal chemistry and optical properties of silicate minerals. Advanced study of igneous and metamorphic rocks with emphasis on the integration of field, geochemical and optical techniques to determine their conditions of formation and evolution. Field trips required. Field trips required. Should be enrolled with CHM-210.",4 credits
66422,EES-218,Plate Tectonics and Earthquakes,,"EES-111, EES-112, EES-113 or EES-115","History, theory, and application of the plate tectonic paradigm to ancient and modern earthquake activity and contemporaneous crustal instability. Case studies of modern earthquake activity, paleoseismicity, and prediction.",4 credits
66423,EES-220,Mineralogy and Petrology I,,"EES-111 , EES-112 , EES-113 or EES-115","Introduction to minerals as basic Earth materials in terms of their physical and chemical properties, use, environmental importance and stability, including their identification in hand specimen. Investigation of mineral assemblages found in igneous, metamorphic and sedimentary rocks in order to understand their origin, evolution and use. Field trips required.",4 credits
66421,EES-210,Surficial Processes,,"EES-111 , EES-112 , EES-113 or EES-115","Introduction to the physical and chemical processes and their mechanics that operate within the Earth146s surficial systems to govern landform development. Includes quantitative analysis of geomorphic data in an interdisciplinary context, with emphasis on the interpretation of process.",4 credits
66426,EES-301,Remote Sensing,,,"The theory and application of remote sensing studies as a tool for environmental management. Topics include the fundamentals of electromagnetic radiation, different methods of remote sensing, platforms and sensor technology, visual image interpretation, and digital image processing.",4 credits
66427,EES-310,Sedimentary Systems,,EES-220,"Principles of sedimentology, sedimentary processes, and depositional environments. Description, classification, and interpretation of sedimentary rocks.",4 credits
66429,EES-330,Hydrogeology,,"EES-111 , EES-112 , EES-113 or EES-115","Study of the hydrologic cycle, groundwater system, principles of groundwater flow, groundwater quality, monitoring and management techniques, computer modeling techniques.",4 credits
66430,EES-343,Environmental Systems,GER: NE (Humans and the Natural Environment),"BIO-111 , CHM-110 , EES-111 , EES-112 , EES-113 or EES-115 . Same as BIO-343",". Same as BIO-343 (43). Interdisciplinary examination of the physical, biological and chemical processes that control the flow of matter and energy in surface environments on planet Earth. Emphasis on the interactions between abiotic and biotic processes. Lab includes field studies and weekend trips. Lab includes field studies and weekend trips.",4 credits
66428,EES-325,Structural Geology,,EES-220,"Origin and description of folds, faults, and fractures. Behavior of Earth materials under stress. Analysis of stress and strain. Modern structural concepts. Field trips required. Field trips required.",4 credits
66435,EES-353,Sustainable Fiji,,,"Examining and exploring the environmental, social, and economic sustainability of eco-tourism in Fiji. Students will visit and assess numerous eco-tourist destinations within Fiji, with a particular emphasis on understanding the impact of humans and tourism on the local natural environment and culture. May Experience ONLY.",2 credits
66433,EES-351,Field Studies in Appalachian Geology,,,"Field study of the geologic development of the Appalachian Mountains, from the viewpoint of Cenozoic geomorphology, Precambrian through Mesozoic stratigraphy, plutonism, metamorphism, and plate tectonic development. Field data collection and interpretation. Field data collection and interpretation. May Experience ONLY.",2 credits
66436,EES-354,Field Studies in the Sierra Nevadas,,,"A multi-disciplinary field study of the Sierra Nevada Mountains focusing on geology, ecology, conservation, the work and writings of John Muir, wilderness education and medicine, and human modification of the environment. Field data collection, interpretation, and reflection. Field data collection, interpretation, and reflection. May Experience ONLY.",2 credits
66432,EES-350,Field Study of Regional Geology,,EES-325,"Field examination of lithologic and structural relationships and ore deposits to demonstrate the geologic history of a specific region of North America. Normally offered as a summer session course, which includes a two- to three-week field trip to the region being studied. May Experience ONLY.",2 credits
66434,EES-352,Field Studies in Iceland,,,"Field study of modern tectonic, volcanic, and glacial processes in Iceland, an active part of the Atlantic mid-ocean ridge and hotspot system. Consideration of impacts of climate change on glacial processes. May Experience ONLY.",2 credits
67342,EES-358,Geology and Astronomy Southwestern US,,,"A multi-disciplinary field study carried out in the southwestern US focusing on interrelationships among regional geology, planetology, and celestial observations at selected field sites. Observed features of the Solar System and comparative geology of the earth, moon, and Mars. Geologic and astronomic field observation,collection and interpretation of terrestrial and celestial data, and reflection. May Experience ONLY. May Experience ONLY.",2 credits
66437,EES-355,"People, Resources and Development in Tanzania",,,"This field based course offers an interdisciplinary study of the interrelationships between people, geology, ecology, and natural resource management in Tanzania. Emphasis on issues related to livelihood security, economic development of wildlife, and coastal/marine conservation. May Experience ONLY.",2 credits
66438,EES-356,Field Study in the Rocky Mountains,,"EES-112 , EES-113 , EES-115 or SUS-120","A multi-disciplinary field study of the Rocky Mountains focusing on geology, ecology, and mineral resources, and human modification of the environment. Field data collection, interpretation, and reflection. Field data collection, interpretation, and reflection. May Experience ONLY.",2 credits
66440,EES-360,Geology and Sustainability of India,GER: NW (Empirical Study of the Natural World) and NE (Humans and the Natural Environment),,"Examining the interactions between climate, geology, and population of India from an Earth Systems approach. Emphasis on landscape changes, pressures on natural resources such as air, water, soil, forest ecosystems, population growth, natural hazards, and sustainability.",4 credits
66439,EES-357,Fly Fishing and River Conservation,,,"Take BIO 102 , BIO 111 , EES 112 , EES 113 , EES 115 , or SUS 120 Introduction to Fly Fishing. Watershed geology, stream structure, reading a stream to identify likely location of fish, life cycle of aquatic insects and other food sources, biology of fish and common fish behavior, resource conservation, ethics of “catch and release”, basic fly tackle and rigging techniques, basic fly casting techniques, and basic fly tying techniques. May Experience ONLY. May Experience ONLY.",2 credits
66441,EES-402,Geochemistry,,EES-220,"Distribution of the elements and geochemical evolution of the earth and solar system. Isotope geochemistry. Chemical equilibrium in igneous, metamorphic, and sedimentary environments. Application of thermodynamics to geologic systems.",4 credits
66445,EES-430,Engineering Geology,,EES-325,"Theory and applied aspects of engineering geology; rock strength, soil mechanics, and slope stability studies; geophysical methods and remote sensing techniques as applied to problems in geological engineering.",4 credits
66443,EES-421,Ore Deposits,,EES-220,"Mineralogy, geochemistry and geologic associations of ore deposits. Geochemical and geophysical methods of exploration. Ore minerals in hand specimen and polished section. Several field trips. Several field trips.",4 credits
66444,EES-425,Regional Tectonics,,"EES-111 , EES-112 , EES-113 , or EES-115","This course explores the geologic history of North America, with an emphasis on the history of the southeast, as a vehicle for learning about cutting-edge methods in tectonics research, including geochronology, basin analysis, and structural interpretation.",4 credits
66442,EES-410,Ocean and Climate Systems,,"EES-111 , EES-112 , EES-113 or EES-115","This course is an introduction to the understanding of physics that govern the large scale circulations of the ocean and the atmosphere and its connection to the global climate. Emphasis will be on ocean-atmosphere interaction, energy transfer, climate changes and human impacts.",4 credits
67549,EES-474,Senior Capstone,,,"EES/SUS 472 or SUS 473 Synthesis integrating the research experience into the interdisciplinary context across EES and SUS majors. Develop writing, collaboration, and communication skills. 4",
66447,EES-475,Earth and Environmental Science Seminar,,,,2 credits
66449,EES-504,Directed Independent Study,,,A topic of special interest selected by the student and a faculty member with whom the student chooses to work. The study is done mostly with earth or environmental sciences literature. Results of the investigation are reported in a paper written according to the style and format of professional earth or environmental sciences publications. The grade will depend largely on the initiative of the student. The grade will depend largely on the initiative of the student. Variable credit.,
66446,EES-472,Research and Analysis,GER: WR (Writing-Research Intensive),completed FYW course requirement AND have completed or in the process of completing an independent research project,"Analysis of data, reading of scientific literature relevant to individual research, and writing of a thesis based on the results of an independent research project. Students must also present results at a professional meeting and to the department. EES-502 must be enrolled at the same time.",4 credits
66448,EES-502,Research,,,Investigation involves laboratory or field work. Results of the research are reported. May be retaken for credit. The grade will depend largely on the initiative of the student. Variable credit.,
67588,ENG-153,English Language: How It Works,,Any first year writing seminar,"HB (Human Behavior) Introduction to basic English linguistics. The difference between prescriptive grammar (the rules we learn in school) and descriptive grammar (the linguistic rules that native speakers of a language have learned). Discussion of the main divisions of linguistics, focusing on the phonology, morphology, and syntax of Edited American English. Study of the ways other dialects, in particular, Southern American English and African American Vernacular English, differ from the standard and exploration of the implications of linguistics on social and educational policy.",4 credits
66523,ENG-111,Texts and Meaning,"GER: TA (Critical, Analytical Interpretation of Texts)",Any first year writing seminar,"An introduction to the study of the structures and methods by which texts create and convey meaning. Texts and approaches will be determined by individual instructors, but all emphasize reflective, critical reading, as well as text-centered discussions and written assignments.",4 credits
67587,ENG-152,History of English Language,,Any first year writing seminar,"HB (Human Behavior) Survey of the internal history of English, reviewing Indo-European and Germanic background and studying the development of phonology, morphology, and syntax from Old English to Modern English. 4",
67433,ENG-172,Gothic Creatures,,any first year writing seminar,"The Gothic genre is populated by unnatural creatures: phantoms, human-animal hybrids, and vampires that stalk the seemingly innocent. But such beings may also give voice to cultural guilt or anxiety. This course locates the Gothic creature in its historical and political context. May Experience ONLY.",2 credits
67777,ENG-112,Texts and Identities,"GER: TA (Critical, Analytical Interpretation of Texts) and IEJ (Identities, Equity, and Justice)",Any first year writing seminar,"An alternative to ENG 111, this course introduces students to the linguistic structures and rhetorical methods by which texts represent and codify marginalized identities. Texts and approaches are determined by individual instructors, but all sections focus on the social and cultural representation of identity, equity, and justice in literary and other texts–as well as the meaning of these concepts in contemporary life. Text-centered discussion and writing suitable for all Furman students.",4 credits
66526,ENG-214,Immersion Journalism: Reading as Writers,"GER: TA (Critical, Analytical Interpretation of Texts)",any first year writing seminar,"Study of a fascinating branch of nonfiction writing. Texts may include works by Tom Wolfe, Barbara Ehrenreich, Edward Abbey, Karsten Heur and Susan Orlean. Students will read as writers, scour the texts for craft and style tactics and critique class members’ essays.",4 credits
66524,ENG-211,Professional Communication,,any first year writing seminar,"Development of effective written and oral communication skills, critical thinking, research strategies, collaboration, and professional and ethical behavior in workplace environments. Job search and interviewing strategies will also be covered.",4 credits
67445,ENG-200,Introduction to Creative Writing,"GER: TA (Critical, Analytical Interpretation of Texts)",any first year writing seminar,"Develop student proficiency in the craft of creative writing. Typically focuses on three genres of creative writing – fiction, nonfiction and poetry. Students should be eager to write frequently, to read carefully and to comment thoughtfully upon the work of other writers – including their classmates.",4 credits
67817,ENG-216,Copyediting,"GER: TA (Critical, Analytical Interpretation of Texts)",Any first-year writing seminar.,"Writers need copyeditors to help shape texts into their final forms. In this course, we will theorize copyediting as a collaborative processes in which writer and editor work together. We will consider the differences among the terms reviewing , editing , copyediting , and proofreading ; learn the nuts and bolts of copyediting; practice varying editorial philosophies; and tackle real copyediting projects.",4 credits
66525,ENG-212,Journalism Principles and Practice,,any first year writing seminar,"Addresses the role of newspapers in society, the strategies for reporting and writing news, and the ethical and legal ramifications of newspaper reporting.",4 credits
66528,ENG-221,Writing Fiction,,any first year writing seminar,"Emphasizes awareness and proficiency in the craft of prose fiction. Students should be prepared to write frequently, to duplicate their work for discussion, and to comment upon their classmates’ work.",4 credits
67550,ENG-224,Writing Biography,,any first year writing seminar,"Analysis of Texts (TA) Writing/Research Intensive (WR) Biographers write histories of lives. Their storytelling is often novelistic but their standards of evidence are those of the historian. They confront distinctive questions: What lives are worth writing? What is the relationship between the individual and society? What rules govern the relationship between biographers and their subjects? How has the art of biography changed over the centuries, and what forces have driven those changes? In this course, we’ll read both notable biographies and the critical literature on biography. We will apprentice ourselves to leading biographers to understand the craft, and we will develop the research tools necessary for uncovering and narrating lives that illuminate our world. The course will be workshop-based with students sharing their creative work, exploring prose techniques, and offering peer critique. 4",
66530,ENG-225,Writing with Writers,,any first year writing seminar,"Supervised by a prominent writer, students will work on their own creative projects. The genre (prose fiction, creative nonfiction, poetry) will change from year to year. May Experience ONLY.",2 credits
66527,ENG-220,Writing Poems,,any first year writing seminar,"Emphasizes awareness and proficiency in the craft of poetry. Students should be prepared to write frequently, to duplicate their work for discussion, and to comment upon their classmates’ work.",4 credits
66529,ENG-223,Writing Nonfiction,,any first year writing seminar,"This course will develop students’ proficiency in the craft of nonfiction. Students will do writing exercises, discuss published work, explore prose techniques, and critique their classmates’ work.",4 credits
67831,ENG-238,Writing in the Arts,GER: WR (Writing-Research Intensive),any first year writing seminar,"How do we write about arts and cultural experiences while abroad? What makes a culture piece publishable? And how does writing increase our focus and understanding of the arts? This course provides students opportunities to understand the answers to such question by writing about their experiences with the arts, theatre, and culture in the British Isles program. The primary focus is non-fiction, but students may also write stories and plays.",4 credits
67806,ENG-228,Writing the Novel,"GER: TA (Critical, Analytical Interpretation of Texts)",any first year writing seminar,"This course investigates the various so-called German Language Islands, or isolated areas, with German as the main language, in the US and beyond such as Pennsylvania Dutch, Texas German, and Namibian German. Students will work with resources and online corpora in order to research and recognize the differences between these German dialects and Standard German. All lectures and assignments are in English.",4 credits
66552,ENG-241,Medieval Arthurian Literature,"GER: TA (Critical, Analytical Interpretation of Texts)",any first year writing seminar,"Study of the earliest tales of King Arthur and his knights. Course focuses on medieval European literature but may include one contemporary version. Authors include Chrien de Troyes, the Gawain poet, Malory, and others.",4 credits
67700,ENG-230,Digital Writing,,Any First Year Writing Seminar,"Introduction to an expanded definition of writing through the study and practice of digital writing. Students will engage with contemporary scholarship to understand theories and practices of digital writing. They also will consider how the digital world affords writers the genres, strategies, tools, and platforms for composing beyond text and print.",4 credits
67391,ENG-240,Art of Travel Writing,,any first year writing seminar,"Introduction to history, society and culture of specific travel destination. Exploration of art of travel writing including reading and analyzing travel essays as models for their own writing. Required for students participating in travel writing May Experience in a given year.",2 credits
67701,ENG-270,Queer Stories,"GER: TA (Critical, Analytical Interpretation of Texts)",any first year writing seminar,"Examination of poetry, fiction, drama, memoir or autobiography, as well as film and performance to understand how LGBTQIA+ peoples have helped shape new ideas about sex, sexuality, and gender in the modern world. Specific iterations may explore a singular story-for instance, a gay, lesbian, or transgender one-or combine different stories for comparative analysis. Attention is paid to the theoretical, cultural, and political contexts of works studied as well as the ways heteronormative identities are subject to queer re-inscription.",4 credits
67590,ENG-273,Altered States in Victorian Literature,"GER: TA (Critical, Analytical Interpretation of Texts)",any first year writing seminar,"Taking a broad interpretation of the phrase “altered states,” this course examines Victorian literary works depicting states of mind that defy, transcend, or exceed notions of “normal” psychic functioning as defined by nineteenth-century culture and particularly science.",4 credits
67343,ENG-252,Shakespeare,GER:  UQ (Ultimate Questions),Any First Year Writing Seminar,The plays of William Shakespeare studied primarily in their historical and theatrical contexts. Attention also paid to Shakespeare’s role in producing modern cultural awareness in the English speaking world and beyond. Appropriate for majors and non-majors.,4 credits
67589,ENG-261,Revolution and Reaction,,any first year writing seminar,"TA (Textual Analysis) Focuses on appreciating the diversity of thought collected under the term conservatism. The courses will celebrate the diversity, inconsistencies, and variable unity of the divergent ideas sometimes considered synonymous with conservatism.",4 credits
67702,ENG-254,Prison Literature,"GER: TA (Critical, Analytical Interpretation of Texts) and WR (Writing-Research Intensive)",any first year writing seminar,"An examination of literature by and about incarcerated people to provide a glimpse into the lives of incarcerated people before, during, and after release from prison. Through the words of those who are affected by incarceration as well as theories about imprisonment, we will come to a better understanding of the American justice system and how it affects those who are caught in its web.",4 credits
66543,ENG-294,Modern and Contemporary Poetry,"GER: TA (Critical, Analytical Interpretation of Texts)",any first year writing seminar,"Works by at least a half-dozen prominent poets will be read, analyzed, and evaluated. Although prosody, poetic theory, and the development of modernism will be covered, major emphasis will be on the aesthetic qualities of individual poems and the distinctive sensibilities of individual poets.",4 credits
66553,ENG-293,Literature of the South,"GER: TA (Critical, Analytical Interpretation of Texts)",any first year writing seminar,"The dialogue about race, class, and gender that takes place between writers such as Faulkner, Warren, Gaines, Welty, O’Connor, Walker, and Allison.",4 credits
66550,ENG-297,Autobiography,GER: UQ (Ultimate Questions),any first year writing seminar,"Topics include formal/theoretical discussions that stress spiritual and moral concerns, exploring contrast with other forms such as biography and memoir, and the study of specific sub-genres. Film adaptation or autobiographical film may also be considered. Alternating versions will include either an American emphasis or a global emphasis.",4 credits
66560,ENG-292,African-American Drama,"GER: TA (Critical, Analytical Interpretation of Texts)",any first year writing seminar,"Three-part history and development of African American drama in the United States from its origins to the present moment. Part one explores the roots of African American drama and examines early stage images of black subjects, 19th century stage stereotypes of minstrelsy, and the initial achievements of the African Grove Theatre and early black playwrights. Part Two focuses on the Harlem Renaissance and the Harlem Unit of the Federal Theatre Project. Part Three examines major plays and playwrights from Lorraine Hansberry’s A Raisin in the Sun (1959) to the 2001 Pulitzer Prize-winning production of Suzan Lori-Park’s Topdog-Underdog.",4 credits
66544,ENG-291,Studies in Short Fiction,"GER: TA (Critical, Analytical Interpretation of Texts) and WR (Writing-Research Intensive)",any first year writing seminar,"Stories to be discussed are selected from a variety of historical periods and cultural perspectives. Writers might include Hawthorne, Scott, James, Lawrence, Joyce, Trevor, and Munro.",4 credits
66534,ENG-304,English Literature of Restoration and 18th Century,"GER: TA (Critical, Analytical Interpretation of Texts)",any first year writing seminar,"Survey of English literature and culture from the Restoration of Charles II in 1660 to the creation of the United Kingdom of Great Britain and Ireland in 1801. Covers a range of literary genres, such as drama, satiric poetry, travel narratives, periodical essays, and novels. Students will examine the historical, social, political, and intellectual backgrounds for these texts, including the declining influence of court culture, the construction of a colonial market economy, discourses of slavery and abolition, and considerations of gender and marriage. Authors studied include: Rochester, Behn, Pope, Equiano, and others.",4 credits
66537,ENG-300,Literature Before Print,"GER: TA (Critical, Analytical Interpretation of Texts)",any first year writing seminar,"Medieval English literature. Exploring the differences between the way medieval people read–their experience of reading and their training as interpreters of texts–and the way we read today. The complexity and variance of texts created in a pre-print world. Introducrion to canonical and non-canonical texts of the medieval English period, with a focus on the question of what it meant to read in the Middle Ages.",4 credits
66546,ENG-314,Studies in Chaucer,"GER: TA (Critical, Analytical Interpretation of Texts)",any first year writing seminar,"The poetry of Chaucer, in Middle English, including some early poems, Troilus and Criseyde, and substantial selections from The Canterbury Tales. Special attention to the development of Chaucer146s narrative art, his invention of the Chaucerian persona, and his relevance to postmodern thought, conceived as his self-consciousness about the use of language and his ambivalence about the value of literary art.",4 credits
67591,ENG-298,Literature and the Environment,,any first year writing seminar,"NE ((Humans and the Natural Environment) and TA (Critical, Analytical Interpretation of Texts) Focus on works commonly considered major examples of environmental writing and examine the theoretical/critical considerations involved in reading these works. Writers include: James Fenimore Cooper, Henry David Thoreau, John Muir, Mary Austin, Aldo Leopold, Rachel Carson, and Barry Lopez will be read and discussed. Theoretical problems such as the relation of writing to lived experience and the justice of emphasizing all life over human life will help focus discussions. Class participation demonstrating considered familiarity with assigned reading will be required, as will written work demonstrating thoughtful command of issues raised by the course.",4 credits
66551,ENG-315,Animals in Medieval Literature and Culture,"GER: TA (Critical, Analytical Interpretation of Texts)",any first year writing seminar,"Explores medieval literature about animals, humans’ historical relationships with other animals, philosophical discussions of the idea of “the animal,” and connections between medieval views of animals and modern ecological issues.",4 credits
66548,ENG-319,Major Figures in Early Modern British Literature,"GER: TA (Critical, Analytical Interpretation of Texts)",any first year writing seminar,"Study of works written by major authors in the reigns of the Tudors and the Stuarts. Authors include: Sidney, Spenser, Wroth, Marlowe, Jonson, Milton, or the major lyric poets. Focus on major works in their entirety written by single authors except in the case of the lyric poets.",4 credits
66533,ENG-318,Early Modern Drama,"GER: TA (Critical, Analytical Interpretation of Texts)",any first year writing seminar,"Major works from the golden age of English drama. Work by Marlowe, Jonson, Webster, Middleton, Ford, and others of Shakespeare’s contemporaries.",4 credits
66532,ENG-317,Literature of Early Modern Britain,"GER: TA (Critical, Analytical Interpretation of Texts)",Any first year writing seminar,A study of literature written during the reigns of the Tudors and the early Stuart monarchs when England began to develop a distinct cultural identity. Emphasis is on poetry and prose.,4 credits
66531,ENG-316,Late 14th Century English Literature,"GER: TA (Critical, Analytical Interpretation of Texts)",any first year writing seminar,"Study of literature by poets and mystics of Ricardian England, with an emphasis on interpreting these texts in light of their medieval social and philosophical context. A substantial part of this course is devoted to Chaucer’s Canterbury Tales.",4 credits
66559,ENG-328,Interpretive Issues in Early Modern Literature,"GER: WR (Writing-Research Intensive) and TA (Critical, Analytical Interpretation of Texts)",any first year writing seminar,"Study of key issues for understanding early modern British literature and its place in a history of ideas in the West. Topics include early modern literature in relation to the histories of science, individualism, gender and sexuality, privacy, literary criticism, authorship and/or the place of period texts in emerging theories of literature and history.",4 credits
66539,ENG-338,Victorian Novel,"GER: TA (Critical, Analytical Interpretation of Texts)",any first year writing seminar,"The Victorian novel viewed through the lens of both nineteenth-century and modern theories of the novel. Works by Charles Dickens, George Eliot, Charlotte Bronte, Thomas Hardy and others will be examined from the perspective of Victorian literary culture and the work of critics such as Mikhail Bakhtin, Georg Lukas, Walter Benjamin, Ian Watt, Fredric Jameson, and Franco Moretti.",4 credits
66538,ENG-339,Emerson to Dickinson,GER: UQ (Ultimate Questions),any first year writing seminar,"Study of Emerson, Thoreau, Douglass, Stowe, Whitman, Fuller, Poe, Hawthorne, Melville and Dickinson. Through exploring poems, essays, novels, and personal narratives, this course examines living well, considering relationships to nature, to God, and to one’s self. In addition, the course examines concepts of good and evil and the political realities of slavery and the disenfranchisement of women.",4 credits
66536,ENG-337,Victorian Literature and Culture,"GER: TA (Critical, Analytical Interpretation of Texts)",any first year writing seminar,"Study of Victorian fiction, poetry, and prose with an emphasis on major social, cultural, and political concerns and debates in nineteenth-century Britain: industrialization and modernization, ideologies of class and gender, evolutionary theory and religious ambivalence, new developments in aesthetic theory and literary form. Authors studied include: Carlyle, Ruskin, Dickens, Eliot, Browning, Tennyson, Pater, Morris, and Wilde.",4 credits
66549,ENG-344,Gothic Literature,"GER: TA (Critical, Analytical Interpretation of Texts)",any first year writing seminar,"Study of literature that evokes terror and horror, explores the possibility of supernatural forces, depicts psychological disorders, critiques patriarchal constructs, and exposes cultural anxieties and oppression. Strong focus will be upon the scholarly division of Gothic Literature into Male and Female Gothic traditions, and upon examining how the literature explores gender and sexual norms and transgressions during various cultural periods. Topics and texts may vary.",4 credits
66535,ENG-336,British Romantic Literature,"GER: WR (Writing-Research Intensive) and TA (Critical, Analytical Interpretation of Texts)",any first year writing seminar,"The major writers and some less well-known figures from the period 1790-1830: the poets Blake Wordsworth, Coleridge, Byron, P. B. Shelley, and Keats; the novelists Austen and Scott; the essayists Hazlitt, Lamb, and De Quincey; and others like Mary Shelley, Godwin, and Clare. Introduction to both literary and critical writing of the period as well as to the current critical and theoretical issues, mainly rhetorical and historical, that engagement with these writers entails.",4 credits
67753,ENG-348,American Working-Class Literature,"GER: TA (Critical, Analytical Interpretation of Texts)",any first year writing seminar,"This course surveys and analyzes literature by, for, and/or about the American working class. American exceptionalism, with its paradoxical belief that classes do not exist in America and that Americans are all largely middle class, holds powerful sway in American life. And yet canonical and popular authors have historically challenged this view in their writing. Students will study works that insist on the important role that class plays in our lived experience, explore how class identity intersects with other key identity markers such as race, gender, and sexuality, and endow working-class life with dignity and respect.",4 credits
67629,ENG-351,American Novel Since World War I,"GER: IEJ (Identities, Equity, and Justice) and TA (Critical, Analytical Interpretation of Texts)",any first year writing seminar,"Examination of modern and post-modern novels, emphasizing how these works reflect cultural assumptions about social class, race, ethnicity, gender roles, politics, technology, religion, art and entertainment. Authors might include Fitzgerald, Hemingway, Faulkner, Hurston, Kesey, Walker, and Tan.",4 credits
66558,ENG-346,American Slavery and the Novel,"GER: TA (Critical, Analytical Interpretation of Texts)",any first year writing seminar,"Consideration of the traditional Black Atlantic 18th, 19th, and 20th century slave narratives and novels, including authors such as Douglass, Equiano, and Butler, among others. Texts critique historiographies, ideologies, and models of interpretation that subjected African American cultural production and black identity to second-class citizenship. Examine the relationship between memory, writing, and historical representation and the production of hierarchical categories in the construction of racial, sexual, and gender differences. Texts engage the challenges of formal genre presented by the slave novel’s reinvention of the traditional slave narrative.",4 credits
67628,ENG-350,American Novel to World War I,"GER: TA (Critical, Analytical Interpretation of Texts)",any first year writing seminar,"Examination of literary romanticism, realism, and naturalism as reflected in a selection of American novels and study of their cultural contexts, including war, gender roles, slavery, expatriation, and immigration. Authors might include Cooper, Hawthorne, Stowe, James, Twain, Norris, Chopin, and Cather.",4 credits
67703,ENG-349,Thinking Sex,GER: HB (Empirical Study of Human Behavior) and WR (Writing-Research Intensive),any first year writing seminar,"Typically, sex and sexuality are assumed to define discrete, natural categories of being or social identity. Instead of treating these as separate from other social and cultural issues, we will study how these concepts acquire meaning from their association with categories of knowledge (race, gender, medicine, or science, for example) that are not primarily about sex. Works explored include historical and empirical studies, anthropology and cultural theory, Disney films and fairy tales, documentaries, biographies, and contemporary novels.",4 credits
66545,ENG-359,Studies in the Essay,"GER: TA (Critical, Analytical Interpretation of Texts) and  WR (Writing-Research Intensive)",any first year writing seminar,"The essay as a genre, beginning with work from early practitioners such as Montaigne, Hazlitt, Lamb, and Shonagon, and tracing its development to the dynamic form we see in contemporary work. Students will read both American and international writers and discuss works on the basis of both thematic and formal qualities.",4 credits
67704,ENG-353,Critical and Cultural Theory,"GER: TA (Critical, Analytical Interpretation of Texts)",Declared English major,"Introduction to theoretical approaches to literature such as psychoanalysis, deconstruction, feminism, and postcolonial studies. Consideration of the ethics and politics of interpretation, the assumptions and practices informing theoretical work, and the relation between literature and theory. Readings include works of fiction, film, and texts by theorists such as Freud, Lacan, Kristeva, Zizek, Derrida, de Man, Butler, Cixous, Spivak, Bhabha.",4 credits
67785,ENG-363,Mystery and Detective Fiction,"GER: WR (Writing-Research Intensive) and TA (Critical, Analytical Interpretation of Texts)",any first year writing seminar,"Study of mystery fiction and its offshoots (detective, suspense, spy) in English and translation. Possible writers: Shakespeare, Walpole, Poe, Hammett, Mankell. Critical perspectives may include narrative studies, gender criticism, Marxist criticism.",4 credits
66554,ENG-357,Irish Renaissance Literature,"GER: TA (Critical, Analytical Interpretation of Texts)",any first year writing seminar,"The remarkable literary flowering contemporary with the late nineteenth-century movements in Ireland that led to the creation of the Irish Free State in 1921, and with the difficult historical circumstances faced by the new nation in the first years of its existence. The major figures studied include Yeats, Joyce, Synge, and O’Casey. Normally taught in conjunction with study away experience conducted in the British Isles.",4 credits
66547,ENG-356,Faulkner,"GER: TA (Critical, Analytical Interpretation of Texts)",any first year writing seminar,"Chronological study of the development of Faulkner’s art from FLAGS IN THE DUST to GO DOWN, MOSES. Attention paid to the concept of Yoknapatawpa County and to the various innovative narrative techniques Faulkner employed.",4 credits
66541,ENG-366,Drama at Stratford-upon-Avon,GER: VP (Visual and Performing Arts),any first year writing seminar,"Offered only as part of the fall term in the British Isles program. Study of the drama being performed in London and Stratford-upon-Avon by the Royal Shakespeare Company, the National Theatre and others.",4 credits
66555,ENG-391,Global Postcolonial Issues,"GER: TA (Critical, Analytical Interpretation of Texts) and WC (World Cultures)",any first year writing seminar,"Introduction to the field of Global Postcolonial Studies through the study of literary, filmic, and theoretical texts focusing on the historical and ongoing interactions of European and non-European cultures from the perspective of domination, resistance, and the search for alternatives.",4 credits
66540,ENG-364,Drama in London,"GER: TA (Critical, Analytical Interpretation of Texts)",any first year writing seminar,Study of drama from the West and elsewhere in performance primarily on stage in London but also in other locations around the British Isles. Attention paid to the conditions of theatre in the present and at the time the drama was first produced. Offered only in conjunction with study away experience conducted in the British Isles.,4 credits
66556,ENG-392,Film Analysis,"GER: TA (Critical, Analytical Interpretation of Texts)",any first year writing seminar,"Exploration of the fundamentals of film form151narrative construction in the Hollywood system as well as non-narrative formal systems (documentary, abstract and avant-garde film). Includes examination of the fundamentals of film style (mise-en-sc232ne, cinematography, editing, sound) and attention to the relationships between the literary and filmic texts.",4 credits
66542,ENG-378,Travel Study in the British Isles,,,Texts and culture in the United Kingdom and Ireland. Specific topics will change from year to year.,4 credits
66562,ENG-501,Independent Study,,instructor permission required Variable credit.,,
67439,ENG-476,Senior Seminar in Writing,GER: WR (Writing-Research Intensive),declared English major,"Capstone experience for students pursuing the writing track within the English major. Students engage in reading, writing, commenting, and revising to create a portfolio of polished writing.",4 credits
66561,ENG-475,Senior Seminar in English,GER: WR (Writing-Research Intensive),declared English major,Course topic changes with each offering.,4 credits
66557,ENG-393,Literary Feminisms,"GER: IEJ (Identities, Equity, and Justice), TA (Critical, Analytical Interpretation of Texts) and WR (Writing-Research Intensive)",any first year writing seminar,"Women’s literature in English as a distinct tradition, from the perspective of feminist literary theory and criticism. Structured as a historical and thematic survey of issues in the field; the writers and theorists studied will vary.",4 credits
67601,ENG-399,Upper Level Pathways in English,,declared English major,An eight-week course to help majors understand how the study of the English language and literature align with vocational exploration and preparation. Professional development opportunities will be provided.,2 credits
66564,ENG-505,Structured Internship,,instructor permission,"Students will develop internships at businesses, agencies, or media sites for up to 210 hours over the term and will meet the objectives of a learning agreement completed with the employer and approved by a faculty sponsor. The internship site must permit the student a significant degree of professional writing. A weekly seminar class focuses on the objectives and issues of students? experiences as they develop their verbal and written communication skills. Course requirements include a work journal, portfolios, and academic papers relating to their internship. The course is open primarily to seniors and juniors. The course may contribute to the major. No pass/fail. Not repeatable. The course is open primarily to seniors and juniors. The course may contribute to the major. Cannot be completed through the pass-no pass grading option. Not repeatable. Variable credit.",
66688,EST-301,Environment and Society,GER: NE (Humans and the Natural Environment),,"Interdisciplinary examination of the causes, potential solutions and ethical dilemmas associated with environmental problems on various spatial, temporal, political and social scales (individual to global).",4 credits
66687,EST-001,Biodiesel Production,,,"Provides students with a working knowledge of biodiesel production, including basic organic chemistry, safety considerations, logistics, and economics, through the weekly processing of high grade biodiesel from waste vegetable oil. Course will include weekly discussions concerning alternative fuels and environmental issues.",0 credits
66757,FRN-110,Elementary French I,,appropriate placement,"Introduction to the sound system and grammatical structure necessary to develop listening, speaking, reading, and writing skills in French. An appreciation of French-speaking culture underlies the orientation of the course.",4 credits
66563,ENG-503,Individualized Internship,,instructor permission,"Student will develop an internship to work at a business, agency or media site for up to 210 hours over the term and will meet the objectives of a learning agreement completed with the employer and approved by a faculty sponsor. Requirements include a work journal, portfolios, and assigned academic papers relating to their internship. Open primarily to seniors and juniors. A student must have the permission of the instructor and an internship position secured to be enrolled. May be taken only once. May not be taken for major credit. No pass/fail. May not contribute to the major. Cannot be completed through the pass-no pass grading option. Not repeatable. Variable credit.",
66758,FRN-115,Intensive Elementary French,,appropriate placement,Designed to prepare students with some background in French for the first intermediate level course. One semester equivalent of the elementary sequence.,4 credits
66766,FRN-207,French Language House,,at least one French course numbered 201 or greater,"The fall semester French Language House provides students with an immersive experience in the language they are studying without having to leave campus. Student residents commit to using the target language in all their interactions with members of the House, to attending activities planned by the Language House Assistant and the faculty supervisor, and to completing reflections on language usage or culture. Activities will vary and may include speakers, community engagement, cultural outings, and dining together. Applications available through the Housing portal.",1 credit
66767,FRN-208,French Language House,,at least one French course numbered 201 or greater,"The spring semester French Language House provides students with an immersive experience in the language they are studying without having to leave campus. Student residents commit to using the target language in all their interactions with members of the House, to attending activities planned by the Language House Assistant and the faculty supervisor, and to completing reflections on language usage or culture. Activities will vary and may include speakers, community engagement, cultural outings, and dining together. Applications available through the Housing portal.",1 credit
66760,FRN-201,Intermediate French I,GER: FL (Foreign Language),FRN-115 or FRN-120 or appropriate placement,"Continuation of the development of proficiency in listening and speaking, while expanding the reading and writing skills using materials of a literary or cultural nature.",4 credits
66759,FRN-120,Elementary French II,GER: FL (Foreign Language) for students seeking the Bachelor of Science degree ONLY,FRN-110,"Continuation of the skills (speaking, listening, reading, writing) developed in French 110, with increased emphasis on vocabulary expansion, idiomatic expression, and cultural differences.",4 credits
66763,FRN-215,French Composition,GER: FL (Foreign Language),FRN-201 or appropriate placement,"Development of advanced writing skills in French with emphasis on advanced grammar structures, organization, idiomatic expressions, vocabulary building, and rhetorical strategies. A variety of sources are used to refine the ability to write in different genres for different occasions.",4 credits
66761,FRN-223,Introduction to French Readings,GER: FL (Foreign Language),FRN-201,"Builds upon and further enhances the basics developed through the first intermediate course. Reading numerous short works of fiction and nonfiction and through discussions and short written assignments in French, expanding the critical listening, speaking, reading, writing, vocabulary and cultural skills necessary for further study.",4 credits
66762,FRN-214,French Conversation,GER: FL (Foreign Language),FRN-201 or appropriate placement,"Intensive oral practice focusing on practical daily use as well as discourse on Francophone cultures and events with an emphasis on current, everyday speech. A variety of sources are used to develop listening and communication skills; improve fluency in speaking French; build vocabulary; and familiarize students with appropriate linguistic register. An introduction to French phonetics is included.",4 credits
66765,FRN-221,Contemporary French Culture,,a course in French numbered 214 or greater,"Overview of contemporary France through a thematic approach to such topics as geography, demography, lifestyles and cultural patterns. Examination of the influence of France and Francophone nations within the global community.",4 credits
66764,FRN-220,French Civilization,,FRN-201,"Survey of the culture and civilization of France and, to a lesser extent, other parts of the French-speaking world. Areas of study include history, geography, politics, the arts, and daily life.",4 credits
66770,FRN-310,Travel Study 20th Century French Drama,"GER: TA (Critical, Analytical Interpretation of Texts)",a course in French numbered 214 or greater,"Part of the study abroad curriculum in France. Survey of twentieth century French drama, both as literature and spectacle, including selected works of Montherlant, Claudel, Anouilh, Giraudoux, Sartre, and Camus. Part of the study away curriculum in France.",4 credits
66768,FRN-301,Travel Study French Language,,a course in French numbered 214 or higher,Emphasis on idiomatic expression in speech and writing. Part of the study away curriculum in France.,4 credits
67500,FRN-307,French for the Business World,GER: FL (Foreign Language),a course in French numbered 214 or greater,This course equips students with language and cultural skills within the context of the French-speaking business world. Focus is placed on developing global competence in order to prepare students for potential career plans involving the use of French professionally.,4 credits
66769,FRN-305,Advanced French Oral and Written Expression,GER: FL (Foreign Language),a course in French numbered 214 or greater,"Advanced study to perfect spoken and written French. Emphasis is on sustained expository, persuasive and rhetorical communication; on advanced grammar usage and syntax; and on precision in the production of phonemes and intonational patterns.",4 credits
67758,FRN-308,The French Speaking World,GER: FL (Foreign Language),a course in French numbered 214 or greater,"Through authentic documents and multimedia, short excerpts of literature and movies from French-speaking countries around the world, this course examines the birth and evolution of the cultural, linguistic, and political concept of “F/francophonie”. We will analyze similarities and differences in the French-speaking world today through a comparison of the varieties of French being spoken, the lifestyles of the individuals and groups that compose the ‘francosphère’ and their cultural productions.",4 credits
66772,FRN-321,Contemporary Senegal,,a course in French numbered 214 or greater,An interdisciplinary introduction to the culture of Senegal.,2 credits
66773,FRN-322,Francophone Culture in Senegal,,FRN-321,"Lectures, literary readings, and visits to areas of cultural interest to familiarize participants with contemporary Senegalese cultural life. Research on a cultural topic will culminate in a written project. May Experience ONLY.",2 credits
66771,FRN-320,Travel Study French Civilization,,a course in French numbered 214 or greater,"Cultural history of France, including history, politics, geography, the arts, architecture, and daily life. On-site visits (museums, monuments, cathedrals, etc.). Part of the study away curriculum in France.",2 credits
67759,FRN-315,Introduction to French Cinema,,a course in French numbered 214 or greater,This course provides students with the opportunity to improve their French oral and writing skills through discussion of French films. Strong emphasis is placed on mastering the terminology necessary to analyze films. Part of the study abroad curriculum in France.,2 credits
67705,FRN-323,"Quebec Language, Civilization & Culture",GER: FL (Foreign Language),a course in French numbered 214 or greater,"This course explores the French variety of Québec as well as its diverse culture-blending First nations, Francophone and Anglophone influences - through essays, literary readings, songs, works of art, advertisements, media and films. Students will learn about the development of this important French-speaking community in North America from its origins as a French colony through the exodus of French-Canadians in the early twentieth century and the Quiet Revolution of the 1960s, up to the present day.",4 credits
66775,FRN-331,French Literature and Civilization I: Middle Ages and Renaissance,"GER: TA (Critical, Analytical Interpretation of Texts)",a course in French numbered 214 or greater,"An interdisciplinary introduction to French civilization, literature, and fine arts from their beginnings to 1600.",4 credits
67781,FRN-326,Introduction to French Modern Art,,a course in French numbered 214 or greater,This course provides students with the opportunity to improve their French oral and writing skills through discussion of late 18th to mid-20th century French modern pictorial art. Strong emphasis is placed on mastering the terminology necessary to analyze works of art. Part of the study abroad curriculum in France.,2 credits
66776,FRN-332,French Literature and Civilization II: Classicism and Enlightenment,"GER: TA (Critical, Analytical Interpretation of Texts)",a course in French numbered 214 or greater,"An interdisciplinary introduction to French civilization, literature, and fine arts from 1600 to 1800.",4 credits
67544,FRN-330,Short Fiction in French,"GER: TA (Critical, Analytical Interpretation of Texts)",a course in French numbered 214 or greater,This course is an introduction to short fiction written in French world-wide. Students will read a selection of texts ranging from medieval fables to contemporary short stories and analyze these works for their formal and thematic qualities.,4 credits
66774,FRN-325,French Architecture in Context,GER: VP (Visual & Performing Arts),a course in French numbered 214 or greater,"An understanding of French architectural monuments as the expression of the esthetic, religious, political and cultural values of the era that shaped them. Paris and Versailles are a particular focus. Taught in French with the assistance of on-site guides and art historians. Part of the study away curriculum in France.",4 credits
66778,FRN-405,Introduction to French Linguistics,GER: HB (Empirical Study of Human Behavior),a course in French numbered 300 or greater,"A descriptive analysis of the French language from the smallest linguistic units to the largest units – from sounds, words, and sentences to discourse. Topics include: the historical development of the French language, standard vs. non-standard French, language variation and sociological factors affecting language use.",4 credits
66777,FRN-333,French Literature and Civilization III: Nineteenth and Twentieth Centuries,"GER: TA (Critical, Analytical Interpretation of Texts)",a course in French numbered 214 or greater,"An interdisciplinary introduction to French civilization, literature, and fine arts of the 19th and 20th centuries, including authors of the Francophone world.",4 credits
66779,FRN-410,French Literature of Louis XIV,"GER: TA (Critical, Analytical Interpretation of Texts)",a course in French numbered 300 or greater,Study of selected works of the principal literary figures of the seventeenth century in France. Emphasis on classical drama; also includes short prose works and poetry.,4 credits
67621,FRN-334,Visions of the Cosmos,GER: UQ (Ultimate Questions),a course in French numbered 214 or greater,"An exploration of how nonfiction writing in the French language has shaped the search for truth about the universe, in philosophy, theology, and science, from the 13th through the 21st centuries.",4 credits
66780,FRN-411,French Literature of the Enlightenment,"GER: TA (Critical, Analytical Interpretation of Texts) and WR (Writing-Research Intensive)",a course in French numbered 300 or greater,"Introduction to the literature of the eighteenth century (1715-89), including essay, theater and prose fiction. Works by authors such as Voltaire, Diderot, Rousseau, Montesquieu, Beaumarchais and Laclos.",4 credits
66781,FRN-415,French Romanticism,"GER: TA (Critical, Analytical Interpretation of Texts)",a course in French numbered 300 or greater,"Selected works of the principal literary figures of the first half of the nineteenth century in France. Poetry, prose fiction, and drama included.",4 credits
66783,FRN-420,20th Century French Novel,"GER: TA (Critical, Analytical Interpretation of Texts)",a course in French numbered 300 or greater,Study of the major works and authors of twentieth century prose fiction in France.,4 credits
66784,FRN-421,20th Century French Drama and Poetry,GER: FL (Foreign Language),a course in French numbered 300 or greater,"Survey of the major developments, both theoretical and practical, in French drama and poetry since 1913. Readings include plays by such representative dramatists as Giraudoux, Salacrou, Sartre, Ionesco and Beckett. Among poets considered are Valery, Apollinaire, St. John Perse, and the early Surrealists.",4 credits
66785,FRN-430,Studies in French Literature,,any first-year writing seminar and a course in French numbered 300 or greater,"TA (Analysis of Texts); WR (Writing/Research Intensive) In-depth focus on a period, movement, author, genre, or theme. Possible topics might include the French lyric tradition, exoticism, narratives of childhood, etc. May be repeated for credit based on change of topic. May be repeated for credit based on change of topic.",4 credits
66782,FRN-417,French Naturalism,"GER: TA (Critical, Analytical Interpretation of Texts)",a course in French numbered 300 or greater,"Study of selected works of the principal literary figures of the second half of the nineteenth century in France. Poetry, prose fiction, and drama included.",4 credits
66789,FRN-465,French Cinema,,any first-year writing seminar and a course in French numbered 300 or greater,"Visual and Performing Arts (VP) and Writing/Research Intensive (WR) The course is a survey of French and Francophone cinema from the 1920s era of silent film to the present day. Students will explore the historical context of each era, and become familiar with the principal film genres, directors, and actors. Work for the course is designed to train students in higher-level analytical writing in the service of the appreciation and interpretation of film as an art form.",4 credits
66787,FRN-445,African Novel in French,"GER: TA (Critical, Analytical Interpretation of Texts) and WC (World Cultures)",a course in French numbered 300 or greater,"The major African authors writing in French. Attention given to the early relevance of negritude, colonial and postcolonial issues, the emergence of African women writers in French, and contemporary perspectives in recent works. Emphasis on the literary representation of tradition, society and culture in the francophone African fiction.",4 credits
66790,FRN-470,Senior Seminar in French,GER: FL (Foreign Language),a course in French numbered 300 or greater,"The opportunity to address a topic, period, author, or genre in depth. The student is provided a chance to synthesize the experience of previous course work in a research project.",4 credits
66786,FRN-435,Literatures in French: Writing Across Worlds,"GER: WR (Writing-Research Intensive), TA (Critical, Analytical Interpretation of Texts) and WC (World Cultures)",any first-year writing seminar and a course in French numbered 300 or greater,Exploration of contemporary literary productions (from late 20th century to today) in French of non-French authors. Special focus on the literary representation of experiences of migration and exile.,4 credits
66788,FRN-450,History of France,GER: HA (Historical Analysis of Human Interactions),a course in French numbered 300 or greater,"A chronological survey of the history of France from approximately 1000 to the present. Topics will include but not be limited to history, geography, politics, and the arts.",4 credits
67795,FST-150,Peninsular Spanish Cinema: A Varied Feast,,,"This course provides an overview of the cinema of Spain, from the silent era, through the Spanish Civil War period, up to the present. Focus is on several of Spain’s greatest directors: Bruñel, Erice, Saura, and Almodóvar. The course will also include mini-units on Catalan cinema and Basque cinema. May Experience ONLY.",2 credits
67382,FRN-503,Individualized Internship,,,"Individualized internships are typically developed by seniors and juniors and approved by a faculty member in the French section. General objectives for the internship experience are to provide exceptional French students with an opportunity to use French language skills in a professional setting and to offer students additional preparation and training for future endeavors. In addition, students, together with their on-site supervisor and faculty sponsor, will develop a list of objectives for the specific internship, maintain a log and reflective journal, meet weekly with the faculty member in person or virtually, submit an academic paper at the conclusion of the internship related to their internship work, and summarize their activities orally in French for their faculty supervisor or for a larger audience as a scholarly presentation. Fifty hours of on-site activities per credit up to four credits. Cannot be completed through the pass-no pass grading option. Only four credits of either FRN-503 or FRN-505 may be applied toward the French major. Variable credit.",
66791,FRN-504,Directed Independent Study,,,Variable credit.,
66689,FST-202,Introduction to Reading Film,GER: VP (Visual and Performing Arts),,"Distinctive ways that film conveys and generates meaning. Tools to critically analyze films by examining the basics of film form, style (mise-en-scene, camera angle and movement, editing, and sound), and genre. The course also will explore the characteristic features of – as well as alternatives to – the “classical Hollywood style,” a series of formal and narrative conventions present in films as distinct as Steven Spielberg’s War of the Worlds (2005) and John Ford’s 1939 western, Stagecoach.",4 credits
67383,FRN-505,Structured Internship,,,"Internships at sites approved by a faculty member in the French section to provide students with an opportunity to use French language skills in a professional setting and offer additional preparation and training for postgraduate work or study. Students, primarily seniors and juniors, together with their on-site supervisor and faculty sponsor, will develop a list of specific objectives for the internship, work approximately 200 hours each at their site, attend a weekly seminar to discuss their work and related literature, maintain a log and reflective journal, submit an academic paper at the conclusion of the internship related to their internship work, and summarize their activities orally in French for their seminar. This course may be completed only once, and the pass-no pass grading option cannot be selected. Only",4 credits
67311,FYW-1116,"Language, Argument and Culture",,,"A study of classical and modern principles of rhetoric and argument applied to contemporary linguistic issues such as information technology, multilingualism, language and gender, language and national identities, and the globalization of English.",4 credits
66370,FST-365,Film Directors and Movements,GER: VP (Visual and Performing Arts),,"An examination of the art film and important art film directors and movements. The course looks at the films of some of the main directors and film movements, both inside and outside of Hollywood, that contributed unique techniques related to storytelling and the construction of the filmic image. Directors and movements include Ingmar Bergman, Alfred Hitchcock, Akira Kurosawa, Federico Fellini, Jean-Luc Godard, Agnes Varda, Pedro Almodóvar, Spike Lee, Wong Kar Wai, Italian Neorealism, the French New Wave, the Czech New Wave, and Dogme 95.",4 credits
67305,FYW-1108,Evaluating Scientific Claims in the Media,,,"Students will learn the skills necessary to read scientific claims carefully, find relevant information in a variety of sources, and develop an informed opinion in writing about the veracity of the original claim.",4 credits
67306,FYW-1111,Haunted Mansions,,,"This course explores how the interior and exterior settings of a selection of Gothic novels, short stories, and films reflect the lives and complex psyches of the characters. Students will learn about such psychological disorders as dissociative identity disorder, post-partum depression, and schizophrenia and will discuss how family relationships and cultural pressures adversely affect the characters studied.",4 credits
67307,FYW-1112,History of Liberal Arts,,,Why are you at Furman? The course will explore the history and practice of the liberal arts from the classical period to the present. Specific focus will be on the development of “Humanism” and the “Humanities” in higher education from early modern European universities to liberal arts education on American campuses. Students will explore arguments and create their own through a series of guided writing assignments that will introduce them to college-level writing.,4 credits
67315,FYW-1125,Sex and the New Testament,,,"Sex and the NT is a writing seminar that will investigate through research and writing what the New Testament has to say about sex, why it says what it does, and what that might mean for contemporary society.",4 credits
67313,FYW-1120,"Medicine, Morality and Culture",,,"This course will examine the ways in which our moral and cultural conceptions shape medicine and medical research as well as the ways that medicine and medical research shape our cultural understandings of health, wellness, and normal human functioning. Special attention will be given to historically controversial cases, for example: the Tuskegee Syphilis Study, Nazi human experimentation, the Terri Schiavo case.",4 credits
67318,FYW-1128,"Turing: Thinking Machines, Codes and Other Enigmas",,,"Explores the enigmatic life and prodigious work of Alan Turing (1912-1954), including his pioneering work in the fields of artificial intelligence, the limitations of computing power, and code-breaking during World War II. Consideration of works offering biographical or fictionalized treatments of Turing. Uses a biographical study of his life and writings to examine the fundamental nature of human thought, the existence of a soul, and the ethical role of a citizen in wartime, as well as society’s response to otherness.",4 credits
67316,FYW-1126,The Ethics of Sex,,,"Introduction to understanding human sexuality and thinking about sexual ethics through consideration of pressing issues, such as the moral status of pornography, prostitution, masturbation, polygamy, and abortion; the rationale and value of marriage; intersexed and transgendered individuals; and debates over whether there is a rational basis for privileging heterosexuality over homosexuality. Three broad approaches, an evolutionary, a social constructionist, and a Christian theological, will be used to examine ethical questions in dialogue with a number of philosophical and theological scholars.",4 credits
67317,FYW-1127,To Walk the Land,,,"Through weekly hikes, the goal of this seminar is that you would come to know and enjoy the land, your local upstate environment, in a deeper way; to appreciate its natural and cultural history; to better understand our connection to and dependence on the land; and to communicate this new understanding effectively. Students will explore arguments and create their own through a series of guided writing assignments that will introduce them to college-level writing. This seminar is physically demanding and time consuming because of one six-hour afternoon hike and one two-hour discussion meeting per week.",4 credits
67324,FYW-1133,Can We Make Sense of the 60s?,,,"An introduction to college writing that focuses on American history in the 1960’s and early 1970’s. Through writing and revision, students will critically analyze conflicting forces that shaped American life. With careful staging of assignments, they will complete a research project on a topic of choice, such as on a key individual or international crisis of the era, the civil rights movement, the emergence of the environmental crusade, or on the protest tradition.",4 credits
67276,FYW-1140,History of Detective Fiction,,,"Whodunnit? This course traces detective fiction from its roots, with possible readings from 18th century gothic novels to Sherlock Holmes, British cozies, and American crime noir. Narrative style, trends in the genre, and social, ethical, and legal questions are also explored. Writing assignments will introduce students to college-level writing, including creating a logical argument, using textual evidence, and writing mechanics.",4 credits
67278,FYW-1141,Homer and History,,,"Follow the history of Homer’s great war-poem, the Iliad, from the Bronze Age and the invention of writing, through the tyranny and democracy of Athens, the library of Alexandria, to its rescue from the ruins of Constantinople in the 1400s.",4 credits
67275,FYW-1137,Freedom or Oppression: Human Rights in  Asia,,,"There are thousands of political prisoners in Asia. Leaders who order their detention contend that “Asian Values” and unique historical circumstances obviate the need to protect rights that many in the West take for granted. This course examines the “Asian Values” debate, the foundations of human rights theory in Western liberal democracies and in Confucianism, and how human rights can best be safeguarded in Asia. It examines the relationship between human rights and democracy.",4 credits
67279,FYW-1143,Shakespeare in His Contexts,,,"This course will be fashioned around a particular group of ideas or topics relevant to Shakespeare’s plays or poems. Students will study and write about these ideas in ways structured to develop interpretive, analytical, and argumentative writing skills appropriate for college-level work.",4 credits
67280,FYW-1148,Southern Women: Black & White,,,"This seminar will explore the experiences of Southern Women from 1800 to the present through the literature written by and about them. The method of study will include: describing the culturally defined image of Southern women, tracing the effect of this definition on female behavior, defining how the realities of Southern women’s lives were often at odds with the ideal, and examining the struggle of black and white women to confront racism and cultural expectations and to find a way to achieve self-determination.",4 credits
67282,FYW-1150,Sugar and Spice,,,"Imagine your day without sugar and spice. Unsweetened cappuccino? Cinnamon-free apple pie? This seminar traces the history of the globalization/localization of food. By considering the networks that connect Europe, Asia, Africa, and the Caribbean, students will study and write about the movement of goods and people that shape our social and culinary worlds. What are we eating and why? Through a series of guided writing assignments, peer critiques, and individual writing consultations, students will develop writing skills appropriate for college-level work. Tastings included!",4 credits
67283,FYW-1151,American Dream Ideal and Reality,,,"An exploration of the concept of America as a place of political and religious freedom, social and economic mobility, and opportunities to achieve personal fulfillment. Students will analyze both literary texts and contemporary culture.",4 credits
67284,FYW-1154,The Wealth of Nations,,,"Adam Smith’s An Inquiry into the Nature and Causes of the Wealth of Nations (1776) is arguably the most important book on economics ever published. Indeed, the central tenets of this work provide the intellectual rationale for the free enterprise system of markets and government embraced by much of the modern world. This first-year writing seminar will examine the economic, social, and moral theories put forth by the Scottish moral philosopher Adam Smith (1723-1790) and their applicability to the modern world. As a writing seminar, much of our time will be focused on developing the skills necessary for successful college-level writing.",4 credits
67281,FYW-1149,"Art, Literature and the Civil Rights Struggle",,,"Exploration of the cultural, historical, and literary significance of the American civil rights movement. Course texts feature works of literature and history as well as the popular music, artistic productions, and public speeches that galvanized a national movement. We will extend our study to examine contemporary representations of this era as well.",4 credits
67286,FYW-1156,Who Speaks Bad English?,,,"Should English be our official language? What is Black English? Who makes the grammar rules we learn in school –and should those rules be changed? Students will be introduced to basic linguistics and use their knowledge to discuss issues from national language policy to attitudes about “ain’t.” Students will study and write about these ideas in ways structured to develop interpretive, analytical, and argumentative writing skills appropriate for college-level work.",4 credits
67295,FYW-1167,American Disaster Literature,,,"An introduction to college writing that focuses on disaster literature as a means to improve students’ interpretive, analytical, and argumentative writing skills. Through writing and revision, students will analyze key components of published works and complete a research project on a topic related to disaster and issues such as place, immigration, history, and material culture.",4 credits
67296,FYW-1168,The First World War,,,"An exploration of World War I – the war itself as well as its impact on society and culture in Europe, the United States and the rest of the world.",4 credits
67287,FYW-1161,Contemporary Issues on Film,,,"This seminar will focus on films that address global, political, and social issues. The issues will change with each offering of the seminar: in one term the seminar might study films that explore the status of women in a variety of social and cultural contexts. Possible topics might include black/white relationships or the representation of war. Students will study and write about these ideas in ways structured to develop interpretive, analytical, and argumentative writing skills appropriate for college-level work.",4 credits
67289,FYW-1172,Dueling Perspectives: the United States in Latin American,,,"An examination of how United States military interventions in Latin America have been remembered in the popular culture, public commemorations, and historical literature of the two regions. Emphasis on differences between traditional academic history and popular historical memory, which stresses political, social, philosophical or religious meaning in the present. Students will analyze how historical events are interpreted in monuments, museums, battlefield sites, films, fiction, holiday celebrations, and in modern-day political movements and speeches.",4 credits
67294,FYW-1180,C.S. Lewis,,,"An introduction to college writing that explores the life, work and theology of C.S. Lewis (1898-1963), one of the most influential authors of the 20th century. Topics for critical analysis through writing and revision include Lewis’s arguments on Christian belief, morality, forgiveness, faith, pain, and the nature of heaven and hell. Students will explore these arguments and create their own through a series of writing assignments.",4 credits
67298,FYW-1185,Crossing Borders/Rites of Passage,,,"What can texts that explore the US-Mexico border teach us about our own lives? Through a series of readings on young people and their journeys into foreign territory, we will study border crossing as a metaphor for the rites of passage, such as beginning college, that we all experience. These texts will help students to develop their writing skills as critical readers of literature. We will study not only how language is used by these authors, but what this language means to us as readers, and more importantly, as writers. Throughout the semester you will have the opportunity to write, and revise, autobiographical, critical and travel essays.",4 credits
67301,FYW-1178,Academic Autobiography,,,"Systematically investigate one’s life story and communicate to others, through clear, concise, and well-organized arguments, how the individual biography fits into a larger context. Learn to analyze life based on empirical observations on race, class, and gender. Use methods for collecting and analyzing information from places, events, and people around the writer’s childhood circumstances. Students will tailor their story to an academic audience and practice giving and receiving feedback.",4 credits
67293,FYW-1179,Our Technological Heritage,,,"An examination of the history of technology, with an emphasis on the threads of innovation that have lead to the invention of the computer, and its applications. Topics include: classical and Renaissance discoveries and inventions, the scientific revolution, the development of analog and digital computing technology, as well as important questions posed in computer science.",4 credits
67292,FYW-1176,"Curses, Cures and Clinics",,,"This course examines the sociological dimensions of health, illness, and healing in different parts of the world. It focuses on social epidemiology (e.g. HIV/AIDS, TB, malaria), cultural dimensions, and the role of national health care systems and NGO’s in promoting health.",4 credits
67319,FYW-1191,Neil Gaiman and the Mythology of Life and Death,,,"Explores mythological and religious themes in the writings of Neil Gaiman, including books for adults and youth as well as the graphic novel series Sandman. Emphasis on mythic conceptions of death and afterlife, and of spiritual boundary crossings.",4 credits
67308,FYW-1188,Steve Jobs: The Cult of Apple,,,"This course explores the life and work of Steve Jobs and his impact on the technology landscape. The broader topic of corporate culture and innovation will be explored by looking at other successful companies such as Google, Microsoft, Intel, and Facebook. Biographical material will come from the recent Walter Isaacson biography as well as video interviews.",4 credits
67290,FYW-1193,Reading Flannery O’ Connor,,,"In this course students will read the short stories, novels, essays and letters of Flannery O’Connor. They will write four or five papers exploring various topics in her work: religion, race relations, the South, etc. Course may include a field trip to Andelusia, her home in Milledgeville, Georgia.",4 credits
67309,FYW-1189,Social History of Technology,,,"Examine the social life of modern technologies from the beginning of the Industrial Revolution to the present. Analyze and evaluate the historical interrelationships between technology, culture, and society, including the impacts and influences of technology from the telegraph to the bicycle and electricity to the internet. Engage in debates on the meaning of technology, the unintended consequences of social technology, the relationships between technology and the environment, and the links between race, class, gender, and technology.",4 credits
67291,FYW-1195,Psychic Disorder,,,"Explores how and why certain emotional states and patterns of thought become labeled pathological or disruptive. It also considers what cultural values, both positive and negative, those psychic states have come to symbolize. By reading fiction in dialogue with both contemporary scientific accounts of mental function and its broader cultural context, and by connecting modern health debates to their historical origins, students examine the tension between freedom and restraint that characterizes debates about psychic disorder. Students will study and write about these ideas in ways structured to develop interpretive, analytical, and argumentative writing skills appropriate for college-level work.",4 credits
67320,FYW-1210,The Genesis of Faith,,,"The nature and development of the primordial narratives of Genesis and the ways in which they provide the basis for and are in themselves foundational interpretations of a variety of Jewish, Christian, and even Islamic worldviews. Emphasizes writing arguments using these topics.",4 credits
67314,FYW-1206,Spain in the U.S. Imagination,,,"Identification and examination of notions and representations of Spain in the United States from the seventeenth-century forward. Using a variety of texts and media, the course will consider causes and motivations for the varying and often contrasting impressions of Spain which have persistently dominated US thought throughout its history.",4 credits
67297,FYW-1196,Eating as a Sustainable Act,,,"This course will examine the relationship between you and the food you eat, how that food is produced, and the economic, social, and environmental impacts of eating. Course will involve visiting local farms to help define sustainable agriculture, and of course, sharing a meal or two together.",4 credits
67321,FYW-1211,Chocolate,,,"Through the ages, cacao beans, the source of chocolate, have served as symbols of social status, religious offerings, and romance. Utilizing primary and secondary sources, students will use their own writings to go beyond the symbolism of chocolate to examine the cultural, economic, and ecological impact of chocolate production from the early mesoamerican period to the present. Chocolate will be prepared and consumed during this course.",4 credits
67288,FYW-1202,Medieval Forests,,,"Engage contemporary ecological criticism and animal theory to discover how the history of Western representations of forests can deepen our understanding of today’s environmental debates. Develop content for a digital humanities website on medieval forests. Read medieval literary and legal texts, such as Arthurian romances, Christian mythical visions, and Robin Hood tales. Students will study and write about these ideas in ways structured to develop interpretive, analytical, and argumentative writing skills appropriate for college-level work.",4 credits
67327,FYW-1218,Work and Selfhood,,,"How do we define our values, skills, and priorities through the work we choose to do, and how do our occupations define us in the eyes of others? This course will consider work as empowerment or exploitation, as a calling or an obligation, as a means to an end or an end in itself.",4 credits
67310,FYW-1221,God and Justice,,,"This course will explore the complicated relationship of religion and politics in a democratic context. In addition to reading classical texts in political theory, we will also consider religious approaches to political activism as such activism affects American public policy.",4 credits
67302,FYW-1227,Quest for Meanings and Values through Theater,,,Theatre challenges core beliefs and principles and has become a vehicle for social change around the globe. This course aims to explore those concepts and deepen skills of critical reading and writing while opening one’s heart and mind to unique ideas and interpretations in theatrical works.,4 credits
67323,FYW-1217,Autism and Technology,,,"A focus on understanding the experience of autism, a developmental disorder affecting communication and social interaction, from multiple perspectives, and how to design and use technology systems to support these individuals. Exploring how autism affects individuals across the life-span and a spectrum of abilities. Critically examining current technical and non-technical approaches to supporting individuals with autism and their caregivers, and design new educational and assistive technologies for autism.",4 credits
67322,FYW-1213,Why Are You Laughing?,,,"An intensive writing seminar that will explore the elusive questions of what is comedy and what is funny. Focuses on developing analytical writing skills and applying these to building an understanding of comedy’s shifting role in art, literature, politics, and culture, as well as its often fraught relationship with questions of race, class, and gender. Develop a sophisticated palate for comedy, studying works ranging from Aristophanes to Archer.",4 credits
67326,FYW-1232,Inferno: Tales of Hell and Justice,,,"A guided tour of the afterlife, as seen through the eyes of Dante Alighieri, focused primarily on reading Dante’s great epic as a way of engaging with some of life’s biggest questions: What is the purpose of human existence? What is the nature of justice? How can finite human beings attain a glimpse of transcendent truth, goodness, and beauty? Students will explore arguments and create their own through a series of guided writing assignments that will introduce them to college-level writing.",4 credits
67285,FYW-1234,Bird by Bird: Interactions in Nature and Society,,,"Birds fill many roles in society. Examples abound in science, fashion, sports, and religion. As such, birds serve as an important window to understand human-environment interactions. In this seminar, we read and discuss how our ideas about birds reflect changing ideas about nature and society.",4 credits
67304,FYW-1228,Writing Freedom: United States Abolition and Social Change,,,"In this course we will investigate some puzzles of emancipation and consider a broad array of abolitionist strategies for change. Why did emancipation take so long? Who was responsible for ending it? Which approaches seemed to catalyze change, and which hardened opposition? Why, in contrast to so many other nations in the Atlantic world, did American emancipation involve such a violent ending? How did abolition overlap with other efforts to extend human rights in the same era? What kinds of human rights were involved in emancipation, and which were left out? Did we complete emancipation’s promise with the civil rights movement or is the process ongoing?",4 credits
67300,FYW-1238,The Way of Wisdom,,,"Explore the world’s “wisdom” traditions as you study the Biblical Wisdom books (Proverbs, Job, Ecclesiastes) alongside ideas about wisdom from the Ancient Near Eastern traditions as well as in conversation with texts from other world religions. Reflect on the root and purpose of religious wisdom traditions, and consider how these traditions might have enduring relevance for questions such as: Does the world have order and meaning? What would a “successful” and “happy” life look like, and how might we pursue that goal? How should we make sense of suffering and injustice in the created order?",4 credits
67299,FYW-1237,Welcome to Greenville,,,"Introduction to the city and country of Greenville, South Carolina. Focusing on the region’s government and politics, considering its history, economics, sociology, arts, and religion. Students will read and write about local history and politics and invest themselves in current local events. Students will explore arguments and create their own through a series of guided writing assignments that will introduce them to college-level writing.",4 credits
67328,FYW-1242,World of the Founding Fathers,,,"Students will focus on improving their writing skills in multiple genres, including historical fiction and argumentative, research-based essays, drawing on the events of the American Revolution for sources and for inspiration. Course materials introduce students to the political, diplomatic, racial, and gender aspects of this crucial historical period.",4 credits
67407,FYW-1249,Life Writing: Autobiography and History,,,"This seminar uses autobiography as a conduit to help students explore key developments in history and their own evolving sense of self. By reading a diverse group of autobiographical authors-male/female, white, African-American, Native-American, Hispanic, prominent/obscure, rich/poor-students will use the self-referential content of life writing to explore the dynamics of American history and its narrative nature while constructing their own life story over the course of the semester.",4 credits
67277,FYW-1244,Learning Politics through Battlestar Galactica,,,"FX series “Battlestar Galactica” (2003-2009) provides the launching point to explore the world of politics-and much more. Students will watch the series, read related philosophical, political and religious texts, and engage in deep discussion. Writing assignments are designed to help students reflect on the questions raised in the course, research related topics and develop their writing skills.",4 credits
67422,FYW-1246,Japanese Religion in Everyday Life,,,"Examining how various religions in Japan including Shintô, Buddhism, Confucianism, Daoism, Christianity, and New Religions are practiced, interconnected, and manifested in everyday life and culture in contemporary Japan.",4 credits
67325,FYW-1239,Pseudoscience and Skepticism,,,"Using examples in pseudoscience and the paranormal, introduction to the scientific attitude and to critical thinking. Students will learn how to critically evaluate extraordinary claims, and how to construct an effective argument. Topic areas include ESP, alien abductions, astrology, homeopathic medicine, conspiracy theories, and recovered memories.",4 credits
67418,FYW-1252,Finding Your Life Purpose,,,"A seminar designed to guide critical reflection on what it means to live a life of significance, one that seeks to make a difference in the world. Study of biblical, historical, literary and psychological models will facilitate a contextually rich and diverse interpretation of calling. Students will study and write about these ideas in ways structured to develop interpretive, analytical, and argumentative writing skills appropriate for college-level work.",
67402,FYW-1259,James Baldwin in the #BlackLivesMatter Era,,,"This writing-intensive seminar provides students rich content to spur original essays, content drawn from the non-fiction and public talks/debates of James Baldwin, the #BlackLivesMatter movement, and diverse contemporary writers. Students will investigate race and privilege in order to draft four essays, conference with their peers and the professor, and produce final essays representing a variety of writing-personal narratives, online texts, and cited disciplinary essays.",4 credits
67403,FYW-1260,Tudor-Stuart Texts,,,"The era saw significant social changes alongside political & religious revolutions. Because the rise of print culture enabled a pulp press, popular polemics, regular news reporting, and a famous “Renaissance” in literary and dramatic works that recorded these changes, this seminar will focus on literary and/or historical analysis and interpretation of texts from the 16th and 17th centuries to help students understand some of the significant cultural changes that anticipate the modern world. Students will study and write about these ideas in ways structured to develop interpretive, analytical, and argumentative writing skills appropriate for college-level work.",
67405,FYW-1256,The World through ESPN Films,,,"This course will analyze the social world through the lens of the ESPN documentary series 30 for 30. It will use the films as a foundation, in connection with key readings, to address significant current social problems and concerns. It will cover a wide range of topics, such as drug cartels, higher education, gender equity, and the economic impact of sports. Students will connect key theories from the social sciences to the issues presented in the films. Students will explore arguments and create their own through a series of guided writing assignments that will introduce them to college-level writing.",4 credits
67417,FYW-1258,"Drugs, Sex and Rocky Road",,,"What are the motivating factors for eating, sex, and recreational drug use? Why do we persist in the face of difficulties? Why do some of us use and abuse drugs, sex, and food while others seem unaffected? Just as importantly, what are the prevailing attitudes of society toward individuals who struggle with drugs, sex, and food? Modern psychology, using the scientific method, has provided a wealth of information about these and other motivational questions. Consideration of how our biology, learning and cognition, affect and direct these behavior. Motivational concepts and theories will be applied to our understanding of drugs, sex, and rocky road.",4 credits
67406,FYW-1263,Representations of Prison in Print and Film,,,"This seminar examines how the U.S. prison system is presented in print and film in order to consider how different mediums allow for a multitude of understandings of the prison system in the popular imagination. Students read texts and watch their visual counterparts, as well as write three essays and create their own visual representations of texts about prison.",4 credits
67412,FYW-1268,France. Friend or Frenemy?,,,Investigation of the Franco-American alliance and representations from Lafayette to Freedom Fries. Study of hot-button issues from American and French perspectives in an effort to understand the French and ourselves better.,4 credits
67416,FYW-1264,Can Humans Fly?,,,"This course will focus on how to communicate through writing with the scientific discovery of human flight as the primary content. To understand the invention of human flight, students will explore the fundamental concepts through observation of the natural world and wind tunnel experimentation. Analysis from experimentation with the characteristics of flight will ground discussion on the meaning of scientific discovery, including its implications and consequences.",4 credits
67421,FYW-1266,Inside the White Cube: Exhibition Practice and History,,,"An introduction to the basic theory and practice of museum exhibition planning. Through exhibition planning, design, and execution students will move through a series of writing projects. Students will examine historical exhibitions to determine best practices, analyze written materials from these exhibitions, and produce professional examples in different genres.",4 credits
67420,FYW-1267,Fairy Tales and Childhood,,,"Examination of fairy tales in the context of the history of childhood, practices of education, and socialization of the modern subject. The work of the Brothers Grimm, but also fairy tales drawn from other traditions and periods will be included. Critical approaches include psychoanalysis, historical models of childhood, the evolution of specific tale types, and the ‘medial’ history from oral traditions through print to film.",4 credits
67404,FYW-1272,Biodiversity: The Other Earthlings,,,"Through field trips, readings, videos, and writing assignments, students will learn about the breath and importance of life’s diversity and will meet some of the unique and ‘alien’ species that share our world. Students will maintain a writer’s journal, complete three papers (with revisions), and have an exam on lecture material. This seminar focuses on broader patterns, ecological relationships, and specific ’biographies’ of interesting species.",4 credits
67419,FYW-1273,International Security Threats?,,,"Since the end of the cold war and even more so after 9/11, international security threats such as terrorism or rogue states are seemingly ubiquitous. This seminar critically engages phenomena of international security threats. It discusses their dangers, but also the possibility of them being exaggerated or even fabricated and it asks what goals such strategies may serve. Students will study and write about these ideas in ways structured to develop interpretive, analytical, and argumentative writing skills appropriate for college-level work.",4 credits
67413,FYW-1270,China and the Environment,,,"The origin of China’s current environmental crisis and policy recommendations for improving its environment using a multidisciplinary approach. Introduction of the science behind key environmental issues facing China and how political, social and economic factors impact China’s natural environment and prospects for its preservation.",4 credits
67415,FYW-1274,Management Literacy,,,"Whether working in private sector, not-for-profit, or government organizations, managers are confronted with the needs to ‘manage by the numbers’ and to motivate, lead and inspire the people who surround them. These two aspects of management are fraught with hazards associated with mathematical reasoning, the interpretation of data, and the understanding of human behavior. This seminar examines the key issues associated with management literacy, with illustrations drawn from situations that confront today’s managers and leaders in their professions and everyday lives.",4 credits
67414,FYW-1271,Engage the News,,,"Students will read a national newspaper on a daily basis and be prepared to discuss and write about the content and its implications. Students will demonstrate comprehension of what they have read through periodic assessments, participate dynamically in class discussion and complete writing assignments that vary in topic, objective and audience.",4 credits
67470,FYW-1281,Corporate Sustainability,,,"This course will explore corporate sustainability from the business and investor points of view. Students will investigate the evolution of corporate sustainability. How corporate sustainability impacts business and investor decision-making, its merits, and its current state. Students will explore arguments and create their own through a series of guided writing assignments that will introduce them to college-level writing.",4 credits
67452,FYW-1278,Sustainability and Society,,,"An introduction to college writing through the lens of sustainability science. Readings and class topics will center on the grand challenge of improving well-being of people on the earth while reducing the impact we have on the environment. Students will practice several genres of writing through weekly assignments, and refine their writing skills through multiple revisions of a final research project.",4 credits
67469,FYW-1280,Humor and Politics,,,"This course is about the intersection of politics and humor-what makes politics funny, how that may vary depending on the audience or messenger, the purposes humor serves in political communication, the forms it takes, and its effects. Students will reflect on and evaluate various forms of political humor, research what scholarly sources tell us about political humor and its effects, and produce their own political humor. Students will study and write about these ideas in ways structured to develop interpretive, analytical, and argumentative writing skills appropriate for college-level work.",4 credits
67468,FYW-1279,Ethics of Photography,,,"Seminar will explore photography through historical and contemporary ethics, standards and practices. Course examines visuals through the history of photography, current day practices and methods of critiquing photographs as objects of art. Exploring pictures, theoretical essays and a photography exhibition, students will move through exercises in photographing and writing assignments that will analyze topics such as exploitation, plagiarism, manipulation, reportage and truth in photography.",4 credits
67429,FYW-1276,Background Noises,,,"This course explores the role of music in media, politics, sports, advertising, and religion. This music appeals to our tastes, emotions, ideas, and beliefs. Students who complete this seminar will be able to identify the sorts of appeals such music might make, analyze the goal of such appeals and articulate the success of an appeal. This course is unique in considering music as a secondary actor in these contexts, rather than for its own sake.",4 credits
67472,FYW-1286,Spanish in the United States,,,"Students will consider key notions of bilingualism, language ideology, and language policy as they relate to Spanish and English in the United States. We will also examine common features of bilingual speech, what is Spanglish?, and language maintenance or loss on the societal level. The class will reflect on how language use relates to one’s culture and sense of identity. Students will become more familiar with the use of Spanish and English in the local community as well.",4 credits
67449,FYW-1287,"From I Love Lucy to Game of Thrones: Economics, Aesthetics, and Television Networks",,,"Challenging students to think critically about a crucial cultural institution in their lives: network television. We will explore how technology, economics, aesthetics, and audiences have interacted to shape the content of network dramas and comedies since the 1950s. At the same time, this class will be as much or more about effective writing.",4 credits
67461,FYW-1285,"Learning Economics, Engaging History: Using Hamilton the Broadway Musical",,,"Explores the work of one of the United States founding fathers, Alexander Hamilton. Initially, the popular Broadway musical, ‘Hamilton: An American Musical’ will be used to facilitate exploratory research, in particular, Hamilton’s lasting contributions in the financial institutions arena.",4 credits
67467,FYW-1282,Drugs and the Brain,,,"An introduction to college writing that focuses on the neurobiology of addiction and the stigmatization of addiction. During the semester, we will cover basic neurobiology and the addictive properties of various drugs of abuse. Additionally, we will examine how addiction is portrayed in the media. Through writing and revision, students will complete a research project and develop their argumentative writing skills with assignments focused on addiction.",4 credits
67460,FYW-1284,South Carolina Present and Past,,,"Examines the historical roots of contemporary issues in South Carolina. Students identify news stories from around the state that focus on race, education, the environment, and politics; which are topics that have rich bibliographies in historical literature. Students will also be expected to learn how the discipline of history serves to mediate between past and present.",4 credits
67471,FYW-1288,"One Playwright, In-Depth",,,"The works of a single playwright are read, discussed, viewed, and written about for an entire term. Students will be expected to understand the playwright’s contribution to his or her own era and the ongoing traditions of theatre and conduct scholarly research into the stylistic contribution of the playwright. Students will study and write about these ideas in ways structured to develop interpretive, analytical, and argumentative writing skills appropriate for college-level work.",4 credits
67462,FYW-1289,Conflict and Its Transformation,,,"Using the study of conflict as a vehicle, this course will provide students with opportunities to develop proficiency in college-level writing. Through guided writing exercises, students will practice confict interpretation and analysis, learning both to critique and to construct coherent written arguments. In a culminating research project providing opportunity to develop and refine research skills, students will complete a paper in which they explore conflict in a specific arena (environmental, racial, political, etc.).",4 credits
67453,FYW-1290,Writing Nature & Reimagining the World,,,"Engaging in a wide variety of writing exercises and projects, students analyze modern and contemporary definitions of nature and the environment. Studying nature writing, environmental thought, and romantic-era to post-romantic depictions of nature, students develop deeper understandings of the aesthetics and politics of “nature” and gain critical vocabularies necessary for composing meaningful works of ecocriticism.",4 credits
67516,FYW-1292,"Chemistry, Discovery and the Nobel Prize",,,"The development of modern chemistry involves real people wrestling with explaining their observations and defending those explanations against opposing claims. As real people, these scientists struggle with pride, moral dilemmas, and a desire to be recognized. Students will be challenged to investigate what constitutes discovery, and how these discoveries are valued. The development of written arguments supporting their understanding of Nobel Prize worthy discoveries will be emphasized.",4 credits
67504,FYW-1291,Utopias and Dystopias: Art and World War I,,,"The production of European art during and after WWI. We will look at the ways this cataclysmic, modern war impacted artistic intentions, examining both utopian responses, such as Purism or the Bauhaus, and dystopian models, including Dada and Surrealism.",4 credits
67506,FYW-1294,America through Baseball,,,"An introduction to college writing that focuses on American history in light of baseball. Through writing and revision, students will critically analyze historical figures and key events in the game, and complete a research project on a topic related to baseball and issues such as media, globalism, race, and economics.",4 credits
67518,FYW-1295,Systems Thinking in Public Health and Sustainability,,,"Students will be introduced to the three core themes of systems thinking: conceptual modeling, network science, and complexity theory. Students will apply these themes to analyze complex socio-environmental systems in health and/or sustainability, for example by mapping interactions between factors causing or affected by obesity. Analyses will be conveyed through reports constructed via peer- and instructor-led revisions that emphasize the use of evidence and appropriate college level writing.",4 credits
67632,FYW-1297,American Musical Theater and the Pulitzer Prize for Drama,,,"FYW (First Year Writing) Nine musicals have won the Pulitzer Prize for Drama since its inception in 1917. Ordinarily, the award is presented to the playwright, but in these musicals, it was awarded to the composer, lyricist, and book writer. The musicals combine these individual skills to present a compelling theatrical experience which tends to reflect on social and political issues of the day.",4 credits
67517,FYW-1296,Picturing Slavery: Writing Slave Lives,,,"Uncovering the story of America’s enslaved past. Students will assist in uncovering the life and times of America’s first black female novelist, Hannah Bond. We will also do original research discovering the story behind seven enslaved men and women from Columbia, South Carolina, whose naked photographs were first discovered in the attic of The Peabody Museum in 1976. Focus includes archival research, a logical argument, using textual evidence, and writing mechanics.",4 credits
67505,FYW-1293,"Digital Reading, Digital Writing",,,"Does technology change the way we think about literature? Do we write differently when our text can be converted into interactive web sites or slide presentations as easily as it can be printed out? This seminar will raise these and similar broad questions through practical, hands-on experience reading and writing with computers. Successful students will learn concepts from linguistics, data science, and literary studies, as well as gaining broadly applicable technical skills.",4 credits
67633,FYW-1300,Politics and the Good Life,,,FYW (First Year Writing) What is happiness? What is good citizenship? Are the two compatible? “Happiness Persuasion and Politics” will introduce students to these basic questions of human life and political philosophy. It will also introduce them to the practice of college-level writing using an approach derived from classical rhetoric. Classical rhetoric raises many of the most basic questions writers face in every context; our exploration of it will help prepare students to write well across the disciplines. 4,
67635,FYW-1302,Design Thinking and Writing,,,FYW (First Year Writing) How do designers understand the people for whom they are designing develop their designs and use writing to communicate their work? In this course we will learn about and explore the design process read design researchers and practitioners writing about their work for different audiences and write about our own research and design work for these different audiences.,4 credits
67636,FYW-1298,Tear Them Down? Monuments  Memory and History,,,FYW (First Year Writing) This course examines the relationship between history and memory. It highlights the (at times) contested nature of memory pointing out how the same past is remembered in different ways by different groups with sometimes devastating consequences. The practical focus develops student writing skills. About 50% of course time will be spent on the technical and practical side of writing.,4 credits
67637,FYW-1299,Samurai: Real and Imagined History,,,FYW (First Year Writing) The idea that samurai were brave warriors with a strict honor code who served their lords with undying loyalty has captured the imagination of many different audiences from premodern to modern Japan and across the world but how does this imagined ideal relate to the real warriors who lived and (occasionally) fought in Japan? Students will discuss themes such as orientalism gender and nationalism in considering samurai as both real people of the past and also creations of various imaginations. 4,
67634,FYW-1301,Body-Snatching: Corpses  Medicine  and Society,,,FYW (First Year Writing) This course examines the body broadly construed. How do we contextualize the body and corpse? In what ways did physicians scientists and citizens interact with and understand the body in light of the role of anatomy in Western medicine? This course explores the social cultural anatomical and medical significance of the body. Using case studies students will analyze the connections between society and the body and will use these themes to develop their writing & analysis skills.,4 credits
67616,FYW-1307,Comics: The Ninth Art,,,"FYW (First Year Writing) This course is an interdisciplinary seminar in comics studies, designed to introduce students to the comics art form, and to several of the academic disciplines that study it. Students will develop critical thinking skills through a number of writing projects, both short and long.",4 credits
67612,FYW-1303,ESP Issues in Star Wars,,,"FYW (First Year Writing) For decades, Star Wars has not only entertained the minds of children and adults but also raised many interesting academic questions: Were the rebels morally justified in destroying the Death Star? Are droids capable of thought? Do the Star Wars movies have a political agenda? In this course, students will use Star Wars as a vehicle to analyze ethical, political, and social issues, and develop their own original arguments to address such issues from the Star Wars universe.",4 credits
67613,FYW-1304,Laws in American Life,,,"FYW (First Year Writing) How and why is law created? Students learn how social, economic, and political changes and pressures create law (for good or ill). Readings include case studies of historical contexts and the way laws shape social and economic class, political activity, and human flourishing. Requirements may include a comparative event analysis, an investigative news report, an interview with a historical figure, an investigative news report, and a research project on the consequences of legislation.",4 credits
67614,FYW-1305,Uncovering Secrets of the Universe,,,"FYW (First Year Writing) What are matter and energy? What is the nature of space and time? What is the nature of knowledge? Are there limits on what can be known about the natural world? In this course students will read and discuss articles focused on questions like these while learning to describe, explain, analyze, and argue physics concepts in short essays. In addition, students will reflect on their own experience of science while studying the lives and work of men and women who were/are active physicists.",4 credits
67615,FYW-1306,Food and Identity in Latin America,,,"FYW (First Year Writing) Readings, assignments, and class discussions examine how food shapes identity in Latin America. In addition to studying the history of certain key crops, cuisines, and cultures, students will learn interpretative tools that help decode identity constructs such as race and gender. All work will be in English.",4 credits
67708,FYW-1312,Technofeminism,GER: FYW (First Year Writing Seminar),,"Students will engage with writing instruction through the process-oriented framework of “writing with purpose” to investigate the theme of feminist critiques of science and technology. Students can expect to exercise critical thinking skills through the writing, revision, and consultation processes.",4 credits
67684,FYW-1309,Artificial Intelligence in Media and Pop Culture,,,"FYW (First Year Writing) Students will consider the concept of artificial intelligence, its definition, (mis)interpretations, and speculation through media (television, print, and scientific literature).",4 credits
67617,FYW-1308,"Visualizing China: Tradition, Revolution",,,"FYW (First Year Writing) The seminar examines the cultural shift in China over the past century. Intersecting with CHN-240 on Chinese Civilization, the seminar examines the cultural transformation of modern China primarily through visual culture in various forms. Analytical strategies of visual culture will be introduced. The seminar will assign three short writing assignments and one final research project exploring the divergent and often competing ways Chinese people visualize ”traditional China.”",4 credits
67707,FYW-1311,Game On! Tabletop Play and Contemporary Culture,GER: FYW (First Year Writing Seminar),,"An exploration of tabletop games-board and card games as well as role-playing games and others-as a site for intellectual curiosity and engagement. Students will learn how to build genre literacy, research the cultural impact of games, and develop their own understanding of the serious work of play.",4 credits
67706,FYW-1310,Sustainable Furman,GER: FYW (First Year Writing Seminar),,This writing-intensive seminar will feature weekly visits to examples of sustainability in action on Furman’s campus. We will then use these weekly tours as jumping-off points for writing assignments that will allow students to explore these sustainability topics through their own writing.,4 credits
67748,FYW-1314,Portraiture at Furman,GER: FYW (First Year Writing Seminar),,"This course will analyze portraits-likenesses of specific individuals-in Furman University’s collection. Students will explore sculptures and paintings accessible on the grounds and in buildings, as well as smaller works in the Special Collections division of the James B. Duke Library. We will consider the identity of the individuals portrayed in terms of gender, race, and social status, how they relate to the institution, and how they fit within an art historical framework.",4 credits
67766,FYW-1317,Muslim Feminisms,GER: FYW (First Year Writing Seminar),,This course offers an interdisciplinary perspective on feminist and queer movements in Islamic communities by introducing students to the ways feminist activism unfolds among Muslim and queer organizations across the globe. Students will develop strength in different forms of academic writing about both written and visual texts and complete a final writing project emphasizing academic analysis and fundamental research skills.,4 credits
67749,FYW-1315,Social Media and Body Image,GER: FYW (First Year Writing Seminar),,"This seminar will explore the relationship between social media and body image, and the many ways in which social media impacts how we perceive our own and others’ bodies, as well as how our body image impacts social media usage. We will examine risk factors, protective factors as well as mediating and moderating factors of the impact of social media on body image. We will explore ways in which social media intersects with diverse racial and ethnic backgrounds, gender, and sexuality to affect body image.",4 credits
67709,FYW-1313,Four by Sondheim,GER: FYW (First Year Writing Seminar),,"In this course students will study four shows with music and lyrics by Stephen Sondheim: Company (a contemporary perspective on marriage and relationships), Assassins (a darker view of the American Experience), Into the Woods (the uses of enchantment) and Sunday in the Park with George (challenges facing the creative artist). The course will closely examine the music, lyrics, book and other production elements, including staging, costumes lighting and sets, as appropriate for each show.",4 credits
67764,FYW-1316,"Evolutionary Anthropology: Facts, Fantasy, Frauds",GER: FYW (First Year Writing Seminar),,"This course is meant to help students develop critical thinking and writing skills through close reading and argumentative writing around the topic of evolutionary anthropology. Students will write a series of essays addressing questions related to various topics, including the history of evolution in the United States, famous forgeries and hoaxes, and even bigfoot. Students will develop skills related to supporting their writing through the use of primary and secondary sources as well as films and other popular media as resources.",4 credits
67765,FYW-1318,Grassroots Movements,GER: FYW (First Year Writing Seminar),,"This First-Year Writing Seminar will analyze the different methods of communication and rhetorical strategies that grassroots organizations and social groups employ to organize a collective public in working toward a common goal. Particular emphasis will be placed on identifying and interpreting the choices in rhetorical situation and genre, modality, as well as verbal and visual content that these organizations utilize. Students will practice incorporating the writing conventions and strategies they learn about this semester in a final project that asks them to create their own digital platform and handbook for an invented grassroots movement on a social issue about which they care deeply.",4 credits
67783,FYW-1321,African American Agency in the Civil War Era,GER: FYW (First Year Writing Seminar),,"Students will explore African American agency in the mid-nineteenth century in order to develop and refine their college-level writing, critical thinking, and organizational skills through research and expository argumentative writing. Students will examine, present on, and write essays investigating themes including, but not limited to, the agency of African Americans within enslavement and their challenges to the legal system. Students will analyze and discuss how popular culture, historical institutions, and diverse audiences engage with the topic and will contribute their own ideas by writing in multiple genres.",4 credits
67767,FYW-1319,Music and the Mysteries of the Universe,GER: FYW (First Year Writing Seminar),,"This course examines the function of music in numerous esoteric cultural and intellectual traditions (i.e., worldviews that value hidden knowledge) throughout history. Using literary fiction, philosophical writings, sacred practices, and works of music as source material, we explore ways of knowing that invoke music as an agent for the transfer of experience and understanding. Students will write in a variety of genres (autobiographical reflection, compare-and-contrast, reviews, response papers, and argument) and will develop critical thinking skills by considering the role of music in numerous historical and modern traditions that reserve knowledge for a select group of people.",4 credits
67778,FYW-1320,"Leaders, Leadership, and Writing",GER: FYW (First Year Writing Seminar),,"This course examines the goals and actions of a diverse set of leaders in government, businesses, and non-profits and the ways communication strategies and practices help advance their causes. We will explore speeches, reports, memos, letters, biographies, and other sources to better understand how leaders shape attitudes and prompt actions in a diverse set of circumstances, through diverse written genres, and among a diverse set of stakeholders.",4 credits
67784,FYW-1322,From Frankenstein to WandaVision,GER: FYW (First Year Writing Seminar),,"In this FYW seminar, students draft in a workshop setting four original essays while exploring a text-set anchored in literary or pop culture versions of the Frankenstein myth. Students practice college-level essay writing and critically analyze a range of texts grounded in science fiction texts dramatizing reanimating humans, cyborgs and androids, and artificial intelligence. Students explore what it means to be human and what constitutes effective writing and different types of genres, media, and writing forms.",4 credits
67818,FYW-1323,What is a cult?,,,"In this first year writing seminar, we will learn and employ effective writing, critical thinking, and rigourous academic research in an exploration of the question “what is a cult?” While this term has typically been used to (often pejoratively) describe fringe religious movements, it has also been used to describe secular fanaticism for works of art, political movements, and even brands. We will examine historical and current use of this word–and the movements it is used to describe–in art, politics, business and pop culture, all while learning effective writing strategies and skills that will prepare you to write well in future academic and professional endeavors.",4 credits
67832,FYW-1325,Hispanic Masculinities,,,"In this seminar, students will learn skills for college-level writing through examining the social construction of masculinity in the Hispanic world. We examine concepts such as honor, shame, sexual identity, and machismo along with their correlated societal effects. Students research and analyze the topics of gender relations and sexuality and how these themes intersect with issues of race, class, and politics. We explore the construction of masculinity in specific areas such as sports (fútbol) and dance (tango, salsa, etc).",4 credits
67829,FYW-1324,Ghosts of Greenville,GER: FYW (First Year Writing Seminar),,"In this FYW seminar, students will study and practice writing and research principles through the lens of ghost stories, specifically those highlighting ghosts and haunted locations in Greenville, SC. Students will write in various genres as they engage in analysis of, research on, and argument about ghost stories. Students will learn about writing as a social and cultural activity while investigating how the ghosts of our pasts linger into our present.",4 credits
68245,FYW-1327,Health Headlines,GER: FYW (First Year Writing Seminar),,"In this writing course, students will analyze health news and media stories by comparing them to research articles to assess reporting accuracy and its health impact. Students will write and revise three types of papers: an opinion paper presenting a personal viewpoint on a health news, a critique paper evaluating the strengths and weaknesses of health-related media and research, and a research report based on original investigation. This course emphasizes critical evaluation and effective communication of health information.",4 credits
68243,FYW-1326,Cultural Narratives in Reality TV,GER: FYW (First Year Writing Seminar),,"This writing seminar investigates the high-stakes world of competition reality shows like RuPaul’s Drag Race , Survivor , Big Brother , and The Bachelor . While often viewed casually as mere entertainment, these programs reflect cultural values, illuminate social problems, and shape public perception in ways that extend far beyond the television screen. Through a combination of critical analysis, research-based writing, and creative projects, students will explore how competition reality shows shape public discourse on social dynamics, power, individualism, identity, and fame.",4 credits
68270,FYW-1328,Men & Masculinities,,,"FYW (First Year Writing) This FYW course will introduce students to the practice of academic writing and research through an exploration of topics related to men and masculinities. Students will write in a variety of genres and learn the basics of scholarly research as they investigate different theoretical approaches to masculinity, diverse ideals and experiences of what it means to be a man, and critical arguments about the ways masculinity needs to change.",4 credits
68247,FYW-1330,The Impact of the College Environment on Health,GER: FYW (First Year Writing Seminar),,"This course will incorporate perspectives from public health, psychology, sociology, and education to examine how college environments affect health. It will emphasize developing students’ writing, critical thinking, and rhetorical skills, using the topic of health in the college environment as a context. While a conventional departmental course focuses on discipline-specific content, this class is interdisciplinary, writing-intensive, and tailored to help first-year students develop academic writing skills while exploring how their new college environment impacts their health.",4 credits
67274,GGY-265,Geography and Sports,,,"Intersection of geography and sports with particular attention to the increasing globalization of sports worldwide. Focus will be primarily on baseball, basketball, and soccer, but will also explore a number of other modern sports. Cultural impact of modern sports, the diffusion of sport around the world, the economic impact of sports internationally, and struggle in finding spaces for recreational activities. May Experience ONLY.",2 credits
67344,GGY-501,Independent Study,,,Variable credit.,
67273,GGY-230,Principles of Geography,GER: NE (Humans and the Natural Environment),,Regional examination of the complex relationship between humans and the environment in an increasingly globalized world. Focus on interconnections between diverse regions of the world.,4 credits
66330,GRK-201,Intermediate Greek,GER: FL (Foreign Language),GRK-120,"Reading and interpretation of writings from the Classical Greek authors and the Greek New Testament. Topics include new vocabulary, review of basic grammar and introduction of new grammar, guidance in translation and comprehension of moderately difficult Greek.",4 credits
66328,GRK-110,Elementary Greek,,,"Introduction to the fundamentals of fifth century Attic Greek. Topics include: pronunciation, basic vocabulary, grammar and syntax, practice in reading basic Greek. Material is adapted from classical texts and cultivates an appreciation of Greek literature and culture.",4 credits
67600,GRK-305,Ancient Greek: Analytical Approaches,,,"TA (Analysis of Texts) GRK 201 or Permission of Instructor Scholarly analysis of ancient Greek texts, their style, themes, interconnections, and transmission history. Continued development of language skills while analyzing texts and publishing data using both traditional approaches and new technologies. 4",
66329,GRK-120,Elementary Greek II,GER: FL (Foreign Language) for students seeking the Bachelor of Science degree ONLY,GRK-110,"Continuation of GRK-111. Topics include: continued study of vocabulary, grammar and syntax; reading more difficult Greek; gaining greater appreciation of Greek literature and culture.",4 credits
66331,GRK-310,Greek New Testament,"GER: TA (Critical, Analytical Interpretations of Texts)",GRK-201,"Selected readings from the Greek New Testament and other texts in koine Greek, with particular attention to the differences in idiom between Attic and koine Greek.",4 credits
67620,GRK-315,Ancient Greek: Translation & Research,,,"WR (Writing/Research Intensive) GRK-201 or placement Close readings of Ancient Greek texts, focusing on approaches to translation, and production of original scholarship. Repeatable with change of topic.",4 credits
67630,GRK-325,Ancient Greek: Intensive Readings,,,"TA (Analysis of Texts) GRK-201 or permission of instructor Reading substantial passages from Ancient Greek texts, focusing on vocabulary-building, content and themes. Repeatable with change of topic.",4 credits
66333,GRK-331,Greek Epic,"GER: TA (Critical, Analytical Interpretations of Texts)",GRK-201,"Selected readings from Homer: Iliad or Odyssey. Attention is paid to differences between Epic and Attic idiom, poetic features (e.g. metrics, figures of speech), ancient scholarship on Homeric poetry, and the influence of Greek epic on later Western epic poetry. Course may be repeated once with change of author or topic. Course may be repeated once with change of author or topic.",4 credits
66334,GRK-332,Greek Drama,"GER: TA (Critical, Analytical Interpretations of Texts)",GRK-201,"Readings from Aeschylus, Sophocles, Euripides, or Aristophanes. Attention paid to the evolution of Greek drama and the authors’ places within that evolution. Course may be repeated once with a change of author or topic. Course may be repeated once with a change of author or topic.",4 credits
66332,GRK-320,Koine and Hellenistic Greek,,GRK-201,"Selected readings from biblical, early Christian, and secular literature from 300 B.C. to 200 A.D. Course may be repeated for credit based on change of topic.",4 credits
66792,GRM-110,Elementary German I,,appropriate placement,"Introduction to the sound system and grammatical structure necessary to develop listening, speaking, reading, and writing skills in German. An appreciation of German-speaking culture underlies the orientation of the course.",4 credits
66794,GRM-201,Intermediate German I,GER: FL (Foreign Language),GRM-120 or appropriate placement,"Continuation of the development of proficiency in listening and speaking, while expanding the reading and writing skills using materials of a literary or cultural nature.",4 credits
66335,GRK-333,Greek Prose,"GER: TA (Critical, Analytical Interpretations of Texts)",GRK-201,"Readings from Herodotus, Plato, or Thucydides. Attention paid to advanced grammar, rapid comprehension, and scholarly interpretation of the text. Course may be repeated once with change of author or topic. Course may be repeated once with change of author or topic.",4 credits
66336,GRK-504,Directed Independent Study,,GRK-201 Variable credit.,,
66793,GRM-120,Elementary German II,GER: FL (Foreign Language) for students seeking the Bachelor of Science degree ONLY,GRM-110,"Continuation of the skills (speaking, listening, reading, writing) developed in German 110, with increased emphasis on vocabulary expansion, idiomatic expression, and cultural differences.",4 credits
66797,GRM-220,German Civilization,GER: FL (Foreign Language),at least one German course numbered 200 or greater or appropriate placement,Advanced intermediate level introduction to the culture and civilization of the major German speaking areas of Europe. The goal is an understanding and appreciation of contemporary civilization and its historical development.,4 credits
66800,GRM-207,German Language House,,at least one German course numbered 120 or greater or placement into GRM 201 or higher,"The fall semester German Language House provides students with an immersive experience in the language they are studying without having to leave campus. Student residents commit to using the target language in all their interactions with members of the House, to attending activities planned by the Language House Assistant and the faculty supervisor, and to completing reflections on language usage or culture. Activities will vary and may include speakers, community engagement, cultural outings, and dining together. Applications available through the Housing portal.",1 credit
66796,GRM-215,Composition and Conversation,GER: FL (Foreign Language),at least one German course numbered 200 or greater or appropriate placement,"Emphasis on idiomatic expression through guided oral and writtn practice. Review of basic phonology, grammar and syntax included.",4 credits
66798,GRM-222,Contemporary Germany,,at least one German course numbered 200 or greater,Travel study course focusing on the culture and civilization of Germany. May Experience ONLY.,2 credits
66801,GRM-208,German Language House,,at least one German course numbered 120 or greater or placement into GRM 201 or higher,"The spring semester German Language House provides students with an immersive experience in the language they are studying without having to leave campus. Student residents commit to using the target language in all their interactions with members of the House, to attending activities planned by the Language House Assistant and the faculty supervisor, and to completing reflections on language usage or culture. Activities will vary and may include speakers, community engagement, cultural outings, and dining together. Applications available through the Housing portal.",1 credit
68246,GRM-240,Introduction to German Comics and Graphic Novels,GER: FL (Foreign Language),GRM 201 or a placement score of 210+ or higher.,"This course examines the historical, social, and literary influences and effects on graphic novels from Germany and Austria. Students will learn to analyze the form and function of graphic novels and to link them to broader social and historical discourses. The course is taught in German.",4 credits
66799,GRM-230,Specialized Readings in German,,at least one German course numbered 200 or greater,"Introduction to the technical language of various fields in the natural sciences, social sciences, or the humanities. Offerings have included biology, business, chemistry, philosophy, and psychology.",4 credits
67567,GRM-261,Preparation for German Internships,,at least one German course numbered 200 or greater,"This course prepares students for an internship in Germany. German faculty will work with students on business correspondence in German, locating an internship in Germany or with a German company, developing a German CV, a German cover letter, and other aspects of the application process.",1 credit
66795,GRM-223,Introduction to German Readings,GER: FL (Foreign Language),at least one German course numbered 200 or greater,"Builds upon and further enhances the basics developed through the first intermediate course. Reading numerous short works of fiction and nonfiction and through discussions and short written assignments in German, expanding the critical listening, speaking, reading, writing, vocabulary and cultural skills necessary for further study.",4 credits
67479,GRM-260,German for the Professions,,at least two German courses numbered 200 or greater,"Linguistic and cultural aspects of working for German companies in the US and abroad. Skill building important for navigating the workplace including, but not limited to, German resumes, business letters, and communication during interviews.",4 credits
67568,GRM-315,Urban Life in Germany,,at least one German course numbered 200 or greater,"Exploration of the history, local cultural practices, local art and architecture, regional significance, as well as social structures and communities of three German cities.",2 credits
66803,GRM-305,Advanced German Oral and Written Expression,,at least two German courses numbered 200 or greater,"Advanced study to perfect spoken and written German. Emphasis is on expository, persuasive and rhetorical communication; on advanced grammar usage and syntax; and on precision in the production of phonemes and intonational patterns.",4 credits
66805,GRM-320,Travel Study German Culture,,at least one German course numbered 200 or greater,Understanding and appreciation of various art and architecture forms. Special emphasis on the German speaking world. Part of the study away curriculum in Germany.,4 credits
66804,GRM-310,Theatre and Film in Berlin,GER: VP (Visual and Performing Arts),at least one German course numbered 200 or greater,Exploration of the institutions and instantiations of theater and film in the cultural crucible of Berlin. Part of the study away curriculum in Germany.,4 credits
66802,GRM-301,Travel Study German Language,,at least one German course numbered 200 or greater,Emphasis on German idiomatic expression in speech and writing. Part of the study away curriculum in Germany.,4 credits
66810,GRM-335,German Poetry,"GER: TA (Critical, Analytical Interpretation of Texts) and WR (Writing-Research Intensive)",at least two German courses numbered 200 or greater,Poetry by authors from all periods and movements of German literature. The goal is a basic understanding of the development of German poetry and a sensitivity to and appreciation of the poem as an artistic expression.,4 credits
66807,GRM-332,German Literature since 1750,"GER: TA (Critical, Analytical Interpretation of Texts)",at least two German courses numbered 201 or greater,Survey providing initial exposure to the development of German literature from the Enlightenment to the present. Students read representative texts by major authors of the various literary periods and movements.,4 credits
66806,GRM-331,German Literature until 1750,,at least two German courses numbered 200 or greater,Survey of the development of Germanic literature from its earliest examples up to the Enlightenment. Primary emphasis on German literature with the reading of numerous representative texts.,4 credits
66809,GRM-334,From Rubble to Reunification: 1945-1990,"GER: TA (Critical, Analytical Interpretation of Texts)",at least two German courses numbered 200 or greater,"Introduction of major issues in German culture since 1945, including the Stunde Null, the economic miracle, the generation 468, RAF, the East German experience, reunification and beyond. Issues explored through a variety of media, including literature, film, art/photography, pop music.",4 credits
66808,GRM-333,Modernity and Crisis: German Culture 1900-1945,"GER: TA (Critical, Analytical Interpretation of Texts)",at least two German courses numbered 200 or greater,"Introduces students to major issues in German culture during the period up to and including World War I, the Weimar Republic, and the Nazi era. These issues are explored through a variety of media: literature, art, film, print media, architecture of the city, among others. Students apply methods of cultural studies to explore issues through essays and oral presentations.",4 credits
66814,GRM-405,Introduction to German Linguistics,GER: HB (Empirical Study of Human Behavior),at least two German courses numbered 200 or greater,"Introduction to the concept of German as a modern, evolving human language. German as a synchronic phenomenon with emphases on phonology, morphology, syntax, and sociolinguistic and regional varieties as well as a diachronic phenomenon utilizing a chronological and cultural survey of the development of German from its earliest forms.",4 credits
66813,GRM-338,History of German Cinema,GER: VP (Visual and Performing Arts),at least two German courses numbered 200 or greater,"A study of the diverse history of German film from 1919 to present including German Expressionism, Nazi Cinema, rubble films, New German Cinema, East German Cinema and post-wall productions.",4 credits
66812,GRM-337,German Theater,GER: VP (Visual and Performing Arts),at least two German courses numbered 200 or greater,"Introduction to the major dramatists of the nineteenth and twentieth centuries and to drama as a literary form and a sociological, philosophical, and cultural reflection of the times. In addition to reading representative texts, the evolution of dramatic theory and techniques is discussed.",4 credits
66811,GRM-336,German Fairy Tale,"GER: TA (Critical, Analytical Interpretation of Texts)",at least two German courses numbered 200 or greater,Focus on the evolution of the fairy tale as a literary form in the nineteenth and twentieth centuries. Selected authors whose works represent the best examples of this genre will be presented.,4 credits
66815,GRM-414,Age of Goethe,"GER: TA (Critical, Analytical Interpretation of Texts)",at least two German courses numbered 200 or greater,Introduction to the literature and culture of the classical period in German literary history from 1750 to 1832. Appreciation for the development of great classical writers during an in-depth study of the major works produced in this period.,4 credits
66817,GRM-430,Readings in German Language,"GER: TA (Critical, Analytical Interpretation of Texts)",at least two German courses numbered 200 or greater,"In-depth focus on a period, movement, author, or genre. Offerings in the past have been post-1945 German literature and the literature and culture of the Weimar Republic. May be repeated for credit based on change of topic.",4 credits
66816,GRM-415,German Romanticism,,at least two German courses numbered 200 or greater,Detailed study of the principal literary figures and works of literature during the early nineteenth century in Germany. Focus on the origins of various characteristics of Romanticism and the ramifications of this movement in other fields and in later periods of German literature.,4 credits
66818,GRM-466,Nazi Cinema and Culture,,at least two German courses numbered 200 or greater,"Exploration of the history and the aesthetics of fascist cinema focused on Nazi Germany. During the years between the Nazis’ rise to power in 1933 and the end of World War II in 1945, cinema was part and parcel of the fascist state, leading some critics to speculate whether the “Third Reich” was perhaps “movie-made.” Analysis of productions, such as Leni Riefenstahl’s Triumph of the Will and Veit Harlan’s Jud Suess, their functions, (pre-)histories and their afterlives.",4 credits
66819,GRM-470,Senior Seminar in German,,at least two German courses numbered 200 or greater,"The opportunity to address a topic, period, author, or genre in depth. The student is provided a chance to synthesize the experience of previous course work in a research project.",4 credits
67385,GRM-503,Individualized Internship,,,"Individualized internships are typically developed by seniors and juniors and approved by a faculty member in the German section. General objectives for the internship experience are to provide exceptional German students with an opportunity to use German language skills in a professional setting and to offer students additional preparation and training for future endeavors. In addition, students, together with their on site supervisor and faculty sponsor, will develop a list of objectives for the specific internship, maintain a log and reflective journal, meet weekly with the faculty member in person or virtually, submit an academic paper at the conclusion of the internship related to their internship work, and summarize their activities orally in German for their faculty supervisor or for a larger audience as a scholarly presentation. Fifty hours of on-site activities per credit. Cannot be completed through the pass-no pass grading option. Only",4 credits
67384,GRM-505,Structured Internship,,,"Internships at sites approved by a faculty member in the German section to provide students with an opportunity to use German language skills in a professional setting and offer additional preparation and training for postgraduate work or study. Students, primarily seniors and juniors, together with their on-site supervisor and faculty sponsor, will develop a list of specific objectives for the internship, work approximately 200 hours each at their site, attend a weekly seminar to discuss their work and related literature, maintain a log and reflective journal, submit an academic paper at the conclusion of the internship related to their internship work, and summarize their activities orally in German for their seminar. This course may be completed only once and the pass-no pass grading option cannot be selected. Only",4 credits
66820,GRM-504,Directed Independent Study,,,Variable credit.,
67464,HSC-075,Seminar in Public Health,,Declared Public Health Major,"The seminar is designed to understand and analyze key issues in public health research and practice. Topics include contemporary public health issues, the relevance and intersection of multiple disciplines on public health, and skills needed to impact the health of the population.",0 credits
66565,HSC-101,Wellness Concepts,GER: MB (Mind & Body),,"Wellness concepts which promote lifetime fitness and healthy lifestyle habits. Topics include: aerobic and muscular conditioning, nutrition, and medical aspects of fitness. Participation in activities to develop cardio-respiratory endurance, muscular strength and endurance, and flexibility.",4 credits
68561,HSC-001,Basic Life Support,,HSC-101 and (Health Sciences or Public Health Major).,"BLS Course is designed for healthcare professionals and other personnel who need to know how to perform CPR and other basic cardiovascular life support skills in a wide variety of in-facility and prehospital settings. The course trains participants to promptly recognize several life-threatening emergencies, give high-quality chest compressions, deliver appropriate ventilations and provide early use of an AED. Concurrent with HSC-201 Research and Evaluation in Health Sciences. Pass/Np pass.",0 Credits
66570,HSC-210,Anatomy and Physiology I,,HSC-101 and declared Health Sciences or Public Health major,"An integrative study of the structure and function of the following body systems: skeletal, muscular, nervous, cardiovascular, and respiratory. The integration of structural and functional aspects of the human body will be facilitated by the use of anatomical models, interactive computer software, and data collection and analysis. It is recommended that this course be enrolled early in the major. It is recommended that this course be enrolled early in the major.",4 credits
66576,HSC-205,Fundamentals of Public Health,,,"An introduction to the academic discipline of public health, including the sub-disciplines of health care systems and disease epidemiology. Emphasis on the theory, planning, implementation and evaluation process for public health interventions.",4 credits
66566,HSC-151,Current Issues in Public Health,,HSC-101,"An examination of major public health issues of regional, national and international concern at the time of the course offering. Topics may vary from year to year. Emphasis will be given to behavioral and policy interventions. May Experience ONLY.",2 credits
66569,HSC-201,Research and Evaluation in Health Sciences,GER: HB (Empirical Study of Human Behavior),HSC-101 and declared Health Sciences or Public Health major,"Principles of research relevant to health and exercise science focusing on study design, measurement, and statistical techniques used in the analysis and interpretation of data from population based and human performance studies. Statistical software functions and communication techniques are included. It is recommended that this course be enrolled early in the major. It is recommended that this course be enrolled early in the major.",4 credits
67656,HSC-102,Mindfulness for Stress Reduction and Wellness,,,"MB (Mind and Body) This experiential course is an introduction to the science and application of mindfulness meditation and mindful physical activity. Topics also include stress physiology and research on the effects of mindfulness-based interventions on physical and mental health and well-being. Students will learn the principles and practices of mindfulness-based stress reduction including meditation and mindful physical activity. Students will learn how to incorporate mindfulness practices into their lives to reduce stress, improve resilience and enhance wellbeing.",4 credits
67583,HSC-215,World Sports & Public Health,,HSC-101 and declared Health Sciences or Public Health major,"Examination of how world sport events impact public health and how public health interventions on individual, community, and policy levels influence athletics within various cultures. The course will delve deeper in a country-specific context through the study-away component.",4 credits
66573,HSC-230,Analysis of Human Performance,,HSC-101 and declared Health Sciences or Public Health major,"Laboratory techniques for the assessment of the anatomical, cardiorespiratory, neuromuscular and anthropometric components of human movement with an emphasis on the underlying physics and physiology of human motion. Separate laboratory component required. Successful completion of HSC-201 Research and Evaluation in Health Sciences recommended.",4 credits
66574,HSC-242,Scientific Principles of Coaching,,HSC-101 and declared Health Sciences or Public Health major,Concepts of physical conditioning from the theoretical to practical application of program design. Lectures cover current theories of training; discussions engage students in case studies and labs provide opportunities for testing and preparing athletes.,4 credits
66572,HSC-221,Motor Development and Learning,GER: HB (Empirical Study of Human Behavior),HSC-101 and declared Health Sciences or Public Health major,"Principles of growth and development as related to neuromuscular integration and motor learning. Topics include: skill acquisition, skill refinement and adaptation of techniques for special populations. Laboratory experience in motor development included as well as work with atypical clients in the exercise science setting.",4 credits
66571,HSC-211,Anatomy and Physiology II,,HSC-210 and declared Health Sciences or Public Health major,"Continuation of HSC-210. An integrative study of the structure and function of the following body systems: endocrine, lymphatic, digestive, urinary, reproductive, integumentary. The integration of structural and functional aspects of the human body will be facilitated by the use of anatomical models, interactive computer software, and data collection and analysis. Students may not receive credit for BIO-322 after successful completion.",4 credits
66575,HSC-244,Scientific Principles of Training,,HSC-101 and declared Health Sciences or Public Health major,The science of designing effective exercise programs for generally healthy populations and necessary modifications for individuals with manageable disease states. Includes understanding and implementing pre-exercise evaluation and fitness testing.,4 credits
67599,HSC-300,Chronic Disease: Epidemiology and Prevention,,HSC-101 and declared Health Sciences or Public Health major,"This course focuses on the distribution, etiology, and prevention of chronic diseases. Three major categories of common chronic diseases will be emphasized (cardiovascular diseases, cancers, and respiratory diseases). Current strategies for primary, secondary, and tertiary prevention will be discussed. Both U.S. and global perspectives will be included.",4 credits
67768,HSC-250,Applied Sports Science,,,This course will use physiological and biomechanical properties to descriptively analyze sports performances ranging from World Record performances (100m dash) to tests of sports performance (Ironman Triathlon) from readily available data from these performances. MayX only.,2 credits
66579,HSC-304,Environmental Health,GER: NE (Humans and the Natural Environment),HSC-201 and declared Health Sciences or Public Health major,"An overview of major environmental health issues, including air quality, municipal and hazardous waste, cancer and radiation, drinking water quality, wastewater, agriculture and foodborne illness, environmental justice, and susceptible populations. The use of risk assessment and toxicology as the scientific basis for policy decisions will be discussed. Exploration of emerging environmental health problems in industrialized and developing countries will be included.",4 credits
66577,HSC-302,Physical Activity and Public Health,,HSC-101 and HSC-205 and declared Health Sciences or Public Health major,Regular physical activity has long been regarded as an important component of a healthy lifestyle. Scientific evidence links regular activity to a wide array of physical and mental benefits. Examination of the well-documented public health implications associated with leading an active lifestyle.,4 credits
67410,HSC-307,"Health Systems, Services and Policy Administration",,HSC-101 and HSC-205 and declared Health Sciences or Public Health major,"An overview of health systems and services delivery in the United States, including organization and financing of health care, health insurance practices, primary and long-term care. Topics include: managed care; influencing, regulating, and monitoring the health care system. Federal health policy and future trends in health care are also discussed.",4 credits
67346,HSC-306,Nutrition and Public Health,,HSC-205 and declared Health Sciences or Public Health major,"Nutrition assessment methodology and resources available to guide nutrient and dietary intake of individuals and populations. Exploration of public health nutrition interventions at the individual, community and national levels.",4 credits
66582,HSC-313,Fundamentals of Physical Rehabilitation,,HSC-210 and declared Health Sciences or Public Health major,Prevention and management of athletic injuries.,4 credits
66581,HSC-311,Physiology of Exercise,GER: NWL (Empirical Study of the Natural World with laboratory),HSC-210 and declared Health Sciences or Public Health major,"Concepts and laboratory experiments concerning the mechanisms by which the human body functions, with special reference to the effects of acute and chronic exercise. Not open to freshmen.",4 credits
66580,HSC-305,Global Public Health,GER: WR (Writing-Research Intensive) and WC (World Cultures),HSC-201 and HSC-205 and declared Health Sciences or Public Health major,"An introduction to the basic principles of public health as they apply to populations across the world including an exploration of the major determinants of, and responses to, poverty and health in low- and middle-income countries.",4 credits
66586,HSC-332,Graded Exercise Test Practicum,,HSC-101 and declared Health Sciences or Public Health major,"Practicum experience in laboratory for assessing cardiac and respiratory function, exercise capacity, body structure and composition via techniques of electrocardiography, impedance cardiography, spirometry, graded exercise testing, anthropometry, densitometry, etc. Successful completion of HSC-201 recommended.",4 credits
66585,HSC-331,Analysis of Cardiovascular Function,,HSC-210 and declared Health Sciences or Public Health major,Concepts and laboratory experiments concerning the mechanisms by which the human body functions Special reference to the effects of acute and chronic exercise. Not open to first year students.,4 credits
66584,HSC-323,Kinesiology,GER: NWL (Empirical Study of the Natural World with laboratory),"HSC-201 , HSC-210",", and any course carrying MR (Mathematical Reasoning) credit and declared Health Sciences or Public Health major Study of living systems in motion. Structured around classic mechanics. Evaluating human motion by the methods of kinematics and kinetics. Topics include: the work-energy theorem, Archimedes’ principle, Bernoulli’s law and others that govern human motion. Laboratory exercises developed to bridge the gap between lecture materials and real world applications.",4 credits
68249,HSC-314,Essentials of Strength and Conditioning,,HSC 101 AND HSC 210,"Methodology and practice of training athletes. Long and short-term program design for aerobic, sprint, flexibility, and resistance training is the central concept, with topics such as advanced lifting technique, nutrition, performance-enhancing substances, and facility design also discussed. Recommended HSC 311: Physiology of Exercise.",4 credits
66583,HSC-315,Fundamentals of Nutrition,,"HSC-101 and ( BIO-111 , CHM-110 , or HSC-211 ) and declared Health Sciences or Public Health major","In-depth continuation of the study of nutrition as presented in HSC-101. Study of the structure, function and selection of food to resist disease, improve health and support maximum human performance.",4 credits
66578,HSC-401,Epidemiology,,HSC-201 and HSC-205 and declared Health Sciences or Public Health major,"An introduction to epidemiologic concepts and methods used to evaluate the distribution and determinants of health and disease in populations. Emphasis on basic principles of epidemiology, measures in epidemiology, and epidemiologic study designs and analysis. Other topics that are important to an introductory understanding of epidemiology including outbreak investigations, screening, and the role of epidemiology in public health will also be included. Laboratories will focus on the calculation and application of basic epidemiology measures of disease frequency, comparison, and impact.",4 credits
66589,HSC-441,Sport in Modern Society,,HSC-101 and declared Health Sciences or Public Health major,Study of sport as one of the most pervasive social institutions in our society. An investigation of the social aspects of sport and the relationship between sport activities and the social system in which they are embedded.,4 credits
67457,HSC-343,Pathophysiology of Infectious Diseases,,declared Health Sciences or Public Health major Students may not enroll after successful completion of SCI-201 or BIO-301,". Does not fulfill the microbiology requirement for allied health programs. Infectious diseases, their effects at the molecular and cellular level, and their consequences at the organ and organism level; emphasis on common infectious disease agents (e.g., bacteria, viruses, fungi, protozoa, helminths, prions) including modes of transmission, pathophysiology, signs and symptoms, and medical treatment.",4 credits
66587,HSC-341,Science of Aging,,HSC-211 and declared Health Sciences or Public Health major,"An in-depth analysis of aging, starting with changes occurring at the molecular and cellular level and analyzing their consequences at the organism level. The collective influence of these changes on organ function and their relationship to chronic diseases associated with aging, such as neurodegeneration, hypertension, atherosclerosis, diabetes, etc., will also be discussed. Primary topics will include: theories of aging; experimental models used to study aging and longevity; the impact of oxidative stress in cells and consequences on organ function; functional changes in the sensory organs, nervous system, cardiorespiratory system, endocrine system, immune system, musculoskeletal system; genetics of aging.",4 credits
66588,HSC-342,Pathophysiology of Chronic Diseases,,HSC-211 and declared Health Sciences or Public Health major,"The pathologies of chronic disease and their underlying mechanisms at the molecular and cellular level and their consequences at the organ and organism level; emphasis on common chronic diseases (e.g., cardiovascular diseases, cancers, neurodegenerative diseases, metabolic disorders) including pathophysiology, etiology, signs and symptoms, and medical treatment.",4 credits
66590,HSC-451,Biomechanics,GER: WR (Writing-Research Intensive),HSC-201,"and any course carrying MR (Mathematical Reasoning) credit and declared Health Sciences or Public Health major Integrates the principles of biology and mechanics as they relate to human motion and includes analysis of energy transduction in human motion as it relates to posture, mechanical work and gravity. Course is split equally between lecture and laboratory applications. Students complete and present a motion analysis study related to human performance, energy transduction and their interdependence.",4 credits
66593,HSC-503,Individualized Internship,,declared major in Health Sciences or Public Health,"Student must have declared a major in health sciences and must have enrolled the appropriate courses for the type of internship requested. Individualized internships are typically developed by students and approved by a faculty sponsor. Working with an on-site supervisor, students develop objectives for the internship experience, write a report of their activities, read professional literature related to their internship experiences, and offer a written and oral summary of their activities at the conclusion of the internship. Course MUST be enrolled pass-fail and will not count toward the Health Sciences or Public Health major requirements. May be retaken for credit. Variable credit.",
66591,HSC-501,Independent Study,,HSC-101,and a written outline of proposed study for staff approval in the prior term. Format for the outline should be obtained from the advisor. Provision for non-experimental investigations Variable credit.,
66592,HSC-502,Research,,HSC-101,and a written outline of proposed study for staff approval in the prior term. Format for the outline should be obtained from the advisor. Provision for experimental research. May be retaken for credit. Variable credit.,
67401,HSC-465,Public Health Capstone,,Declared Public Health major,"Completed after an intensive applied learning experience, the goals of the capstone course are to integrate public health knowledge, skills and practice acquired during the undergraduate degree, to develop public health communication skills in both oral and written forms and through a variety of media, to diverse audiences, and finally to provide professional development opportunities that prepare students for success.",4 credits
66595,HST-100,European History - Exam Equivalency,,,"Exam equivalency (AP, IB, etc) for general credit in History with a specific focus on European History.",4 credits
66597,HST-102,Europe in the Medieval World,GER: HA (Historical Analysis of Human Interactions),,"European social, intellectual, political, cultural, and religious developments from the break up of the Roman Empire (c.500) to the Renaissance (c.1450).",4 credits
66598,HST-103,Europe in the Early Modern World,GER: HA (Historical Analysis of Human Interactions),,"The European social, intellectual, political, cultural, and religious developments from the era of Renaissance and Reformation through the Age of Absolutism. Key themes include: the Italian Renaissance, voyages of exploration, colonialism, printing press, Protestant and Catholic reformations, Scientific Revolution, religious wars, absolutism and constitutionalism, and the witch craze.",4 credits
66596,HST-101,Europe in the Ancient World,GER: HA (Historical Analysis of Human Interactions),,"The Ancient Near East, Greece, and Rome to c. 500 C.E. Coverage of social, intellectual, political, cultural, and religious developments.",4 credits
66594,HSC-505,Structured Internship,,declared major in Health Sciences or Public Health,"Students develop objectives with faculty and the on-site supervisor, write a report of their activities, read professional literature related to their internship experiences, attend a weekly seminar to discuss their activities and offer a written and oral summary of their activities at the conclusion of the internship. This class may be enrolled only once and may NOT be enrolled through the pass-no pass grading option. Variable credit.",
67597,HST-112,Passages in the Early Modern World,"GER: HA (Historical Analysis) and IEJ (Identities, Equity, and Justice) and WC (World Cultures)",,"A historical survey of growing global interactions, c. 1350-1750. We will look at political & social systems, colonies & empires, as well as religion & the spread of ideas. Attention will also be paid to gender roles and the environment.",4 credits
67596,HST-113,Passages in the Modern World,GER: HA (Historical Analysis) and WC (World Cultures),,"A historical survey of global interactions, c. 1750-2000. We will look at the spread of the modern nation-state, colonialism & empire, capitalism & the working class, warfare, and revolution. Attention will also be paid to gender and the environment.",4 credits
67598,HST-111,Passages in the Ancient and Medieval World,GER: HA (Historical Analysis) and WC (World Cultures),,"A historical survey of the ancient world to 1350. We will look at the origin of society, writing systems, cities, and states as well as the spread of religion, ideas, and trade. Attention will also be paid to gender roles and the environment.",4 credits
66600,HST-120,American History - Exam Equivalency,,,"Exam equivalency (AP, IB, etc) for general credit in History with a specific focus on American History.",4 credits
66599,HST-104,Europe in the Modern World,GER: HA (Historical Analysis of Human Interactions),,"The history of Europe from the time of the Enlightenment to the present. Major themes include: the Enlightenment, the French Revolution, nationalism, socialism, liberalism, imperialism, the World Wars, fascism and communism, the Holocaust, post-WWII reconstruction and the Cold War, decolonization, citizenship, immigration, the end of communism, market integration, a common currency, and the evolution of the European Union, and globalization.",4 credits
66602,HST-122,United States and the World since 1877,GER: HA (Historical Analysis of Human Interactions),,North American history from 1877 to the present in the context of western traditions and global interactions.,4 credits
67501,HST-124,"War, Military and Society in American History",GER: HA (Historical Analysis),,"History of war, military, and society in America from the colonial period through the contemporary era. Emphasis on the actions of American military and political leaders, and how the American public has influenced those decisions. Focus on the various and evolving purposes of a military and how the military has been used as a tool to promote American political goals. Analysis of the relationship between the American public and the military, and the ways in which the military has adapted to social change. Examination of the evolving nature of military tactics, strategy, and logistics, and the role of the U.S. Military abroad.",4 credits
66601,HST-121,North America and the World to 1877,GER: HA (Historical Analysis of Human Interactions),,North American history to 1877 in the context of western traditions and global interactions.,4 credits
66604,HST-141,Latin America in the Early Modern World,GER: HA (Historical Analysis of Human Interactions) and WC (World Cultures),,"The Spanish and Portuguese Empires in the western hemisphere, from the first explorations and settlements until the achievement of independence in the 1820s. Includes coverage of political and religious institutions and social issues such as race relations and piracy.",4 credits
66603,HST-130,World History - Exam Equivalency,,,"Exam equivalency (AP, IB, etc) for general credit in History with a specific focus on World History.",4 credits
66605,HST-142,Latin America in the Modern World,GER: HA (Historical Analysis of Human Interactions) and WC (World Cultures),,"Latin America since the nineteenth century. Topics include: nationalism, military authoritarianism, social revolution and the wealth inequities that have defined the region as part of the developing world. Case studies will often be used to highlight continental trends.",4 credits
66608,HST-152,Middle East in the Early Modern World,GER: HA (Historical Analysis of Human Interactions) and WC (World Cultures),,A comparative examination of the rise and “decline” of the three great Muslim empires of the early modern period (1400-1800s). It considers the problem of political legitimacy; transformations in religious practices; the relationship among these empires and the West; and lastly their legacies in the modern world.,4 credits
66609,HST-153,Middle East in the Modern World,GER: HA (Historical Analysis of Human Interactions) and WC (World Cultures),,"Examination of the major political and social developments in the Middle East in the nineteenth and twentieth centuries. Attention divided among the Arab, Persian and Turkish peoples and states.",4 credits
66606,HST-145,Africa in the Modern World,GER: HA (Historical Analysis of Human Interactions) and WC (World Cultures),,"Survey of Africa from earliest times to the present. Topics include: the peopling of the continent, the development of precolonial politics, cultures and economic systems; the African diaspora; European colonialism; and post-colonialism.",4 credits
66607,HST-151,Middle East in the Ancient World,GER: HA (Historical Analysis of Human Interactions) and WC (World Cultures),,"A history of the Middle East from the rise of Islam (600s C.E.) to the emergence and growth of the Ottoman Empire (1400s). Topics include the life and contributions of Prophet Muhammad, the rise and rapid spread of Islam, the exploits and achievements of the Arab caliphates based in Damascus and Baghdad, the rise of the Turks, the age of the Crusades, and the coming of the Ottomans.",4 credits
66614,HST-165,China in the Ancient and Early Modern World,GER: HA (Historical Analysis of Human Interactions) and WC (World Cultures),,"The history of Chinese civilization from its origins to 1600. Topics include: ideals of cultural unity and division, classical philosophy, religious beliefs and practices, formation of imperial institutions, economic and intellectual revolutions, conflict and accommodation with neighboring peoples, and epic transformations of state and society.",4 credits
66612,HST-161,Japan in the Ancient and Early Modern World,GER: HA (Historical Analysis of Human Interactions) and WC (World Cultures),,"Survey of Japan from its prehistoric origins to the early 17th century. Topics include: archaeology and history, origins of “Japan,” the emergence of the imperial state, court rulership, and the rise of the samurai.",4 credits
66610,HST-155,South Asia in the Ancient and Early Modern World,GER: HA (Historical Analysis of Human Interactions) and WC (World Cultures),,"Introduction to South Asia from prehistory to the early 16th century. Focus on the transformations of human environments in the Indian subcontinent, such as river-valley settlements, urban development, early state formation, long-distance trade, and mobility. Major themes include: interaction and integration, and diversity of ritual and cultural practices.",4 credits
66613,HST-162,Japan in the Modern World,GER: GER: HA (Historical Analysis of Human Interactions) and WC (World Cultures),,"Survey of Japan from the 16th century to the present. Topics include: Tokugawa societies and cultures, economic systems, Imperial Japan and world wars, global interactions, modernity and modernization, and contemporary Japanese issue.",4 credits
66611,HST-156,India in the Modern World,GER: HA (Historical Analysis of Human Interactions) and WC (World Cultures),,"The history of India from the 16th century to present. Focus on Mughal dynasties and Indo-Islamic cultures, European traders and the British imperial projects, multiple resistors to imperial rule, and the creation of and challenges facing postcolonial South Asia.",4 credits
66619,HST-207,Germany and the 30 Years’ War,,one history course numbered between 100 and 166,"A study of the Thirty Years’ War, which devastated early modern Germany, emerged out of particular religious/political constellations of the Holy Roman Empire but was shaped by complex European foreign policy and had long-term impact on European diplomacy.",4 credits
66616,HST-201,Fall of Rome,,one history course numbered between 100 and 166,"Examination of the events and interpretations of the Late Roman Empire, including the rise of successor kingdoms in the West and the survival of the Eastern (Byzantine) Empire.",4 credits
66618,HST-206,European Reformations,,one history course numbered between 100 and 166,"European history in an age of evolving religious ideologies and increased interaction with the non-European world. Major themes include: matters of religious content, political, cultural, intellectual, and social history.",4 credits
66617,HST-203,The Crusades,,one history course numbered between 100 and 166,"The Crusading movement from 1095 to 1291, including its origins, decline, relations with both Byzantium and Islam, and its impact.",4 credits
66615,HST-166,China in the Modern World,GER: HA (Historical Analysis of Human Interactions) and WC (World Cultures),,"China in the modern world. Examining major political, social and cultural transformations of the period from the late Qing dynasty to recent dramatic reforms in mainland China and on Taiwan.",4 credits
66622,HST-210,Modern France,,one history course numbered between 100 and 166,"French history since 1715. Investigates political, ideological, cultural, and social developments in France from the accession of Louis XV to the present day. Topics include: the French Revolution, Napoleon, French imperialism, French involvement in the two World Wars, and France’s role in the European Union.",4 credits
66624,HST-213,Nation and Race in Modern Europe,,one history course numbered between 100 and 166,Development of concepts of race and nation in Europe since early nineteenth century. Topics include: scientific racism and eugenics; the origins of modern nationalisms; contemporary theories of nationalism; the roots of modern anti-Semitism; ethnic cleansing and genocide.,4 credits
66623,HST-211,Twentieth Century Germany,GER: WR (Writing-Research Intensive),one history course numbered between 100 and 166 and any first year writing seminar,,4 credits
66620,HST-208,Tudor-Stuart England,,one history course numbered between 100 and 166,"Analysis of the period that witnessed England’s emergence as a major European power. Emphasis on political, religious, constitutional, foreign policy, and socio-economic transformations of this transitional period.",4 credits
66621,HST-209,Episodes in British History,,,"Sustained historical analysis of a particular event or theme relating to the British Isles. Possible topics include Anglo-Saxon Riddles, Trial of Charles I, Scottish wars, Elizabeth I vs. Philip II, Irish conquests, Bridewell and Bedlam - Prisons and the Mad, Whigs & Tories, Habeas Corpus, London’s Apocalypticism, Cornwallis in India and America, the Street and the Sewer in Victorian England, Cultural History of Jack the Ripper, Oswald Mosley and the British Union of Fascists, the Blitz, Brit Rock and Postwar Social Rebellion, Thatcher’s Multicultural Britain. May Experience ONLY.",2 credits
66626,HST-215,Women in European History,,one history course numbered between 100 and 166,"The political, economic and social forces affecting womens146 lives in European society. Beginning with theories of patriarchy, the status of women during the Greco-Roman period, Medieval Europe, the Early Modern Period, the first Industrial Revolution and post-industrial society.",4 credits
66627,HST-216,Modern Britain,,one history course numbered between 100 and 166,"British history since 1714. Investigates political, ideological, cultural, and social developments in Britain from the beginning of the Hanoverian dynasty. Includes the Industrial Revolution, British imperialism, the two World Wars, and multicultural Britain today.",4 credits
66629,HST-221,The American Revolution,GER: WR (Writing-Research Intensive),one history course numbered between 100 and 166 and any first year writing seminar,"Investigating the ideas, the violence, and the accidents that gave rise to an independent United States of America. Exploring the relationship between the Revolution and broader movements such as nationalism and anti-slavery. Stresses the Revolution’s European and global contexts.",4 credits
66628,HST-217,War and Remembrance: World War I,,,"In conjunction with the 100th anniversary of the World War I (1914-1918), providing an assessment of World War I on the Western Front and the ways in which nations commemorate and shape their own historical narratives. May Experience ONLY.",2 credits
66625,HST-214,Modern Russia and Eastern Europe,,one history course numbered between 100 and 166,"Russian and Eastern European history since 1683. Investigates the political, social, and intellectual history of Russia and Eastern Europe since the battle of Vienna. Topics include: formation of empire, the rise of nationalism, the two World Wars, Communism, genocide and the post-Cold War era.",4 credits
66631,HST-224,American Civil War Era,,one history course numbered between 100 and 166,"Examination of the Civil War as a political, cultural, economic and military phenomenon, with focus on the 1861-1865 period. Topics include: causation historiography, major battles and their political context, the role of ordinary Americans in the conflict, slavery and emancipation, economic effects, Reconstruction, and the war146s enduring place in national memory.",4 credits
66633,HST-229,African-American Experience,,one history course numbered between 100 and 166,"Emphasis on the African origins of black Americans, the slave experience, the impact of the Civil War and Reconstruction, and the civil rights movement.",4 credits
66634,HST-231,History of Women in America,,one history course numbered between 100 and 166,"The history of women in America from the colonial period to the present. The focus in not on chronology, but on acquainting students with topics which disclose significant events, issues and problems in the changing experience of American women.",4 credits
66630,HST-223,The United States in the Nineteenth Century,,one history course numbered between 100 and 166,"Survey of major events and trends in America from 1820-1890, along with focus on selected events and episodes and work with primary materials from the period. Major political, social, economic and cultural transformations, including conflicts over territorial expansion; sectionalism and nationalism; urban and industrial growth; changes in family, community, ethnicity, and spirituality. May include digital or archival components. May include digital or archival components.",4 credits
66632,HST-227,The Cold War and Social Conflict in America,,one history course numbered between 100 and 166,"The evolving experience of the American people from 1941 to the present, and the conflicting social, racial, political, economic, and international forces which have shaped that experience.",4 credits
66635,HST-233,American Immigration History,,one history course numbered between 100 and 166,"History of immigration to the United States with particular attention to issues of race, ethnicity, and citizenship. Gender and migration, incorporation into American society, the politics of nativism, and exclusion and immigration laws.",4 credits
67710,HST-235,The Civil Rights Movement,,1 course in History numbered HST 100 through HST 166,"Examination of the Civil Rights Movement in the South and the nation. Emphasis on the classic movement spanning 1954 to 1968, while also including broader the chronology before and after the classic years.",4 credits
66638,HST-237,South Carolina,,one history course numbered between 100 and 166,Study of the development of South Carolina as an American state and its unique contribution to the United States as well as the way in which it reflects development in the South and the nation as a whole.,4 credits
66636,HST-234,United States Foreign Policy since 1898,,one history course numbered between 100 and 166,Treatment of the diplomatic history of the United States from 1898 to the present. Emphasis on the rise of the United States as a global superpower.,4 credits
66637,HST-236,The United States South,,one history course numbered between 100 and 166,"Investigation of the development of the South as a region and section, with particular emphasis on economic and social history and the question of the uniqueness of the South. Special study devoted to race relations.",4 credits
67611,HST-252,Refugees in the Middle East,,,"This course examines refugee migrations in the Middle East, including those of Armenians, Palestinians, Jews, Iraqis, and Syrians, between 1860 and today. Students will examine how displacement, citizenship, statelessness, refugee camps, and categories like race, ethnicity, gender, and sexuality affect refugee experiences. 4",
67713,HST-240,Historical Skills: The Historian’s Craft,,,The study and application of specific skills associated with the discipline of history. Topics vary. Repeatable for credit with change of topic.,2 credits
67715,HST-242,Historical Skills: History and Technology,,,The study and application of specific skills associated with the relationship between history and technology. Topics vary. Repeatable for credit with change of topic.,
67714,HST-241,Historical Skills: History and the Public,,,The study and application of specific skills associated with the relationship between history and the public. Topics vary. Repeatable for credit with change of topic.,2 credits
66639,HST-244,Revolution in Modern Latin America,,one history course numbered between 100 and 166,"Revolutionary movements in modern Latin America, considering their origins, evolution and outcomes. Case studies and a comparative methodology are likely. Possible cases are Mexico, Cuba and Nicaragua. The role of the United States will be considered.",4 credits
67712,HST-257,Feminist and Queer Biography,,,"Exploration of the genre of biography as an archive and the role it has played in understanding historical and contemporary experiences of feminist women and LGBTQIA+ people in a global context. This course is an introduction not only to the genre of biography and its role in history, arts, and culture by introducing texts in the Middle East, US, and Europe, but also the interdisciplinary approaches of feminist and queer history writing for understanding historical and contemporary debates about gender, sexuality, and identity.",2 credits
66641,HST-268,Twentieth Century China,,one history course numbered between 100 and 166,"Investigating, interpreting and debating China’s turbulent twentieth century experience. Following an intensive introduction to Chinese history and approaches to historical analysis, students will embark upon an examination of the extraordinary political, social and cultural transformations of this century through a series of case studies structured largely around sets of primary source documents.",4 credits
67711,HST-254,Gender and Sexuality in the Middle East,"GER: IEJ (Identities, Equity, and Justice)",1 course in HST numbered HST 100 through HST 166 or 1 course that counts for the WGSS major or minor or 1 course that counts for the MEIS minor,"A reading of the Middle East and North Africa (MENA) history by deploying gender and sexuality as its analytical gaze to study both regions’ social, cultural, and historical landscapes.",4 credits
66640,HST-256,Women and Gender in India,GER: WR (Writing-Research Intensive),one history course numbered between 100 and 166,"This course examines gender categories and relations in India through writings and visual materials by/about men and women. Concepts such as agency, class, religion, colonial powers, patriarchy, and resistance are traced through nineteenth to twenty-first century Indian/South Asian history. Topics include veiling, sexuality, activism, nationalism, “third gender,” global feminism, and violence.",4 credits
67483,HST-275,Movements in History,,,"In-depth historical analysis of a social, cultural, economic, political, religious, technological, or medical movement in history. Topics vary.",2 credits
67487,HST-279,Historical Lives,,,"An in-depth exploration and historical analysis of the social existence of individuals, groups, or communities in history. Topics vary.",2 credits
66642,HST-307,Life on the Margins in Early Modern Europe,,one history course numbered between 100 and 166,"Major topics in this social history of early modern Europe will include women and the family, poverty and social welfare, disease and health care, criminality and punishment. Special attention will be given to experiences on the “margins” of society.",4 credits
67486,HST-278,Empire and Imperialism,,,"An in-depth exploration and historical analysis of the political, social, economic, cultural, and military background of a particular empire or imperialist power in world history. Topics vary.",2 credits
67485,HST-277,"Wars, Rebellions, and Revolutions",,,"An in-depth exploration and historical analysis of the political, social, economic, cultural, and military background of a particular period of warfare, rebellion, or revolution in world history. Topics vary.",2 credits
67484,HST-276,Urban History,,,"In-depth historical analysis of cultural, economic, political, religious, technological, medical, & spatial factors intersecting at particular periods of urban development. Topics vary.",2 credits
67609,HST-312,History of Business,,One course numbered between 100 and 166 in history,"This course examines important changes in the history of business, markets, and trade across multiple cultures over time. Topics include the history of economic thinking, the relationship between capitalism and empire, the evolution of the business firm, and the rise of the global economy. 4",
66645,HST-315,Interpreting the Past,,one history course numbered between 100 and 166,"The historian’s craft and how history scholars think about and interpret the past. Exploration of topics, questions and methodologies used to write about history through reading historical works from a variety of times and places.",4 credits
66644,HST-310,History of Western Medicine,,one history course numbered between 100 and 166,"A survey of illness, health, and medicine in Western society from Antiquity through the development of antibiotics. Examination of the changing relationships between medical theories and practice and address the roles of practitioners, patients, and institutions. Discussion of the changing ideas surrounding disease causation, the growth of public health measures, health care institutions, and public policies concerning disease and medicine. Experiences of health, illness, prevention, and treatment, while exploring the various social, cultural, political, and economic dimensions of these issues will also be considered.",4 credits
66646,HST-316,"Museums, Movies, and Monuments",,,"Examination of history and its intersections with the public. Emphasis on museums, documentaries, memorials, holidays, archives, material culture, digital history, and preservation. Introduction to the profession in the academic and public realms. Through internships and/or projects, students apply their academic training in a professional setting or produce scholarly projects that contribute to a public audience.",4 credits
66643,HST-309,"Women, War, Resistance",,one history course numbered between 100 and 166,"The impact of World War II on European women and their service as factory laborers and aid workers, as well as their activism in Resistance movements redefined gender during wartime. Moreover, women were victimized as never before as a result of mass rape, genocide and refugee displacement. Examining the lives of American, British, Italian, French, German, and European Jewish Women from a gendered perspective of war and its impact on women.",4 credits
66651,HST-351,Travel Study in Africa,GER: HA (Historical Analysis of Human Interactions) and WC (World Cultures),,"Investigation of key events, movements and individuals in a particular region of Africa. Specific topics and periods to be determined by the instructor in conjunction with the Africa study abroad program.",4 credits
66647,HST-321,Urban America,,one history course numbered between 100 and 166,"American Cities and Suburbs. Historical sources of growth and decline; dynamics of natural and built environments; neighborhoods and social space; factors of gender, class, and ethnicity; migration; urban exchange networks, hinterlands and suburbs; historical mechanisms of political power, urban planning; and cultural production. Emphasis on the nineteenth and twentieth centuries.",4 credits
66652,HST-352,Travel Study in Latin America,GER: HA (Historical Analysis of Human Interactions) and WC (World Cultures),,"Investigation of key events, movements and individuals in one or more regions of Latin America. Specific topics and periods determined by the instructor in conjunction with the Latin America study abroad program.",4 credits
67494,HST-330,The Frontier and the American West,GER: WR (Writing-Research Intensive),one history course numbered between 100 and 166,"Examination of the American West in history and popular cultural. Topics include Anglo-American exploration and migration, Native-American culture and resistance, myths of the gunfighter and the Old West, and debates on “Manifest Destiny” and the meaning of the frontier in American history.",4 credits
68253,HST-331,The Plains Indians,,,"PRQ: 1 Course in History Numbered HST 100 through 166 Examination of the history of the Plains Indians from seventeenth century to the turn of twenty-first century. The course emphasizes how climate, geography, and natural resources shaped the culture of Plains Indian societies. Course will emphasize Indian voices and viewpoints, while recognizing the revolutionary effect of European contact. Topics include the encompassing role of the bison, introduction of horses and firearms, shifting migration patterns, pandemics, and war.",4 credits
67347,HST-353,Travel Study in South Asia,,,,4 credits
67348,HST-354,Travel Study in Japan,,,,4 credits
66657,HST-359,Travel Study in the United Kingdom and I reland,GER: HA (Historical Analysis of Human Interactions),,"Investigation of key events, movements and individuals in the United Kingdom and Ireland. Specific topics and periods to be determined by the instructor in conjunction with the United Kingdom and Ireland study abroad program.",4 credits
66653,HST-355,Travel Study in India,GER: HA (Historical Analysis of Human Interactions) and WC (World Cultures),,"Focus on interactions between various players in India’s complex political and sociocultural past over the last 500 years. Mughal, British, nationalist, and postcolonial periods are addressed. India as both a product and producer of long-distance trade, migration, power plays, and global influence.",4 credits
66656,HST-358,Travel Study in Lowcountry South Carolin a,GER: HA (Historical Analysis of Human Interactions),,"Lowcountry South Carolina from precolonial times to present. Topics include Charleston and the Atlantic world before 1820; Gullah culture; southern sectionalism and Civil War; myth, memory, and historiography; tension between tradition and rapid change in the twentieth century.",4 credits
67595,HUM-102,Studies in Humanities,GER: TA (Textual Analysis) and UQ (Ultimate Questions). Only when taken in conjunction with HUM 101.,,"HUM 101 Continuation of HUM 101 to examine, through written and visual texts, recurring questions in the search for values, knowledge, purpose, and meaning. Students critique the intellectual threads of their own and other cultures in intellectually responsible ways.",4 credits
66659,HST-501,Independent Study,,instructor permission,Majors may pursue an independent study project in cooperation with any member of the department. Topics and the type of project will vary with the interests of individual students. Variable credit.,
66658,HST-475,Senior Seminar in History,,,"A required course for all majors. Discussion-based meetings will explore a specific historical topic and the related historiography. Students will conceive, design, and execute their own research project connected to the main topic of the seminar. All seminars include an assignment encouraging students to integrate and to reflect upon their varied classroom, travel study, and internship experiences over the course of the major.",4 credits
67594,HUM-101,Studies in Humanities,GER: None for this course alone. TA (Textual Analysis) and UQ (Ultimate Questions) for HUM 101 and HUM 102  together.,,"Examines, through written and visual texts, recurring questions in the search for values, knowledge, purpose, and meaning. Students critique the intellectual threads of their own and other cultures in intellectually responsible ways.",4 credits
67779,HST-476,Senior Seminar in History II,,HST-475 Senior Seminar in History,"A required course for all majors. The companion course to HST-475. Discussion-based and writing-focused meetings will continue to explore a specific historical topic and the related historiography. Students will continue to conceive, design, and execute their own research project connected to the main topic of their HST-475 seminar. All seminars will include assignments and activities encouraging students to integrate and to reflect upon their varied classroom, study away, and internship experiences over the course of the major.",4 credits
67563,HUM-115,Introduction to Humanities Research,,,"An introduction to the modes of research in the humanities, focusing on both practical and conceptual components. Additional topics include ethics, data curation and preservation, and distribution. May Experience ONLY. 2 credits. 2",2 credits
66692,HUM-450,Humanities Capstone Symposium,,HUM-201 or HUM-202 and declared minor,"First semester of a year-long capstone experience for the Humanities Interdisciplinary Minor, meeting weekly. Rocus on advanced research methodologies and disciplinary practices in the Humanities, with presentations and readings that represent all Humanities departments.",2 credits
66690,HUM-201,History of Ideas in Context I,GER: Dependent on topic; consult term-specific course Listings,,"Texts and ideas from a variety of disciplines and genres (including the humanities, fine arts, and political philosophy) in both Western and non-Western cultural contexts. Topics will vary. Topics will vary.",4 credits
66691,HUM-202,History of Ideas in Context II,GER: Dependent on topic; consult term-specific course Listings,,"Texts and ideas from a variety of disciplines and genres (including the humanities, fine arts, and political philosophy) in both Western and non-Western cultural contexts. Topics will vary. Topics will vary.",4 credits
67812,HUM-220,They Came by Water Immigrants to New Orleans,,,"Not every immigrant came to the United States through New York, and not every immigrant to New Orleans was French or Spanish. Students will explore the history of Black, Vietnamese, Jewish, Canadian, and Italian immigrants to New Orleans through their history, culture, food, religion, and music in this MayX course. The trip will include a visit to Preservation Hall Jazz, a Cajun food cooking and history class, a visit to a slave plantation, and a swamp tour. May Experience ONLY.",2 credits
67746,IDS-201,Imagining Nationhood: Bede to the Bill of Rights,"GER: TA (Critical, Analytical Interpretation of Texts)",,"This course explores the cultural construction of British and American nationhood by tracing institutions and myths from the Anglo-Saxon invasions to the American Revolution, alongside visits to sites associated with this literature and history.",8 credits
67379,IDS-120,Developing the Self as a Reader,,,"Students will participate in guided reading experiences to develop a personal reading strategy, reflect on the self as a reader, and embark on reading outside their normal comfort zone. The course will examine controversies in reading including banned/challenged books, format wars, representation, and genre. Students will participate in reading activities such as book clubs and readathons, and students will have multiple opportunities to explore reading community in a virtual landscape. 4",
67446,IDS-210,The Painted Word,GER: VP (Visual and Performing Arts),,Hybrid writing workshop and studio art class designed to explore the reciprocal relationship between the creation of visual images and the creation of written texts.,
67654,HUM-502,Humanities Lab,,,"Humanities Lab creates a curricular space for students to pursue independent projects in a resource rich, supportive environment. Coursework includes assigned readings & discussions, independent research, presentations, and focused work with faculty. Can be repeated for credit.",4 credits
67521,IDS-157,India,,,"A survey of India’s political economy, complex religious history, diverse cultural practices, urbanism, and media and popular culture. Includes appropriate readings, guest lectures, structured group travel to selected sites, and independent assignments.",4 credits
66660,IDS-240,Human Sexuality,,,"This survey course in human sexuality will have an interdisciplinary focus, emphasizing biological, psychological, and sociological perspectives. Historical, cross-cultural, religious, philosophical, ethical, and legal issues will also be considered.",4 credits
66662,IDS-301,Field Work in Medicine,,"PHL-101 , SOC-101 and instructor permission","Extensive observation in the medical arena. Observations in several units of a local hospital, a psychiatric facility and at private homes and/or nursing home facilities with a hospice care organization. Emphasis is placed on the sociological and philosophical interpretations of observations.Only available with PHL-302 and SOC-234 by application only. Only available with PHL-302 and SOC-234 by application only.",2 credits
66663,IDS-371,Travel Study in the British Isles,,,Study of the rich heritage and contemporary culture of the United Kingdom and Ireland.,4 credits
66665,IDS-373,Survey of Scottish Issues,,,"Survey of history, politics, economics, and culture of Scotland. Including appropriate readings, guest lectures, structured group travel to selected sites, and independent assignments. Open only to students participating in the Edinburgh travel study program. Variable credit.",
66664,IDS-372,Survey of European Issues,,,"Survey of history, politics, economics, and culture of the European continent. Content will include appropriate readings, guest lectures by European experts, structured group travel to selected sites, and independent travel assignments. Open only to students participating in the Brussels travel study program.",4 credits
66666,IDS-507,International Internship,,,"Internship with non-U.S. legislative body, NGO, or private company while participating in a faculty led study away program. Weekly meetings and assignments appropriate to the location and specific program. If placement is appropriate, the faculty director may be able to arrange credit in the student’s major department. Variable credit.",
67488,IDS-376,"Religion, Music and Art in Russia",,,"A study of music, religion, and the arts in Russia through the lens of musical works, Orthodox icons, and church architecture. The course explores connections between religious and cultural identities and their modes of aesthetic expression.",2 credits
67489,IDS-377,"White Nights in Russia: Religion, Music and the Arts",,IDS-376,"A study away course on Orthodox Christianity, Music, and the Arts in Russia. Uses iconography, architecture, and musical works as a catalyst for exploring religious and aesthetic forms and their physical contexts in St. Petersburg and Moscow. May Experience ONLY.",2 credits
67392,IDS-374,Survey of Southern Africa Issues,,,"Survey of history, politics, economics, and culture of Southern Africa. Including appropriate readings, guest lectures, structured group travel to selected sites, and independent assignments. Open only to students participating in the Southern Africa study program.",4 credits
68555,IDS-505,Structured Internship,,,"Provides students with the opportunity to gain hands-on, practical experience in their career field of interest while earning academic credit. This course is designed to offer students the chance to engage in meaningful work with industry professionals and organizations while further developing career competencies valued by employers. Students are required to work approximately 175 hours at their internship site, engage in class discussion and reflective activities, and submit an internship log.",4 credits
66822,JPN-110,Elementary Japanese I,,,Introduction to the sound system and grammatical structures necessary to develop listening and speaking skills in Japanese. Initial reading and writing exercises with some of the basic Japanese characters. An appreciation of Japanese culture underlies the orientation of the course.,4 credits
67349,ITL-504,Directed Independent Study,,,Variable credit.,
66823,JPN-120,Elementary Japanese II,GER: FL (Foreign Language) for students seeking the Bachelor of Science degree ONLY,JPN-110,"Continuation of work on the sound system and grammatical structures necessary to develop listening and speaking skills in Japanese, including initial reading and writing exercises with some of the basic Japanese characters. An appreciation of Japanese culture underlies the orientation of this course.",4 credits
66821,ITL-101,Beginning Italian,,,"Introduction to the sound system and grammatical structure necessary to develop listening, speaking, reading, and writing skills in Italian. An appreciation of Italian culture underlies the orientation of the course.",4 credits
67716,IGD-101,Introduction to Intergroup Dialogue,,,Semi-structured meetings between individuals from diverse social identity groups to explore personal and group commonalities and differences; locate these different identities and experiences within societal systems of power privilege and oppression; and find ways to work collaboratively to build more inclusive communities. Drawing on research in the fields of sociology and psychology (among others) students will explore group experiences in a variety of social and institutional contexts. The goal is to create a setting in which students engage in open and constructive dialogue learning and exploration concerning issues of intergroup relations conflict and community. Topics vary. Repeatable for credit with change of topic.,2 credits
66828,JPN-245,Modern Japanese Literature,"GER: TA (Critical, Analytical Interpretation of Texts) and WC (World Cultures)",,"The development of modern Japanese literature from 1858, when Japan opened its doors to the west, to the present. Students read representative texts in English translation by major writers in various genres.",4 credits
66824,JPN-201,Intermediate Japanese I,GER: FL (Foreign Language),JPN-120,"Continuation of development of proficiency in listening and speaking, while expanding reading and writing skills, using materials of a literary or cultural nature. Review of grammar included.",4 credits
66825,JPN-202,Intermediate Japanese II,GER: FL (Foreign Language),JPN-201,"A sequence to JPN 201, with emphasis on communication skills, expansion of vocabulary and idiomatic expression. Cultural activities and outside readings required.",4 credits
66827,JPN-235,Classical Japanese Literature,"GER: TA (Critical, Analytical Interpretation of Texts) and WC (World Cultures)",,"The development of classical Japanese literature from the seventh century to 1858, when Japan opened its doors to the West. Reading representative texts in English translation in various genres from various periods.",4 credits
66826,JPN-225,Japanese Cinema,GER: VP (Visual and Performing Arts) and WC (World Cultures),,"Survey of Japanese cinema from its beginning in 1897 to the present day. Topics include film history, the main film genres including movie sub-genres and ethnographic and other documentaries, directors, Japanese film theories and criticisms. All readings and lectures are in English and all films will be subtitled in English.",4 credits
66829,JPN-301,Intermediate Japanese III,GER: FL (Foreign Language),JPN-202,"A continuation of JPN 202, emphasizing oral skills and idiomatic usage. Required to speak extensively in class. Supplementary materials will be added to the text.",4 credits
67434,JPN-260,Japanese Architecture and Living Spaces,,,"Travel-study course exploring Japanese space and environmental design in temples, shrines, castles, houses, exhibiting and accommodating facilities, garden landscaping, and the interior in historical context. May Experience ONLY.",2 credits
66830,JPN-302,Intermediate Japanese IV,GER: FL (Foreign Language),JPN-301,"A continuation of JPN 301, emphasizing reading of formal Japanese, writing and oral communication skills. Additional materials will be used to further develop the ability to read, discuss, understand, and write Japanese.",4 credits
66832,JPN-402,Advanced Japanese II,,JPN-302,"A continuation of JPN 401, emphasizing reading of academic articles and books, writing of short academic papers, listening to advanced materials, and persuasive and rhetorical speech and discussion.",4 credits
66831,JPN-401,Advanced Japanese I,,JPN-302,"A continuation of JPN 302, emphasizing reading of advanced materials, substantially complex writing and advanced oral skills.",4 credits
66835,JPN-470,Japanese Studies Thesis,,instructor permission,"Guided research, translation, and writing on a topic in a field of Japanese Studies in which the student has had previous course work. The student will propose a thesis project to a faculty member in the field of Japanese Studies who by approving it becomes the thesis advisor.",4 credits
66833,JPN-403,Advanced Japanese III,,JPN-402,"A continuation of JPN 402, emphasizing all four language skills. Students will read from a wide range of genres and write compositions in varied modes, and continue to work on their communicative skills through group discussion, presentations, as well as interviewing native/advanced speakers of Japanese.",4 credits
67455,LAS-101,Introduction to Latin America,GER: TA (Textual Analysis) and WC (World Cultures),,"Introduction to the cultures and societies of Latin America with particular emphasis on political and economic systems, literature, film, and history. Interdisciplinary study of the salient issues facing the region today, including its relationship with the United States.",4 credits
66836,JPN-504,Directed Independent Study,,two Japanese courses numbered 201 or greater. Variable credit.,,
66834,JPN-404,Advanced Japanese IV,,JPN-403,"A continuation of JPN 403, emphasizing all four language skills. Students will read from a wide range of genres and write compositions in varied modes, and continue to work on their communicative skills through group discussion, presentations, as well as interviewing native/advanced speakers of Japanese.",4 credits
66694,LAS-470,Issues in Latin America,,,"Capstone course for the Latin American Studies concentration. Thematic focus varies depending on interest and expertise of the instructor. Past topics have included sustainable development, current politics, and the intersection of literature and history. This course is recommended for juniors and seniors.",4 credits
72665,LAS-222,Screening Social Justice in Chilean TV and Film,,,"This course will examine recent Chilean television, film, and street art dealing with various social justice issues. Students will study these cultural artifacts within the context of social movement theory and will study how these cultural texts relate to the 2019 social upheaval in Chile, either by helping to foreshadow it or by reflecting on its aftermath. In addition, students will compare how social issues regarding healthcare, gender-based violence, abortion, income inequality, and the education system are treated in Chile and the United States.",2 credits
67531,LAS-220,Performing Memory in Latin America,,,"Exploration of how different genres of contemporary Latin American urban art express issues of cultural, historical, and political memory. By engaging with urban music, street art, and different types of performance, we will address notions of cultural celebration, remembrance, and conservation of collective memory within local and global Hispanic communities. Topics include state political violence, gender discrimination, imperialism, immigration, and cultural resistance. May Experience ONLY.",2 credits
66837,LNG-210,General Linguistics,GER: HB (Empirical Study of Human Behavior),,"Introduction to the nature, structure, and functions of human language. Topics include: design features of language; phonology, morphology, and syntax; semantics; and language variability.",4 credits
67432,LAS-300,Travel Study in Latin America,,,"In-depth examination of a particular theme or issue facing contemporary Latin America. Travel, lectures, and site visits emphasize an interdisciplinary perspective. May be repeated with change of instructor/topic/region. Part of the LAS travel study program.",4 credits
66838,LNG-220,Linguistic Analysis,GER: WR (Writing-Research Intensive) and HB (Empirical Study of Human Behavior),any first year writing (FYW) seminar,"Builds upon the principles presented in General Linguistics and applies them in the analysis of further topics such as writing systems, language comparison and change, language acquisition and learning, and artificial and non-human communication systems.",4 credits
66839,LNG-230,Language as Cultural Phenomenon,,,"An introduction to sociocultural or anthropological linguistics, the study of the relationship between language, culture, and society. Readings, lectures, and discussions will focus on variation at all levels of language and how this variation helps to create diversity and is itself created by a multitude of factors with possible educational, political, cultural, and social repercussions.",4 credits
66840,LNG-240,The Origin of Language,,LNG-210,"Spoken language has been called the most important achievement of humanity. The origin of language may be found in the gestures of hominids millions of years ago. An investigation of how these simple gestures may have developed into the modern spoken, written, and signed languages of today.",4 credits
67819,LNG-260,The Bilingual Mind,GER: HB (Empirical Study of Human Behavior) and WR (Writing/Research Intensive),Any FYW course and 1 course from subject ”LNG”,"The course presents a comprehensive introduction to the foundations of bilingualism, covering current issues in language processing, language acquisition, cognition and the bilingual brain. This course also introduces students to the methodological approaches employed in the field of psycholinguistics. Students will be able to identify and understand the core components of psycholinguistic research, describe theoretical models of language processing, and critically evaluate and discuss empirical research and its methods. This course is accessible to non-specialists with little previous exposure to the field, but prior knowledge in linguistics is preferred.",4 credit
66841,LNG-250,Second Language Learning and Acquisition,,,In-depth investigation of the linguistic processes and considerations involved in second and subsequent language learning and acquisition in both the classroom environment and in a natural setting.,4 credits
66843,LNG-504,Directed Independent Study,,,Variable credit.,
68256,LNG-505,Structured Internship,,Instructor Permission Required,"Students will have an opportunity to apply their knowledge of language and linguistics in a professional setting. Students will develop a list of objectives for the specific internship, maintain a log and reflective journal, attend regular class meetings, and submit a paper about the internship. No more than four credits of either LNG-503 or LNG-505 may contribute to the Linguistics minor. Four credits of LNG-503 count as the required high-impact experience. Pass-No pass grading option not available. Variable credits.",
66337,LTN-110,Elementary Latin,,appropriate placement,"Introduction to the fundamentals of classical Latin. Topics include: pronunciation, basic vocabulary, grammar and syntax, practice in reading basic Latin. Graded reading material is adapted from classical texts and cultivates an appreciation of Latin literature and culture.",4 credits
66842,LNG-405,Introduction to Romance Linguistics,GER: HB (Empirical Study of Human Behavior),at least two courses numbered 210 or greater in French or Spanish,"An introduction to descriptive, historical, and applied linguistics with reference to the romance languages, specifically French and Spanish.",4 credits
68255,LNG-503,Individualized Internship,,Instructor Permission Required,"Students will have an opportunity to apply their knowledge of language and linguistics in a professional setting. Students will develop a list of objectives for the specific internship, maintain a log and reflective journal, attend regular meetings with faculty, and submit a paper about the internship. No more than four credits of either LNG-503 or LNG-505 may contribute to the Linguistics minor. Four credits of LNG-503 count as the required high-impact experience. Pass-No pass grading option not available. Variable credits.",
67593,LTN-305,Latin: Analytical Approaches,,,"TA (Analysis of Texts) LAT 201 or Permission of Instructor Scholarly analysis of ancient Latin texts, their style, themes, interconnections, and transmission history. Continued development of language skills while analyzing texts and publishing data using both traditional approaches and new technologies. 4",
66338,LTN-120,Elementary Latin II,GER: FL (Foreign Language) for students seeking the Bachelor of Science degree ONLY,LTN-110,"Continuation of LAT-111. Topics include: continued study of vocabulary, grammar and syntax; reading more difficult Latin; gaining greater appreciation of Latin literature and culture.",4 credits
67631,LTN-325,Latin:  Intensive Readings,GER: FL (Foreign Language),LTN-201 Intermediate Latin I,"Reading substantial passages from Ancient Latin texts, focusing on vocabulary-building, content and themes. Repeatable with change of topic.",4 credits
67619,LTN-315,Latin: Translation & Research Methods,,,"WR (Writing/Research Intensive) LTN-201 or placement Close readings of Latin texts, focusing on advanced understanding of syntax and style, and approaches to translation. Repeatable with change of topic.",4 credits
66339,LTN-201,Intermediate Latin I,GER: FL (Foreign Language),LTN-120 Elementary Latin II,"Reading and interpretation of writings by classical Latin authors. New vocabulary, review of basic grammar and introduction to new grammar, guidance in translation and comprehension of moderately difficult Latin.",4 credits
66340,LTN-331,Literature of the Roman Republic,"GER: TA (Critical, Analytical Interpretations of Texts)",LTN-201,"Readings from authors such as Catullus, Horace, Propertius, Tibullus, Ovid, or Vergil. Review and introduction to advanced grammar, style, meter, figures of speech, guidance in translation, comprehension, and scholarly interpretation of the text. Course may be repeated for credit based on change of topic.",4 credits
66343,LTN-334,Literature of the Late Antique and Medieval Period,"GER: TA (Critical, Analytical Interpretations of Texts)",LTN-201 Intermediate Latin I,"Selected readings from authors of the late antique and medieval periods of Latin literature. Attention is paid to advanced grammar, rapid comprehension, and the scholarly interpretation of the text.",4 credits
66342,LTN-333,Literature of the Roman Empire,"GER: TA (Critical, Analytical Interpretations of Texts)",LTN-201 Intermediate Latin I,"Readings from authors such as Caesar, Cicero, Livy, Pliny the Younger, Sallust, and Seneca. Review and introduction to advanced grammar, guidance in translation, comprehension, and scholarly interpretation of the text. Course may be repeated for credit based on change of topic. Course may be repeated for credit based on change of topic.",4 credits
66344,LTN-335,Studies in Advanced Latin,"GER: TA (Critical, Analytical Interpretations of Texts)",,"Selected readings from genres such as satire, letters, or drama. Attention is paid to advanced grammar, rapid comprehension, and scholarly interpretation of the text. Course may be repeated once with a change of author. Course may be repeated once with a change of topic.",4 credits
66341,LTN-332,Literature of the Augustan Age,"GER: TA (Critical, Analytical Interpretations of Texts)",LTN-201,"Reading of select comedies of Plautus and Terence. Grammar, meter, style, figures of speech, guidance in translation, comprehension, and scholarly interpretation of the text. Course may be repeated for credit based on change of topic. Course may be repeated for credit based on change of topic.",4 credits
67680,MHC-503,Individualized Internship,,Instructor permission,"Students gain an educational experience in an organization that engages with topics related to medicine, health, and culture. Students engage in reading, writing, and reflection associated with their internship, and submit a written and oral summary at the conclusion of the course.",4 credits
68250,MEM-201,Medieval and Early Modern Studies Colloquium,,any course in Medieval and Early Modern Studies,The symposium will be structured to expose students to a range of disciplinary and methodological approaches to Medieval Studies and to Early Modern Studies. Readings and presentations from several different disciplines in a variety of global contexts will facilitate conversations and analysis of topics and problems with their roots in these chronological periods.,2 credits
66346,LTN-504,Directed Independent Study,,,Variable credit.,
66695,MES-401,Middle Eastern and Islamic Studies Capstone Seminar,,,any one course in Middle East and Islamic Studies Explorations of the Middle East and Islam from multiple perspectives including an extensive research paper asking students to integrate distinct methodological and substantive elements from other courses.,4 credits
66345,LTN-401,Latin Prose Composition,,,Study of Latin syntax and the expression of ideas of moderate complexity in Latin.,4 credits
67475,MLL-150,The Rhine: Life on the Line,,,"Exploration of the Upper Rhine Plain as a point of contact between civilizations. Study of the geographical, historical, commercial, political, and cultural specificities of the border area where, along the line of the Rhine river, today’s France, Germany, and Switzerland meet. May Experience ONLY.",2 credits
66844,MLL-050,Community Based Learning,,,Community-based service or teaching project linking the classroom to the community in a process of experiential learning.,0 credits
67808,MLL-210,German Language Islands,GER: HB (Empirical Study of Human Behavior),Any first year writing seminar,"This course investigates the various so-called German Language Islands, or isolated areas, with German as the main language, in the US and beyond such as Pennsylvania Dutch, Texas German, and Namibian German. Students will work with resources and online corpora in order to research and recognize the differences between these German dialects and Standard German. All lectures and assignments are in English.",4 credits
66845,MLL-120,Reading Literature in Translation,"GER: TA (Critical, Analytical Interpretation of Texts)",,"Reading and analyzing literature in translation. Introduction to such concepts as point of view, plot, character, imagery, symbolism, rhyme scheme and dialogue, and to various interpretive approaches. Written assignments provide practice in clarifying the understanding of literature. Topics are published prior to each term.",4 credits
67740,MLL-160,Mapping Culture and Identity in Quebec,,,"This course studies the evolution of Quebec’s Francophone community’s identity from the 17th to the 21st century through the visit/study of the province’s 3 major cities: Québec City, Trois-Rivières, Montréal. We will study this Francophone community’s identity evolution from “les Habitants” (First French settlers) to the “French Canadians” (19th century) to “les Québécois” (since the 1960s), while following the course of the Saint Lawrence River as the first settlers did. The course will be organized chronologically, and by following the river, we will also experience the various First Nations’ strong presence and diversity, as well as their major influence/role in the success of the original French colony of “la Nouvelle France”. While in Trois-Rivières, we will explore the role of the wood industry and the immigration patterns that the Industrial Revolution generated; Finally, we will explore contemporary Montréal and its incredible diversity, while remaining the most Francophone city in the world, after Paris. May Experience only.",2 credits
66849,MLL-236,Nazi Cinema and Culture,GER: VP (Visual and Performing Arts),any first-year writing seminar,"Exploration of the history and the aesthetics of fascist cinema. During the years between the Nazis’ rise to power in 1933 and the end of World War II in 1945, cinema was part and parcel of the fascist state, leading some critics to speculate whether the “Third Reich” was perhaps “movie made.” Students may not receive credit for both GRM-466 and MLL-236 .",4 credits
66846,MLL-221,Language and Identity: Spain,,SPN-201 or one Spanish course numbered 215 or greater,Study of how language relates to culture and the formation of identity. Students typically travel to a Spanish-speaking country or a Spanish-speaking region in the U.S. to examine extant minority language(s) alongside the various regional practices and notions of identity in areas of language contact with Spanish. May Experience ONLY.,2 credits
67495,MLL-218,The American Experience of Hispanic Youth,,,"Students will read narratives about Hispanic children in the U.S. and will consider topics related to bilingualism, education, and migration. Students will complete 15 hours at an after-school program that works primarily with Hispanic children. May Experience ONLY.",2 credits
66850,MLL-245,African Literature,"GER: TA (Critical, Analytical Interpretation of Texts) and WC (World Cultures)",,"The development of African Literature from the early 1900s to the present. Focus on the representation of society, culture and peoples of African ancestry, the tumultuous changes resulting from colonial and neocolonial influences, the question of language vis-à-vis African creative writing, and the emergence of national and transnational identities. Authors include Achebe, Mariama Ba, Emecheta, Bessie Head, Ngugi, Oyono, Sembene, and newly established writers.",4 credits
66848,MLL-235,French Cinema,GER: VP (Visual and Performing Arts),any first-year writing seminar,"Survey of French and Francophone cinema from the 1920s to the present day. Topics will include the historical context of each era, the principal film genres, directors, actors, film theory and criticism. Students may not receive credit for both FRN-465 and MLL-235 .",4 credits
66851,MLL-350,Teaching English to Speakers of Other Languages,,LNG-210,"Development of linguistic, cultural, and pedagogical competence in teaching English as a second or foreign language.",4 credits
66729,MSL-101,Introduction to the Army,,,"MSL101 focuses on introduction to the Army and critical thinking. It introduces Cadets to the Army and the Profession of Arms. Students will examine the Army Profession and what it means to be a professional in the U.S. Army. The overall focus is on developing basic knowledge and comprehension of the Army Leadership Requirements Model while gaining a complete understanding of the Reserve Officers’ Training Corps (ROTC) program, its purpose in the Army, and its advantages for the student. Cadets also learn how resiliency and fitness supports their development as an Army leader. Includes a weekly lab facilitated by MSL III Cadets and supervised by Cadre.",2 credits
66852,MLL-501,Independent Study,,,Variable credit.,
67760,MLL-360,Latin America through Film,GER: VP (Visual and Performing Arts) and WC (World Cultures),,"The course is a survey of Latin American contemporary cinema from 1970 to the present day. Students will become familiar with the most prominent film genres, directors and actors in Latin America; major historical periods; political conflicts/actors; key sociocultural issues through the gaze of cinema; and the history of colonialist and imperial inequities and injustices, as it pertains to the formation of the Latin American identity in contemporary times and the relation it has to the United States and Europe.",4 credits
67561,MLL-250,Translating Across Worlds,,,"One course beyond 201 in one modern language besides English (Chinese, French, German, Japanese, Spanish), or special permission from instructors. This course provides a first encounter with theories and practices of literary translation. Work includes theoretical readings, literary and translation workshops, writing portfolio, peer review, and a final project. MayX only.",2 credits
66733,MSL-202,Decision Making and Army Doctrine,,,"Examination of the challenges of leading tactical teams in the complex Contemporary Operating Environment (COE). Highlighting dimensions of terrain analysis, patrolling, and operation orders. Continued study of the theoretical basis of the Army leadership framework explores the dynamics of adaptive leadership in the context of military operations. Cadets develop greater self awareness as they assess their own leadership styles and practice communication and team building skills.",2 credits
66732,MSL-201,Leadership and Ethics,,,"Explorations of creative and innovative tactical leadership strategies and styles by examining team dynamics and two historical leadership theories that form the basis of the Army leadership framework. Aspects of personal motivation and team building are practiced by planning, executing and assessing team exercises and participating in leadership labs.",2 credits
66734,MSL-301,Training Management and the Warfighting Functions,,,"Study, practice, and evaluation of adaptive team leadership skills learned throughout the first two years of the Military Science Leadership program while presented with the demands of the ROTC Leader Development and Assessment Course (LDAC). Challenging scenarios related to small unit tactical operations are used to develop self awareness and critical thinking skills. Systematic and specific feedback on leadership abilities within the 23 leadership dimensions.",2 credits
66731,MSL-111,American Military History,,,"Historical perspective on decisions made by American military leaders and study of major military engagements from the colonial period through the current operating environment. Examination of motivational devices, battle strategies, rules of engagement, supply management, transportation, and logistics. Review of approaches officers used throughout history to lead their troops into battle and inspire them to victory that cadets can continue to employ today. Limited to freshman and sophomores interested in participating in the ROTC program.",4 credits
66730,MSL-102,Foundations of Agile and Adaptive Leadership,,,"MSL102 introduces Cadets to the personal challenges and competencies that are critical for effective leadership. Cadets learn how the personal development of life skills such as critical thinking, time management, goal setting, and communication. Cadets learn the basics of the communications process and the importance for leader’s to develop the essential skills to effectively communicate in the Army. Cadets will begin learning the basics of squad level tactics that will be reinforced during a weekly lab facilitated by MSL III Cadets and supervised by Cadre.",2 credits
66736,MSL-401,Developmental Leadership,,,"Developing proficiency in planning, executing, and assessing complex operations, functioning as a member of a staff, and providing performance feedback to subordinates. Situational opportunities to assess risk, make ethical decisions, and lead fellow ROTC cadets. Lessons on military justice and personnel processes prepare students to transition to becoming an Army officer.",2 credits
66702,MTH-110,Finite Mathematics,GER: MR (Mathematics & Formal Reasoning),,"Topics include: set theory, combinatorics, probability, statistics, matrix algebra, linear programming, Markov chains, graph theory, and mathematics of finance. A student cannot receive credit for this course after credit has been received for MTH-260 or any mathematics course numbered greater than MTH-302. A student cannot receive credit for this course after credit has been received for MTH-260 or any mathematics course numbered 301 or greater.",4 credits
66735,MSL-302,Applied Leadership,,,"Continued development and preparation for the demands of ROTC Leader Development and Assessment Course (LDAC). Serves as the final evaluation of the Cadets’ leadership philosophy, style and character prior to taking a position on the Cadet staff. Increasingly complex and challenging leadership scenarios to develop ability to lead under pressure. Systematic and specific feedback on leadership abilities within the 23 leadership dimensions.",2 credits
67480,MTH-115,Ideas in Mathematics,GER: MR (Mathematics and Formal Reasoning),,"Exploration of some of the great ideas of mathematics, with an emphasis on creative problem solving, effective thinking, and clear writing. Topics will be drawn from areas that include properties of and patterns in numbers, infinity, probability, geometry, topology, fractals, network theory, and statistics.",4 credits
66737,MSL-402,Adaptive Leadership,,,"The dynamics of leading in the complex situations of current military operations in the Contemporary Operating Environment (COE). Examination of differences in customs and courtesies, military law, principles of war, rules of engagement and law of land warfare in the face of international terrorism. Exploring aspects of interacting with non-government organizations, civilians on the battlefield, and host nation support.",2 credits
66703,MTH-150,Analytic Geometry and Calculus I,GER: MR (Mathematics & Formal Reasoning),appropriate placement,"First course in the standard calculus sequence. Introduction to the theory, methods, and applications of differential calculus and an introduction to the definite integral. Topics include: algebraic and trigonometric functions, limits and continuity, rules for differentiation, applications of the derivative, antiderivatives, and the definition and basic properties of the definite integral.",4 credits
67717,MTH-116,Introduction to Cryptology,GER: MR (Mathematical and Formal Reasoning),,"An introduction to cryptology, the making and breaking of codes and ciphers, from a mathematical perspective. Cryptology related topics include monoalphabetic substitution ciphers, polyalphabetic substitution ciphers, the index of coincidence, the Playfair cipher, transposition ciphers, matrix ciphers, stream ciphers, the data encryption standard, the Diffie-Hellman Key Exchange, and RSA. Mathematical related topics include number theory, matrix algebra, probability, and statistics.",4 credits
67393,MTH-145,"Calculus for Management, Life and Social Sciences",GER: MR (Mathematics and Formal Reasoning),,"Introduction to the methods of differential and integral calculus with an emphasis on applications in the management, life, and social sciences. Topics include limits and continuity, differentiation and integration of functions of one variable, exponential and logarithmic functions, and applications. May not be registered for credit after successful completion of MTH 150 .",4 credits
66707,MTH-120,Introduction to Statistics,GER: MR (Mathematics & Formal Reasoning),,"A standard introduction to statistics with an emphasis on application. Topics include basic experimental design, sampling, numerical and graphical summaries, regression, probability, sampling and randomization distributions, and confidence intervals and hypothesis tests for both categorical and quantitative data. Software is incorporated. A student cannot receive credit for this course after completing MTH 341, MTH 245, or after receiving credit for ECN 120.",4 credits
66704,MTH-151,Analytic Geometry and Calculus II,,MTH-150,"The second course in the standard calculus sequence. An introduction to the logarithmic and exponential functions, the applications of the definite integral, techniques of integration, indeterminate forms, improper integrals, numerical methods, and infinite series.",4 credits
66705,MTH-160,Vectors and Matrices,,MTH-150,"Introduction to the theory of vectors and matrices. Among the topics included are: vectors, vector operations, the geometry of Euclidean space, systems of equations, matrices, matrix operations, special transformations, eigenvalues, and applications of matrix theory.",4 credits
66709,MTH-255,Differential Equations,,MTH-151 and MTH-160,"Introduction to the theory, methods, and applications of ordinary differential equations, including first- and higher-order differential equations, series solutions, systems, approximate methods, Laplace transforms, and phase plane analysis.",4 credits
66708,MTH-250,Vector Calculus,,MTH-151 and MTH-160,Introduction to multivariate and vector calculus. Topics include vector functions and the differential and integral calculus of functions of several variables including Green?s Theorem and Stokes? Theorem.,4 credits
67537,MTH-245,Statistical Methods I with R,GER: MR (Mathematics & Formal Reasoning),"BIO-222 , ECN-120 , HSC-201 , MTH-120 , PSY-202 or SOC-302","Management, manipulation, visualization, and statistical analysis of data sets using the statistical programming language R. Topics include the formatting and transformation of data sets; visualizing and describing data; implementing basic statistical tests in R; ANOVA, regression, chi-square tests, nonparametric tests; selecting models and testing assumptions. Additional topics may include the design of surveys and experiments and an introduction to Bayesian techniques.",4 credits
67350,MTH-242,Who’s #1? The Mathematics of Rating and Ranking,,,"From the ranking of the web pages by Google and other search engines, to the ranking of movies and products by Netflix and Amazon, to the ranking of sports teams destined for postseason tournaments — it is clear that rankings of all types are pervasive in today’s society. Introducing students to the mathematical topics that underlie many different ranking systems. May Experience ONLY. May Experience ONLY.",2 credits
66712,MTH-302,Mathematics for Elementary School Teachers II,,MTH-301,"Decimals and percents; elementary probability; descriptive statistics; geometry of shapes in two and three dimensions; congruence and similarity; measurement; geometric transformations; teaching strategies, materials, and technologies for these topics in grades pre K-6 and field-based experiences in area schools.",4 credits
67769,MTH-314,Problem Solving in Mathematics,,MTH-160 and MTH-260,"An introduction to the art of problem-solving in mathematics. Students of this course will experience mathematics as a creative human endeavor, as an experimental and inductive experience. This course will promote writing, oral presentation, and collaborative and independent thinking. We will study problems from various areas of mathematics. These areas could include algebra, analysis (calculus), combinatorics, game theory, graph theory, logic, number theory, and probability.",4 credits
67761,MTH-315,Knot Theory,,MTH-160 Vectors and Matrices and MTH-260 Transition to Higher Mathematics,"An introduction to knot theory, a subfield of topology where two knots are considered equivalent if there exists an ambient isotopy between them in three-dimensional space, or more intuitively, two knots are the same if one can be continuously deformed to the other without letting a knot cut through itself. Topics to be examined include knot equivalence and Reidemiester moves, knot composition and prime knots, Seifert surfaces and the genus of a knot, different families of knots and links, Thurston’s classification of knots, combinatorial knot invariants, and knot polynomials. Additional topics may include games on knot diagrams, hyperbolic knots, mosaic knot theory, and/or knots in topological graph theory.",4 credits
66710,MTH-260,Transition to Higher Mathematics,GER: WR (Writing-Research Intensive),any first year writing seminar and MTH-150,"Introduction to the main ideas and proof techniques of mathematics with an emphasis on reading, writing and understanding mathematical reasoning. Among the topics covered are logic, proof techniques, sets, cardinality, combinatorial enumeration, mathematical induction, relations, functions, and others selected by the instructor.",4 credits
66711,MTH-301,Mathematics for Elementary School Teachers I,,,"Problem solving and mathematical reasoning; sets and set operations; functions; numeration systems; the systems of whole numbers, integers, and rational numbers; algorithms; mental computation; elementary number theory; teaching strategies, materials, and technologies for these topics in grades pre K-6.",4 credits
66713,MTH-320,Number Theory,,MTH-160 and MTH-260,"Introduction to the arithmetic properties of the integers including divisibility, congruences, diophantine equations, primes and their distribution, quadratic forms and quadratic reciprocity. Additional topics will be chosen from continued fractions, cryptography, partitions, elliptic curves, modular forms and number fields.",4 credits
66706,MTH-337,Operations Research,,MTH-151 and MTH-160 ; recommend taking CSC-121,"Application of mathematical modeling and analytical methods to make better decisions. Topics include modeling, algorithm design, discrete linear function optimization with linear constraints, convexity, duality, sensitivity analysis, and optimality criteria.",4 credits
66715,MTH-330,Combinatorics and Graph Theory,,MTH-160 and MTH-260,"A study of the primary methods and fundamental ideas of combinatorics and graph theory. Topics covered include generating functions, set partitions, recurrence relations, inclusion-exclusion, trees, graph connectivity, independence, and graph colorings. Additional topics will be chosen from Ramsey theory, set systems, planarity, directed graphs, matchings, and Hamiltonian and Eulerian graphs.",4 credits
66714,MTH-325,Modern Geometry,,MTH-160 and MTH-260,"Development of Euclidean and non-Euclidean geometries. Topics include axiom systems, models, congruence theorems, parallel postulates, and the philosophical and historical background to geometry.",4 credits
66716,MTH-335,Mathematical Models and Applications,,MTH-250 and MTH-255 ; recommend taking MTH-245 or CSC-121,"A selection of mathematical models using various continuous and discrete methods and having applications in business and the social and biological sciences. Included are ecological models, epidemic models, Richardson146s arms race model, and population growth models. Other topics discussed are linear programming, voting problems, and Markov chains.",4 credits
66717,MTH-340,Probability,,MTH-250,"Calculus-based course in probability, covering counting, discrete and continuous probability, random variables, important probability distributions, joint distributions, expectation, moment generating functions, and applications of probability.",4 credits
67644,MTH-355,Discrete Dynamical Systems,,MTH-160 and MTH-260,"This is an introductory course on the tools and theory of dynamical systems. Course topics will include periodic points and cycles, fixed points, Sharkovskii’s Theorem, sensitive dependence and chaos, recurrence, entropy, and symbolic dynamics. Additional topics may include dynamics in the complex plane, bifurcations, and/or fractal dimension.",4 credits
66719,MTH-350,Complex Variables,,"MTH-250, MTH-160, and MTH-260","Study of the complex plane and the calculus of functions of a complex variable. Topics to be considered include the algebra and geometry of complex numbers, limits and derivatives of functions of a complex variable, the Cauchy-Riemann equations, contour integrals, Taylor and Laurent series, and residues.",4 credits
67657,MTH-345,Statistical Methods II with R,,MTH-160 and MTH-245,"Statistical Methods II with R is a second course in data analysis that focuses on modeling and prediction through the use of modern statistical learning techniques in Cran R. Topics include shrinkage methods (ridge regression and LASSO), bootstrapping, cross-validation, count regression, logistic regression, regression and classification trees (bagging, random forests, boosting), k-nearest neighbors, discriminant analysis, naive Bayes, support vector machines, principal components analysis, and clustering. Applications will be taken from a number of disciplines, including biology, economics, and public health. Additional topics may include Markov chains, simulation, and Bayesian statistics.",4 credits
66718,MTH-341,Mathematical Statistics,,MTH-340,"Calculus based course in statistics covering sampling, estimation, hypothesis testing, chi-square tests, regression, correlation, analysis of variance, experimental design, and nonparametric statistics.",4 credits
66723,MTH-451,Topics in Analysis,,MTH-450,An in-depth investigation of selected topics in analysis.,4 credits
66722,MTH-450,Real Analysis,,"MTH-151, MTH-160, and MTH-260","A theoretical introduction to some of the basic ideas of real analysis: real numbers and the topology of the real line, sequences and series of real numbers, limits of functions, continuity, uniform continuity, differentiation, the Riemann integral, and sequences and series of functions.",4 credits
66721,MTH-420,Topology,,MTH-160 and MTH-260,"Introduction to concepts in topology including the following: topological spaces, metric spaces, continuity, homeomorphisms, neighborhoods, closed sets and closure, basis and sub-basis for a topology, subspaces, product spaces, connectivity, compactness, and separation axioms.",4 credits
67394,MTH-435,Scientific Computation,,,"Prequisite: CSC-121 and MTH-250 or MTH-255 This course provides a practical introduction to computational problem solving. Topics covered include floating point arithmetic, sources of error, conditioning and numerical stability, root finding, numerical linear algebra, systems of ordinary differential equations, and scientific programming.",4 credits
67718,MTH-365,Rings and Fields,,MTH-160 and MTH-260,"An introduction to the study of abstract rings and fields, including: polynomial rings, matrix rings, ideals, homomorphisms, quotient rings, Euclidean domains, principal ideal domains, unique factorization domains, field extensions, algebraic closures, and Galois theory.",4 credits
66727,MTH-503,Individualized Internship,,,"In consultation with a faculty sponsor, students develop internships, identify objectives, read literature, complete writing assignments related to their internship, and submit reflective summaries of their activities. Course will not count as a major elective for mathematics, mathematics-economics, or computing and applied mathematics majors. Pass-no pass only. Variable credit.",
66724,MTH-460,Group Theory,,MTH-160 and MTH-260,"A theoretical introduction to some of the basic ideas of modern abstract algebra. Included is a study of groups, rings, domains, polynomial rings and fields as well as an investigation of their sub-structures and of the fundamental homomorphism theorems.",4 credits
66725,MTH-461,Topics in Algebra,,MTH-460,An in-depth investigation of selected topics in abstract algebra.,4 credits
66720,MTH-465,Linear Algebra and Matrix Theory,,"MTH-151 , MTH-160 and MTH-260","Study of finite dimensional real vector spaces, linear transformations, determinants, inner product spaces, eigenvalues and eigenvectors.",4 credits
66726,MTH-502,Research,,,Theoretical or applied research in mathematics with potential for publication in professional journals and/or presentation at professional meetings. Variable credit. Variable credit.,
66893,MUS-050,Recital Attendance,,,,0 credits
66894,MUS-051,Freshman Music Colloquium,,,,0 credits
66895,MUS-060,Symphony Orchestra,,,,0 credits
66728,MTH-504,Directed Independent Study,,,"Study of an area of mathematics of interest to the student that is not part of one of the listed courses. The student must choose a faculty member to direct the study and, together with this faculty member, prepare a description of the material to be covered and submit it to the department chair for approval. May only contribute to major requirements at discretion of the chair. Variable credit.",
66896,MUS-061,Furman Band,,,,0 credits
66899,MUS-064,Women’s Chorale,,,,0 credits
66900,MUS-065,Chamber Choir,,,,0 credits
66898,MUS-063,Men’s Chorale,,,,0 credits
66901,MUS-066,Oratorio Chorus,,,,0 credits
66897,MUS-062,Furman Singers,,,,0 credits
66906,MUS-071,Percussion Ensemble,,,,0 credits
66904,MUS-069,Brass Ensemble,,,,0 credits
66905,MUS-070,Woodwind Ensemble,,,,0 credits
66902,MUS-067,Jazz Ensemble,,,,0 credits
66903,MUS-068,Jazz Combo,,,,0 credits
66909,MUS-074,Saxophone Quartet,,,,0 credits
67395,MUS-077,Collaborative Piano,,,Piano and Organ Performance majors have the option of choosing collaborative piano to fulfill their large ensemble requirement in the junior and/or senior year. This option must be approved by the Keyboard Area Coordinator and the Department Chair by the end of the term prior to the term for which the student elects this option.,0 credits
66907,MUS-072,String Chamber Music,,,,0 credits
66910,MUS-076,Guitar Ensemble,,,,0 credits
66908,MUS-073,String Quartet,,,,0 credits
66912,MUS-102,Introduction to Jazz,GER: VP (Visual and Performing Arts),,Historical overview of the development of jazz. Intended for non-music majors. Includes the study of significant artists and their recordings in a social and historical context.,4 credits
67513,MUS-100,Concert Music,GER: VP (Visual and Performing Arts),,"Same as MUS-101 . An introduction to music through attendance at live performances. Class meetings, readings, and other assignments will prepare students to experience a variety of different concerts of Art Music at venues throughout Greenville.",4 credits
66911,MUS-101,Introduction to Music,GER: VP (Visual and Performing Arts),,"Same as MUS-100 . Introduction to the fundamentals of music, exploring a variety of musical genres, and developing an appreciation of the diverse musical genres. Although the focus for each section varies, all sections address certain fundamentals of music: listening skills, cultural context, historical development, musical vocabulary, musical structure, and style. Requires out-of-class listening and attendance at live concerts. Descriptions of the sections are published during the enrollment period for each term. Requires out-of-class listening and attendance at live concerts.",4 credits
67826,MUS-079,Bluegrass Ensemble,,,"The Furman Bluegrass Ensemble performs music ranging from old-time Appalachian, country blues, traditional bluegrass, to progressive acoustic music. String instrumentalists (violin, viola, cello, bass, guitar, mandolin, and banjo) and vocalists interested in traditional American music are encouraged to participate. The ensemble meets for 1 hour per week for a coaching with the instructor. Instrumentalists must provide their own instrument. Reading music notation is not required. The ensemble is made up of both music majors and non-majors.",0 credits
67807,MUS-103,Introduction to American Folk and Country Music,GER: VP (Visual and Performing Arts),,"The Introduction to Folk and Country Music traces the development of North American music from its roots from the British Isles, the impact of enslaved African peoples, and the development of distinct musical styles as the music spread across the United States. The contributions of European immigrants, African-Americans, Hispanics, Franco-Americans, and Native-Americans on creating the unique styles of music of North America will be explored.",4 credits
66917,MUS-108,Guitar Class I,,,"Introduction to guitar skills. Intended for students with no guitar skills. Emphasis is on achievement of basic proficiency in chord playing, note reading, strumming patterns, and basic finger styles.",2 credits
66913,MUS-104,Voice Class I,,,"Basic fundamentals of correct singing (posture, breathing, tone production). Beginning studies in vocal repertoire.",2 credits
66915,MUS-106,Piano Class I,,,"First year piano for students with little or no keyboard knowledge. Early study is devoted to keyboard orientation and functional keyboard skills. Later, the study of the styles and literature of the piano is pursued through standard repertoire. Instructor permission required.",2 credits
66914,MUS-105,Voice Class II,,,Continuation development of principles and techniques studied in first voice class. Designed for students with prior singing experience.,2 credits
66916,MUS-107,Piano Class II,,,"Continuation of Class Piano I. For students with some previous keyboard training. Knowledge of basic rudiments of music is assumed, and emphasis is placed on developing pianistic fluency through standard repertoire and finger exercises.",2 credits
66921,MUS-113,Composition Seminar,,Instructor Permission.,"Issues and topics relevant to contemporary music in general, current day compositional methods, techniques and literature in particular, and forum for presentation and discussion of works by invited guests, faculty, and students. May be repeated for credit.",1 credit
67719,MUS-115,Music-reading Fundamentals for the Singing Actor,,,"In this course, students will build musicianship skills for performing in musical theatre. Course activities will develop skills for confident score-reading, sight-singing and melodic assistance at the keyboard. Students will put these tools to use through listening, sight-singing, playing, and writing.",2 credits
66919,MUS-111,Basic Musicianship I,GER: VP (Visual and Performing Arts),Department Permission,"Introduction to music fundamentals, basic principles of voice leading, and harmonic progression through development of complementary skills in analysis, composition, improvisation, music technology, sight-singing, ear training, and at the keyboard.",4 credits
66918,MUS-109,Guitar Class II,,,"Continuation of MUS-108. Emphasis is on chord playing, note reading, strumming patterns and basic finger styles through learning various songs. Also designed for students with prior guitar playing experience.",2 credits
66920,MUS-112,Basic Musicianship II,,MUS-111,"Ongoing study of voice leading, diatonic harmony, basic modulation, and small forms through continued development of complementary skills in analysis, composition, improvisation, music technology, sight-singing, ear training, and at the keyboard.",4 credits
66922,MUS-120,Introductory Music Literature,,MUS-111,"Exploration of important composers and works, topics will include: recurring cycles of classicism and romanticism, performance practice, sacredness in music, the nature of creativity, translations of vocal music and the changing roles of the composer, performer and audience in society.",2 credits
68544,MUS-131,Introduction to Vocal Performance Topics 2,,,"The purpose of this course is to offer students an introduction to college voice study. Students will be allowed to develop preparation and performance skills, build on their literacy of classical vocal performance, gain a greater understanding of various related topics that will develop them as stronger individual performers for college-level study, and it will give them a foundation in the International Phonetics Alphabet.",1 credit
68545,MUS-132,Keyboard Topics I,,,"A course in the elements of music specific to the keyboard area. Topics covered will include a study of piano history and performance practices such as articulation and ornamentation, rhythmic conventions, use of pedal, etc. In addition, students will be introduced to basic collaborative skills and the great performers of the past and present.",1 credit
68543,MUS-130,Introduction to Vocal Performance Topics 1,,,"The purpose of this course is to offer students an introduction to college voice study. Students will be allowed to develop preparation and performance skills, build on their literacy of classical vocal performance, gain a greater understanding of various related topics that will develop them as stronger individual performers for college-level study, and it will give them a foundation in the International Phonetics Alphabet.",1 credit
68546,MUS-133,Keyboard Topics II,,MUS 132,"The second course in the elements of music specific to the keyboard area. Topics covered will include the introduction to the study of organ and harpsichord, including performance practices, etc. Students will be introduced to jazz studies and explore contemporary keyboard styles. In addition, students will continue to develop basic collaborative skills.",1 credit
68548,MUS-161,Furman Bands,,,"The Furman Symphonic Band performs concerts in the 2000-seat McAlister Auditorium on campus and regularly travels to perform, and the Paladin Regiment performs for home football games and selected away games each year. Additionally, the band may perform for area high school band contests, parades, basketball games, and community events. Players in these bands and their auxilliaries register for this course.",0-1 credits
68550,MUS-164,Belle Voci,,,"Belle Voci (Beautiful Voices) is a treble choir that seeks to share music that not only expresses the art of beautiful singing, but hopes that the language of music can be a connection to help find our common humanity, and to create a supportive and nurturing community of artists and scholars. The choir performs a wide range of choral music spanning from the Renaissance to the present, with regular collaborations with instrumentalists. Admission to the choir is by audition and permission of the instructor.",0-1 credits
66923,MUS-211,Basic Musicianship III,,MUS-112,"Ongoing study of voice leading, chromatic harmony, advanced modulation, and small forms through continued development of complementary skills in analysis, composition, improvisation, music technology, sight-singing, ear training, and at the keyboard.",4 credits
68549,MUS-162,Furman Singers,,,"Furman Singers, Furman University’s flagship choir, comprises students from many fields of study and backgrounds who are passionate about performing choral music. The ensemble explores and performs music spanning from the Renaissance to the present, and regularly collaborates with the Furman Symphony, Furman Bands, and Greenville Symphony Orchestra, in additional to regular tours. Admission to the choir is by audition and permission of the instructor.",0-1 credits
68547,MUS-160,Symphony Orchestra,,,"The Furman Symphony Orchestra presents four to five annual concerts, including opera, musical theatre, and choral-orchestral works, alongside its biennial Concerto Competition. Students build leadership, time management, and problem-solving skills, treating individual parts as weekly projects that contribute to the ensemble&rsquo;s success. The orchestra also collaborates with The Furman Singers, The Sarah Reese Lyric Theatre, and The Oratorio Chorus.",0-1 credits
66924,MUS-212,Basic Musicianship IV,,MUS-211,"Overview of large musical forms and of contemporary compositional techniques through continued development of complementary skills in analysis, composition, improvisation, music technology, sight-singing, ear training, and at the keyboard.",4 credits
66928,MUS-311,Composition Seminar,,MUS-212,"Emphasis on applied study in the craft and technique of composition. Revolving topics include choral/vocal music, chamber music, consorts and mixed ensembles, large ensembles, and electronic music, complemented by analysis of representative works from classical and modern literature. May be repeated for credit. May be repeated for credit.",2 credits
66926,MUS-221,Music History I,,MUS-112,"The development of musical style, covering the period from Antiquity to c. 1650. Representative examples of music are discussed, with an emphasis on social-historical context and the philosophical origins of Western music.",2 credits
66925,MUS-220,Music and Culture,"GER: WC (World Cultures) IEJ (Identities, Equity, and Justice)",MUS-211,"A scholarly exploration of music as, and within, human culture. Through critical listening/reading, practical musical experiences, and a diverse range of guest lectures, this course will utilize a polystylistic framework to examine the act of music-making not only as artistic expression, but also as a socio-cultural product and commodity.",4 credits
66927,MUS-310,Form and Analysis,,MUS-212,"Prelude, reductive analysis, fugue, motivic analysis, continuous variation, binary (simple, rounded, continuous rounded, etc.), sonata (articulated binaries), theme groups, rondo, hybrid forms, concerto, concerted forms, Lieder, song forms, detailed phrase analysis, miniatures, ternary forms, associations to twentieth century music.",4 credits
66932,MUS-320,Music History II,GER: WR (Writing-Research Intensive) and HA (Historical Analysis of Human Interactions),"any first year writing seminar, MUS-212 and MUS-221",The stylistic development of Western European art music within the broader context of European history. It will also explore the relationship of music history to other forms of historical inquiry.,4 credits
66931,MUS-314,Projects in Music Technology,,instructor permission,"Focus on applied study of music technology, involving both individual and group lessons. Possible topics to include: digital audio recording/editing, advanced MIDI applications, performance with technology, and multimedia production. Students develop an extended creative project and produce appropriate documentation (live presentation, audio CD, interactive DVD, etc.) May be repeated for credit. May be repeated for credit.",2 credits
68257,MUS-315,Business of Music,,MUS 111 OR MUS 115,"This class will provide students with a broad-based knowledge of business and the arts. The course allows students with an interest in music to develop widely practical skills, including nonprofit management, business communication, marketing, creative media, and entrepreneurship. Upon completing the course, students will have gained the knowledge and professional materials (both digital and physical) necessary to support their career in music.",4 credits
68551,MUS-319,Music History 1,,MUS 220,"The development of musical style, exploring music from Antiquity and the Medieval, Renaissance, Baroque, and Classical eras. Representative examples of music are studied, with an emphasis on social-historical context.",4 credits
66929,MUS-312,Orchestration,,MUS-212,"The craft of orchestration through knowledge of transpositions, ranges of instruments, actual scoring for string, woodwind, brass, and percussion sections, and finally culminating in a scoring for full orchestra. Music copying skills are developed.",2 credits
67735,MUS-326,Italian Arts and Culture,,,An interdisciplinary experiential study of select musical artistic and architectural treasures of Italy with emphasis on those of the Tuscan region.,4 credits
66936,MUS-328,Introduction to Music Research,,MUS-212,"An introduction to the methods and standard resources of music scholarship. Emphasis will be on primary sources, research tools, and evaluation strategies.",2 credits
66933,MUS-321,Music History III,,MUS-212,"A survey of the development of musical style from ca. 1890 to the present. Representative musical examples are heard, studied and discussed, with an emphasis on social-historical context.",2 credits
66934,MUS-325,Italian Arts and Culture,,,"An interdisciplinary, experiential study of select musical, artistic and architectural treasures of Italy, with emphasis on those of the Tuscan region. This course is offered as a component of the Music Department’s study away program.",2 credits
66935,MUS-327,The Alexander Technique and Body Mapping,,,"Familiarization with the Alexander Technique, an approach to body awareness, mapping, and ease of movement, specifically but not exclusively designed for performers. Emphasizes the role of anatomy in developing an understanding and application of the principles of Alexander Technique. Active exploration of the Alexander Technique designed to unlock creativity, discover freedom and ease in performance, reduce stress and tension throughout the body, and prevent performance related injuries.",2 credits
66940,MUS-333,Percussion Methods,,MUS-212,Preparing instrumentalists to teach the fundamentals of percussion performance at the elementary and secondary school level. Emphasis will be placed upon pedagogy as well as the acquisition of performance skills on all percussion Instruments.,2 credits
66938,MUS-331,Woodwind Methods,,MUS-212,Study of woodwind instruments for the purpose of learning teaching and playing skills.,2 credits
67791,MUS-329,Band Auxiliaries Sport of the Arts: Colorguard Pedagogy and Design,,,"Students would gain hands-on experience learning fundamentals, history, and pedagogy of colorguard (dance, flag, rifle, sabre) as it relates to the visual contributions to a marching band. Students will learn technique, design considerations for choreography and show construction, and instruction. Through study of historical context and current trends in the activity, students will be able to collaborate with others to construct marching program shows. Activities include practical instruction, observation of marching programs, and hands-on design experience. May Experience ONLY.",2 credits
66939,MUS-332,Brass Methods,,MUS-212,Preparing instrumentalists to teach the fundamentals of brass performance at the elementary and secondary school level. Emphasis will be on pedagogy as well as the acquisition of performance skills on all brass Instruments.,2 credits
66937,MUS-330,String Methods,,MUS-212,"Designed to produce a level of proficiency needed to teach violin, viola, cello and bass in the public schools.",2 credits
66943,MUS-341,Hymnology,,MUS-212,Survey of major developments in hymnody 151 both hymn texts and hymn tunes 151 from the early Christian era to the present.,2 credits
66941,MUS-334,Guitar Methods,,MUS-212,Designed to prepare music educators to teach the fundamentals of guitar performance at the elementary and secondary school levels. Emphasis will be placed on pedagogy and course management as well as performance skill.,2 credits
66942,MUS-340,Church Music Ministry,,MUS-212,"Relationship of the music ministry to the church functions of worship, education and evangelism; the varying roles of music in the church and aspects of administering a program of church music.",2 credits
66945,MUS-351,Applied Jazz Improvisation,,MUS-350 and instructor permission,"Continuation of topics from MUS-350. Individualized instruction, modeled after traditional one-on-one applied music study, with focus on more advanced applications of the melodic, harmonic, formal and textural elements of solo improvisation. May be repeated for credit. May be repeated for credit.",2 credits
66944,MUS-350,Fundamentals of Jazz Improvisation,,instructor permission,"Focus on the techniques and performance practice of jazz improvisation. Includes practical application of melodic, harmonic, rhythmic, and formal elements of the aural tradition of jazz.",2 credits
66950,MUS-356,Lyric Diction I,,MUS-511,Review of the Internation Phonetic Alphabet (IPA). Application of IPA to rules of singing in Italian and German with oral and written drill.,2 credits
66946,MUS-352,Basic Conducting,,MUS-211,"Basic skills required of a conductor: beat patterns, cuing, expressive and functional use of the left hand, introduction to score study.",2 credits
66947,MUS-353,Instrumental Conducting,,MUS-352,"A continuation of MUS-352 with emphasis on the continued development of general conducting skills for instrumental music. Discussion and in-class performance in rehearsal technique, advanced conducting analysis, and criteria for selecting music. Video and live demonstrations as well as written and verbal critique of conducting actions included.",2 credits
66949,MUS-355,Opera Performance Studies,,instructor permission,"Vocal interpretation and characterization of operatic roles, moving to music, understanding theater skills and conventions, preparation and performance of opera scenes.",2 credits
66948,MUS-354,Choral Conducting,,MUS-352,"Continuation of MUS-352. Discussion and class performance in areas of rehearsal technique, advanced conducting analysis, criteria for selecting music, and continued development of general conducting skills. Videotaping as well as written and verbal critique of conducting actions included.",2 credits
66954,MUS-420,Literature of the Instrument,,MUS-212,Survey of the musical literature of a particular performance area. Students (typically performance majors) channel their research and study toward their own performance specialty and survey the general body of compositions written for that medium,2 credits
68562,MUS-401,Music Theory Pedagogy,,MUS 211- Basic Musicianship III.,"This course introduces students to teaching philosophy, method, and practice in music theory, and provides students with tools to teach AP theory at the secondary level and to hold teaching assistantships in music theory during graduate study.",4 credits
66951,MUS-410,Counterpoint,,MUS-212,"Analysis and composition of contrapuntal styles in two, three, and/or four voices. Techniques explored may originate from the sixteenth century through the current day.",4 credits
66953,MUS-412,Senior Project,,MUS-212 and instructor permission,"Capstone requirement of music theory and/or composition degree programs. Synthesis and culmination of undergraduate music study, especially as it relates to the area of specialty.",2 credits
66952,MUS-411,Contemporary Styles and Techniques,,MUS-212,"Introduction to the analysis of musical composition and performance practice in the 20th and 21st centuries. Topics include: extended tonality, atonality, serialism, minimalism, and electroacoustic music.",4 credits
66957,MUS-423,Survey of Choral Literature,,MUS-212,"Choral literature, both sacred and secular, beginning with Gregorian Chant and concluding with choral-orchestral music of the 20th and 21st century will be discussed, analyzed, and heard.",2 credits
66956,MUS-422,Music History and Literature Topics,,,"An intensive study of a narrow area of music history and literature, focusing on a region, genre, style, composer or other theme. The topic for each course offering will vary and will be published beforehand. May be repeated for credit with change of topic. May be repeated for credit with change of topic.",2 credits
67835,MUS-421A,History and Literature of Piano,,,The development of the piano and a survey of the music written for it. Topics include: music written originally for harpsichord and clavichord as well as recent developments in electronic keyboard and computer technology.,4 credits
67836,MUS-421B,History and Literature of Organ,,MUS-310,The development of the organ and a survey of organ music. Topics include: characteristics of organs in specific countries and historical periods and performance practices associated with specific schools and composers.,4 credits
66955,MUS-421,History and Literature of the Instrument,,MUS 212,A comprehensive study of the development of a specific instrument and a survey of the music written for it. Topics will include music written originally for the medium as well as modern developments in musical variety,4 credits
66962,MUS-428,Impressionism in France,,,"A detailed study of Debussy and Ravel: influences by their impressionistic colleagues in the art world (Monet, Renoir, Degas, Manet) and their collaborations with poets Verlaine, Mallarme, Baudelaire, Rimbaud. May Experience ONLY.",2 credits
66961,MUS-427,Opera Overload,,MUS-101 or MUS-120 and the ability to read music,Opportunity to intensively study several complete operas. Students will prepare a variety of readings and watch video performances as a group of operas to become the basis of seminar discussions. Students will prepare a final presentation and paper on a topic to be selected in collaboration with the instructor. May Experience ONLY.,2 credits
66959,MUS-425,Tuning Systems and the Aural Experience,,,"Study of the history of tuning systems which date back thousands of years. Exploring the differences between a Just Intonation tuning system and an Equally Tempered system, including the 12 Tone Equal Temperament System (12-TET). Provides students with a global perspective for experiencing music. May Experience ONLY.",2 credits
66958,MUS-424,Beethoven’s Ninth: Before and After,,MUS-101 or MUS-120 and the ability to read music,Beethoven’s Ninth Symphony was recognized as a landmark work even before its first performance in 1824. In the decades following its influence was keenly felt by every composer contemplating writing a symphony. This course will use a seminar format to study Beethoven’s most influential work and its aftermath. May Experience ONLY.,2 credits
66960,MUS-426,Symphonic Sojourn,,MUS-101 or MUS-120,"An opportunity to immerse oneself in orchestral music, through a number of complete works. Students will read a variety of articles and experience performances of symphonies and other works for symphony orchestra, which will become the basis of seminar discussions. Students will prepare a final presentation and paper on a topic to be selected in collaboration with the instructor. May Experience ONLY.",2 credits
66965,MUS-431,Vocal and Choral Methods,,MUS-212 and prior vocal training,"Comprehensive study in methods of teaching vocal production in the choral setting and the private studio. Considerable emphasis on breathing, phonation, diction, intonation. In addition to the adult voice, consideration is given to the child and adolescent vocal technique. Designed to develop teaching skill.",2 credits
66964,MUS-430,Music for Elementary Classroom Teachers,,EDU-111 and EDU-120,"Designed to prepare students to teach singing and general music in elementary school. Explores methodologies of children’s music, the teaching of music reading and basic elements of music, and the use of music in the teaching of other academic content areas.",4 credits
66967,MUS-433,Music Education Methods,,EDU-221,"Designed to prepare students for K-12 teaching certification in choral and general music. Explores methodological, philosophical, managerial, instructional, and administrative factors specific to general music curricula and choral programs in middle and high schools",4 credits
66966,MUS-432,Instrumental Music Methods,,EDU-221,"Comprehensive study in methods of teaching instrumental music for the elementary, middle, and secondary school. Considerable emphasis on philosophy, objectives, and teaching techniques of the various instrumental ensembles.",4 credits
66963,MUS-429,The Music of John Coltrane,,"MUS-111A, MUS-111B, MUS-111C and instructor permission","Saxophonist John Coltrane was a titanic figure in jazz history whose career simultaneously featured a quest for both musical discovery and spiritual truth. Students will study Coltrane’s life and music, and will analyze a number of Coltrane’s seminal compositions and improvised solos. May Experience ONLY.",2 credits
66969,MUS-435,Jazz Performance Methods,,MUS-111 and instructor permission,"Designed to prepare instrumental music education majors to teach jazz at the secondary school level, but open to any student with jazz experience. Focuses on jazz history, theory, improvisation, rhythm section techniques, rehearsal techniques, and jazz ensemble literature.",2 credits
66972,MUS-451,Piano Pedagogy,,MUS-212,"Designed for pianists to better understand the process of teaching piano. Learning theories, various piano methods, appropriate literature, and laboratory application, developing teaching skills for the piano.",2 credits
66968,MUS-434,Elementary Music Methods,,MUS-212,"Required for choral/ general music education majors. Explores Orff, Dalcroze, Kod224ly, Suzuki, and Gordon, their theories of teaching children, and/or their instructional methods and strategies. Other topics include how to teach children to sing properly, how to teach musical concepts and basic skills such as sight-reading and active listening, and how to incorporate technology into the elementary music classroom. Required for choral/general music education majors.",2 credits
66970,MUS-440,Practicum in Church Music,,MUS-340 and MUS-341,"A semester-long field placement that will serve as a culminating experience in which the philosophies, methods and materials presented in the music core and the Church Music major curricula will be put into practice",4 credits
66971,MUS-450,Vocal Pedagogy,,MUS-212,The science and application of vocal techniques for the teaching of singing.,2 credits
67352,MUS-457,Rites of Spring: the Ballets Russes in Paris,,,"A study away course on the Ballets Russes performed in Paris from1909-29, presenting collaborations that mirrored the aesthetic and socio-political currents of the early 20th century. Uses the company as a catalyst for exploring those currents in their historical and physical context. May Experience ONLY.",2 credits
67353,MUS-458,Engaging Music,,,"Students develop presentations which combine live chamber music performance with music theory and history in such a way to help non-specialist audiences to recognize and appreciate sophisticated aspects of classical music. Performances will be created and rehearsed, then presented in multiple venues in the local community. May Experience ONLY.",2 credits
66973,MUS-452,Service Playing,,,,2 credits
66974,MUS-456,Lyric Diction II,,MUS-511,"Review of International Phonetic Alphabet (IPA). Application of IPA to rules of singing in English, French, Latin and Spanish with oral and written drill.",2 credits
67381,MUS-453,Analytical Encounters,,MUS-212,"Topics in music analysis, in which students will perform analyses, read scholarly materials, and present their findings. The topic will be announced beforehand and vary for each offering. May contribute to a major in the department as a general elective. May be repeated for credit. May Experience ONLY.",2 credits
66978,MUS-511,Voice,,,Variable credit.,
66976,MUS-505,Chamber Music for Winds & Percussion,,,"Practical knowledge of the characteristics and inherent difficulties of individual instruments through rehearsals and coaching sessions, culminating in a public performance of the selected repertoire. Variable credit.",
68552,MUS-500,Performance Studies Studio Class,,,A weekly performance class for students enrolled in Performance Studies courses.,0-1 credits
66977,MUS-510,Vocal Performance Topics,,,Concurrent enrollment in appropriate performance studies instruction required. Enhancement of private studio study. Systematic exposure to a wide gamut of technical and artistic musical performance issues. Concurrent enrollment in appropriate performance studies instruction required. Variable credit.,
66975,MUS-501,Independent Study,,,Variable credit.,
66981,MUS-521,Violin,,,Variable credit.,
66980,MUS-520,String Performance Topics,,,Concurrent enrollment in appropriate performance studies instruction required. Enhancement of private studio study. Systematic exposure to a wide gamut of technical and artistic musical performance issues. Concurrent enrollment in appropriate performance studies instruction required. Variable credit.,
66983,MUS-523,Cello,,,Variable credit.,
66979,MUS-512,Opera,,,Variable credit.,
66982,MUS-522,Viola,,,Variable credit.,
66985,MUS-525,Classical Guitar,,,Variable credit.,
66984,MUS-524,Double Bass,,,Variable credit.,
66988,MUS-528,Jazz Bass,,,Variable credit.,
66987,MUS-527,Harp,,,Variable credit.,
66986,MUS-526,Jazz Guitar,,,Variable credit.,
66993,MUS-534,Euphonium,,,Variable credit.,
66992,MUS-533,Trombone,,,Variable credit.,
66991,MUS-532,Horn,,,Variable credit.,
66989,MUS-530,Brass Performance Topics,,,Concurrent enrollment in appropriate performance studies instruction required. Enhancement of private studio study. Systematic exposure to a wide gamut of technical and artistic musical performance issues. Concurrent enrollment in appropriate performance studies instruction required. Variable credit.,
66990,MUS-531,Trumpet,,,Variable credit.,
66997,MUS-542,Oboe,,,Variable credit.,
66995,MUS-540,Woodwind Performance Topics,,,Concurrent enrollment in appropriate performance studies instruction required. Enhancement of private studio study. Systematic exposure to a wide gamut of technical and artistic musical performance issues. Concurrent enrollment in appropriate performance studies instruction required. Variable credit.,
66998,MUS-543,Clarinet,,,Variable credit.,
66994,MUS-535,Tuba,,,Variable credit.,
66996,MUS-541,Flute,,,Variable credit.,
67001,MUS-546,Contra-Bassoon,,,Variable credit.,
66999,MUS-544,Bassoon,,,Variable credit.,
67002,MUS-547,Bass Clarinet,,,Variable credit.,
67003,MUS-548,Piccolo,,,Variable credit.,
67000,MUS-545,Saxophone,,,Variable credit.,
67007,MUS-552,Drum Set,,,Variable credit.,
67006,MUS-551,Percussion,,,Variable credit.,
67005,MUS-550,Percussion Performance Topics,,,Concurrent enrollment in appropriate performance studies instruction required. Enhancement of private studio study. Systematic exposure to a wide gamut of technical and artistic musical performance issues. Concurrent enrollment in appropriate performance studies instruction required. Variable credit.,
67008,MUS-560,Keyboard Performance Topics,,,Concurrent enrollment in appropriate performance studies instruction required. Enhancement of private studio study. Systematic exposure to a wide gamut of technical and artistic musical performance issues. Concurrent enrollment in appropriate performance studies instruction required. Variable credit.,
67004,MUS-549,English Horn,,,Variable credit.,
67012,MUS-564,Advanced Collaborative Piano,,,"The study and performance of chamber music literature involving the piano. Works of various style periods and instrumentations will be studied, with specific repertoire chosen to fit the particular strengths and interests of the students enrolled. Variable credit.",
67013,MUS-565,Chamber Ensemble Piano,,,"Study and performance of chamber music literature involving the piano. Repertoire to be studied will be chosen from the standard chamber music literature, subject to the approval of the instructor, and will be coached during the student’s weekly lesson. Variable credit.",
67011,MUS-563,Harpsichord,,,Variable credit.,
67010,MUS-562,Organ,,,Variable credit.,
67009,MUS-561,Piano,,,Variable credit.,
67810,MUS-571,Bluegrass Mandolin,,,Variable credit.,
67809,MUS-570,Bluegrass Fiddle,,,Variable credit.,
67014,MUS-569,Jazz Piano,,,Variable credit.,
67355,MUS-567,Service Playing,,,"Techniques and repertory of organ service playing. Topics include: hymn playing, registration, accompanying of vocal and instrumental repertory, conducting from the console, improvisation, and occasional services. Variable credit.",
67354,MUS-566,Organ Pedagogy,,,Variable credit.,
67667,MXP-112,Data-Informed Decision Making in the COVID-19 Era,,,We use data analytics and general quantitative reasoning to analyze various societal decisions that have emerged during 2020 because of the spread of COVID-19. Students will work together in teams to make and present pivotal data-informed decisions. May experience,2 credits
68563,MUS-575,Applied Research in Music Theory,,MUS 211 and Instructor Permission Required.,"Students work individually with a faculty member in the music theory and composition area to propose, complete, and present a research project in music analysis, music theory pedagogy, history of music theory, or a related area within the discipline of music theory. Repeatable for credit. Variable credits (2 or 1).",
67658,MXP-113,"Animals, Culture, and Society",,,"An introduction to animal studies, the interdisciplinary field that explores the significance of nonhuman animals to human culture and society. Students integrate scientific knowledge and humanistic values to analyze recent controversies arising from human-animal relationships, paying special attention to the cultural, ethical, and political frameworks that inform attitudes towards nonhuman animals and the social construction of the “other”. May experience",2 credits
67830,MUS-572,Music Composition,,,Variable credit.,
67666,MXP-111,Technology and Dystopia of Black Mirror,,,"This course will focus on selected episodes of Black Mirror, studying the risks of technology and the philosophical questions raised by its use and misuse. Technologies and philosophies that enable or prevent Black Mirror’s dystopian future will be investigated. May experience",2 credits
67569,MXP-115,Iconic Libraries and the History of Knowledge,,,"By visiting libraries, archives and modern information centers this class will consider how scholarship, knowledge and information have been preserved and made accessible in different times and places. We will ask how this work of preserving and making the valuable commodity of knowledge accessible by libraries has influenced education, religion, government, commerce, science, the arts and other parts of society. May Experience ONLY. 2 credits 2",2 credits
67742,MXP-116,Art & Empires,,,"This course combines the study of art history and drawing through group trips to major European museums, religious spaces, and political and civic landmarks. Through discussions and reflective drawing exercises, we will examine how European collecting practices, building campaigns, and museum displays constructed cultural identities and narratives about different societies, especially those outside of the “Western” tradition. May Experience only. 2",
67763,MXP-117,Coding for Data Visualization,,,"An introductory level exploration and practice of Python programming language for collecting, organizing, manipulating, and visualizing quantitative and qualitative data. Students will learn how to design creative, interesting, and useful data visualization for effective communication, as well as learn how to automate workflows to efficiently handle repetitive tasks and large datasets.",2 credits
67790,MXP-118,Meet the Beetles,,,"This course introduces the music and films by The Beatles. The course surveys the artistic efforts of The Beatles, from the band’s early years, through the rise of “Beatlemania”, their psychedelic period and the break-up of the group. As musical artists, practically every one of their albums was innovative. The Beatles set new standards for artistic and commercial success in popular music. The course examines the artists (as a group and as individuals) and their influence on popular culture. May Experience ONLY.",2 credits
67639,MXP-114,Autism in the Community,,,A community-based exploration of autism with an emphasis on the professional experiences of people who provide autism services as well as the personal experiences of families and individuals living with autism. May experience,2 credits
67570,MXP-122,True Crime Writing,,,"Any FYW In conjunction with the Greenville Police Department, students will learn investigative techniques and legal practices involved with writing about true crime. Students will produce a detailed crime report and a news article consistent with good journalistic practices. May Experience ONLY. 2",
67799,MXP-123,"BBQ It’s a Noun, Not a Verb!",,,"The course will examine the convergent origins of barbeque in America. We will investigate how “barbequing” entered the national discourse and socio-cultural consciousness in the 1950s. Current and future trends, regional diversity, business models, and emergent culinary impact will be explored. Smoking methods, wood selection, sauce content, and regional characteristics will also be examined. Course includes outings to regional establishments and competitions representative of five major regional BBQ styles. May Experience ONLY.",2 credits
67720,MXP-124,From TikToks to “Reel” Talk: Science Communication,,,"Students will learn how to search for, read, and analyze, short-form, multimodal science communication media such as podcasts, reels/tiktok videos, twitter threads, and web articles that are presented through social media channels. Theories of mis- and disinformation, science literacy, and information behavior (information avoidance, satisficing, and filter bubbles) and how those theories relate to science communication posted to social media will also be explored.",2 credits
66667,MXP-120,Storytelling,,instructor permission,"An analysis of oral storytelling in various genres, asking the question, “What makes a good story?” Students will have the opportunity to try their own skills as raconteurs in classroom and public venues. Practical application of storytelling in various fields will also be discussed. May Experience ONLY.",2 credits
67533,MXP-121,Digital Tools for Storytelling,,,"A platform for students to explore visual narratives through digital software and tools. Students will capture and share aspects of their personal story while learning digital visual tools like Illustrator, Indesign, Photoshop, and Lightboard. Digital stories often are presented in compelling and emotionally engaging formats and can be interactive. Students will explore these formats such as social media, print, video, and photography used to create creative content that supports their personal narratives. May Experience ONLY.",2 credits
67788,MXP-127,Think Like a Producer,,,"This class looks at projects, ventures, and life through a producer’s lens. Students will use the detailed techniques and structure of how producers in the entertainment industry put together budgets and schedules for studios, and investors and show how these techniques can be used in any project or entrepreneurial endeavor. The students will identify a venture or creative project (ie. film, podcast, App, art show, new venture, etc.) that they would like to plan, budget, and manage. They will research and create a budgeted timeline from ideation to delivery of their “goods or services” using techniques that film producers have been using for decades. May Experience ONLY.",2 credits
67798,MXP-126,"Coffee Culture: Past to Present, Farm to Cup",,,"Students will be introduced to both economic and historical analysis in this interdisciplinary course that offers engaged learning experiences to students with SC-based field trips. This course explores coffee culture by focusing on its histories and consumption in different localities. We will consider past and future characteristics of the international coffee market, different impacts on people along the supply chain from farmers to cappuccino drinkers, the role of coffee in social movements, and its bitter-sweet legacy so far. May Experience ONLY.",2 credits
67571,MXP-131,A Tale of Two Communities,,,"The border region between the US and Mexico is consistently in the national spotlight due to political debates about immigration policy. This course is designed to unpack the border region from a multidisciplinary perspective, including law, public policy, and community health to explore the lived experiences of those whose lives are shaped by the border. May Experience ONLY. 2",
66668,MXP-130,Virtual Identities,,,"Students will explore what it means to construct, present and experience the self as an avatar. They will investigate decisions people make in identity creation, possible reasons behind the decisions, and the impact these choices have on an individual’s behavior and interactions in a virtual environment. May Experience ONLY.",2 credits
67792,MXP-134,Analysis of Fantasy Football,,,"Step into the shoes of a fantasy football analyst and learn how to use data to make predictions about player performance. Students in this course will utilize various analytical methods from statistics and mathematics to generate player rankings, draft players with high probability for success, and optimize starting lineups. May Experience ONLY.",2 credits
66669,MXP-140,Considering Sustainable Food Practices,,,"Explores three popular strategies of sustainable food systems -diets based on organic, vegetarian, and/or local agriculture- and examines which aspects are truly beneficial and which lead to unexpected consequences for the individual, the environment, and society. Students will evaluate and synthesize information on food sustainability from diverse sources including readings, movies, speakers, visits to local farms and markets, and hands-on experiences. May Experience ONLY.",2 credits
67813,MXP-138,Food & Culture Expedition: Charleston & Belize,,,"This program is a journey of gastronomy, heritage and cultural exploration, that explores the fascinating world of Gullah and Garifuna cultures in Charleston and Belize. These two distinct communities have rich histories, vibrant artistic traditions, and captivating cuisines. Together we will celebrate diversity, promote cultural exchange, and indulge in the rich tapestry of culinary and cultural experiences offered by these remarkable communities. May Experience ONLY.",2 credits
67532,MXP-136,Tennis Evolution,,,"Exploration of the evolution of tennis especially the changes that have occurred when tennis moved into the Open era and the changes that have occurred in conjunction with new racquet technologies, fitness regimens, and for the elite players a whole team that addresses every aspect of the player’s readiness to compete. It also explores some of the underside of modern tennis related to throwing points, games, or matches and performance drug regulations, usage, and penalties. May Experience ONLY.",2 credits
67378,MXP-135,The Rise of Professional Baseball in the United States,,,"The development and growth of professional baseball in the United States in its formative years of the nineteenth century and the first two decades of the twentieth century. The development of the game will be revealed through its mirroring of American culture in the time period including the topics of emerging national societies and associations, labor/management relations, racial and ethnic conflicts, immigration, criminal elements and antitrust issues. May Experience ONLY.",2 credits
67787,MXP-137,Doubt: Public Skepticism & Mistrust of Institution,,,"A transdisciplinary exploration of Americans’ descent into a new toxic skepticism toward public institutions and each other. Students will identify and distinguish between the basic branches of skepticism, and discuss the erosion of public trust in our fundamental institutions, such as religion, science, education, elections, and news media. Students will put into practice rhetorical listening and civil discourse strategies so they can thoughtfully engage with and respond to skeptical arguments. May Experience ONLY.",2 credits
67442,MXP-144,Tai Chi for Performers,,,"This course will teach the therapeutic benefits gained from the practice of Tai Chi Chuan, with a focus on the needs of performers. We will learn acondensed Tai chi form, along with warm up exercises and energy exercises (qigong). May Experience ONLY.",2 credits
72668,MXP-142,"Improv for Life, Love, and Business",,,"The purpose of this course is to allow student to develop transferable skills of active listening, trust, creative problem solving, and other traits that will serve them will in multiple contexts beyond the theatre. The students in the course will learn the fundamental concepts of improv through a variety of improv games and exercises. The course will culminate in a performance in the playhouse for the Furman community.",2 credits
66670,MXP-143,Yoga in America,,,"History of yoga and its proliferation into American culture. Students will read excerpts from foundational yoga texts such as the Bhagavad Gita, The Upanisads, and The Yoga Sutras of Patanjali and consider the recent popular texts, such as Subtle Body: The Story of Yoga in America, as examples of how American gurus have reinvented traditional yoga to fit into the American lifestyle. Daily yoga practice, class discussions, weekly reflective writing, and a research final project will be required. May Experience ONLY.",2 credits
66671,MXP-145,Interactive Electronic Projects,,,"Exploring interactive projects that artists, designers and crafters have made using technology while designing our own projects using Arduino (an electronics prototyping platform, including microcontroller board and software development environment) and other electronic supplies, such as LEDs, various sensors, and conductive thread and paint. No computer programming experience required - Arduino is easy to use for creating interactive projects, and designed for artists, designers, and hobbyists. May Experience ONLY.",2 credits
67490,MXP-141,Nordic Energy and Energy Policy,,,"Study of the types, regulation and environmental impact of energy production and use in select Nordic countries. May Experience ONLY.",2 credits
66673,MXP-157,Sociology of the Simpsons,,,This course will begin with a brief discussion of The Simpsons as a social and cultural phenomenon. The remainder of the course will focus on The Simpsons (and the social commentary embedded in it) as a tool for analyzing sociological concepts. May Experience ONLY.,2 credits
67796,MXP-147,Podcasting for Community Building,,,"This course will focus on podcast creation to build community and enhance connections. Students will learn about the role of podcasting to build brand awareness, demonstrate credibility and expertise, and provide resources and support for the podcast audience. Students will learn from local podcasters and develop podcast creation skills. Students will reflect on the community they wish to develop through podcasting and will consider the practice of community engagement for varied purposes, such as business, personal, cultural, or other needs. May Experience ONLY.",2 credits
66672,MXP-150,Sociology of Harry Potter,,,"The first segment will center on using the world of Harry Potter as a lens to illustrate and examine sociological theories, concepts, and issues, such as race, class, gender, and religion. The second segment will then investigate whether and how the Harry Potter series, as a social phenomenon, has impacted some of these issues in the real world. [Having read (a majority of) the HP book series is expected before taking this course.] May Experience ONLY.",2 credits
67380,MXP-146,Remote Sensing using Arduinos,,,"In this class we will explore electronic sensor projects while designing our own project using Arduino (an electronics prototyping platform, including microcontroller board and software development environment). No computer programming experience required - Arduino is easy to use for creating interactive projects, and is designed for inexperienced designers and hobbyists. May Experience ONLY.",2 credits
67572,MXP-151,Sex Ed in the US and Sweden,,,"Comparative exploration of sex education practices in the United States and Sweden. Classes will be held at Furman and in Stockholm, Sweden, through a partnership with DIS: Study Abroad in Scandinavia. May Experience ONLY. 2",
67573,MXP-161,"Narrative, Power, & Reckoning",,,"Narrative shapes how we understand past and identity, creating power and scapegoating certain groups. Exploring apartheid-resistance sites allows us to hear and experience stories and commemoration that address historical harms. May Experience ONLY. 2",
68275,MXP-182,Change Genres: Self-Help as Cultural Production,,,"What do Adam Grant, Brene Brown, and Marie Kondo all have in common? They each have written #1 New York Times best-selling self-help books. In this MayX course, we’ll investigate one of our culture’s favorite narratives: the “before and after” (or self-help) story. Why is this genre so popular? What magic (or mayhem?) do they package? What life hacks can you use from their pages right now in your life? In this course, you will:",
66676,MXP-175,Why We Swim,,Any first year writing seminar,"Exploring swimming as a cultural practice, reading literature, analyzing art, and discussing its history, including racial segregation in the U.S. Students will swim frequently in pools and open water and make connections between their swimming and the readings and site visits. May Experience ONLY.",2 credits
67527,MXP-171,"Narrative, Power, and Reckoning in Rwanda",,,"Through hearing and experiencing stories, mediation, and commemoration that address historical harms such as war, violence and genocide, this course will explore places of recent conflict in Rwanda in order to understand how narrative shapes how we understand past and identity, creating power and scapegoating certain groups. May Experience ONLY.",2 credits
67722,MXP-173,Multimodal Interpretive Strategy: Seeking Abraham,,,"This mostly outdoor course trains students in counter-memory activism on Furman’s campus. Students will learn the Seeking Abraham tour, which shows hidden legacies of race and racism in the campus landscape. Participants will become trained tour guides, with requisite memory and public speaking skills to lead; multimodal storytellers, analyzing and creating smartphone apps, video, audio, and photography to implement an interpretive plan; and facilitators for dialogue on discomforting subjects.",2 credits
67534,MXP-204,Interpersonal Skills for Leadership,,,"Investigation and practice of essential skills for leadership including personal understanding, influence, empathy and diversity, conflict resolution, team-building, and visioning/storytelling. May Experience ONLY.",2 credits
67528,MXP-202,Science and Culture of Happiness,,,An examination of happiness from the lens of the social sciences. The emphasis will be on both social policies and individual practices associated with well-being. May Experience ONLY.,2 credits
67640,MXP-203,Writing the Short Film Screenplay,,,,
68259,MXP-201,Deference and Democracy in Thailand,,,"This course explores the dynamics between deference and democratic citizenship in Thailand. Through a combination of readings, lectures, guest speakers, and field experiences and observation, students will gain insight on how deference and democratic values have shaped political action, international trade, tourism, the treatment of migrants and exiles, women and minority rights, and other social justice efforts. Engaged learning experiences include guided tours of key sites of democracy and protests, palaces and temples, and NGOs and advocacy groups. May Experience ONLY.",2 credits
68258,MXP-200,Sustainable Development in Latin America,,,"This course will explore the theory of sustainable development while visiting on-the-ground grassroots sustainable development initiatives in the Global South. Readings will explore the challenges of development both historically and in the present day. Field excursions will visit initiatives focused on farming, tourism, and conservation while learning about national and international institutional constraints to sustainable development. May Experience ONLY.",2 credits
67744,MXP-206,Queer Histories: San Francisco,,,"This course explores archives, stories, and contemporary LGBTQIA+ communities through an interdisciplinary lens in national and global settings. The class allows students to study and analyze historical and current experiences, stories, and spaces of LGBTQIA+ communities in one of the crucial locations for LGBTQIA+ communities, San Francisco. During a three-week-long program in San Francisco, students will work on visual and textual documents housed in the GLBT Museum & Archives and Hormel LGBTQIA Center of San Francisco Public library.",2 credits
67356,MXP-208,Computers in Science Fiction,,,"This course will examine how computers have been portrayed in science fiction, and the issues raised when people contemplate the future direction of technology. For example, can a robot be human? Do computers lead to wars or other disasters? We will evaluate the accuracy and plausibility of the technology as well as the messages conveyed by the authors. May Experience ONLY. May Experience ONLY.",2 credits
68260,MXP-207,Sustainable Development in Taiwan,,,"Prerequsite: This course is pre-enrolled with First Year Chinese Studies Experience students who will all complete two semesters of Chinese language during the academic year. Student travel expenses are funded through the Luce Initiative on Asian Studies and the Environment grant. Travel study course examining how Taiwan’s unique political status- de facto sovereignty without de jure international recognition-affects its development. How has Taiwan become a prosperous democracy despite international isolation and threats from the Chinese Communist Party? How do Taiwan-US-China relations impact Taiwan’s sustainable development? Can Taiwan maintain its security, develop a sustainable economy, protect its environment, and equitably provide for its citizens? The course will focus on environmental issues to explore these questions. May Experience ONLY.",2 credits
66677,MXP-205,Math and the Mouse: Mathematics and Science of Walt Disney World,,MTH-145 or MTH-150,Exploring the mathematics and science behind Walt Disney World (WDW). Students will immerse themselves in different aspects of the operations of WDW to explore various real-world applications of mathematical sciences. May Experience ONLY.,2 credits
67584,MXP-209,Breaking Codes and Winning Wars,,Completion of any course carrying MR credit,"Examination of how cryptology (the science of making and breaking codes and ciphers) played a pivotal role during the world wars. Emphasis on analyzing the German Enigma machine used by the Nazis during World War II and learning the mathematics used to defeat this machine. Investigation of how cryptologists worked during these wars and how their efforts affected political and military decisions. Planned trips to museums and historical locations in Washington D.C. and London, England, including Bletchley Park, where the allied codebreakers worked during World War II. May Experience ONLY. 2",
66679,MXP-215,History and Botany of the Carolinas,,,"An analysis of the work of the earliest European scientists to explore the Carolinas in the early 18th Century. It will be an engaged learning experience in history,botany, and image-based, computer assisted collaborative scholarship. May Experience ONLY. May Experience ONLY.",2 credits
67474,MXP-216,Medical Mysteries and Histories,,,"An investigation of various episodes related to illness, health, and medicine from Antiquity through current research and innovations. Examination of the changing relationships between medical theories and practice and address the roles of practitioners, patients, and institutions. Consideration of the experiences of health, illness, prevention, and treatment, while exploring the various social, cultural, political, and economic dimensions of these issues. May Experience ONLY.",2 credits
67743,MXP-211,Thinkertoys: Co-Ed Scrapbooks as Alt Histories,,,This course will intersect the historical scholarship on scrapbooking as democratic resistance with the Furman archival ephemera in order to document Greenville Women’s College students’ experience and reflect on current Furman student memory. We will read secondary sources on commonplace books and scrapbooks especially as it pertains to marginalized people’s memories and comb through the archive for similar clues. May Experience only.,2 credits
66678,MXP-212,Soccer and Society,,,"Examination of a number of contemporary social, political and economic issues through the lens of soccer. Major topics of discussion will include nationalism and sectarian violence, the impact of globalization on local societies, the success or failure of assimilation, patterns of global labor migration, and issues related to gender and sport. May Experience ONLY.",2 credits
67793,MXP-213,"What Games Do: Story, Meaning, and Fun in Tabletop Games",,,"Why do people play games? Games have been part of human lives as far back as archaeology can look. Religious and political leaders have tried to ban them-without success. And yet there’s been very little exploration into their appeal, or even what they are. In this class we will consider how different disciplines evaluate and value games. And we’ll play stacks of board games to see if they’re right! May Experience ONLY.",2 credits
66680,MXP-220,"Public Intellectual 3.0: Real World, Virtual World, Virtual World Myth",,,"Academics as public intellectuals have faced historical challenges to commitments to creating a public presence. The New Media (blogs, Twitter, YouTube, Facebook) now add additional challenges as well as opportunities for the Public Intellectual 3.0. May Experience ONLY.",2 credits
68261,MXP-221,Women in Sports,,,"In this course students will explore the history of women in sports, the obstacles women have endured, and their lasting contributions in and outside athletics. Students will investigate groundbreaking female athletes, their intersectional identities, key policies like Title IX, and the critical role of lifelong play. Students can expect to watch films, read (auto)biographies, have the option to participate in class-chosen athletic activities, interact with guest speakers, and engage in community outreach. All gender identities and body abilities welcome. May Experience ONLY.",2 credits
67476,MXP-217,War and Remembrance,,,"Examination of the social construction of war-related memory in a specific geographical and historical context through an examination of related monuments, memorials and/or museums. May Experience ONLY.",2 credits
68252,MXP-218,Americans in Paris: From Jefferson to Baker,,,"This travel study May X proposes a reflective, socio-cultural and historical look at the impact of Paris and France on the lives of Americans who visited there from the 18th century to the 21st century. Subjects may include: Thomas Jefferson, Ben Franklin, the Dough Boys, Gertrude Stein, Bessie Coleman, D-day vets, Josephine Baker, Jaqueline Bouvier (Kennedy), Angela Davis, James Baldwin, and Tai Nahisi Coates, among others. Along the way students will also engage with media depictions of Paris for American audiences and will reflect on what it means to be an American (or any other nationality) in Paris. May Experience ONLY.",2 credits
67745,MXP-222,Spatial Inspiration: Musical Awareness in Italy,,,"This course explores various natural and architectural venues in Italy as inspirations for musical development through the centuries. These spaces [several of which have been designated as UNESCO World Heritage sites], as well as the artists and musicians who worked there, have had a significant effect on compositional style, performance practice, and instrumental development. May Experience only.",2 credits
66681,MXP-225,English Explorations: the New Woman Imperiled,,successful completion of a First Year Writing Seminar,"At the fin de sile, “The New Woman” became both a flash point for British fears of social change and an emblem of hope for the coming century. Exploring these cultural shifts through materialist analysis of three works of fiction (The Romance of a Shop, Tess of the d’Urbervilles, and Dracula). May Experience ONLY. May Experience ONLY.",2 credits
72671,MXP-236,Nature in Art: Botanical Form and Function in Clay,,,"This May Experience brings together interdisciplinary approaches in understanding and comprehending the natural world through the fields of biology and visual art. Students develop an awareness and appreciation of botanical forms through the study of local and regional plant life, field observations, and creation of ceramic work that engages in a formal and functional dialogue with the natural world.",2 credits
67357,MXP-240,Travel Writing,,,"Introduce students to effective and engaged traveling through the experience of reading, writing, and thinking about what it means to travel. Study travel writings, such as essays, blogs, cultural guides and criticism, and journals by ancient, modern, and contemporary writers. Different iterations of the course will allow students to travel to various international locations and study how travel writing shapes political, social, and cultural perceptions of people and places. May be repeated for credit with change of topic and/or instructor. May Experience only. May Experience ONLY.",2 credits
67427,MXP-230,United States and Cuba: History and Politics,,,"Examination of relations between Cuba and the United States. History of the relationship, especially War of 1898 and Castro era, will be used as a lens to analyze contemporary affairs, including diplomacy, trade, and tourism. May Experience ONLY.",2 credits
66847,MXP-223,"Slow Food, Italian Style",,,"Study of contemporary food production and consumption, as well as principles of the Slow Food Movement in Italy. The trip includes a stay on an organic farm in Italy to observe and participate in traditional food production and preparation as well as travel to three different regions of Italy for comparisons of foods, traditions, and varying terroir. May Experience ONLY.",2 credits
67564,MXP-250,Introduction to Research Methods in Biology and Chemistry,,Instructor permission,"An introduction to the fundamental protocols of modern laboratory and field research. Topics include safety, ethics, data preservation, and instruction on project specific techniques. May Experience ONLY.",2 credits
66682,MXP-251,Applied Sports Analytics,,any MR (Mathematics and Formal Reasoning) requirement and instructor permission,An examination that will focus on developing and evaluating statistical tools for analyzing various aspects of sports. Will investigate the increasing use of and concurrent resistance to analytics in sports. May Experience ONLY.,2 credits
67443,MXP-253,Discovering Greatness: On Being and Becoming Extra,,,"Explore the limits of human potential by investigating what makes people great. The course will focus first on studying the characteristics and traits of greatness by studying notable historical and cultural leaders in a variety of domains. Next, it will seek to understand how we can apply those lessons to our lives to become extraordinary. Students will have the freedom to direct their pursuits towards greatness in several different domains including academic, leadership, business, athletic, and health. May Experience ONLY.",2 credits
68262,MXP-254,The Sociology of Beyoncé: Music and Social Change,,,"This course examines how theories of gender and race are represented in the songs and artistry of Beyoncé Knowles-Carter’s discography. Major topics examined include social inequality, media representations of race and racism, feminist politics, southern-pop authenticity and the celebrification of socio-political movements. Participants will engage in sociological song writing, drawing upon themes covered in the course. May Experience ONLY.",2 credits
67659,MXP-245,Introduction to Design Thinking,,,"Design thinking is a methodology that can be applied to any field or discipline, to create sustainable solutions to existing problems. In this course students will be exposed to the core steps of the design process. They will learn how to identify problems, find inspiration around potential solutions, ideate and build prototypes, and implement those new ideas. May experience",2 credits
67721,MXP-264,"Religious, Ethnic, and National Identities",,,"Using international contexts as an example, this May X Travel course will explore the intersections between religious, ethnic, and national identities. Students are introduced to the complex phenomena of migration, nationalism, formation of ethnic minorities etc. via a range of perspectives including not only theoretical overviews but also practical illustrations and examples.",2 credits
68271,MXP-256,The Psychology of Magic,,,"For millennia, magicians have used sleight-of-hand and a folk understanding of psychology to enchant (and occasionally con) the public. Within the last 20 years researchers have explored the cognitive processes that allow people to experience magic. In this hands-on course you will explore the scientific study of theatrical magic and learn to perform some magic. In doing so, you’ll refine your understanding of the learning process and begin to appreciate magic as a performing art. May Experience ONLY.",2 credits
67526,MXP-255,Spatial Problems: Applications of GIS,,,"Investigation and practice of essential skills for spatial analysis of social-ecological challenges including collection, visualization, and management of data, community engagement, and interdisciplinary thinking. May Experience ONLY.",2 credits
67653,MXP-262,Exploring Identity in Healthcare,,,"A structured opportunity to reflect upon preparation for and future contribution to healthcare. Students will engage in readings focused on current healthcare issues and challenges, and reflection based writings centered on the core competencies expected of healthcare professionals. May experience",2 credits
66683,MXP-260,Botswana Paradox,,,"Examination of cultural factors affecting HIV/AIDS and a variety of programs in Botswana designed to prevent its spread and provide treatment. Exploration into the possible reasons for the paradox, where the government is actively involved in abating the virus, but the rate of infection is still one of the highest in the world, will include visits to several agencies and organizations working to ameliorate the crisis. May Experience ONLY.",2 credits
68272,MXP-267,Farm to App: UX Design in Ireland’s Food Systems,,,"The Farm to App study away course in Dublin, Ireland, offers students an immersive learning experience with a global perspective. It focuses on storytelling through the UX design of mobile apps related to meal planning and food management, examining food systems and sustainability between South Carolina and Ireland. The course explores food production, distribution, consumption, and environmental impact, emphasizing sustainable practices and their role in shaping future food systems, using apps to foster beneficial engagement with these subjects. May Experience ONLY.",2 credits
67800,MXP-271,Knit and Purl: History & Practice of Knitting,,,"This course will explore the history and culture of knitting and yarncrafts, particularly in America, through an anthropological lens and by learning how to knit and/or crochet small projects. The course will explore how material culture such as knitted artifacts are used to communicate identity and group belonging on individual, social, and political levels. Course topics include: the physical and historical development of the craft as known archaeologically and anthropologically; stereotypes and changing views of knitting in culture and popular culture; family and generational stories of knitted items; and the exploration of the question: what makes someone “a knitter?” By physically learning and practicing the craft of knitting or crochet alongside readings, in-class activities, and discussions, students will gain a new perspective on the relationship between material culture and human social behavior. May Experience ONLY.",2 credits
67645,MXP-275,Health and Medicine in the Global Context,,,,
67477,MXP-266,Environmental Issues in China,,,"Travel study course focusing on the environmental challenges in China. Examination of environmental issues such as degradation of the environment, food security, resource scarcity, effects of rapid urbanization, and allocation of natural resources from both scientific and humanistic perspectives. Taught on site, the course will look at these questions in both rural and urban areas of China and will include a collaborative learning component. May Experience ONLY.",2 credits
68273,MXP-272,Know Thyself: Purpose and Calling in Greece,,,"What brings meaning and purpose to one’s life? Through a variety of intentional learning experiences related to the history and culture of Greece, this travel course provides time and opportunity for students to encounter cross cultural experiences, thereby giving them means by which to reflect on their own sense of calling. May Experience ONLY.",2 credits
67797,MXP-282,Writing for Broadcast,,,"This course explores the techniques of writing for broadcast. We enlist methods of writing for the ear, condensing information down to broadcast-worthy chunks of information while still keeping the story arc and necessary facts to a story while adhering to sound journalistic practices. We’ll explore the four C’s when it comes to writing for Broadcast; correctness, clarity, conciseness, and color. Students will learn to take print and digital stories and press releases and rewrite them for broadcast. As writing for broadcast is writing for the ear, students will also practice anchoring their scripts in the studio in order to hear and then critique and reflect on what they have written. Provided stations allow visitors, the class will culminate with trips to TV stations to tour and watch the taping of a newscast. May Experience ONLY.",2 credits
68566,MXP-318,Read like a Healthcare Pro,,"BIO-222 , HSC-201 , PSY-202 or SOC-302","In this May Experience course, we will breakdown research studies that inform the clinical practice of healthcare practitioners, including physicians, physical therapists, occupational therapists, social workers, counselors, nurses, psychologists, dentists, etc. This course is designed for students who are interested in working with patients in a healthcare setting to teach them how to be informed consumers of clinical research (specifically randomized controlled trials-RCTs and meta-analyses). Evidence-based practice is considered the current gold standard of healthcare, but what does that actually look like in the careers of practitioners? In order to practice connecting clinical research to practice, we will explore how to critically review the methodology of RCTs and meta-analyses, how to interpret results (e.g., graphs, tables, figures, statistics), and how to explain study findings in terms appropriate for future clients/patients. May Experience ONLY.",2 credits
67358,MXP-300,"Poverty, Medicine and the Law: Greenville’s Medical-Legal Partnership",,,"This course familiarizes Pre-Law, Pre-Health, and Poverty Studies students with Medical-Legal Partnerships in preparation for internships. It entails intensive coursework and extensive fieldwork in medical and legal settings in Greenville County. May Experience ONLY. May Experience ONLY.",2 credits
66351,MXP-304,Video Documentary,,COM-202,"Examines the research, theory, aesthetics and production techniques of the video documentary. Students will work together to produce a 15-to-20-minute long documentary. They will conduct research, shoot video, and edit the final documentary. May Experience ONLY.",2 credits
67529,MXP-375,ePortfolios,,,"An intensive workshop during which students collect, connect and reflect on work from their courses and co-curricular activities and learn how best to share those experiences with a professional audience in a professionally curated ePortfolio. Students will reflect on the ideas of creating value, personal branding and design thinking to inform how to select documents, write reflections, navigate technical features and apply design principles in producing a professional ePortfolio. Students will receive feedback from the instructor and industry professionals on their ePortfolios. May Experience ONLY.",2 credits
67015,NSC-401,Current Topics in Neuroscience,,instructor permission,"Year long capstone course for neuroscience majors that will provide students with knowledge of current research practice and implications. Discussions of seminal or innovative research papers in a seminar format, and of individual research experiences in the context of progress in the field as a whole.",2 credits
67018,PHL-101,Introduction to Philosophy,GER: UQ (Ultimate Questions),,"Introduction to some of the classic problems of philosophy, with emphasis on understanding the nature of philosophical reflection and reasoning. Includes epistemology, ethics, metaphysics and other major branches of philosophy.",4 credits
67016,NSC-450,Methods in Behavioral Neuroscience Research,,PSY-320,"Preparation for independent research. Topics such as ethics, conducting advanced literature searches, handling and injecting rodents, mixing drugs, how to make scientific presentations, writing for publication, and advanced statistics are covered. Students complete a literature review or research proposal and oral presentation. May Experience ONLY.",2 credits
66684,MXP-433,"Communication, Culture and Identity in New Zealand",,,"Travel study program to New Zealand examining the role of mass media in shaping and reviving the identity of its inhabitants as Maori, Pakeha, and New Zealanders. Readings will help to understand the historical context for the emergence of these identities. Students will visit museums, education centers, and Maori cultural sites, as well as radio and television stations in Auckland, Wellington, and Christchurch. They will also meet with prominent scholars and with New Zealand politicians who make broadcast policy. These contacts, along with the assigned readings, will prepare students for writing assignments in which they analyze the impact of media institutions and practices on the creation of identity. May Experience ONLY. May Experience ONLY.",2 credits
67017,NSC-502,Research,,instructor permission,"Original and independent research. Working through the Neuroscience Major Advisory Committee, the student poses a question of significance in neuroscience, devises an experimental protocol, and collects data to evaluate the question. Projects may be performed either on campus or at other locations. Presentation of the research in the context of NS-401 is required. Variable credit.",
67021,PHL-210,Ancient Philosophy,"GER: TA (Critical, Analytical Interpretation of Texts)",PHL-101,Consideration of the beginnings of the Western philosophical tradition focusing primarily on Plato and Aristotle.,4 credits
67022,PHL-211,Modern Philosophy,"GER: TA (Critical, Analytical Interpretation of Texts)",PHL-101,The growth and development of philosophical thought from Descartes through Kant.,4 credits
67019,PHL-200,Logic,,,Formal analysis of arguments with emphasis on symbolic logic.,4 credits
67020,PHL-208,Ethics,"GER: TA (Critical, Analytical Interpretation of Texts)",PHL-101,"The nature of morality, the grounds of moral obligation, and the principles of moral decision-making according to classical philosophers.",4 credits
67497,PHL-170,Whiteness in America: Constructions Past Present,,,"An examination and ethical consideration of whiteness as it is used to refer to a race of people; the meaning of the concept of racial whiteness; how the concept arose, developed and changed in history; how whiteness is experienced by people deemed white or non-white; what effects the concept has had, and currently has, as a construct and idea in 21st Century America. Throughout the course we will attempt both to understand the history of the construction of an idea, and to interrogate the morality of that construction. May Experience ONLY.",2 credits
67373,PHL-230,Indian Philosophy,GER: WC (World Cultures),,"A survey of six orthodox schools of Indian philosophy including Vedanta, Yoga, Samkya, Mimamsa, Nyaya, Vaisesika, and three heterodox schools such as Early Buddhism, Jainism, and Ajivika Materialism. Some texts we will be examining include the Vedas, Upanishads, Bhagavad Gita, Early Buddhist Scriptures, and Jain Sutras.",4 credits
67551,PHL-217,Philosophy of Horror,"GER: TA (Critical, Analytical Interpretation of Text)",PHL-101,"A philosophical investigation of horror in literature and other media, this course will examine the concepts of evil, monstrosity, abjection, and the uncanny, asking centrally: what is horror, and why do we like it?",4 credits
67025,PHL-220,Realizing Bodymind,GER: MB (Mind and Body) and WC (World Cultures),PHL-101,"Survey of “Wholeness Concepts” which promote lifetime fitness and healthy lifestyle habits. Topics include: the philosophical and corporeal cultural traditions of South Asia, East Asia, and Northeast Asia. Introduction to the martial art of Aikido as well as additional disciplines (including meditation) that promote the experience of mind and body unification.",4 credits
67023,PHL-212,Philosophy of Gender,,PHL-101,"Examination of competing feminist theories. For example, liberal feminism, socialist or Marxist feminism, radical feminism and others. Analysis of the philosophical assumptions concerning women and women’s situations that underlie each view, to examine the philosophical traditions from which each theory is developed and the philosophical theories in opposition.",4 credits
67024,PHL-215,Philosophy of Religion,,PHL-101,"Investigation of the central philosophical issues relating to religious belief and practice. Topics include: arguments for and against the existence of God, the problem of evil, the nature and significance of religious experience, and the relationship between the different world religions.",4 credits
67026,PHL-240,Chinese Philosophy,GER: WC (World Cultures),PHL-101,"Survey of the development of Classical Chinese Philosophy with emphasis upon Confucian, Daoist, and Neo-Confucian traditions.",4 credits
67029,PHL-260,Latin American Philosophy,GER: WC (World Cultures),PHL-101,Latin American philosophical reflection from 4 key eras of the region’s history: Pre-Conquest; arguments for/against the Conquest; the 19th century struggle for independence; and exciting currents in 20th century thought (liberation and feminist philosophies).,4 credits
67833,PHL-261,Philosophy of Comics,GER: VP (Visual and Performing Arts),,,
67027,PHL-245,Environmental Ethics,GER: NE (Humans and the Natural Environment),PHL-101,"Examination and evaluation of various approaches to moral problem solving with reference to environmental and ecological issues. Topics include: Animal Liberation, the Land Ethic, Biocentrism or Reverence for Life, Ecofeminism, Deep Ecology, and Environmental Justice.",4 credits
67028,PHL-250,Japanese Philosophy,GER: WC (World Cultures),PHL-101,"The development of Japanese Philosophy from the classical period to modern times with a focus upon Buddhist philosophy and its intersection with the West. Analysis includes Early Buddhism, Kukai’s Shingon Buddhism, and Dogen’s Soto Zen Buddhism. The encounter of Japanese Philosophy with the West is studied through modern figures such as Nishida Kitaro, Watsuji Tetsuro, and Yuasa Yasuo.",4 credits
67032,PHL-275,Aesthetics,"GER: TA (Critical, Analytical Interpretation of Texts)",PHL-101,"A study of the nature of art and beauty, what counts as art, contemporary debates about fiction and emotion, sentimentalism, fakes and forgeries, popular music and culture, the nature of appreciation, photography and representation.",4 credits
67033,PHL-276,Philosophy of Food,"GER: TA (Critical, Analytical Interpretation of Texts)",PHL-101,"Examination of the philosophical aspects of food from historical, ethical and aesthetic perspectives. The role of food in Plato’s Republic and Aristotle’s Ethics and throughout the history of philosophy. The construction of ethical systems in regard to growing food, consuming food, animal rights, and resource management. An examination of aesthetic pleasure and disgust, as well as a consideration of “taste”.",4 credits
67030,PHL-265,Philosophy and Hip-Hop,,,"Hip-Hop is one of the most significant American cultural movements of the past several decades. Students will philosophically consider hip-hop as a helpful resource for thinking about identity, social justice, and religion. May Experience ONLY.",2 credits
67031,PHL-270,Africana Philosophies,GER: WC (World Cultures),PHL-101,"Philosophical themes in sub-Saharan Africa and the African Diaspora in the Caribbean and the United States. Topics include: what counts as Africana philosophy; race; colonialism; gender; and slavery. Ontological, ethical and socio-political questions considered.",4 credits
67541,PHL-266,"God, Death, and the Meaning of Life","GER: TA (Critical, Analytical Interpretation of Texts)",,"Exploration of some of the main thematic issues associated with an existential approach to philosophy. It will ask the “big questions” that characterize existential philosophical engagement from Plato to Shakespeare, and from Pascal to Beauvoir. Specific figures and readings will vary, but the focus will be on what it means to live, act, and be as beings defined by the human condition.",4 credits
67034,PHL-302,Clinical Medical Ethics,GER: UQ (Ultimate Questions),PHL-101 and instructor permission.,"Intersection of major moral theories with health care delivery systems. Topics addressed include refusal of life-saving treatment, autonomy and paternalism in health care, and allocation of scarce medical resources. Course requires participation in clinical rotations at several health care facilities. Course must be enrolled with IDS-301 and SOC-234.",4 credits
67035,PHL-304,Ethics of Globalization,GER: NE (Humans and the Natural Environment),PHL-101,"Consideration of how to make an ethical assessment of globalization’s economic, environmental, political aspects. Topics include: the benefits/costs of globalization, who is benefiting and possible alternatives to globalization.",4 credits
67037,PHL-315,Nineteenth Century Philosophy,"GER: TA (Critical, Analytical Interpretation of Texts)",PHL-101,"Important figures and themes of nineteenth century philosophy. Readings chosen from Hegel, Schelling, Schopenhauer, Feuerbach, Marx, Kierkegaard, Darwin, and Nietzsche.",4 credits
67036,PHL-310,Social and Political Philosophy,"GER: TA (Critical, Analytical Interpretation of Texts)",PHL-101 or POL-103,"Central issues in social and political philosophy. Topics vary, but may include: the philosophical foundations of the state, the basis and limits of individual freedom, the place of religion in a democracy, the justification of punishment, the requirements of distributive justice, and the treatment of cultural, racial, and gender diversity. Readings typically include works by both classical and contemporary philosophers.",4 credits
67359,PHL-305,Bioethics,,,Course may not be registered for credit after successful completion of PHL-302 .,
67509,PHL-333,Philosophy of Taste,GER: WR (Writing-Research Intensive),PHL-101,"Examination of the philosophical concept of taste. We will consider the cultivation of taste in art and food, how taste develops and changes, whether or not we can judge others’ tastes, and how we might develop a standard of taste.",4 credits
67473,PHL-320,Critical Philosophy of Race,"GER: TA (Critical, Analytical Interpretation of Texts)",PHL-101,Epistemological and genealogical investigation of the idea of race and racism in modern Western thought and philosophy.,4 credits
67038,PHL-317,Twentieth Century Philosophy,"GER: TA (Critical, Analytical Interpretation of Texts)",PHL-101,Introduction to the important figures and themes of twentieth century philosophy. Attention given to material from both the analytic and phenomenological traditions. Postmodern responses to these traditions also examined.,4 credits
67039,PHL-318,Philosophy of Law,,PHL-101 or POL-103,"WR (Writing/Research Intensive) Investigation of philosophical questions relating to law. Topics include the question of what law is, the responsibility of the individual faced with unjust law, and the relation between philosophical understandings of the law and the resolution of legal issues. Readings include philosophical treatments of law and texts of legal opinions from courts.",4 credits
67040,PHL-321,Philosophy of Psychology,,PHL-101,"An examination of mental health, mental illness, and moral psychology. Course will consider the various conceptions of the self, personhood, and human nature at the root of traditional theories of psychology. Topics discussed will include: personal identity, freedom, decision-making, and autonomy. Course will consider ways in which persons are categorized as mentally healthy or ill and evaluate approaches to the treatment of mentally ill persons.",4 credits
67043,PHL-410,"Knowledge, Truth and Power",,PHL-101,"Introduction of philosophical reflection about knowledge. How should knowledge be defined, why knowledge is good to have, whether there are good responses to skepticism, how we should understand the relationship between knowledge and rational justification, what is the correct understanding of how beliefs come to be rationally justified, how we should understand such notions as “truth” and “objectivity,” and whether knowledge is relative to particular conceptual schemes or cultures.",4 credits
67042,PHL-400,Seminar in Philosophy,,PHL-101,"Reading, research, and writing course for majors, normally in their senior year, covering a specific topic in philosophy.",4 credits
67041,PHL-370,"Philosophers, Movements and Problems",,PHL-101,"Further investigation into a particular philosopher, movement or problem. Topics vary.",4 credits
67360,PHL-415,Philosophy of Sex and Love,,PHL-101,"Exploring a number of broad philosophical questions about sex and love such as: What acts count as sexual? What different forms does love take? What general moral principles should govern our sexual activities? To what extent should the law regulate our intimate lives? Will also investigate a number of more specific topics such as marriage (including same-sex marriage), casual sex, cohabitation, pornography, prostitution, consent to sex, sexual assault, polyamory, and polygamy.",4 credits
67773,PHL-417,Philosophy of Copyright,,PHL-101 Introduction to Philosophy,"This course focuses on philosophical problems of copyright law, including: What justifies a claim of copyright? What is the thing that you own when you own a copyright? How do we deal with rights and interest claims that compete with copyright?",4 credits
67827,PHL-499,Philosophy for Life,,declared Philsophy major and Junior or Senior class standing,This course is a seminar intended for philosophy majors (ideally) during their senior year. It aims to help majors maximize their experience of studying philosophy in ways that facilitate both finding meaning in life and also earning a living. It is deeply practical and will help students realize how beneficial their philosophical training has been for developing professional competencies.,2 credits
67045,PHL-501,Independent Study,,PHL-101 and instructor permission.,Either a research project or a reading program. Students must have a 3.00 grade point average in a minimum of three philosophy courses and an overall grade point average of 2.70 to register. Variable credit.,
67047,PHL-507,Senior Honor Thesis II,,PHL-101 and instructor permission,An independent study course for eligible students who choose to write a senior thesis as a capstone experience. Solely devoted to researching and writing the student’s thesis. Typically completed in the senior year in tandem with PHL-506. Variable credit.,
67044,PHL-420,"Metaphysics: Reality, Identity and Possible Worlds",,PHL-101,"Investigation into the nature, constitution, and structure of reality. Categorization of all things and articulation of the special relations that obtain between those categories. Topics may include universals and particulars, personal identity, freedom and determinism, modality, causation, and time. Examination of central issues and problems of metaphysics through discussions and reading works by both classical and contemporary philosophers.",4 credits
67046,PHL-506,Senior Honor Thesis I,,PHL-101 and instructor permission,An independent study course for eligible students who choose to write a senior thesis as a capstone experience. Solely devoted to researching and writing the student’s thesis. Typically completed in the senior year in tandem with PHL-507. Variable credit.,
67361,PHY-106,The Solar System,GER: NWL (Empirical Study of the Natural World with laboratory),,"The Celestial Sphere; apparent motion of the Sun, Moon, and planets; the birth of modern astronomy; properties of light and its detection, the Sun, Solar System, and its exploration; formation of the Solar System and the discovery of exoplanets. PHY-106 may not be enrolled after successful completion of either PHY-105.",4 credits
67049,PHY-104,"Energy: Man, Creation and Calories",GER: NW (Empirical Study of the Natural World) and NE (Humans and the Natural Environment),,"The concept of energy treated from the broadest possible perspective. Emphasis on the four laws of thermodynamics and the four black-hole analogs. With this foundation the various thermodynamic aspects of energy are treated as they relate to a variety of areas, including the impact of energy on environmental aspects of human life.",4 credits
67362,PHY-107,Stars & Galaxies,GER: NWL (Empirical Study of the Natural World with laboratory),,"Star Formation and the properties of stars; the evolution of low and high mass stars; the structure and dynamics of the Milky Way galaxy; normal and active galaxies; dark matter; the Big Bang, cosmology and dark energy. PHY-107 may not be enrolled after successful completion of either PHY-105.",4 credits
67050,PHY-105,Descriptive Astronomy,GER: NWL (Empirical Study of the Natural World with laboratory),high school algebra,"Apparent motion of the Sun, Moon and planets; the birth of modern astronomy; properties of light and its detection; the Sun and the Solar System; the structure, properties and evolution of stars; galaxies and cosmology. PHY-105 may not be enrolled after successful completion of either PHY-106 or 107.",4 credits
67048,PHY-101,Physics for Non-Science Majors,GER: NW (Empirical Study of the Natural World),,A philosophic and conceptual examination of selected fundamental principles of physics. No prior knowledge of physics is assumed. Some historical and biographical material is included.,4 credits
67053,PHY-113,General Physics III,,PHY-111,"Introduction to thermodynamics and wave motion. Temperature, The First Law, kinetic theory, The Second Law, sound, electromagnetic waves, super-position, interference, diffraction and polarization.",4 credits
67054,PHY-119,Physics of Music,,PHY-111,Fundamentals of simple harmonic motion and waves. Physics of strings and vibrating air columns will be studied in detail. Lab activities will include the study of wave motion and the Fourier analysis of sounds. May Experience ONLY.,2 credits
67052,PHY-112,General Physics II,GER: NWL (Empirical Study of the Natural World with laboratory),PHY-111 and ( MTH 145 or MTH-150 ). MTH-151 strongly recommended,"The basic concepts and laws of classical electricity and magnetism. Electrostatic and magnetostatic forces and fields. Gauss’ law, electric circuits, Ampere’s law, Faraday’s law, electric and magnetic properties of matter, time-varying fields, Maxwell’s equations and electromagnetic waves, and geometrical optics.",4 credits
67051,PHY-111,General Physics I,GER: NWL (Empirical Study of the Natural World with laboratory),high school calculus. MTH-150 strongly recommended,"The basic concepts and laws of classical mechanics. Measurement and units, vectors, kinematics, Newton’s laws of motion, work and energy, systems of particles, collisions, rotational kinematics, torque and angular momentum, rigid body statics and dynamics, simple harmonic motion, gravitation, and mechanics of solids and fluids.",4 credits
68564,PHY-108,Skywatchers: Astronomy and Culture,"GERS: Empirical Study of the Natural World (NW); World Cultures (WC),",,"This course explores astronomical concepts through a cultural and historical perspective as well as the link between cultural beliefs about the cosmos and astronomical practices. Astronomy topics include motion of planets, moon, sun and stars, timekeeping, and conceptions of science. Cultural topics include links to ritual, power, cosmology and world views.",4 credits
67056,PHY-311,Classical Mechanics I,,"PHY-112. MTH-160, MTH-250, and MTH-255 recommended","Kinematics and dynamics of particles and systems of particles, oscillations, introduction to Lagrangian and Hamiltonian dynamics, central force motion, motion in non-inertial reference frames, and dynamics of rigid bodies.",4 credits
68263,PHY-254,Research Methods I,,,"This section of Research Methods I is for undergraduates that are intending to participate in Physics research. The course includes modules designed to introduce topics in introductory laboratory physics and safety, advanced instrument and software training, and numerical methods. Participants will give a poster or oral presentation on their upcoming research project as a capstone project for the course. May Experience ONLY.",2 credits
67057,PHY-312,Classical Mechanics II,,PHY-311,"An advanced treatment of topics studied in PHY-311, plus gravitation, coupled oscillations, mechanics of continuous media, the one-dimensional wave equation, and relativistic kinematics and dynamics.",4 credits
67055,PHY-241,Introduction to Modern Physics,,PHY-112 Must be enrolled with MTH-160 .,"Special theory of relativity, particle nature of electromagnetic radiation, waves and wave nature of matter, the Heisenberg Uncertainty Principle, historical models of the atom, Schroedinger’s equation and its application to one-dimensional systems, quantum theory of the hydrogen atom, electron spin, many-electron atoms, and introduction to nuclear physics. Should be enrolled with MTH-160.",4 credits
67064,PHY-232,Experimental Methods,,PHY-241,"Introduction to modern sensors, optical devices and instruments and their applications in the field of experimential science. Experiments designed to give practice in the art of making precise measurements and the processing of experimental data. Hands-on experience in instrumentation and experimentation in optics, electronics and a number of other areas in applied physics and engineering.",4 credits
67061,PHY-421,Optics,,MTH-160 and PHY-112 . MTH-250 and MTH-255 are recommended.,"Geometrical optics, image formation by lenses and mirrors, optical instruments and aberrations, Fresnel equations, optical properties of materials, nonlinear optics and the modulation of light, interference and diffraction, Fourier optics, laser operation and properties. Laboratory activities include numerical simulations of lens aberrations, Brewster angle experiment, electro-optic effect, magneto-optic effect and the spatial light modulation.",4 credits
67062,PHY-431,Electronics,,PHY-112,"Theory and applications of active and passive circuits containing resistors, capacitors, inductors, transistors and integrated circuits. Course is laboratory-oriented. Students build and analyze circuits involving these components in various applications, including active and passive filters, transistor amplifiers, operational amplifiers, power supplies and digital circuits.",4 credits
67058,PHY-321,Electromagnetic Theory I,,"PHY-112 . MTH-160, MTH-250, and MTH-255 are recommended.","Development of the Maxwell equations. Electrostatic forces and fields, potential theory, magnetostatic forces and fields, time-varying fields.",4 credits
67059,PHY-322,Electromagnetic Theory II,,PHY-321,"A continuation of the first course on electromagnetic theory. Application of Maxwell’s equations to radiating systems, systems and properties of electromagnetic waves in vacuum and matter. Radiation theory and relativistic electrodynamics.",4 credits
67060,PHY-331,Thermodynamics,,PHY-112 . PHY-241 is recommended,"Laws of heat and thermodynamics, kinetic theory of gases, introduction to statistical mechanics.",4 credits
67068,PHY-452,Atomic and Nuclear Physics,,PHY-241,"Atomic physics topics include solutions to the Schroedinger equation for the hydrogen atom, one dimensional square well, spin orbit coupling and the periodic table. Nuclear physics topics include stable nuclei, nuclear decay, the radial square well and a model for the deuteron, as well as the simple harmonic oscillator and the nuclear shell model. An introduction to elementary particles and accelerators is also included.",4 credits
67063,PHY-433,Introduction to Embedded Systems,,PHY-111 and PHY-112 or instructor permission,"An exploration of the fundamentals of embedded systems for applications of physical computing. Using the Arduino open source microcontroller platform, students will learn how to connect sensors, actuators and indicators to create devices that interact with the physical world. Topics include digital and analog inputs and outputs, sensors, actuators, motors, serial communication, and control of external devices. Students will learn technical skills in electronics, programming and serial communication. May Experience ONLY.",2 credits
67067,PHY-451,Astrophysics,,"MTH-160 , PHY-241 , PHY-311 , and PHY-321 . PHY-441 is recommended.","WR (Writing/Research Intensive) Survey course in introductory astronomy and astrophysics for science majors. Gravitation and orbital motion; evolution and structure of the solar system, galaxy, and universe; stellar classes, structure and evolution. Laboratory activities include numerical simulations of various cosmological and stellar models, the study of spectrographic data, and astronomical observations.",4 credits
67065,PHY-441,Quantum Mechanics I,,MTH-160 and PHY-241 . Should be enrolled with MTH-255 . MTH-250 and MTH-255 are recommended.,"Introduction to quantum formalism, the simple harmonic oscillator, angular momentum, the hydrogen atom, spin and indistinguishable particles, and applications. Recommended to be enrolled with MTH-255.",4 credits
67066,PHY-442,Quantum Mechanics II,,PHY-441,"Duality of matter and radiation, state functions, linear momentum, the Schroedinger equation, systems of particles, angular momentum and spin.",4 credits
67071,PHY-504,Directed Independent Study,,,"Study of a selected topic designed to instill deeper understanding of areas of physics beyond formal course work. Working with a faculty sponsor, the student selects a focused area for further study and writes an agreement specifying work expectations. A formal paper or portfolio of sufficient length and composition to demonstrate a scholarly review with a bibliography resulting from the study is required. Variable credit.",
67070,PHY-502,Research,,,"Guided experimentation or theoretical research on selected topics in physics. Working with a faculty sponsor, the student poses a question of interest for research, writes an agreement specifying work expectations, and conducts research to answer the question. A formal paper resulting from the research is required upon completion of the project that must be prepared and submitted to a journal. May be retaken for credit. Variable credit.",
67072,POL-101,Introduction to American Government,GER: HB (Empirical Study of Human Behavior),,"The basic political science course focusing on American politics. Emphasis on the principles, institutions, and politics of the federal government. Topics include: the U.S. Constitution, the presidency, Congress, the Supreme Court, political parties, interest groups, and the federal bureaucracy.",4 credits
67069,PHY-461,Teaching Methods and Materials,,department permission.,,4 credits
67073,POL-102,Introduction to World Politics,GER: HB (Empirical Study of Human Behavior),,"Examination of similarities and differences between the institutions, processes and policies of selected nations, in the context of globalization and the evolution of international politics.",4 credits
67075,POL-150,Introduction to Political Analysis,GER: WR (Writing-Research Intensive) and HB (Empirical Study of Human Behavior),Any first-year writing seminar and POL-101 or POL-102,"The methodology of contemporary political science, including research techniques for studying political behavior.",4 credits
67076,POL-202,American Presidency,,POL-101,"The constitutional and political evolution of the presidential office, with emphasis on relations with Congress, the federal bureaucracy, and the judiciary. Focus on presidential functions such as legislative leadership, budgeting, administrative coordination, and making foreign policy.",4 credits
67820,POL-200,Native American Politics,"GER: IEJ (Identities, Equity, and Justice)",,"Examination of contemporary Native American politics, including political culture, governance, and political participation. Explores issues of sovereignty and the relationship between indigenous governments and federal and state governments in the United States.",4 credits
67723,POL-201,Immigration Law and Policy,,POL-101,"Examination of immigration law and public policy in the United States. Immigration is a ripe topic to help us understand the history of who “belongs” in the United States, by examining who is targeted for inclusion in – and exclusion from – membership in our country’s political body. This course will examine immigration law both historically and from the perspective of modern immigration debates.",4 credits
67074,POL-103,Introduction to Political Thought,GER: UQ (Ultimate Questions),,"A survey of major political philosophers in which students consider alternative conceptions of reality as they come to light in ancient, medieval, and modern political orders.",4 credits
67079,POL-205,Public Policy in the United States,,POL-101,"Study of public policy in the United States with an emphasis on influential policy actors, theories of the policymaking process, the tools of policy analysis, and important policy areas, such as education, the environment, and immigration.",4 credits
67077,POL-203,Judicial Processes and United States Supreme Court,"GER: TA (Critical, Analytical Interpretation of Texts)",POL-101,The judicial process and the federal system through the case method.,4 credits
67080,POL-206,Law and Public Policy,,POL-101,"Do court rulings effect significant change in public policy? We examine this question by investigating U.S. Supreme Court holdings and public policy in the following areas: education, death penalty, abortion, land preservation, access to justice, and voting rights.",4 credits
67081,POL-207,State Politics,,POL-101,"Comparative analysis of politics in the American states. Emphasis on federalism (intergovernmental relations), state governmental services and functions.",4 credits
67078,POL-204,Civil Rights and the United States Constitution,"GER: TA (Critical, Analytical Interpretation of Texts)",POL-101,Study of the civil rights of the American constitution through readings and the case method.,4 credits
67084,POL-210,Interest Groups and Political Movements,,POL-101,"Analysis of the role of interest groups and political movements in the United States, with a focus on the origins, maintenance, and strategies of these organizations.",4 credits
67086,POL-212,Women and Politics,"GER: IEJ (Identities, Equity, and Justice)",POL-101 or permission from instructor,"Examination of the experience and role of women in the political arena, including such topics as campaigns and elections, political leadership, social movement participation, media coverage, public policy formation, and public opinion.",4 credits
67082,POL-208,Urban Politics,,POL-101,"Study of problems facing cities, including community power structures, poverty, welfare, education, housing, urban renewal, and law enforcement.",4 credits
67083,POL-209,Southern Politics,,POL-101,"An investigation of how the American South has developed politically and how the region has helped to shape American politics as a whole. Focus includes race, economics, and religion and how they have affected the political dynamics of the region.",4 credits
67085,POL-211,Racial and Ethnic Politics,,POL-101,"Examination of African American, Hispanic, Asian American, and Native American efforts to organize for political action in the face of political, social, and economic constraints. Groups are compared to other politically active groups in U.S. politics.",4 credits
67398,POL-216,Campaigns and Elections,,POL-101,"An examination of campaigns and elections in American politics. Topics include campaign financing, the presidential nomination process, theories of campaign strategy, and voting behavior.",
67088,POL-214,Environmental Law,GER: NE (Humans and the Natural Environment),,"Exploration of how environmental law interplays with the public policy dimensions of science, media and politics providing students with an understanding of the breadth of environmental law and the range of tools of conservation advocacy. The constant and ever-changing interplay between the law, politics, media and science leading to public policy in the environmental/conservation/ energy field will be a key focus. Emerging interpretations (both domestic and international) of the impact of the law on climate and policy will also be addressed.",4 credits
67772,POL-217,Pursuing Justice: The Fight to Kill Jim Crow,"GER: IEJ (Identities, Equity, and Justice)",,In 1896 the United States Supreme Court announced in the case of Plessy v. Ferguson that the separation of people by race was legal if public accommodations are equal. The “separate but equal” doctrine ushered in full-scale segregation in the south. This seminar will study the legal and social campaigns of prominent civil rights leaders and civil rights groups to overturn the social and political impact of the Plessy v. Ferguson decision in the lives of African-Americans.,4 credits
67087,POL-213,Environmental Policy,GER: NE (Humans and the Natural Environment),,"Examination of environmentalism from cultural, historical, and political perspectives in the United States. Consumption, development, environmental risk, and environmental justice. Historical development of American environmentalism, environmental policy including styles of regulation, uncertainties in risk assessment, the usefulness of cost-benefit analysis, and the debates over public lands, biodiversity, toxic and hazardous substances, the use of renewable energy, and science and technology. Special emphasis is placed on current environmental issues and debates in the Greenville area.",4 credits
67089,POL-215,Public Administration,,POL-101,"Study of public administration with emphasis on major theories of administration and democracy, the role of bureaucracy in American society, and the challenges facing public administrators at the national, state, and local level.",4 credits
67610,POL-219,Crime and Policing,GER: HB (Human Behavior),POL-101,"This course offers a theoretical, empirical, and normative study of crime policy and law enforcement in the U.S. Students will come away from this course with a deeper understanding of why our society punishes, whether some communities suffer disproportionate punishment, and how crime policy is made and enforced. Students will also learn about alternatives to current crime policies and law enforcement methods.",4 credits
67559,POL-218,"Healthcare, Public Policy, & Law",,,"Providing a framework for understanding the social, political, and economic dimensions of health policy. Introducing the policy-making and legal system of the United States and providing a platform to develop knowledge about the organization of the health care system in the U.S. Providing the practical knowledge to identify legal issues and to understand the legal and ethical ramifications of strategic decisions. Emerging health policy issues that courts are likely to confront. How the law balances collective and individual rights.",4 credits
67465,POL-220,Political Psychology,GER: UQ (Ultimate Questions),,"Examination of how political psychologists explain political behavior and how it is manifested in the political world. The psychological, social and political underpinnings of terrorism, genocide, torture and mass killings, will be studied, as will the factors contributing to heroic and altruistic political behavior. Consideration of the ethical and moral requirements for human behavior.",4 credits
67093,POL-221,Politics of European Union,,POL-102,"Study of the institutions, policies, and processes of the European Union and the major theories of regional integration.",4 credits
67094,POL-222,Politics of Russia,GER: WC (World Cultures),POL-102,"Examination of the development of institutions, policies, processes, and cultures in the late Soviet and post-Soviet eras.",4 credits
67095,POL-223,Politics of Developing Nations,GER: WC (World Cultures),POL-102,"Introduction to politics of the non-Western nations, with emphasis on the political development of the Middle East, Africa, Asia, and Latin America. Presentation of a comparative framework for understanding diverse political cultures.",4 credits
67099,POL-227,Environmental Politics in China,GER: NE (Humans & the Natural Environment),POL-102,"Examination of the key environmental challenges facing China, efforts to combat environmental destruction, and prospects for China’s sustainable development. Will explore the interaction of minority and environmental concerns and the impact of tourism on both.",4 credits
67098,POL-226,Politics of China,GER: WC (World Cultures) and HB (Empirical Study of Human Behavior),,"Examination of the political, social, and economic factors affecting the Chinese Communist Party and its relationship to the Chinese citizenry. Analysis of the domestic and international challenges confronting the Chinese state.",4 credits
67097,POL-225,Politics of the Middle East,GER: WC (World Cultures),POL-102,"Focus on the interplay of religion, nationalism, colonialism, and regional conflict in the context of national as well as world politics.",4 credits
67096,POL-224,Politics of Africa,GER: WC (World Cultures),POL-102,"Comparative study focusing on traditional political structures, the impact of colonialism, and contemporary political systems and parties.",4 credits
67104,POL-228,Politics of Europe,,POL-102 and POL-150,"Study of political institutions, policies, and processes in European democracies.",4 credits
67618,POL-231,Democratization in the Mediterranean,,,"HB (Human Behavior) POL-102 The basic principles, theories, conceptual tools, and comparative methods useful for understanding the processes of, and challenges to, democratization in the Mediterranean region.",4 credits
67100,POL-229,Politics of Asia,GER: WC (World Cultures),POL-102,"Examination of one of the world’s most dynamic regions. Common issues facing disparate regimes will be explored through case studies from Communist regimes, military and transitional systems, and restricted democracies. The region’s changing international role and influence will be discussed.",4 credits
67101,POL-230,Politics of Latin America,,POL-102,"Emphasis on the institutions, processes, and policies through which Latin American countries attempt to accommodate the forces of tradition and of political, economic, and social change.",4 credits
67515,POL-232,Islam and Politics,GER: WC (World Cultures),POL-102,"An investigation of the complexity and diversity of Islam in its political forms to create a more nuanced understanding of how politics has shaped Islam, and a deeper knowledge of how Islam has influenced political developments in the Middle East, Asia, Africa, and the West.",4 credits
67821,POL-238,Authoritarianism,GER: WR (Writing/Research Intensive) and WC (World Cultures),POL 102,"Exploration of the rise and rule of authoritarian regimes, as well as their impact on citizens and global institutions. Discusses resistance to, and transitions from, authoritarianism.",4 credits
67106,POL-251,International Peace and Security,,POL-102,"Examination of security challenges facing leaders in the twenty-first century. Topics include: WMD, wars of insurgency, terrorism, peace keeping, nation building, and ethnic conflict.",4 credits
67105,POL-250,International Relations,,POL-102,Examination of the sources of conflict and cooperation in the international system and their effects on the development of foreign policy.,4 credits
67102,POL-235,Politics of Religious Movements,,POL-102,"Effects of religious movements on the politics of modernizing societies, comparing Europe, the United States, the Middle East, and Latin America.",4 credits
67103,POL-236,Political Parties,,POL-102,Examination of political parties as they appear in established and emerging democracies. Special emphasis on U.S. political parties in comparative perspective.,4 credits
67377,POL-255,Understanding Terrorism,,,The phenomenon of terrorism warrants continued study. What qualifies as terrorism and why? What types of terrorism are there? What motivates terrorism? How can it be tackled?,4 credits
67107,POL-252,American Foreign Policy,,POL-102,"Emphasis on the nature of U.S. national interests, major foreign policy actors and institutions, and principal modes and patterns of decision-making. American foreign policy toward selected allies and adversaries is also considered.",4 credits
67738,POL-253,Great Power Conflict,,POL-102,"Investigation of the nature, causes, and consequences of great power conflict, culminating in an examination of great power conflict during the 21st century.",4 credits
67108,POL-256,Politics of the Global Economy,,POL-102,"The relationship between politics and economics on the national and international levels, focusing on the impact of political forces on the functioning of the international economic system.",4 credits
67110,POL-254,Foreign Policy Analysis,GER: HB (Empirical Study of Human Behavior),POL-102,"Examination of the personalities, beliefs, and cultural milieus of foreign policy leaders and how these leadership factors contribute to historical and contemporary peace and conflict processes in world politics. Also, considering leadership assessment techniques.",4 credits
67822,POL-271,Medieval Christian and Islamic Political Thought,"GER: TA (Critical, Analytical Interpretation of Texts)",POL 103,"This course explores several of the foundational texts in medieval Christian and Islamic political theory. The texts discuss themes related to the distinction betwen Church and state, the nature of the divine, reason and revelation, social cohesion, natural law, cyclical theories of history, the lust for power, and the ends of political life. Authors include St. Augustine, St. Thomas Aquinas, Martin Luther, al-Farabi, and Ibn Khaldun.",4 credits
67724,POL-257,International Law and Human Rights,,POL-102,"An overview of international law and human rights, including the field’s historical, conceptual, and theoretical foundations. It also discusses contemporary human rights cases in international politics.",
67111,POL-270,Classical Political Thought,"GER: TA (Critical, Analytical Interpretation of Texts)",POL-103 or PHL-101,"Textual analysis of selected works by classical authors such as Plato, Aristotle, Cicero, Augustine, and Aquinas.",4 credits
67780,POL-259,The Arab-Israeli Conflict,"GER: WC (World Cultures) and IEJ (Identities, Equity, and Justice)",POL-102 Introduction to World Politics,This course examines the politics of the Arab-Israeli conflict over time. It will examine when and why the conflict started and what the claims of the contending sides are. It will also examine the conflict’s consequences for regional and international stability and the role of the international community and the United States.,4 credits
67109,POL-258,International Organization,,POL-102,"International organization is the ordering principle in the international system including institutions, regimes, law, and norms. The goal of the organization is to govern the interactions among state and non-state actors. Challenges to these ordering principles and their effectiveness in specific cases will be studied.",4 credits
67512,POL-274,Black Political Thought,,,"An exploration of the works of African American scholars, writers, and activists and the struggles they chronicle of the Black experience in pursuing the goal of full inclusion in the American body politic. Including an examination of conflicting and synchronous political ideologies, activists, movements, organizations, and institutions that influence the current political position of African Americans.",4 credits
67112,POL-272,Modern Political Thought,"GER: TA (Critical, Analytical Interpretation of Texts)",POL-103 or PHL-101,"Textual analysis of works by authors such as Machiavelli, Hobbes, Locke, Rousseau, Burke, Marx, Mill, and Nietzsche.",4 credits
67114,POL-278,Readings in Political Thought,,POL-103 or PHL-101,"Patterned on the model of a reading group, students will focus on a significant author or theme in the tradition of political philosophy. Readings will vary by year and instructor. May Experience ONLY.",2 credits
68264,POL-290,Civil Discourse,,,This course will explore the meaning and implications of civility in American politics. Specific focus will be on the legal and normative foundations of a democratic republic when it comes to political discourse. Historical and contemporary examples of civil (and uncivil) engagement will be critically considered. Tools for engaging in effective discussion of contentious issues will be evaluated. Opportunities for practicing the art of civil discourse will be provided.,2 credits
67113,POL-273,American Political Thought,"GER: TA (Critical, Analytical Interpretation of Texts)",,"Analysis of the principles underlying American politics, focusing on textual analysis of the writings of America’s most influential statesmen, stateswomen, and public intellectuals.",4 credits
67115,POL-304,"Jurisprudence, Law, and Ethics",,,This course examines a broad range of contemporary legal issues from the theoretical standpoint of ethics and jurisprudence. Theory is employed to present legal developments within their particular social and historical context.,4 credits
67091,POL-315,Media and Politics,,POL-101 and POL-150,"The place of the media as an institution in the American political system. Topics include the nature of the U.S. media, their relationship to the president and the bureaucracy, Congress, the courts and interest groups, the media’s role in political campaigns and policy-making, and the media’s influence on opinion and political behavior of elites and the public.",4 credits
67090,POL-301,American Congress,,POL-101 and POL-150,"The development and operation of the U.S. Congress, focusing on its constitutional and political bases. Topics include elections, representation, congressional parties and committees, policy making, and relations with the presidency.",4 credits
67092,POL-317,Political Behavior,,POL-101 and POL-150,"Formation, organization and change of attitudes about American politics; study of political participation and its correlates. Methods of survey design and analysis including computer adaptations.",4 credits
67138,POL-370,Capstone Seminar in Politics & International Affairs,,"POL-101 , POL-102 , POL-103 and POL-150","Reading, research and writing course for majors that covers a specific topic in political science.",4 credits
67119,POL-407,Washington Experience,,POL-101 or POL-102,"Examination of political, civic, and cultural aspects of the American political system while living in Washington, DC. Includes internship in a government agency or political organization, with appropriate academic perspectives.",8 credits
67118,POL-406,Fieldwork in State and Local Public Affairs,,POL-101,"Through 25-hour-per-week internships in local or state governmental agencies (both political and administrative) or nongovernmental agencies (such as interest groups, media, or nonprofits), students are exposed to the way in which subnational policy is formulated, implemented, and evaluated. In addition, students attend a weekly seminar that integrates various themes in public administration, public policy, and state and local government.",4 credits
67117,POL-405,Fieldwork in Politics,,POL-101 or POL-102,"Through internships and related assignments, students employ research methods, test previous political science research, and acquire a deeper understanding of domestic and international affairs.",4 credits
67116,POL-375,Issues in Political Thought,"GER: TA (Critical, Analytical Interpretations of Texts)",POL-103 or PHL-101,"Examination of selected moral and political themes in light of the tradition of political thought, which combines classic texts with the writings of contemporary scholars and public intellectuals. Topics each semester are addressed in more detail on the Tocqueville Program web site.",4 credits
67139,POL-371,Senior Research Seminar,,instructor permission,Guided research and writing on a topic in any field of political science proposed by the student and approved by the instructor.,4 credits
67121,POL-409,Fieldwork in State Legislatures,,POL-101,State legislative interns compare and contrast their internship experiences with the appropriate political science literature to gain a deeper understanding of the representation process.,4 credits
67123,POL-412,Trial Advocacy,,,"Historical foundations of trial advocacy; analysis of the structure of a trial from opening statements to closing arguments; students practice all components of a trial (e.g., direct and cross examination) and stage several trials in local courthouses. Cases rotate between civil and criminal fact patterns. May Experience ONLY.",2 credits
67786,POL-410,Sports & Politics,,,"Examine the complex relationship between sports and politics through a political science lens. This course provides a comprehensive exploration of how sports influence and are influenced by political dynamics at local, national, and global levels. Topics that will be covered include the role of sports in shaping national identity, the evolution of youth sports, the dynamics of race and gender, the political economy of sports, and the relationship between sports and international relations. May Experience ONLY.",2 credits
67120,POL-408,Brussels Experience,,POL-102,Internship in a European Union institution or related organization with appropriate academic perspectives. Variable credit.,
67122,POL-411,Mediation and Conflict Resolution,,,"An introduction to the theory and practice of mediation, a non-adversarial method for resolving disputes. Students will practice active listening skills, facilitative responses, non-verbal communication skills, and mediation techniques (brainstorming, settling on a mutual option, and writing an effective agreement). The broader implications of conflict resolution such as restorative justice and forgiveness studies will also be explored. May Experience ONLY.",2 credits
67126,POL-416,Farm,,,"An introduction to farm policy, agricultural history, and contemporary issues in agriculture policy (nitrogen run-off, impact of global markets, biofuels). Course is taught on a working farm in north central Iowa. May Experience ONLY.",2 credits
67124,POL-413,Conservation and Renewable Energy,,,Fostering and incentivizing conservation behavior and the goal of carbon neutrality and the challenges associated with pursuing those endeavors. Mechanics of renewable energy technologies and the study of encouraging environmentally sustainable behavior. The political context in which college campuses finds themselves with regard to renewable energy policy will also be examined. May Experience ONLY.,2 credits
67127,POL-417,Politics & National Integration in Ireland,,,"Examines theories of national integration, democratic accountability, political culture, and nation-building. Students will explore these ideas in the political contexts of Northern Ireland and the Republic of Ireland. May Experience ONLY.",2 credits
67125,POL-415,Poverty and the Law,,,"Through readings, discussions, and field trips (to courtrooms, Legal Aid, public defenders, ICE, DSS, prisons) considering the factual and ethical aspects of the relationship between poverty and the law in the US. May Experience ONLY.",2 credits
67128,POL-418,Democracy the Scandinavian Way,,,Exploration of politics and policies in the United States and Scandinavia. The course includes briefings by experts and policy makers on location. May Experience ONLY.,2 credits
67133,POL-440,Economics and Political Analysis of the European Union,,POL-102,"An examination of the formation, implementation and operation of the European Union, with special emphasis on political and economic issues. Taught as part of the Furman program in Europe.",4 credits
67129,POL-419,Welfare States in America and Scandinavia,,POL-101,Advanced exploration of welfare states in the United States and Scandinavia. The course includes briefings by experts and policy makers on location. May Experience ONLY.,2 credits
67132,POL-424,The European Union in Practice,,POL-102,"Examination of the institutions, policy-making processes and policies of the European Union. Includes visits to EU institutions and briefings by experts and policy makers on location in Brussels and other European capitals.",4 credits
67130,POL-422,South Carolina Politics and Policy,,POL-101,"Constitutional underpinnings, politics, institutions and policies of South Carolina’s government. Typically offered in conjunction with the State Capital Experience travel study program in Columbia, SC.",4 credits
67131,POL-423,The European Union in Theory,,POL-102,Exploration of prescriptive and explanatory approaches to the post-World War II integration of Europe. The course includes briefings by academics on location in Europe.,4 credits
67134,POL-441,Issues in Central and Eastern European Politics,,POL-102,"Examination of change in Central and Eastern Europe, with emphasis on such topics as the politics of democratization, economic transformation, international security, and environmental degradation and protection.",4 credits
67137,POL-444,Issues in Latin American Politics,GER: HB (Empirical Study of Human Behavior),POL-102,A comparative analysis focusing on the persistence of authoritarianism and the processes and challenges associated with democratic transition and consolidation in selected Latin American countries. Taken as a component of Furman’s Latin America study away program.,4 credits
67135,POL-442,Issues in African Politics,,POL-102,"Examination of change in Africa, with emphasis on such topics as the politics of democratization, ethnicity, economic development, the environment, and international relations.",4 credits
67136,POL-443,Issues in Chinese Politics,,POL-102,"Examination of China in the post-Mao era, focusing on the pressures for reform and the central government’s ongoing struggle to maintain control while liberalizing the political and economic system. Includes interviews with government officials and citizens in Shanghai.",4 credits
72707,POL-445,United Europe Past and Present,,,"This course explores the long and complex effort to unify Europe-from the Roman Empire and Charlemagne’s medieval realm to modern attempts at unity following centuries of war and division. Special emphasis will be placed on the institutions, policymaking processes, and contemporary challenges of the European Union. May Experience ONLY.",2 credits
67142,PSY-201,Research Methods in Psychology,GER: WR (Writing-Research Intensive) and HB (Empirical Study of Human Behavior),any first year writing seminar and PSY-111,"Introduction to the scientific methods used in psychological research. Topics covered include scientific reasoning, principles of research design, sampling, measurement, and ethical considerations. Designed to develop critical analysis skills required in more advanced psychology courses. Lab work and written reports of research projects are integral to the course.",4 credits
67376,PSY-152,Discovering Psychology’s European Roots,,,Study the history of psychology by visiting the original laboratories and cultures that gave rise to the discipline. Includes the culture and historical context influencing early psychological theories and the relevance of these theories for contemporary psychology. May Experience ONLY.,2 credits
67141,PSY-111,Introduction to Psychology,GER: HB (Empirical Study of Human Behavior),,"Comprehensive introduction to psychology as a behavioral science through a survey of historical, empirical, and theoretical perspectives of psychological research. Topics include: biological bases of behavior, development, learning, personality, cognition, perception, motivation, social psychology, and psychopathology. Students must either participate in research projects or write summaries of published research articles.",4 credits
67363,PSY-150,Psychology in the Archives,,,The history of psychology through archival fieldwork. Students will create an online exhibit that showcases a key researcher or concept from the history of psychology based on information gathered from archives. May Experience ONLY. May Experience ONLY.,2 credits
67140,POL-504,Directed Independent Study,,instructor and department permission. Variable credit.,,
67145,PSY-212,Social Psychology,GER: HB (Empirical Study of Human Behavior),PSY-111,"Study of individual human behavior as it affects and is affected by other people. Topics include the self, attitudes, group dynamics, prejudice, interpersonal attraction, impression formation, attribution, aggression, and prosocial behavior.",4 credits
67144,PSY-211,Childhood and Adolescence,GER: HB (Empirical Study of Human Behavior),PSY-111,"The psychological principles and processes of human development from conception through adolescence. Theory and empirical research related to physical, cognitive, social, and emotional development are reviewed.",4 credits
67146,PSY-213,Adulthood and Aging,GER: HB (Empirical Study of Human Behavior),PSY-111,"Developmental changes across adulthood. Includes topics such as changes in memory functioning, physicality, caregiving, and socio-emotional processing. Selected topics related to atypical aging, such as Alzheimer’s disease and living to be a centenarian will also be addressed.",4 credits
67143,PSY-202,Data Analysis in Psychology,,PSY-201,Introduction to statistical analysis with an emphasis on application to psychological research. Topics include the graphical presentation of data as well as descriptive and inferential statistics. Lab work and written reports of laboratory projects are integral to the course.,4 credits
67522,PSY-210,Poverty and Child Development,,,"Examination of the relationship between poverty and child health and development in the cultural context of southern Africa. Major areas of focus include malnutrition, health, education, cognitive and socio-emotional development. Resilience, HIV orphans, and policy issues are also discussed.",4 credits
67150,PSY-218,Adult Psychopathology,,PSY-111,"An introduction to the study of psychopathology. Topics include the definition of mental illness, classification of psychopathology, a survey of the types of disorders, their etiologies, epidemiology and symptoms.",4 credits
67149,PSY-216,Personality,,PSY-111,"Study of the major theories of personality that have provided the historical groundwork and perspective for current personality research. Topics include psychoanalytic, trait, cognitive, behavioral, and humanistic theories. Students will learn about different personality theories and how they are tested empirically, become familiar with different methodologies for studying personality, and better understand what personality is and the role it plays in our lives.",4 credits
67148,PSY-215,Organizational Psychology,,PSY-111,"An introduction to the study of organizational psychology, major techniques and initiatives employed by those in the field, and the challenges facing organizations and leaders today and in the future. Topics include job analysis, job evaluation, legal issues in employee selection, recruiting, interviewing, references and testing, employee performance, job satisfaction, work motivation, leadership development, group behavior, teamwork, and work-life balance.",4 credits
67147,PSY-214,Health Psychology,,PSY-111,"Issues of health and illness from a biopsychosocial perspective. Examining how the body responds to stress, the role of personality, social relationships, coping and socio-economic status in health and chronic disease. Students will conduct a term-long personal health behavior project.",4 credits
67725,PSY-217,Child Psychopathology,"GER: IEJ (Identities, Equity, and Justice)",PSY-111,"An overview of mental disorders that emerge in early development and/or are predominantly experienced by children and adolescents. Topics include core diagnostic criteria, factors which increase and mitigate risk for the emergence of these disorders, and evidence-based approaches to treatment. Multiple levels of analysis, early life stress, developmental pathways, and the overlap between typical and atypical development will be emphasized throughout.",4 credits
67152,PSY-318,Clinical Psychology,,"PSY-202 , BIO-222 or HSC-201 and PSY-217 or PSY-218","Advanced study of how clinical psychologists assess, diagnose, and treat psychopathology. Topics include historical basis of clinical psychology, evidence-based assessments and treatments, ethics and multicultural competency, and professional training and practice. Designed for upper-level students considering a career in mental health or some other health-related field.",4 credits
67151,PSY-314,Psychometrics and Assessment,,PSY-202 or BIO-222 and PSY-111,An introduction to the psychometric principles of test construction and test use and to the theories and methods of psychological assessment.,4 credits
68556,PSY-223,Forensic Psychology,,PSY 111,"Introduction to key issues and concepts in the field of forensic psychology. Students will learn about various biological and psychological theories of criminal behavior. The course also addresses the ways that psychology contributes to criminal investigations and legal settings, including the role of forensic psychologists in prisons and criminal courts.",4 credits
67811,PSY-222,Psychology of Gender,,PSY-111,"A broad overview of psychological research and theory on gender from multiple perspectives within the discipline, including developmental, biological, social and cultural.",4 credits
67726,PSY-221,Applied Sports Psychology,,PSY-111,Selected theories and practical application of psychological aspects of human behavior in sport and performance settings. Course includes coverage of performance enhancement techniques and coaching effectiveness principles to maximize the skills and personal growth of athletes and other performance professionals.,4 credits
67154,PSY-321,Psychopharmacology,,PSY-320,"An introduction to the mechanisms of drug action, effects, use and abuse. General topics include principles of pharmacology, neural substrates underlying drug addiction, and the therapeutic use of drugs for mental function.",4 credits
67155,PSY-322,Memory and Cognition,,PSY-202 or BIO-222 and PSY-111,"Examination of the research and theories of human memory and cognition. Topics include perception, attention, working memory, getting information into and out of long-term memory, forgetting, imagery, and problem-solving. Experimental approaches to studying these topics will be discussed. Lab projects focus on experimental methods for studying cognitive processes.",4 credits
67153,PSY-320,Introduction to Biopsychology,GER: NWL (Empirical Study of the Natural World with laboratory),PSY-202 or BIO-222,"Study of the biological bases of behavior. Appropriate for all majors, particularly those with potential interest in neuroscience or neuropsychology. Fundamentals of brain structure (gross and fine anatomy) and function (neurophysiology and chemical transmission). Overview of sensory systems from peripheral to central processing, including perception. Study of motor pathways and diseases of movement. Introduction to human neuropsychology, motivation, mood, memory and cognition. Lab projects focus on neuroanatomy and sensory systems.",4 credits
67156,PSY-323,Animal Behavior,,PSY-202 or BIO-222,"Comparative analyses of behavior and neural systems in a variety of nonhuman species. Evolutionary theory is emphasized in the study of social behavior, aggression, reproductive and parental behavior, territoriality, predator-prey relationships, and other topics.",4 credits
67739,PSY-319,"Stereotyping, Prejudice, & Discrimination","GER: IEJ (Identities, Equity, and Justice)",PSY 111 and PSY 202,"Groups are a fundamental organizing feature of all social life. Although groups can promote human flourishing, they can also serve as the basis of marginalization or unearned advantage in some instances. What are the social psychological factors explaining the causes and consequences of stereotyping, prejudice, and discrimination? By the end of this course, students will understand the empirical approaches to these issues in social psychology. In addition, students will examine the ways that everyday systems, practices, and artifacts in our lives can reproduce these harmful processes, even within an egalitarian, well-meaning society. Finally, students will evaluate and propose interventions to reduce stereotyping, prejudice, and discrimination based on the research literature.",4 credits
67157,PSY-324,Learning and the Brain,,PSY-202 or BIO-222,"Introduction to the study of learning, emphasizing laboratory research of Pavlovian and instrumental conditioning in mostly nonhuman species. Topics include reinforcement, extinction, stimulus control of behavior, avoidance, punishment, cognitive animal processes, and application of basic research to human behavior.",4 credits
68557,PSY-412,Psychology of Social Inequalities,"GER: IEJ (Identities, Equity, and Justice)",PSY 202 and PSY 211,"Study of the psychology of social inequalities with an emphasis on cognition about inequalities among both adults and children. Students will synthesize and integrate recent empirical research to develop a deep understanding of the psychology of social inequalities, apply their knowledge of psychological research methods and statistics to the scientific study on social inequalities, and communicate research to a variety of audiences. Students will also reflect on how this capstone experience relates to their undergraduate experience and their future goals.",4 credits
67159,PSY-404,Autism,,PSY-211 and PSY-202 or BIO-222,"Historical and contemporary theory and scientific research related to autism are examined. Areas of focus include biological and environmental underpinnings of the disorder, aspects of cognition and social development that are affected, and current interventions. An important part of the course is discussion with area experts who specialize in autism. Lab sessions focus on engagement with the local autism community.",4 credits
67574,PSY-328,Sensation and Perception,GER: NWL (Empirical Study of the Natural World with laboratory),PSY-202 or BIO-222,Examines the psychological and neural systems underlying sensory input processing and perceptual interpretations of stimuli. Laboratory time will allow for hands-on hypotheses-driven experimentation of course topics. Taste smell vision hearing touch and motion are emphasized.,4 credits
67158,PSY-327,Functional Neuroanatomy,,PSY-320,"The anatomy of the brain and spinal cord, and how the structure of the central nervous system supports functions including homeostasis, perception, action, and cognition. Hands-on, interactive activities and student-centered learning.",4 credits
67575,PSY-417,Multisensory Integration and Perception,,PSY-202 or BIO-222 and PSY-320 or PSY-328,"Sensory systems rarely work in isolation. Students will examine how perception is modulated by the combination of input from multiple sensory systems. Students will discuss scientific research, compose short reaction papers, and design a research proposal.",4 credits
67160,PSY-413,Current Topics in Aging: Research and Practice,,PSY-202 and PSY-213,"This seminar requires students to read and discuss primary literature on current issues in the study of Adulthood and Aging. Topics may include memory, everyday problem solving, communication, caregiving, social networks and lifestyle. Group and independent research involving onsite observations and working directly with seniors will be required.",4 credits
67386,PSY-415,Placebo Effect,,"BIO-222 , HSC-201 or PSY-202 . PSY-214 Health Psychology recommended, but not required.",Advanced seminar consisting of student-led presentations and class discussions based on literature reviews and empirical journal articles. We will seek to understand the placebo response- why people sometimes derive real benefits from an inert treatment or procedure. Students will design an original empirical test of a placebo-related hypothesis and submit a APA-style manuscript proposing their study.,4 credits
67496,PSY-416,Brain Imaging,,PSY-320,"In-depth look into to the variety of medical brain imaging techniques that are used to address scientific questions in both the clinical and pre-clinical settings. Areas of focus will include: autoradiography, positron emission tomography (PET), Magnetic Resonance Imaging (MRI), and Functional Magnetic Resonance Imaging (fMRI).",4 credits
67161,PSY-414,The Sleeping Brain,,PSY-320,"Why do we sleep? In this seminar course, students explore theories of the cognitive function of sleep through reading and discussion of primary source scientific literature, culminating in the development of a research paper on a topic of students’ choosing.",4 credits
67165,PSY-505,Structured Internship,,PSY-111 and instructor permission,"Provides majors with hands-on experience in careers related to psychology. Students develop objectives for the internship experience, read relevant literature, complete a comprehensive paper, submit weekly reflective summaries of their internship activities, participate in biweekly seminar meetings, and present on their internship experience. Interns complete a minimum of 35 hours of site work per academic credit. Graded on a pass-no pass basis. Interns complete a minimum of 35 hours of site work per academic credit. Interns complete a minimum of 35 hours of site work per academic credit. May be retaken for credit. Variable credit.",
67162,PSY-450,Advanced Research Techniques,,PSY-202,"An introduction to and preparation for independent research in a specific sub-field of psychology . Topics include specialized research methodologies, advanced statistics, oral and written communication of research findings, and ethics. A literature review, research proposal and oral presentation. May Experience ONLY.",2 credits
68558,PSY-419,Collective Memory,,PSY 202 and PSY 322,"This capstone seminar explores collective memory, or how people’s memories for a group’s past shape the group’s identity. We will explore how collective memory is different from history, how individual and collective memory differ, and how memory is related to future thinking. Students will read and discuss primary literature, lead discussions, design research studies, and practice scientific communication.",4 credits
67364,PSY-418,Eating Disorders,,"PSY-202 , BIO-222 , or HSC-201 and PSY-217 or PSY-218","Advanced study of eating disorders and obesity. Topics include clinical and subclinical eating disorders, obesity, diagnostic criteria, etiology, risk, preventive, and maintenance factors with an emphasis on prevention and treatment. Students will lead discussions, write a research proposal, present their research to the class, as well as engage in eating disorder prevention efforts in the community as part of an application lab.",4 credits
67163,PSY-451,Sleep and EEG Research Methods,,PSY-202 or BIO-222,"Students learn the fundamentals of EEG data collection and analysis through a mixture of instruction and hands-on experience. During the second half of the course, students will work together in small groups to design, execute, and analyze data from a simple EEG experiment. May Experience ONLY.",2 credits
67729,PTH-102,Pathways 102,,,This course is designed to help students continue to develop their individualized pathway with guidance from an academic advisor and a peer mentor. Students will engage in regular reflection and guided discussion about topics relevant to the second-semester experience.,1 credit
68274,PSY-507,Supervised Research,,,"Prerequsite - ( PSY 202 or BIO 222 ) and PSY 111 and instructor permission required Participation in all or several phases of the research process, including literature review, research design, creation of materials and stimuli, data collection, data entry, and data analysis and interpretation. Must produce a written or oral summary of the research project. Graded on a pass-no pass basis. May be retaken for credit. Variable credits.",
67166,PSY-509,Supervised Research,,( PSY-202 or BIO-222 ) and PSY-111 and instructor permission,"Participation in all or several phases of the research process, including literature review, research design, creation of materials and stimuli, data collection, data entry, and data analysis and interpretation. Must produce a written or oral summary of the research project. May be retaken for credit. Variable credit.",
67167,PSY-510,Thesis,,PSY-202 or BIO-222 and PSY-111 and instructor permission,"Conduct original research under the supervision of a three-person committee (chaired by the supervising faculty member). A proposal, research paper and an oral presentation are required. May contribute only once to major requirements.",4 credits
67728,PTH-101,Pathways 101,,,This course is designed to help students transition to college and begin creating their individualized pathway with guidance from an academic advisor and a peer mentor. Students will engage in regular reflection and guided discussion about topics relevant to the first-semester experience.,1 credit
67731,PTH-201,Pathways 201,,,"In this course, students will refine their individualized pathway and explore their long term goals with guidance from an advisor. Students will engage in regular reflection and guided discussion about engaged learning opportunities, career exploration and other topics relevant to the sophomore experience.",1 credit
67733,PTH-203,Pathways 203,,,"In this course, transfer students will continue to refine their pathway with guidance from an advisor. Students will engage in regular reflection and guided discussion about career exploration, setting long-term goals, their impact on others, and will develop and practice sharing their stories, in addition to reflecting on other topics relevant to their Furman experience.",1 credit
66696,PVS-101,Introduction to Poverty Studies,"GER: Identities, Equity, and Justice (IEJ)",,"Definition, scope, and measurement of poverty; experiences and effects of living in poverty; individual and structural causes; rights, claims, and obligations regarding poverty; successes and failures in the alleviation of poverty; current proposals.",4 credits
67730,PTH-103,Pathways 103,,,This course is designed to help transfer students transition to college and begin creating their individualized pathway with guidance from an academic advisor. Students will engage in regular reflection and guided discussion about topics relevant to the first-semester experience.,1 credit
67732,PTH-202,Pathways 202,,,"In this course, students will continue to refine their pathway with guidance from an advisor. Students will engage in regular reflection and guided discussion about their long-term goals, their impact on others, and will develop and practice sharing their stories, in addition to reflecting on other topics relevant to the sophomore experience.",1 credit
67169,REL-111,Bible and Ultimate Meaning,GER: UQ (Ultimate Questions),,"A study of selected biblical texts with a focus on ultimate questions raised and addressed by those texts. Throughout consideration is given to the fact that not only different perspectives on these questions but also different answers are voiced within the Bible itself. Typical topics include: creation, the human condition, death, salvation, the nature of God and divine/human interaction, wisdom, happiness, and a variety of ethical issues with contemporary relevance.",4 credits
66697,PVS-102,Living in Poverty,,,"Readings, lectures, field experiences, community speakers, and critical reflection to assist students who are considering internships associated with the Poverty Studies concentration or other similar experiences. May Experience ONLY.",2 credits
67170,REL-110,Religions of the World,GER: WC (World Cultures),,Important ideas and practices of selected major religions in historical and cultural context.,4 credits
67663,REL-115,Abrahamic Religions in the Mediterranean,,,"Study of the histories, cultural expressions and architectures, and mutual influences and relationships of cooperation and competition between Judaism, Christianity, and Islam in the Mediterranean. May experience",2 credits
67168,REL-121,Elements of Religion,GER: UQ (Ultimate Questions),,"Exploration of the phenomenon of religion as manifested in the variety of religious experiences and expressions, including symbols, myths, rituals, and religious literature. Sacred writings from a variety of religious traditions will be considered. Rather than a systematic introduction to individual traditions, this course considers the nature of common religious forms.",4 credits
67171,REL-210,Introduction to the Old Testament,"GER: TA (critical, analytical interpretation of texts)",,"The Old Testament in its historical context, with emphases on the forms and contents of its literature and the religion of ancient Israel.",4 credits
67409,REL-212,Genesis,GER: UQ (Ultimate Questions),,"Close interpretation of Genesis through Jewish and Christian history, modern scholarship, and personal engagement. Questions include the structure of creation, the meaning of life, and the interaction between God and the world in mythic narratives.",4 credits
67503,REL-200,Introduction to Biblical Hebrew,,,"Introduction to the grammar, syntax, and vocabulary of biblical Hebrew. The focus is on learning to translate texts from the Hebrew Bible with the assistance of electronic tools, for the purpose of supporting students’ critical exegesis of the biblical text.",4 credits
67172,REL-211,New Testament and Early Christianity,"GER: TA (critical, analytical interpretation of texts)",,Study of the New Testament and other early Christian writings in the context of the social and historical development of Jesus communities both within and outside of Judaism. Emphasis on the diversity of early Christian texts and communities.,4 credits
67173,REL-214,Revelation and the Apocalyptic Imagination,,,"An examination of the apocalyptic genre, including its literary, cultural, and historical features as well as its theological motifs. Focus on apocalyptic texts in the Hebrew Bible, the Christian Scriptures, and non-canonical documents. The appropriation of apocalyptic themes throughout history in artistic forms such as art, fiction, and film, with particular attention to how apocalyptic thinking continues to shape 21st century ways of being in the world.",4 credits
67174,REL-218,The Bible in Modern Culture,,,"Exploration of controversial issues related to the Bible in modern culture, with emphasis on biblical passages that have been at the center of passionate religious debate. Topics will include creation and evolution; Jesus and Christian theology; war and violence; and identity issues related to gender, sexuality, and race. May Experience ONLY.",2 credits
67176,REL-221,Native American Religions,"GER: UQ (Ultimate Questions) and WC (World Cultures) and IEJ (Identities, Equity, and Justice)",,"Considers the diverse sacred stories, rituals, and worldviews of selected Native American tribes and the way in which geography, climate, and experience, both individual and social, are related to them. Common themes that are markedly different from those of European cultures, such as the sacredness of nature and the lack of a separate category of life identified as religion are also considered.",4 credits
67178,REL-223,Hindu Cultures and Religious Worlds,GER: UQ (Ultimate Questions) and WC (World Cultures),,Exploration of Hindu beliefs and practices with an emphasis on major religious themes that link classical traditions with popular piety.,4 credits
67177,REL-222,Introduction to Islam,GER: UQ (Ultimate Questions) and WC (World Cultures),,"An examination of the origins and development of Islam, the world’s second largest religious tradition. Particular attention is given to the formation of Islamic faith and practice as well as contemporary manifestations of Islam in Asia, Africa, and North America.",4 credits
67175,REL-220,Introduction to Judaism,GER: UQ (Ultimate Questions),,"Overview of the development, beliefs and practices of Judaism. Historical, cultural, and theological issues related to Judaism’s influence on and interaction with Christianity and Islam, are considered throughout. Significant here are the nature of humanity, the concept of the people of God and chosenness, the messiah, the relationship to the land of Israel, and Zionism.",4 credits
67181,REL-226,Eastern Orthodoxy and Roman Catholicism,GER: UQ (Ultimate Questions),,"The development, beliefs, institutions, and public and private practices of Eastern Orthodox Christianity and Roman Catholicism. Relationship of these traditions to each other and to Protestantism also examined.",4 credits
67182,REL-227,Religions of South Asia,GER: WC (World Cultures),,"Introduction to contemporary religions of South Asia by examining the religions that have developed in the Indian subcontinent151Hinduism, Jainism, Buddhism, and Sikhism151as well as the influences of religions born elsewhere–Islam, Christianity, and others.",4 credits
67183,REL-228,History of God,GER: UQ (Ultimate Questions),,"Survey of scriptures and theologies of Judaism, Christianity, and Islam in historical perspective. Emphasis on the historical backgrounds in which the three Abrahamic religions arose, the development of sacred scriptures, and the theological struggles of late antiquity and early medieval times shaping orthodox as well as heterodox segments of these three religions.",4 credits
67180,REL-225,Religion in Africa,GER: UQ (Ultimate Questions) and WC (World Cultures),,"Introduction to major religious cultures of Africa. It explores three major types: African Traditional Religions (ATR), African Islam, and African Christianity. Focus on the variety of beliefs concerning Divinity, creation, the human person, and society. Relationship of these ideas to symbolic, ritual, and communal dimension of African life. Special attention to the role of Christianity as a catalyst of change, the emergence of the African Independent Churches (AIC), and new African theologies.",4 credits
67179,REL-224,Introduction to Buddhism,GER: UQ (Ultimate Questions) and WC (World Cultures),,"Examining the doctrines, practices, and communal life of the Buddhist religious tradition. Beginning with the origins of Buddhism in India, its spread and transformation through Asia and to the West. Exploring the various interpretations about Buddhology, the meaning of Dharma and how it becomes embodied in practice. Studying the Buddhist perspectives and approaches to issues and challenges Buddhist face in the modern world.",4 credits
67366,REL-233,Martin Luther King and the Religion of Social Reform,GER: UQ (Ultimate Questions),,"An examination of Martin Luther King, Jr.’s religious background, his theological development, and the ways in which his intellectual and religious life influenced and continues to influence American religious life and thought.",4 credits
67431,REL-229,Sufi Islam,GER: UQ (Ultimate Questions) and WC (World Cultures),,"The history, contemporary practices, and worldview of Sufism, the mystical branch of Islam. Following an overview of Islam and Sufism’s development within the larger Islamic tradition, the course examines the way in which Sufi practitioners, practices, and institutions profoundly influenced the culture, religion, and politics of the world, especially in the Middle East, Central and South Asia, and North Africa.",4 credits
67185,REL-232,African-American Religious History,"GER: HA (Historical Analysis of Human Interactions) and IEJ (Identities, Equity, and Justice)",,"A survey of prominent figures, themes, issues, and developments in African American religion in the United States and how these individuals and ideas shaped and continue to shape African American religious expression.",4 credits
67186,REL-235,History of Christianity to 600 CE,GER: HA (Historical Analysis of Human Interactions),,"Surveys the history of Christianity from the apostolic era to the end of late antiquity (roughly 600 CE). Emphasis on the interplay of religious and cultural change, with special attention to institutional developments and to popular devotional practices.",4 credits
67184,REL-230,Religion in America,"GER: HA (Historical Analysis of Human Interactions) and IEJ (Identities, Equity, and Justice)",,"Historical survey and analysis of religious movements in America from the 17 th century until the present. Emphasis placed on principal denominations of Judaism and Christianity and newer movements growing from the latter. Consideration of how differing theologies and practices raise questions about the founding principle of religious liberty, national identity, and other sometimes competing social and cultural norms. Study begins with encounters with Native American traditions and ends with questions raised by increasing religious diversity and secularity.",4 credits
67188,REL-240,Basic Christian Theology,GER: UQ (Ultimate Questions),,"Introduction to what the Christian community as a whole has believed, taught, and confessed on the basis of Scripture and theological reflection. Examining the nature of theology, and its traditional expressions in such topics as the Trinitarian understanding of God, human sinfulness, reconciliation, and servant hood, and God146s relation to the world in creation, providence, and eschaton.",4 credits
67491,REL-239,Material Religion in Reformation Europe,,,"Conducted on-site in Italy, Germany, and Switzerland, this course will introduce students to the dramatic upheavals in the visual and material cultures of Western Europe brought about by the religious reform movements of the sixteenth century. May Experience ONLY.",2 credits
68201,REL-238,Material Religion in Medieval Christendom,,,"Examines the evolving relationship between religion and material culture in European Christianity, i.e., how religious belief and practice exist interdependently with art, sacred space, devotional objects, and other material dimensions of lived religion. Particular attention will be paid to the visual dialogue with different religious traditions, as well as to internal conflicts within the tradition over the relationship of visual and material realities to conceptions of the spiritual and the divine.",2 credits
67542,REL-236,History of Christianity in the Middle Ages,GER: HA (Historical Analysis of Human Interactions),,"Survey of Christian civilizations in the Middle Ages (c. 600-1500), both in the Latin West, as well as in the Byzantine and Syriac East. Attention will be paid to the social, institutional, and intellectual dimensions of religious life, as well as to ways in which understandings of an idealized “Christendom” affected interactions with religious others, especially Muslims and Jews.",4 credits
67187,REL-237,Reformation and Modernity,GER: HA (Historical Analysis of Human Interactions),,A survey of the History of Christianity from the late Middle Ages through the Early Modern Period.,4 credits
67368,REL-251,"Jerusalem: One City, Three Faiths",GER: HA (Historical Analysis of Human Interactions),,"The history of the city of Jerusalem from biblical times to the present with a particular emphasis on Jewish, Christian, and Muslims claims to and interactions with this city.",4 credits
67213,REL-248,Religion and the Environment,GER: UQ (Ultimate Questions) and NE (Humans and the Natural Environment),,"The relationship of religious traditions to the natural world, in historical, theological, and ethical perspectives. Topics include: human attitudes to nature; biblical traditions concerning creation; Christian and scientific views of nature; the current ecological crisis; and resources for respecting nature within the world’s spiritual traditions.",4 credits
67190,REL-242,Modern Christian Thought,GER: UQ (Ultimate Questions),,"Introduction to Christian thought in the western tradition with a focus on the European Enlightenment critiques and counter-critiques, the Romantic movement, and the rise of modern historical consciousness. Emphasis will be on liberal Protestantism; however, Catholic modernism will also be discussed.",4 credits
67189,REL-241,Christian Classics,GER: UQ (Ultimate Questions),,"Interpretation of texts expressing the devotional tradition of Christian faith, with emphasis on their time, place, and ecclesiastical tradition, as well as the perennial human issues they raise. Texts vary, but can include works by Augustine, Francis of Assisi, Julian of Norwich, Martin Luther, John Woolman, Soren Kierkegaard and Dietrich Bonhoeffer.",4 credits
67367,REL-247,"God, War and Empire",GER: UQ (Ultimate Questions),,"Examine the intersection of politics and religion in the context of armed conflict. Read a range of classic and contemporary texts and apply concepts to historic and contemporary case studies. Topics include violence and the state in the Hebrew Bible and in Hellenistic philosophy, the political aims and pacifism of Jesus; the emergence of “just war” traditions of theology and jurisprudence in Christianity and Islam; and religious rhetoric in American foreign policy. Discuss the ways theology and political theory bring insights to the most pressing contemporary legal and foreign policy issues.",4 credits
67430,REL-252,Judaism in the Time of Jesus,GER: HA (Historical Analysis of Human Interactions),,An examination of Jewish literature and material culture from the late Second Temple Period (c. 2nd century B.C.E. through 1st century C.E.). Attention will also be paid to Jewish sources from a wider time frame and to the emergence of the early Christian community in Jerusalem.,4 credits
67192,REL-262,Religion and Art,GER: VP (Visual and Performing Arts) and WC (World Cultures),,"Exploration of the relationship between the aesthetic material expressions of religion (e.g., architecture sculpture, icons), religious orthodoxy (i.e., belief) and orthopraxy (i.e., practice) in: Christianity, Hinduism, and Islam.",4 credits
67751,REL-263,"Murder, Mystery, and Mayhem","GER: TA (Critical, Analytical Interpretation of Texts)",,A study of modern and contemporary murder mystery/detective narrative fiction. The course gives special attention to questions about the construction of stories/narratives and how that involves interpretations of the meaning of human experience.,4 credits
67191,REL-260,Religion and Literature,"GER: TA (Critical, Analytical Interpretations of Text)",,"Study of novels, poems, plays, chiefly modern and contemporary, with emphasis on human transformation, the relationship between narrative structure and religious meaning, and the sacramental imagination. Texts have included works by Tolstoy, F. O’Connor, W. Percy, Dinesen, Yann Martel, Julian Barnes, Patrick Modiano, and Marilynne Robinson. Essays on narrative theology and literary criticism also considered.",4 credits
67660,REL-254,Religion and SciFi,,,UQ (Ultimate Questions) An examination of the religious themes that inhabit contemporary science fiction film and television.,4 credits
67193,REL-269,Art and Religion in Turkey,,,"Study of Byzantine (Eastern Christian) and Islamic art in Turkey, with a particular emphasis on the architecture of churches and mosques and on Orthodox icons. The relationship between art and religious meaning is the principal focus of the course.",2 credits
67194,REL-270,Religious Studies in Turkey,,,"Survey of religious history in Turkey, with focus on early Christianity, Byzantine Christianity, and Islam during the Ottoman Empire and the modern period. May Experience ONLY.",2 credits
67437,REL-267,Art and Religion in Greece,,,"Examines the relationship between religion and art in Greece, i.e., how religious belief and practice exist interdependently with visual images (Orthodox icons and Islamic calligraphy) and architectural forms (church and mosque architecture). May Experience ONLY.",2 credits
67436,REL-265,Canterbury Trails: Pilgrimage Spirituality,,,"Travel course exploring the practice, theological implications, and history of Christian pilgrimage through engagement with medieval sites in England. May Experience ONLY.",2 credits
67438,REL-268,Religious Studies in Greece,,REL-267,"Survey of Greek Religious History, especially Classical Greek religions, early Christianity, and Byzantine Christianity. Other traditions such as Oriental Orthodoxy (e.g., Armenian Christianity) and various historical forms of Judaism and Islam. May Experience ONLY.",2 credits
67388,REL-278,Land and Religion in the Holy Lands,,,"Exploration of biblical and religious sites in order to better understand their importance to the early histories of Judaism, Christianity, and Islam. This course also includes discussion of the complex religious and political conflicts that Israel in particular, and the Middle East more broadly, currently face. Students will encounter a land that has remained central to Jewish, Christian, and Muslim imagination and aspirations for thousands of years and see how understanding the past is crucial for interpreting the present. May Experience ONLY.",2 credits
67823,REL-284,Black Religious Thought,"GER: IEJ (Identities, Equity, and Justice) and WR (Writing/Research Intensive)",,"This course explores the development of Black religious thought and focuses on several pivotal/significant thinkers and scholars. This course will look at the writings of such historical figures like Richard Allen, Jarena Lee, Ida B. Wells-Barnett, Martin Luther King, Malcolm X, James Baldwin, and Black Christian theologians and social ethicists like James Cone, Katie Cannon, and Kelly Brown Douglass. The course will also explore the thought of Black feminists like Angela Davis, Barbara Smith, and bell hooks.",4 credits
67195,REL-276,Religion and Black Popular Culture,,,"Exploration of intersection of religion and African-American popular culture as depicted in movies, television, music and literature including consideration of influences both external and internal. May Experience ONLY.",2 credits
67196,REL-277,Indigenous Religion and Culture in SW US,,,"Study of Navajo, Hopi, and Pueblo Cultures through visits to museums, archaeological sites, and reservation villages. Students attend traditional corn dances and visit various sacred sites, homes, schools, churches, medical facilities and corn fields. May Experience ONLY.",2 credits
67428,REL-279,Holy Land: Pilgrim Experience and Political Struggle,,,"Views of pilgrims through the ages as they have approached the Holy Lands, along with the sacred struggles that many have faced in retaining their hold on the land. Special attention will be paid to student experience as pilgrims to the land of Israel/Palestine, and their evolving views on the political (and often sacred) struggle for control of the land.",2 credits
67199,REL-314,The Torah,"GER: TA (Critical, Analytical Interpretations of Text)",,"Examination of the literary, historical and religious dimensions of the first five books of the Hebrew Bible. Topics include the compositional history of the text and the development of ancient Israelite religion. Special attention given to contemporary issues in interpretation, including feminist, sociological and postmodern approaches to the text.",4 credits
67197,REL-310,God and Politics in the Hebrew Prophets,GER: HA (Historical Analysis of Human Interactions),,"Study of the ancient Israelite prophets and prophetic texts from an historical perspective. Topics include issues related to economic and social justice; historical and social changes that shaped Israel’s prophetic office and literature; and the role of prophets, kings and other social leaders in responding to the realities of life under imperial domination.",4 credits
67198,REL-311,Suffering and Evil in the Bible,GER: UQ (Ultimate Questions),,"A study of the “Wisdom” traditions in the Bible including Proverbs, Job, and Ecclesiastes, in conversation with wisdom traditions in historical and contemporary contexts. Focus on topics such as the meaning of (and religious responses to) pain, evil, and innocent suffering in human experience. In addition to the Bible, includes attention to texts from global religious contexts, the history of religious thought, and contemporary expressions.",4 credits
67396,REL-317,History of Bible Translation,,,"WR (Writing/Research Intensive) Survey of the history of Bible translation, beginning with ancient versions, continuing through the Reformation, and ending with the amazing variety of modern Bibles. Focuses on translation as a theological, social, and political act of interpretation.",4 credits
67200,REL-316,Biblical Text and Canon,GER: UQ (Ultimate Questions),,"Historical study of the origin of the Christian Bible with particular emphasis on the processes involved in the preservation of the text, determination of canonicity, and the issues of meaning involved in the concepts of inspiration, authority, and canon. Study of the factors, historical, social, and theological, that prompted the genesis and final form of the biblical canon.",4 credits
67204,REL-323,"Women, Gender, Islam",GER: WC (World Cultures),,"Investigation into the role of gender in Islamic sacred texts, religious practice and law, and Islamicate history. The relationship between cultural and religious attitudes toward gender in Muslim societies, and links between Orientalist and Islamist “fundamentalist” discourses on gender will be explored.",4 credits
67202,REL-319,Paul’s Life and Thought,"GER: TA (Critical, Analytical Interpretation of Texts)",,"Introduction to the writings and social world of Pauline Christianity. Topics include: Paul among Jews and Gentiles, Christianity’s emergence from Judaism, concepts such as “faith” and “law,” and Pauline responses to issues such as slavery and empire. Includes an examination of canonical Pauline texts, later appropriations of Paul’s authority, and central theological Pauline tenets.",4 credits
67201,REL-318,Jesus and the Gospels,"GER: TA (critical, analytical interpretation of texts)",,"Exploration of early Christian gospels, both canonical and non-canonical, focusing on the distinctive literary features of each of the four canonical gospels and the relationships among them. Also, modern quests for the historical Jesus, raising questions of the relationship between narrative, history, theology and text.",4 credits
67770,REL-320,Sexuality and Gender in Buddhism,"GER: IEJ (Identities, Equity, and Justice) and WC (World Cultures)",,"This course explores cultural, social, philosophical, and historical dimensions of sexuality and gender within Buddhist traditions across the globe. We examine sutras, novels, poetry, biographies, memoirs, art, and film that span over two millennia to investigate Buddhist approaches to gender and gender roles, understandings of femininity and masculinity, views on the body, ideas about family structures, desire, and sexuality. In this course will also look at how contemporary Buddhists of color and LGBTQI+ Buddhists have grappled with issues of intersectionality and no-self in terms of their own identities. Successful completion of REL-224 Introduction to Buddhism recommended.",4 credits
67203,REL-322,Muhammad and the Qur’an,"GER: TA (Critical, Analytical Interpretation of Texts)",one course in Religion,Exploration the Life of Muhammad and the origins of the Qur’an from historical critical perspective. Special attention is given to new lines of scholarship which challenge traditional Muslim understandings of the origin of Islam.,4 credits
67545,REL-333,Middle Eastern Christianity: History and Theology,GER: WC (World Cultures),,"History, theology, and wider religious significance of the diverse minority Christian traditions indigenous to the Middle East: Oriental Orthodoxy (Armenian, Syrian, Ethiopian, and Egyptian), Eastern & Latin Rite Catholicism, and the Assyrian Church of the East. Current diaspora issues also studied.",4 credits
67365,REL-332,Wealth and Poverty in Christian Tradition,GER: UQ (Ultimate Questions),,"An examination in which wealth and poverty have been interpreted within the Christian tradition, beginning with analysis of relevant biblical texts and surveying developments in late ancient, medieval, and modern contexts. Special attention will be directed to the history of biblical interpretation in light of changing social and economic conditions.",4 credits
67454,REL-328,Religions in Japan,GER: UQ (Ultimate Questions) and WC (World Cultures),,"Introduces the role of religion in Japanese culture. Examines historic Buddhist, Shinto, Confucian, Daoist, and Christian forms and how these relate to contemporary practice, piety, and beliefs. Explores the impact of contemporary “New Religions” in Japanese life. Special attention given to the role of pilgrimage, ancestor and funeral rites, and concepts of karma, rebirth, enlightenment, and afterlife.",4 credits
67206,REL-331,History and Theology of Christian Worship,GER: UQ (Ultimate Questions),,"Introduction to the study of Christian worship, surveying the history, theology, and diversity of worship texts and practices throughout its many social contexts. Liturgical practices of various historical periods will be identified and critiqued, leading to an exploration of Christian worship in the current postmodern and multicultural context.",4 credits
67205,REL-325,Women and Power in Hinduism,GER: UQ (Ultimate Questions) and WC (World Cultures),,"Exploration into Hindu women’s religious lives and the female nature of power in Hindu cosmology, mythology, and society. Attention given to the complex interrelationships among mythic, domestic, and economic gender hierarchies, particularly in the contemporary cultural context.",4 credits
67208,REL-341,Religious Pluralism,GER: UQ (Ultimate Questions),,Study of Christian and non-Christian attitudes toward the plurality of religions. Focus on the variety of theological responses to religious pluralism and their implications for interfaith dialogue. A historical survey of western attitudes toward religious diversity is also undertaken. Readings include both theological and literary works.,4 credits
67207,REL-340,Faith and Ethics,GER: UQ (Ultimate Questions) and WR (Writing-Research Intensive),,"Study of human values and conduct in light of the basic affirmations of Christian faith. Topics include: the nature of moral reasoning, the use of the Bible in Christian ethics, the relationship between religious faith, the moral life, and social justice, comparison of Christian ethics with those of other faith traditions, and contemporary ethical problems.",4 credits
68565,REL-334,Islam and the People of the Book,"GERS: Identities, Equity, and Justice (IEJ), World Cultures (WC).",,"Historical and theological exploration of Muslim, Jewish, and Christian attitudes, interactions, and influences toward each other, with a particular focus on late medieval and modern times. Emphasis on theological attitudes toward competing religious traditions, including interreligious polemics and apologetics, as well as dialogue and cooperation. Can be taught on campus or as a travel study course.",4 credits
67209,REL-343,Liberation Theologies,GER: UQ (Ultimate Questions),,"Examining some of the classic texts in Latin American, black, womanist, and feminist liberation theology and understanding their sources, methods, hermeneutics, and primary themes. In addition, attention will be devoted to German political theology in its call for a radical transformation of theology in light of the massive suffering in human history.",4 credits
67727,REL-339,Dante in Translation,GER: UQ (Ultimate Questions) and WR (Writing-Research Intensive),,"A guided tour of the afterlife, as seen through the eyes of Dante Alighieri, the fourteenth-century Italian poet, theologian, philosopher, statesman, and humanist. This course will focus primarily on reading Dante’s great epic as a way of engaging with some of life’s biggest questions: What is the purpose of human existence? What is the nature of justice? How can finite human beings attain a glimpse of transcendent truth, goodness, and beauty?",4 credits
67211,REL-348,Augustine of Hippo,GER: UQ (Ultimate Questions),one course in Religion,"In-depth examination of the life and work of Augustine of Hippo. Works from all stages of his career, and focus on how his thought developed in its historical context.",4 credits
67424,REL-361,Religion and Science,GER: UQ (Ultimate Questions),,"Comparative study of these fundamental interpretative systems, examining historical conflicts (especially Copernican astronomy and evolutionary theory), the nature, methods, and presuppositions of each, and contemporary issues involving both.",4 credits
67210,REL-344,Black Liberation and Womanist Theologies,GER: WR (Writing-Research Intensive) and UQ (Ultimate Questions),any first year writing seminar,"The history, provocations, themes in and critics of black liberation theology and womanist theology. Writers studied include: James Cone, Dwight Hopkins, Emilie Townes, Katie Cannon, and Jacquelyn Grant. Examining the ways in which these writers construct “blackness” and the role of Christian theology and ethics in addressing black oppression and white supremacy. Also, critics of black liberation and womanist theology. Examining the writings of critics like Anthony B. Pinn and Victor Anderson and discussing their critiques of black liberation and womanist thought.",4 credits
67212,REL-360,Women and Gender in the Bible and Beyond,GER: UQ (Ultimate Questions),,"An examination of the social, legal, and religious position of women as they appear in the Bible and the range of ways in which gender identities and roles have been represented and interpreted in Christian and Jewish contexts. Consideration of historical shifts and contemporary debates around topics such as thedivine feminine, women in religious hierarchies, purity culture, ‘biblical’ marriage, etc.",4 credits
67369,REL-351,Encountering Texts on Travel Study,"GER: TA (Critical, Analytical Interpretations of Texts)",,"Analysis of written religious texts and sacred pilgrimages associated with program-specific travel study sites. Relationships between texts, religious meaning, culture, and geography are considered along with ways pilgrimage activities are embodied religious (theological) texts.",4 credits
67585,REL-372,Eastern Orthodox & Roman Catholic Rites:  Healing & Death,,,Focuses on Biblical & Historical Christian theologies of health & healing embodied in Rites for Anointing Sick & in funerals. Throughout considers practices & ideas relevant for contemporary medical professionals and Christian theology broadly. 2,
67370,REL-364,"Religion and Art in Christianity, Judaism and Islam",GER: VP (Visual and Performing Arts) and WC (World Cultures),,"Relationships between the aesthetic and religious dimensions of human experience in Christianity (both Eastern and Western), Judaism, and Islam are examined. Particular emphasis will be given to the architecture of churches, mosques, synagogues, and Eastern Orthodox icons. The way in which aesthetic forms embody and materially convey religious meaning and shape liturgical practice will be the major focus.",4 credits
67828,REL-375,Christian Theology and Depression,,,"Considers historical theological interpretations of depression, including the spiritual sin of acedia; a “wilderness experience”; a test or instruction from God; Puritan melancholy resulting from fear of hell; a “dark night of the soul.” Second half of course examines new perspectives in contemporary theologies and how these relate to current understandings of depression’s context, social and cultural environment, individual experience, and related medical issues; and how religious communities and individuals have incorporated these new perspectives into supportive practices.",2 credits
67214,REL-363,Sexuality and Christian Theologies,GER: UQ (Ultimate Questions),any one course in religion,"The theology of sexuality, the connection between sexuality and spirituality, gender relations, and sexual orientation. The intersection between ethics and sexuality, including singlehood, marriage, celibacy, sexual violence and pornography.",4 credits
67576,REL-370,"Navajo: Body, Medicine, Health",,,"Central to Navajo (Diné) life is sacred balance, hózhó, which includes not only “religious” conceptions but views of health, the body, and medicine. Focus is on traditional practices but mixing of indigenous and modern medicine is also included. 2",
67771,SCI-110,"Big Problems, Big Ideas: The STEM Perspective","GER: NE (Humans and the Natural Environment) and IEJ (Identities, Equity, and Justice)",,"An interdisciplinary course on modern, real-world problems in science, technology, engineering, and mathematics (STEM) with an emphasis on problem-solving skills that are important across these fields. Topics include scientific “grand challenges” with social justice implications. Designed for students interested in majoring in a STEM field.",4 credits
67217,REL-504,Directed Independent Study,,,Variable credit.,
67216,REL-475,Senior Seminar,,,WR (Writing/Research Intensive),4 credits
67215,REL-401,Theory and Method in the Study of Religion,,,An introduction to the central methodological issues in the study of Religion. It is intended to help students reflect systematically and critically on “religion” as a category and on the ways in which scholars have defined and approached the field. Religion majors only.,4 credits
68265,REL-376,Christian Theology and Disability,,,"Considers traditional theological interpretations of disability that–because they developed through an able-bodied interpretive lens–generally regarded disability as a product of sin or distortion of natural order that must be sacrificially endured or miraculously cured. Includes discussion of problematic consequences of this early theology alongside contemporaneous, often ignored, helpful alternative insights about embodied difference. Final part of course looks at new, empowering theologies of disability inspired by secular Disability Studies and Nancy Eiesland’s groundbreaking book, The Disabled God .",2 credits
66686,SCI-502,Interdisciplinary Research,,,Variable credit.,
66685,SCI-150,Introduction to Undergraduate Research,,,"Introduction of concepts necessary to conduct undergraduate research through the Howard Hughes Medical Institute. Good laboratory practice, ethical conduct of research, and scientific presentation and publication.",2 credits
67440,SCI-220,Biochemistry: Macromolecules and Metabolism,,"CHM-120 and any one of the following: BIO-210, BIO-211, BIO-212, or BIO-213","Exploration of the chemical principles that underlie basic physiological processes, with a focus on the action and regulation of enzymes that function in major metabolic pathways and maintain homeostasis. These principles will be applied to understand and solve problems in human health.",4 credits
67218,SOC-101,Introduction to Sociology,"GER: HB (Empirical Study of Human Behavior) and IEJ (Identities, Equity, and Justice)",,"Introduction to the sociological perspective on human behavior, including an analysis of theory, research methods, culture, society, personality, the socialization process, social institutions and social change.",4 credits
67458,SCI-201,Microbes and Society,,"CHM-115 or CHM-118 and any one of the following: BIO-210 , BIO-211 , BIO-212 , or BIO-213","An introduction to microorganisms, their structure and function, their diversity and phylogeny, and their impacts on humans and society as vital systems for human health, useful applications, agents of disease, and constant public health concerns.",4 credits
67375,SOC-120,Farm to Fork: Sociology of Food Systems,,,"Analysis of the local food system from a sociological perspective. Overview of local food production, distribution, and consumption trends today. Develop a better understanding of how individual tastes and habits are heavily influenced by a much larger social system often hidden from view. May Experience ONLY.",2 credits
67219,SOC-150,Public Sociology: Housing in America,,,Training in community based research methods. Students will learn how to collect and analyze data regarding a specific problem facing the local community. They also will assess the needs of community members and analyze them in relation to past and present social trends. May Experience ONLY.,2 credits
67220,SOC-201,Contemporary Social Issues,GER: HB (Empirical Study of Human Behavior),,"A sociological perspective is used to examine a focused area of currently debated social issues. Students consider and apply sociological theories, methods, and evidence. Topics range in focus from global to local issues highlighting how power and inequality shape social and institutional structures. The impact of policies on different segments of society will be assessed. Course topic varies by semester and section. Limited to two attempts with topic change.",4 credits
67221,SOC-211,Introduction to Criminology,GER: HB (Empirical Study of Human Behavior),SOC-101,"Introduction to the field of criminology. Topics include: the criminological enterprise, measuring criminal behavior; victims and criminals–profiles; theories of crime causation–biological, psychological, and sociological; crime typologies–violent and property. Briefly discussed: cops, courts and corrections.",4 credits
67493,SOC-160,Family Tree Sociology: Genealogies and Social Forces,,,"Exploration of family history with broader social contexts. Introduction to the sociological perspective and key concepts such as: social mobility, inequality of opportunity, and social milieu, among others leading to construct family trees (at least 4 generations back) and synthesize their own family background (or the background of a provided alternative family) with an understanding of broader social forces operating in the context of each generation. Includes recent sociological research on intergenerational patterns in wealth, mobility, and overall social standing.",2 credits
67224,SOC-220,Environmental Sociology,,SOC-101,"investigating the relationship between social lift and the environment via the exploration of theoretical foundations and seminal texts, and engagement with the empirical world. Potential case studies will involve food systems and consumption, the impacts of urban and suburban development, and the potential for sustainable development.",4 credits
67223,SOC-213,Deviance and Social Control,GER: HB (Empirical Study of Human Behavior),SOC-101,"Examination of the different perspectives on how deviance is defined, factors that contribute to the likelihood of individuals being deviant, and finally, the forces that may prevent deviance. In discussing these three conceptual areas this class will deal with several classic as well as current substantive topics in the study of deviance, such as school shootings, bachelorette parties, gangs, soccer hooligans, Ponzi schemes, drug use in college, teen deviance, bankruptcy, and the Mafia.",4 credits
67222,SOC-212,Law and Society,GER: HB (Empirical Study of Human Behavior),SOC-101 or POL-101,"Examine the relationship between law and society from a sociological perspective. Topics include: how social forces influence the nature and content of law; law and social control in society from across cultural and historical perspectives, theoretical explanations of what law is and how it is formed and implemented; problems encountered in administration of criminal justice; and the interaction between components - lawyers, police, courts, and corrections - and larger legal, political, and social communities.",4 credits
67226,SOC-225,Sociology of Development and Globalization,GER: WC (World Cultures),SOC-101,"Explores development in the Third World, with a special focus on the continent of Africa. Addresses the question why such a large gap between rich and poor countries exists, why this gap is increasing, and how sociologists and global institutions such as the World Bank have addressed this problem. Issues of the environment, sustainability, the role of women in economic development, the WTO and the push for free trade and social problems in the Third World such as unemployment, poor labor conditions, industrialization, and ethnic conflict will also be addressed.",4 credits
67225,SOC-223,Urban Community,GER: HB (Empirical Study of Human Behavior),SOC-101,"Exploration of the dynamics of urbanization and urbanism, with an emphasis on American cities. The roles of urban places, institutions, and lifestyles are explored in depth.",4 credits
67229,SOC-233,Sociology of Religion,,SOC-101,"Analysis of the role of religion, as an institution, in the social world. Focus will be at both the organizational, how religious groups form and grow, and the individual, how religion may influence or impact particular behaviors, levels. Most of the substantive material will center on religion in the United States, although some discussions of other contexts, as a comparison, will be made. This course will not address the philosophical truth or validity of particular religious beliefs.",4 credits
67231,SOC-235,Sociology of Education,,SOC-101,"Examination of the social aspects of education and schooling: the interaction between home, society and educational institutions; the ways that social inequities are reproduced through schools; and the ways that identities are formed through education.",4 credits
67228,SOC-232,Sociology of Contemporary Families,GER: HB (Empirical Study of Human Behavior),SOC-101,"Examines the institution of the family in the United States and select international case studies. Explores how race, class, gender, and sexuality shape the diversity of family experiences and the range of inequalities we see in the United States and abroad. Socio-historical variations in the definition of the family, as well as political debates surrounding it today, will be covered.",4 credits
67230,SOC-234,Medical Sociology,GER: HB (Empirical Study of Human Behavior),SOC-101 and permission of instructor Course must be enrolled with PHL-302 and IDS-301 .,"Introduction to the sociological study of medicine and the applications of sociology in medicine, emphasizing the sociocultural aspects of health and illness. Requires extensive field work at a Greenville hospital. Entry is by application only. Course must be enrolled with PHL-302 (28) and IDS-301. Entry is by application only.",4 credits
67227,SOC-231,"Media, Culture and Society",GER: HB (Empirical Study of Human Behavior),SOC-101,"Examination of the relationship between media and society. Covers various aspects of media, including television, radio, movies, popular music, the internet, advertising and public relations. Addresses the issue of how social forces shape media content, especially public and political interests. Also examines how needs of media organizations influence images and ideas presented. Finally considers the ways in which media influences society.",4 credits
67232,SOC-241,Social Class in America,GER: HB (Empirical Study of Human Behavior),SOC-101,"Analysis of social stratification, status and social class in the United States. Relationship of social class to social intimacy, style of life, values, mobility and the socialization process. Structure and function of power systems.",4 credits
67234,SOC-243,Race and Ethnic Relations,GER: HB (Empirical Study of Human Behavior),SOC-101,"An exploration of racial, ethnic and religious minorities in United States and around the world. Topic covered include: “race” and social identities; stigmatization and prejudice; inter-group cooperation, collusion and competition.",4 credits
67233,SOC-242,Sociology of Gender and Sexuality,GER: HB (Empirical Study of Human Behavior),SOC-101,"Examines the role of gender and sexuality in society. Exploration of how gender and sexuality are constructed to support the male-female sex binary and heterosexuality. Historical and cross-cultural examples are discussed as well as masculinity, femininity, transsexuality, and non-binary gender identities. Particular attention is paid to how institutions (e.g. media, family, religion, and healthcare) create, reinforce, and perpetuate inequalities related to sexuality and gender.",4 credits
67236,SOC-260,Global Health Inequalities,GER: HB (Empirical Study of Human behavior) and WC (World Cultures),,"Examination of structural factors (e.g. poverty, post-colonialism) that lead to the unequal distribution of health across the world. Investigation of morbidity, mortality, epidemics; cultural factor shaping ideas about illness and healing; varying health care delivery systems, NGOs, etc.",4 credits
67235,SOC-251,Social Movements and Collective Behavior,GER: HB (Empirical Study of Human behavior),SOC-101,"Broad examination of social movements, considering movement emergence, movements’ influence on social institutions, and movement success. Also considers dynamics within movements, including movement culture, and the motivations of, and impact on, movement participants. Special focus on civil rights, Southern mill strikes, and solidarity movements.",4 credits
67241,SOC-303,Quantitative Research Seminar,,SOC-302,Continuing introduction to basic techniques of statistics including descriptive and inferential statistics with an emphasis on the application and critical consumption of statistics. Completion of quantitative research project begun in SOC 302. Completion of quantitative research project begun in SOC-302 .,4 credits
67237,SOC-261,Self and Society,GER: HB (Empirical Study of Human behavior),SOC-101,"Examination of the self at the intersection of the individual and society with particular attention to the interdependent nature of micro-level interactions and macro-level structures and institutions. Exploration of how sociologists understand the relationship between the self and society, surveying the fields of symbolic interactionism, social structure and personality, ethnomethodology, role theory, social exchange theory, phenomenology, social constructionism, and the life course.",4 credits
67240,SOC-302,Methods of Social Research,,SOC-101,"Introduction to the basic techniques of social research including both quantitative and qualitative methods. Focus will be on strategies for conducting effective and valid research, as well as evaluating and critiquing social research. Team-based research projects are developed which are then completed in SOC-303",4 credits
67239,SOC-301,Sociological Theory,,SOC-101,Philosophical and historical influences on and contemporary orientations in sociological theory. The sociological approach to knowledge is compared to that of the other sciences and the humanities.,4 credits
67238,SOC-262,Social Determinants of Health,GER: HB (Empirical Study of Human behavior),SOC-101,"Examination of the role of social factors (social class, race, ethnicity, inequality) in shaping health outcomes. Fundamental or root causes of disease as well as the structure vs. agency debate are explored. The impact of social policies on health is also examined.",4 credits
67244,SOC-501,Independent Study,,instructor permission. Prospectus for study must be presented to instructor and approved in the term preceding registration for the course.,Prospectus for study must be presented to instructor and approved in the term preceding registration for the course. Variable credit.,
67243,SOC-475,Sociology Seminar,,SOC-101,"and at least one more course numbered 200 or greater in sociology Advanced reading, research and discussion course for covering a specific topic in Sociology. Topics vary by professor and could include such topics as such topics as Sociology of the South or Global Educational Policies. This course requires an independent or collaborative research project. May be repeated for credit based on change of topic.",4 credits
67242,SOC-304,Qualitative Research Seminar,GER: WR (Writing-Research Intensive),"any first year writing seminar, SOC-101 , SOC-302",", and at least one more sociology course numbered 200 or greater Advanced reading, research and discussion course for majors covering a specific topic in sociology. Topics vary by professor and term and could include such topics as Subcultures and Alternative Lifestyles, The Built Environment or Ethnography of Everyday Life. Special emphasis on qualitative methodology. This course requires an independent or collaborative research project. This course requires an independent or collaborative research project. May be repeated for credit based on change of topic.",4 credits
67245,SOC-503,Individualized Internship,,SOC-101,"or 102, at least one sociology course numbered 200 or greater and a GPA of 2.80 or greater in the major Practical experience in a variety of local social service agencies. Interns complete at least 120 hours of on-site activities relating to their internship objectives, participate in scheduled seminar meetings, workshops, and field research exercises, and meet regularly with the internship director and agency supervisor. Course cannot be enrolled pass-fail. Course cannot be enrolled with a pass-no pass grading option. Variable credit.",
68266,SOC-465,Capstone Seminar,,"SOC 101, at least two 200-level SOC classes","An integrative experience where students bring together the knowledge and skills acquired in the major (e.g. skills such as self-assessment and integrative reasoning regarding one’s educational experience) to assist them in reflecting on and planning for the life they wish to live. Both retrospective and prospective, it looks back at what students have done and looks forward to help them prepare for what is ahead. Student also apply what they’ve learned in the major to a field placement.",2 credits
66853,SPN-110,Elementary Spanish I,,appropriate placement,"Introduction to the sound system and grammatical structure necessary to develop listening, speaking, reading, and writing skills in Spanish. An appreciation of Spanish-speaking culture underlies the orientation of the course.",4 credits
66856,SPN-201,Intermediate Spanish I,GER: FL (Foreign Language),SPN-115 or SPN-120 or appropriate placement,"Continuation of the development of proficiency in listening and speaking, while expanding the reading and writing skills.",4 credits
66855,SPN-120,Elementary Spanish II,GER: FL (Foreign Language) for students seeking the Bachelor of Science degree ONLY,SPN-110,"Continuation of the skills (speaking, listening, reading, writing) developed in the first elementary course, with increased emphasis on vocabulary expansion, idiomatic expression, and cultural differences.",4 credits
66857,SPN-205,Beginner Medical Spanish,,SPN-201 or one Spanish course numbered 215 or greater,"Introduction to the specialized vocabulary of the healthcare professions for taking a medical history; conducting a physical exam; and discussing pharmaceuticals, nutrition, and various infirmities. Cultural topics will also be covered. Students will spend two weeks in the classroom, then spend the final week shadowing interpreters in a healthcare setting in the Greenville community. May Experience ONLY.",2 credits
66854,SPN-115,Intensive Elementary Spanish,,appropriate placement,Designed to prepare students with some background in Spanish for the first intermediate level course.,4 credits
67444,SPN-206,Business Spanish,,SPN-201 or one Spanish course numbered 215 or greater,"Introduction to specialized business terminology (banking, sales, marketing, administration, accounting, customer service, human resources, etc.) and teaches them how to use this vocabulary in practical applications (correspondence, résumés, etc.). Through readings and research, special attention will be given to the particular values and cultural practices of the Hispanic business world. Students will also engage with the Greenville business community and will analyze and determine best practices in addressing Hispanic consumers. May Experience ONLY.",2 credits
66862,SPN-208,Spanish Language House,,at least one Spanish course numbered 201 or greater or placement into SPN 215 or higher,"The spring semester Spanish Language House provides students with an immersive experience in the language they are studying without having to leave campus. Student residents commit to using the target language in all their interactions with members of the House, to attending activities planned by the Language House Assistant and the faculty supervisor, and to completing reflections on language usage or culture. Activities will vary and may include speakers, community engagement, cultural outings, and dining together. Applications available through the Housing portal.",1 credit
66858,SPN-215,Composition and Conversation,GER: FL (Foreign Language),SPN-201 or appropriate placement,"Emphasis on idiomatic expression through guided oral and written practice. Review of basic phonology, grammar and syntax included.",4 credits
66861,SPN-207,Spanish Language House,,at least one Spanish course numbered 201 or greater or placement into SPN 215 or higher,"The fall semester Spanish Language House provides students with an immersive experience in the language they are studying without having to leave campus. Student residents commit to using the target language in all their interactions with members of the House, to attending activities planned by the Language House Assistant and the faculty supervisor, and to completing reflections on language usage or culture. Activities will vary and may include speakers, community engagement, cultural outings, and dining together. Applications available through the Housing portal.",1 credit
66859,SPN-220,Spanish Civilization,GER: FL (Foreign Language),SPN-215 or SPN-305 or appropriate placement,"Survey of the culture and civilization of Spain. Areas of study include history, geography, politics, the arts, daily life, traditions, and cultural values. Course may not be taken after receiving credit for SPN-320.",4 credits
66860,SPN-240,Latin American Civilization,GER: FL (Foreign Language) and WC (World Cultures),SPN-215 or SPN-305 or appropriate placement,"Introduction to Latin America through its Iberian, indigenous, and African heritage; its social institutions; its religious and social customs, festivals, and folklore; its languages and other systems of communication; its literature and arts; and its diversions and cuisine.",4 credits
66864,SPN-300,Introduction to Hispanic Linguistics,GER: HB (Empirical Study of Human Behavior),at least one Spanish course numbered 215 or greater,"A systematic linguistic study of Spanish phonology, morphology, and syntax. Also considers the historical development of Spanish from its earliest stages to the present, as well as the language’s regional, social, and contextual variations, and its presence in the United States.",4 credits
67482,SPN-260,Hispanics in the United States,"GER: FL (Foreign Language), WC (World Cultures) and IEJ (Identities, Equity, and Justice)",SPN-215 or SPN-305 or PL. 220+,"Introduction to the culture of Hispanics in the United States through a study of the community’s history of immigration, languages, political participation, artistic and cultural production.",4 credits
66863,SPN-270,Introduction to Literary Analysis,"GER: TA (Critical, Analytical Interpretation of Texts)",SPN-215 or SPN-305 or appropriate placement,"Introduction to the analysis of literary texts written in Spanish. Emphasis on techniques for analyzing the for major genres (narrative, drama, poetry, essay), as well as in-depth study of relevant representative texts. Includes a general introduction to the study of literature through the lens of literary periods or movements.",4 credits
66865,SPN-301,Travel Study in Spanish Language,,instructor permission required,Emphasis on idiomatic expression in speech and writing with review of fundamentals of Spanish grammar. Part of the study away curriculum. Repeatable for credit with change in travel destination.,4 credits
66868,SPN-306,Translation Theory and Practice,,at least one Spanish course numbered 215 or greater or appropriate placement,"Spanish/English and English/Spanish translation using a variety of texts in both languages. Emphasis on advanced Spanish grammar, stylistics, and points of contrast between English and Spanish. Different approaches to translation and their impact on meaning and comprehensibility will be studied.",4 credits
67834,SPN-308,Introduction to Spanish Sociolinguistics,"GER: HB (Empirical Study of Human Behavior) and IEJ (Identities, Equity, and Justice)",,"at least one Spanish course numbered 215 or greater or appropriate placement Through an exploration of oral, written, and online data, this class will adopt a hands-on approach when examining the interface of language and society in the Spanish-speaking world. Topics include basic notions related to sociolinguistics, language attitudes and ideologies, language policy and planning, social groups and linguistic variation, and Spanish in contact with speakers of other languages, with an emphasis on Indigenous and African languages. Different methodologies of how to investigate these topics will be emphasized.",4 credits
66867,SPN-305,Advanced Spanish Oral and Written Expression,GER: FL (Foreign Language),one Spanish course numbered 215 or greater or appropriate placement,"Designed for advanced students to refine their spoken and written Spanish. Emphasis is on sustained expository, persuasive and rhetorical communication; on advanced grammar usage and syntax; and on precision in the production of phonological and intonational patterns of modern Spanish. Can be repeated for credit with a change in topic.",4 credits
67447,SPN-302,Medical Spanish,GER: FL (Foreign Language),at least one Spanish course numbered 215 or greater or appropriate placement,"Designed for intermediate to advanced students to refine their spoken and written Spanish for work in a healthcare profession. Emphasis is on the accurate communication of different phases of the medical interview, from registration to personal and familiar medical histories to descriptions of symptoms, diagnosis, and treatment. Advanced grammar usage and syntax and linguistic variations will also be taught, and a precise phonological and intonational pattern of modern Spanish modeled.",4 credits
66866,SPN-304,The Sounds of Spanish,,at least one Spanish course numbered 215 or greater or appropriate placement,"Introduction to the sound system of Spanish, including comparison between English and Spanish pronunciation, and phonetic/phonological variation across dialects. Includes a variety of activities/assignments, which involve self-recordings and analysis of speech. All assignments, readings, and projects are designed to help students improve pronunciation by becoming more aware of fine-grained phonetic details.",4 credits
67371,SPN-325,Travel Study in Contemporary Spain,,instructor permission required,"In-depth consideration of the structure and problems of contemporary Spanish society through lecture, discussion, written work and site visits. Research on a specific topic will culminate in a written project. Part of the study away curriculum.",4 credits
67668,SPN-330,Reading and Writing the Hispanic World,,any first-year writing seminar and SPN-270,"TA (Critical, Analytical Interpretation of Texts) and WR (Writing/Research Intensive) A study of Spanish language literature and culture with an emphasis on research methodologies and the process of writing in our field. The course will present representative writers and literary movements.",4 credits
66869,SPN-310,Travel Study in Spanish Literature,"GER: TA (Critical, Analytical Interpretation of Texts)",instructor permission required,"Survey of Spanish literature focusing on poetry, narrative, and drama. Readings and discussions of representative texts complemented by site visits and viewing selected works in the theatre. Part of the study away curriculum.",4 credits
66872,SPN-332,Survey of Spanish Literature II,"GER: TA (Critical, Analytical Interpretation of Texts)",SPN-270,"Survey of the major movements, principal authors, and representative works in Spanish literature since 1700.",4 credits
66870,SPN-320,Travel Study in Spanish Civilization,GER: VP (Visual and Performing Arts),instructor permission required,"Cultural history of Spain, with emphasis on Spanish art and architecture. Visits to museums and historic sites in Madrid and throughout Spain. Part of the study away curriculum.",4 credits
66877,SPN-400,Advanced Studies in Hispanic Linguistics,GER: HB (Empirical Study of Human Behavior),at least one Spanish course numbered 300 or greater,In-depth study of an area of Hispanic linguistics with an emphasis on both theory and empirical research. Students may participate in a research project for a more profound understanding of course material. Repeatable with change of topic.,4 credits
66874,SPN-350,Travel Study in Contemporary Spanish America,GER: WC (World Cultures),instructor permission required,"Through lectures, literary readings, and visits to areas of cultural interest, students familiarize themselves with contemporary Spanish-American life, as well as with the contributions of indigenous cultures to contemporary Spanish-American society. Research on a cultural topic will culminate in a written project. May be repeated for credit with a change of instructor/topic. Part of the study away curriculum.",4 credits
66876,SPN-361,Survey of Spanish American Literature,"GER: TA (Critical, Analytical Interpretation of Texts)",SPN-270,"Introduction to the major authors and representative works of Spanish America, with concentration on the age of Modernism to the present.",4 credits
66886,SPN-401,Studies in Hispanic Civilization,,at least one Spanish course numbered 300 or greater,Close examination of a particular aspect of Hispanic civilization through a variety of disciplinary perspectives and media. Critical assessment of phenomena of cultural importance in Spain and/or Latin America. Repeatable with change of topic.,4 credits
66873,SPN-340,Travel Study in Spanish American Literature,"GER: TA (Critical, Analytical Interpretation of Texts)",instructor permission required,"Overview of contemporary Spanish-American literature, focusing on the poetry, narrative, and drama of the country. Readings and discussions of representative texts complemented by viewing selected works in the theatre. Part of the study away curriculum.",4 credits
66881,SPN-420,20th and 21st Century Spanish Literature,"GER: TA (Critical, Analytical Interpretation of Texts)","SPN-310 , SPN-330 , SPN-332 , SPN-340 , or SPN-361","Survey of predominant literary movements, writers, and works (essay, short story, novel, drama, and poetry) of twentieth and twenty-first centuries in Spain from the period following the Generation of 1898 to the present.",4 credits
66883,SPN-440,Spanish American Narrative,"GER: TA (Critical, Analytical Interpretation of Texts)","SPN-310 , SPN-330 , SPN-332 , SPN-340 , or SPN-361","The development of the Spanish-American narrative from the period of Discovery and Conquest to the present, with emphasis on contemporary writing. Indigenous works such as the Mayan Popol Vuh are also considered. Examination of historiography, essay, novels, and short stories.",4 credits
66882,SPN-430,Readings in Spanish Literature,"GER: TA (Critical, Analytical Interpretation of Texts)","SPN-310 , SPN-330 , SPN-332 , SPN-340 , or SPN-361","In-depth focus on a period, movement, author, or genre. Possible topics include Spanish Picaresque Literature, Literature after the Spanish Civil War, Twentieth Century Spanish Drama, etc. Repeatable with change of topic.",4 credits
66880,SPN-417,19th Century Spanish Realism and the Generation of 1898,"GER: TA (Critical, Analytical Interpretation of Texts)","SPN-310 , SPN-330 , SPN-332 , SPN-340 , or SPN-361","Readings and discussion of major works of Spanish peninsular literature from the age of Realism (c. 1850) through the Generation of 1898, including works by Galdós, Unamuno, Benavente, Valle-Inclán, and Pío Baroja.",4 credits
66884,SPN-445,Latin American Women’s Literature,"GER: TA (Critical, Analytical Interpretation of Texts)","SPN 310 , SPN-330 , SPN-332 , SPN 340 , or SPN-361","Survey of literature by Latin American women from Colonial times to the present, including all major genres. Study of the evolution of women’s thought from the private realm of convent and home to the public arena of politics, women’s rights and the environmental movement.",4 credits
66888,SPN-465,Film Studies,,One course in Spanish numbered 300 or greater,"A historical, critical, and theoretical survey of the cinema of Spain and/or Latin America. Films studied through formal properties of representation - mise-en-scène, cinematography, editing, sound - as well as through context, theme, and application. Includes examination of the relationship to other national and regional cinemas",4 credits
67466,SPN-466,United States Latino/a Studies,,One course in Spanish numbered 300 or greater,"In-depth examination of the literary production of Hispanics in the United States with special focus on Chicano and Dominican-American narrative. Includes consideration of the formation and negotiation of Latino identities through such media as television, film, and music.",4 credits
66885,SPN-448,Spanish-American Short Story,"GER: TA (Critical, Analytical Interpretation of Texts)","SPN-310 , SPN-330 , SPN-332 , SPN-340 , or SPN-361","In-depth consideration of the development of the short story in Spanish America, with a primary focus on the definitive works of the Twentieth Century by authors such as Borges, Cortázar, García Márquez, and Valenzuela. Includes a brief overview of short fiction in colonial and nineteenth-century Spanish America.",4 credits
67774,SPN-450,Studies in Hispanic Civilization,,One course in Spanish numbered 300 or higher,Close examination of a particular aspect of Hispanic civilization through a variety of disciplinary perspectives and media. Critical assessment of phenomena of cultural importance in Spain and/or Latin America. May be repeated for credit with a change of instructor/topic.,4 credits
66887,SPN-460,Readings in Spanish Amer Literature,"GER: TA (Critical, Analytical Interpretation of Texts)","SPN 310 , SPN-330 , SPN-332 , SPN 340 , or SPN-361","In-depth focus on a period, movement, author, or genre. Possible topics might include Contemporary Spanish American Poetry, Gabriel García Márquez, Dissidence in Spanish American Literature, etc. Repeatable with change of topic.",4 credits
67510,STAT-100,Statistics - Transfer Equivalency,,,Transfer course equivalency for a statistics course completed elsewhere which may prepare students to be successful in an introductory statistics course ( ECN-120 Introduction to Statistics or MTH-120 Introduction to Statistics ) at Furman. May not be applied for credit after successful completion of ECN-120 or MTH-120 Variable credit.,
66890,SPN-503,Individualized Internship,,instructor permission,"Individualized internships are typically developed by seniors and juniors and approved by a faculty member in the Spanish section. General objectives for the internship experience are to provide exceptional Spanish students with an opportunity to use Spanish language skills in a professional setting and to offer students additional preparation and training for future endeavors. In addition, students, together with their on-site supervisor and faculty sponsor, will develop a list of objectives for the specific internship, maintain a log and reflective journal, meet weekly with the faculty member in person or virtually, submit an academic paper at the conclusion of the internship related to their internship work, and summarize their activities orally in Spanish for their faculty supervisor or for a larger audience as a scholarly presentation. Fifty hours of on-site activities required per credit up to four credits. No more than four credits of either SPN-503 or SPN-505 may contribute to the Spanish major. Pass-No pass grading option not available. Variable credit.",
66891,SPN-504,Directed Independent Study,,instructor permission Variable credit.,,
66892,SPN-505,Structured Internship,,instructor permission,"Internships to provide students with an opportunity to use Spanish language skills in a professional setting and offer additional preparation and training for postgraduate work or study. Develop a list of specific objectives, work approximately 200 hours, maintain a log and reflective journal, attend a weekly seminar to discuss their work and related literature, submit an academic paper, and summarize their activities orally in Spanish. No more than four credits of either SPN-503 or SPN-505 may contribute to the Spanish major. Pass-No Pass grading option not available. Variable credit.",
66889,SPN-470,Senior Seminar in Spanish,"GER: WR (Writing-Research Intensive) and TA (Critical, Analytical Interpretation of Texts)",Any first-year writing seminar and one course in Spanish numbered 300 or greater,"The opportunity to address a topic, period, author, or genre n depth. The student is provided a chance to synthesize the experience of previous course work in a research project.",4 credits
67552,SUS-210,Urban Sustainability,,,"SUS-120 What does a sustainable city look like, and how do we create one? In this course, students learn theory, principles, and practices of urban planning as it applies to sustainability science and planning for sustainable urban development. 4",
67523,SUS-200,Sustainability Living and Leadership,,,"Covering multiple facets of sustainability, encouraging students to experiment and live a more sustainable lifestyle, and providing leadership training for promoting campus and community sustainability.",1 credit
66450,SUS-120,Principles of Sustainability Science,GER: NWL (Empirical Study of the Natural World with laboratory) and NE (Humans and the Natural Environment),,"Introduction to the concepts of sustainability science and the complex problems associated with sustainability. In particular students will examine the challenge of supporting nine billion people without destroying the planetary resource base, social cohesion, and integrity of the individual. Labs will cover introduction to methods in sustainability.",4 credits
67524,SUS-201,Making Change Happen,,,"Designed for students in the Greenbelt Community, developing and implementing action plans for sustainability related change on campus and in the Greenville area.",1 credit
67303,SUS-125,Sustainability and Society,GER: UQ (Ultimate Questions),,The grand challenge of sustainability science is to improve both the well-being of people on Earth and reduce the impact of humanity on the environment at the same time. What does “sustainable” mean? This course explores the ethical obligations and realistic challenges of achieving this goal.,4 credits
66452,SUS-241,Social Systems,,EES-112 or SUS-120,"An overview of how comparative cultures conceptualize sustainability and the ways in which the actors, institutions, and policies at all scales (e.g., local, regional, national) shape societal well-being. Connections to the global environmental and human systems are emphasized and explored.",4 credits
67750,SUS-230,Sustainable Energy Systems,,"EES 111 , EES 112 , EES 113 , EES 115 , or SUS 120","This class explores the links between energy production and resource limits. We examine the earth system controls on the resources that humans consume in the production of all forms of energy. We brainstorm future energy system landscapes that may sustain human civilizations, including transitioning to a low-emissions future.",4 credits
67646,SUS-220,Mineral Resources and Sustainable Development,GER: WR (Writing-Research Intensive),Any first year writing seminar (FYW) and SUS-120 or EES-111 or EES-112 or EES-113 or EES-115,"Our modern lifestyles are based on technology, and progress towards a sustainable clean energy transition entails increasing reliance on green technologies. These are based on geologically or geopolitically limited metallic resources. This course will address how resources can be developed and sourced in sustainable manner.",4 credits
68267,SUS-216,Sustainability Reporting,,SUS 120 OR EES 112,"An overview of the evolving realm of sustainability reporting in business. Covering topics like carbon, biodiversity, water, waste reporting, and social engagement, this course delves into the history, current trends, and future directions of sustainability reporting. Students will learn about regulations, frameworks, the process of data collection and report writing, and working with internal and external stakeholders, preparing students to critically assess and contribute to sustainability efforts in various industries.",4 credits
66451,SUS-240,Human Systems,,EES-112 or SUS-120,"Exploration of the effects of human activities, consumption patterns and the complexity of human behavior on sustainable development. Application of the science of human behavior to complex problems such as sustainable consumption, human health, poverty, equity, and food security.",4 credits
67492,SUS-325,Conservation and Communities,,EES-112 or SUS-120 or ANT-101,"Focusing specifically on political ecology, an environmental anthropology approach to understanding the relationship between conservation initiatives and local communities that depend on natural resource extraction for sustenance. Includes an exploration of themes involving governance, power, and inequality as we trace the social implications of conservation policy from the past to present.",4 credits
67538,SUS-330,Ecological Economics,,,"EES-112 , SUS-120 , and ECN-111 This course will introduce the critical approach of the new transdisciplinary field of ecological economics,and use this approach to assess the problem of perpetual economic growth within limited planetary boundaries. We will analyze and challenge the viability of our current global economic paradigm, including market-based approaches to environmental policy.",4 credits
66453,SUS-242,Dynamic System Modeling,,"EES-112 , EES-113 , EES-115 or SUS-120","An introduction to systems thinking and modeling of the human-environment relationship. Stocks, flows, feedback loops, homeostasis, and cyclic processes will be considered. Problems in sustainability such as climate change, population growth, and energy consumption will be modeled.",4 credits
67539,SUS-335,Sustainability and Social Justice,"GER: IEJ (Identities, Equity, and Justice)","EES-112 , EES-113 , EES-115 , or SUS-120",Focus on the social justice aspects of sustainability; disproportionate impacts of sustainability actions on different social groups; environmental justice in terms of fair treatment and meaningful involvement of both positive and negative environmental actions.,4 credits
67459,SUS-320,Consumption and Culture,,"EES-112 or SUS-120 , and ANT-101","Explores the ways in which culture drives material consumption beyond basic human needs, and the relationship between culture, consumption, and our capitalist system.",4 credits
67502,SUS-370,Sustainability Solutions Workshop,,"SUS-240 , SUS-241 or SUS-242","Sustainability science addresses pressing challenges facing society. But how do we understand these challenges and design actions to create desirable change? Through a one semester-long, guided group project, students collaboratively implement principles and methods of sustainability science to generate potential solutions for a local problem.",4 credits
67372,SUS-351,Off the Grid,,,"An off the grid, eco-village immersion experience. Topics in social, ecological, and economic sustainability, with a focus on organic foods, regenerative systems, and community living. Students will be immersed into the village, livelihoods, businesses, and farms of an eco-village community. May Experience ONLY. May Experience ONLY.",2 credits
66431,SUS-345,Resilience and Adaptation,,"EES-111 , EES-112 , EES-113 , EES-115 or SUS-120",How social change shapes the environment and how environmental change shapes society. “Adaptation” and “vulnerability” concepts compared and contrasted through social-ecological resilience and political ecology approaches. Case studies from the developed and developing world will illustrate the utility of these concepts for pressing environmental issues such as global climate change.,4 credits
67681,SUS-342,Leadership for Sustainability,,SUS-120,"Humanity is facing interconnected environmental and social global challenges that require innovative solutions and leaders willing to create change. What does it take to be a leader who creates a safe and just space for humanity? In this course, students learn leadership theory, practice behaviors such as listening with empathy, and experience the creation and implementation of strategies to make a difference for people and the planet. Knowledge about self, working with others, building strong teams, and comfort with communication and conflict management will be our focus. Students will engage in a self-directed project to improve upon specific leadership skills within the sustainability issue of their choice.",4 credits
67374,SUS-352,Community Partnership: Envisioning Space and Place,,,"In a project setting, students will learn from and partner with a local neighborhood and county officials, apply methods of inquiry and analysis, and create a community-driven vision for addressing a local challenge. May Experience ONLY. May Experience ONLY.",2 credits
67423,SUS-475,Sustainability Science Seminar,,,Contact department.,4 credits
67397,SUS-410,Sustainable Futures,,SUS-120 and SUS-241 or SUS-242,"Striving for sustainability requires a clear, long-term perspective on both sustainability problems and their potential solutions. Students will explore sustainability science as a future-oriented endeavor and practice methods including scenario development and visioning, among others.",4 credits
67558,SUS-474,Senior Capstone,,,"Synthesis integrating the research experience into the interdisciplinary context across EES and SUS majors. Develop writing, collaboration, and communication skills. 4",
66455,SUS-473,Sustainability Science Practicum,GER: WR (Writing-Research Intensive),any first year writing seminar,"Capstone experience in the major emphasizing solution-based research. Students will have the opportunity to conduct rigorous, applied research and further develop critical analysis skills. Research analysis will be conducted at the local level in partnership with local organizations (nonprofit, public, or private), addressing a pre-determined research question. Exploring topics that allow students to grapple with how to reduce environmental impact and increase social welfare, designed to encourage “engaged scholarship” to prepare students for interdisciplinary team-based research in their careers.",4 credits
66454,SUS-472,Research and Analysis,GER: WR (Writing-Research Intensive),Completed FYW course requirement AND have completed or in the process of completing an independent research project Same as EES-472,". Analysis of data, reading of scientific literature relevant to individual research, and writing of a thesis based on the results of an independent research project. Students must also present results at a professional meeting and to the department. EES-502 must be enrolled at the same time.",4 credits
67556,TFA-002,TFA Summer Undergraduate Research,,,"Approval for participation through the Center for Engaged Learning, which requires sponsorship for an established research opportunity provided by a departmentally-approved faculty/staff mentor. An intensive faculty-mentored research experience (320 hour minimum) that includes creative inquiry and original scholarly contributions in the associated disciplinary field(s) of engagement. Student participation in pre- and/or post-experience assessments as well as academic reflection assignments are required for credit. 0",
67247,THA-101,Introduction to Theatre,GER: VP (Visual and Performing Arts),,"Script analysis, dramatic structure, production styles, introductory overview of acting, directing, design, and technical elements of production. Participation in some phase of play production (backstage or onstage) or a creative project is part of the course.",4 credits
66456,SUS-502,Research,,,Original field and/or laboratory research focusing on a topic selected be the student in collaboration with a faculty member. Results of research are reposted in a paper written according to the style and format of professional publications in the Earth and Environmental Sciences. The grade will depend largely on the initiative of the student. Variable credit.,
67555,TFA-003,TFA Summer Internship Experience,,,"Approval for participation through the Center for Engaged Learning, which requires sponsorship for an established internship opportunity provided by a departmentally-approved faculty/staff mentor. An engaged learning experience consisting of 35-40 hours/week for 8-12 continuous weeks (320 hour minimum) that includes application of academic learning, problem solving, communication, research, collaboration and relationship building, and professional projects with on-site mentoring and consistent feedback. Student participation in pre- and/or post-experience assessments as well as academic reflection assignments are required for credit. 0",
66457,SUS-504,Directed Independent Study,,,A topic of special interest selected by the student and a faculty member with whom the student chooses to work. The study is done mostly with sustainability science literature. Results of the investigation are reported in a paper written according to the style and format of professional sustainability science publications. The grade will depend largely on the initiative of the student. The grade will depend largely on the initiative of the student. Variable credit.,
67251,THA-115,Stagecraft,,any 100-level Theatre Arts course,"Technical theatre nomenclature, tools, materials, rigging, scene painting and standard construction techniques for standard theatrical scenery. Laboratory required.",4 credits
67252,THA-116,Costume Crafts,GER: VP (Visual and Performing Arts),,"Principles of costume technology, including basic sewing/construction techniques, fabric identification, and modification technique; and crafts techniques, such as millinery, armor construction, and dyeing and painting. Laboratory required.",4 credits
67248,THA-111,Introduction to Acting,GER: VP (Visual and Performing Arts),,"Designed for Non-Fine Arts majors. Training in the basic element of the actor’s craft. Exploration of the study and practice of realistic acting principles. Work will center on modern scene study, exercises and observation. No credit for students who have previously successfully completed THA-120.",4 credits
67249,THA-112,Make-Up,,,Principles of makeup design for the theatre based upon play reading and script analysis. Techniques of application limited to the painterly approach and beginning three-dimensional techniques. Compilation of a resource file of graphic images provides the basis for design choices.,2 credits
67250,THA-113,Sound Design,,,"Study of the history of theatre sound design and production. Introduction to sound recording, digital sound capturing and editing, microphones and sound reinforcement techniques. Students complete design projects related to theatrical production.",2 credits
67255,THA-210,Theatre History of Europe and North America,GER: HA (Historical Analysis of Human Interactions),,"A survey of the history of theatre focusing primarily on performance practices from Europe and North America, including the study and application of research-based analysis through historiographic inquiry. Students use historical archives to identify relevant evidence and support and apply this information to their own theatrical practice-as-research (as historians/archivists/dramaturgs/artists who engage with canonical and developing theatrical literature).",4 credits
67254,THA-140,Digital Technology for the Theatre,,,"Introduction to hardware and software technologies used in theatrical production, study, research and analysis. Students produce projects directly related to theatre scholarship, design and practice in such areas as graphics, database, audio and video production and editing, html and web publishing, page layout, and design. Laboratory required.",4 credits
67253,THA-120,Foundations of Acting,GER: VP (Visual and Performing Arts),,"Fundamentals of acting technique including script reading and analysis, movement, vocal development, and performance theory and practice. Designed for Fine Arts majors or potential majors.",4 credits
67256,THA-211,Global Theatre History,GER: WC (World Cultures),,"A survey of the history of theatre focusing primarily on performance practices from Asia, Africa, and South America. Students will challenge the notion of a fixed “canon,” embracing instead a pluralistic approach while cultivating an appreciation for the ethical and intellectual complexities of narrating a shared history in an interconnected world.",4 credits
67408,THA-150,Clothing as Self Expression,GER: VP (Visual and Performing Arts),,Students will explore fashion as a form of self-expression and attempt to assess the importance of our personal daily routines relative to external manipulation of our fashion priorities.,4 credits
67259,THA-224,Movement for the Actor,GER: MB (Mind & Body),,"Exploration and development of the actor’s physical expression for the stage. Includes: stage combat, mask work, physical conditioning, personal fitness and other methodologies that can be applied to theatrical performances. Laboratory required.",4 credits
67260,THA-230,Readings in Dramatic Literature,"GER: TA (Critical, Analytical Interpretation of Texts)",,"Study of the dramatic literature of a particular historical period, genre or nation. The topic changes depending on the instructor teaching the course. Offerings might include readings in Irish Theatre; Restoration Theatre; Theatre of the Absurd; Nineteenth Century Realism; Late Twentieth and Early Twenty First Century American Theatre.",4 credits
67257,THA-220,Acting II: Storytelling & Devising,,"THA-120 , THA-223 , THA-224 , THA-320 , or THA-420","Advanced acting techniques with emphasis on exploration and development of character within the story. Methods include play reading and analysis, improvisation, ensemble acting, experimentation and performance.",4 credits
68268,THA-215,Theatrical Scenic Painting,,,"A study of the history and practice of the classic materials, process, techniques and practice of theatrical scene painting. In lab, students will replicate the techniques of classic theatrical scene painting and execute projects related to learned techniques.",2 credits
67258,THA-223,Actor’s Voice,,,"Exploration of the natural voice including articulation for the stage, developing character voices and stage dialect.",4 credits
67262,THA-310,Directing,,THA-120,"Introduction to modern directing theory and strategies, including script analysis, casting and rehearsal techniques, and direction of a short play for public performance. Completion of THA-210 , THA-211 , THA-315 , THA-316 , or THA-317 helpful, but not required. Laboratory required.",4 credits
67261,THA-240,Playwriting,GER: VP (Visual and Performing Arts),,"Introduction to and practice in the art and craft of playwriting for the stage. Emphasis on play structure, character development and dialogue. Students write frequently, read their work in class and complete a 10-minute play and a one-act play.",4 credits
68278,THA-241,Gender and Sexuality in Contemporary Theatre,"GER: IEJ (Identities, Equity, and Justice)",any first-year writing seminar,"How do the performing arts replicate, complicate, and resist normative representations of gender and sexuality? In this course, students encounter a broad array of theatrical works, practitioners, and theorists to critically examine diverse notions of the ‘other’ as expressed through performances of gendered and sexual identities on stage. Students also engage with intersectional criticism, focusing on how themes of power, consent, identity, marginalization, authenticity, and embodiment are experienced differently by artists and their audiences",4 credits
68559,THA-241,Gender and Sexuality in Contemporary Theatre,"GER: IEJ (Identities, Equity, and Justice)",any first year writing seminar,"How do the performing arts replicate, complicate, and resist normative representations of gender and sexuality? In this course, students encounter a broad array of theatrical works, practitioners, and theorists to critically examine diverse notions of the ‘other’ as expressed through performances of gendered and sexual identities on stage. Students also engage with intersectional criticism, focusing on how themes of power, consent, identity, marginalization, authenticity, and embodiment are experienced differently by artists and their audiences.",4 credits
67661,THA-260,Theatre Production Laboratory,,,"The purpose of this course is to give students insight and practical experience on a theatre production. The students in the course will function as a company, taking on different roles and positions to create a production collaboratively. The topic, style, genre, and approach to each production will be based on student interest and instructor preference. May experience",2 credits
67265,THA-317,Lighting Design,,"THA 101 , THA 115 , THA 116 or THA 120","Introduction to the history and practice of theatrical lighting design, including basic electricity, instruments, control, analysis, research and execution of design projects. Lab required.",4 credits
67687,THA-330,Foundations of Musical Theatre,,"THA-111 , THA-120 , MUS-101 , MUS-111 , MUS-115 , MUS-511 , or one year in a musical ensemble","Fundamentals in musical theatre scene study including acting, singing, and movement technique necessary for song and scene performance. Topics may also include musical theatre history and basic musicianship as it relates to performers.",
67263,THA-315,Scene Design,,"THA 101 , THA 115 , THA 116 or THA 120","Exploration of theatrical perspective drawing techniques. Analysis, research and execution of selected scenic design projects. Completion of ART-111 , ART-113 or ART-124 helpful, but not required.",4 credits
67266,THA-320,Acting III: Period Styles,,"THA-120 , THA-220 , THA-223 , THA-224 , or THA-420 .","The study and practice of period acting styles and the research tools available to actors. Offerings might include Greek Golden Age, Italian Commedia dell’Arte, Elizabethan England, French Neoclassicsm, and Comedy of Manners.",4 credits
67264,THA-316,Costume Design,,"THA-101 , THA-115 , THA-116 or THA-120","The costume design process, from elements and principles of design to analysis of script and character, historical research, and methods of rendering. Completion of ART-111 , ART-113 or ART-124 helpful, but not required.",4 credits
67824,THA-421,Advanced Topics in Acting,,"THA-120 , THA-220 , THA-223 , THA-224 , or THA-320","Emerging issues and innovative content not covered by other acting courses. Topics might include advanced scene study, acting for camera, contemporary or classical styles, show development, collaborative theatre-making, or improvisation. The topic will be based on student interest and instructor preference.",2 credits
67267,THA-350,Travel Study in United Kingdom,,,"Topics include, but are not limited to, play attendance, visits backstage at major theatres, visits to foreign museums, and field trips to other sites of interest. This course is part of a travel study program. It is not offered as an on-campus course.",4 credits
67269,THA-430,Senior Synthesis,,,"A portfolio assembly/presentation completed by senior Theatre Arts majors. Student presentations will demonstrate levels of accomplishment in acting/directing, backstage, design, and written project work. Students will focus intensively on one particular project to demonstrate mastery in that area. Presentations will contain evidence of students’ in-depth ability to understand and articulate the meaning of plays from a design, performance, technical or research perspective. Senior majors ONLY.",2 credits
67411,THA-420,Acting IV: Advanced Topics,,"THA-120 , THA-220 , THA-223 , THA-224 , or THA-320","Emerging issues and innovative content not covered by other acting courses. Topics might include advanced scene study, contemporary or classical styles, show development, or collaborative theatre-making. Significant laboratory component required.",4 credits
67268,THA-410,Theatrical Criticism,"GER: TA (Critical, Analytical Interpretation of Texts)",,Analysis and discussion of major trends in theatrical criticism from Aristotle to the present.,4 credits
67683,THA-503,Individualized Internship,,,"Prerequistie: Instructor permission Students will develop an internship to work at a theatre or arts-related business/agency with professionals over the term and will meet the objectives of a learning agreement completed with the workplace advisor and approved by a faculty sponsor. Students are required to work regular weekly hours at their internship site, meet regularly with their workplace and faculty advisors, and submit a log, portfolio, and academic paper relating to their internship. Fifty hours of on-site activities per credit. Open only to Junior and Senior Theater Arts majors, or with instructor’s permission. Cannot be completed through the pass-no pass grading option. Not repeatable. Variable credit.",4 credits
67270,THA-440,Creative Dramatics & Classroom Technique,,,"Practical games, exercises and improvisations for actors and teachers who wish to work in the children’s theatre field or use creative dramatics in the non-theatre arts classroom. Includes creative dramatics and drama structures for the non-theatre classroom.",4 credits
67246,THA-510,Theatre Practicum,,,"Substantive participation in the department’s theatre productions as determined by the faculty. Under the mentorship of Theatre Arts faculty, students gain experience in practical application of Theatre Arts course work including, but not limited to, stage management, acting, design, dramaturgy, construction, production, backstage crew, and front of house. Variable credit. Variable credit",
67271,THA-501,Independent Study,,,"Projects may be approved in, although not necessarily limited to, acting, directing, design, theory and criticism, theatre history, or playwriting. May be retaken for credit. Variable credit.",
67272,UST-501,Independent Study,,,Variable credit.,
66699,WGS-240,Women in Science,,,"Study of the obstacles faced by women in science. Topics include: strategies used to overcome obstacles, professional relationships, the “female perspective” and current issues. Group projects will be developed through on-going discussions, selected readings, and individual research.",4 credits
68553,WGS-220,Sexuality in Modern America,"GER: HA (Historical Analysis of Human Interactions) and IEJ (Identities, Equity, and Justice)",,"This course analyzes the historical construction of sexuality in the U.S. from the late 1930s until the present. Historical analysis as a mode of inquiry, including use of primary and secondary sources, will be stressed. Topics include heterosexual & LGBTQ+ identities; gender; dating/courtship; marriage; reproduction; sex work; and legal proscriptions/rights. Students will also analyze how understandings of sexuality have been influenced by conceptions of race, class, gender, & disability. An emphasis will be placed on diversity, equity, and inclusion.",4 credits
66700,WGS-250,Introduction to Queer Theory and Sexuality Studies,"GER: TA (Critical, Analytical Interpretation of Texts) and IEJ (Identities, Equity, and Justice)",any first year writing seminar,"Study of Foucault, Butler, Sedgwick, Anzaldua, Edelman, Mercer and Ferguson among others to understand what it means to say that sexuality has a history and that it is socially constructed. Topics include the ways queer theory problematizes the connections among sex, gender, and sexuality; modern lesbian, gay, and transgendered movements; and anti-identitarian alternatives to normative sexual regimes.",4 credits
68277,WGS-220,Sexuality in Modern America,"GER: HA (Historical Analysis) and IEJ (Identities, Equity, and Justice)",,"This course analyzes the historical construction of sexuality in the U.S. from the late 1930s until the present. Historical analysis as a mode of inquiry, including use of primary and secondary sources, will be stressed. Topics include heterosexual & LGBTQ+ identities; gender; dating/courtship; marriage; reproduction; sex work; and legal proscriptions/rights. Students will also analyze how understandings of sexuality have been influenced by conceptions of race, class, gender, & disability. An emphasis will be placed on diversity, equity, and inclusion.",4 credits
66698,WGS-101,"Issues in Women’s, Gender and Sexuality Studies","GER: IEJ (Identities, Equity, and Justice)",,"Focus on both classical and contemporary issues in Women’s and Gender Studies. Survey of feminist theory and historical developments in the women’s movement, it provides a foundation for the understanding of contemporary women’s issues, including education, family, health, religion, economics and politics.",4 credits
66701,WGS-504,Directed Independent Study,,,"Under the supervision of a Women’s and Gender Studies faculty member, a student may develop a proposal for extensive study on a topic of special interest. The proposal must be approved by the Women’s and Gender Studies oversight committee. Project culminates in a paper, presentation, performance or other appropriate activity. Variable credit.",
67553,WGS-502,Directed Research,,,"FYW, WGS 230 OR WGS 250, permission of instructor The student will develop and execute an independent research project or collaborate substantially on multiple phases of a faculty-designed research project focused on women’s, gender, and/or sexuality studies in one or several disciplines. 4",
67540,WGS-503,Supervised Internship,,,"WGS-101 or WGS-250 This supervised internship provides students with an educational experience in an organization that engages with topics related to women, gender, and/or sexuality. Students engage in reading, writing, and reflecting associated with their internship. Variable credit.",
67530,WGS-252,Sexual Revolutions in Modern America,,,"Changes in sexual attitudes and behaviors in modern (post-World War II) America. The historical construction of gender, as well as social and political factors, are also examined. Primary sources are emphasized. May Experience ONLY.",2 credits
